Fiber Volume Fraction,Inverse Reserve Factor Maximum,Total Deformation Maximum [mm],Equivalent Stress Maximum [MPa],Fabric Thickness,Force X Component [N],E1,E2,E3,G12,G23,G31,ν12,ν13,ν23,Normal Stress Maximum [MPa],Normal Stress 2 Maximum [MPa],Shear Stress Maximum [MPa],Equivalent Elastic Strain Maximum,Normal Elastic Strain Maximum,Normal Elastic Strain 2 Maximum,Shear Elastic Strain Maximum,Ply.1.ply_angle,Ply.2.ply_angle,Ply.3.ply_angle,Ply.4.ply_angle,Ply.5.ply_angle,Ply.6.ply_angle
0.6047912097111927,3.0,0.4169659330113589,59.471636840391184,0.23266541277024627,4363.690639601221,83057.66038559785,5052.913849669967,4800.268157186469,2919.781688006978,2124.4396581792116,2124.4396581792116,0.3028851444221563,0.2928851444221563,0.31024909061404365,41.63014578827383,17.841491052117355,8.920745526058678,0.004169659330113589,0.0005012198224101732,0.0035309311781127396,0.00305527826368002,90,45,0,0,45,90
0.5241596048465162,3.0,0.33743608684578147,44.65858756489972,0.2912117986618322,3397.3930403629906,72452.40846473174,4810.938312069055,4570.391396465602,2552.054627201922,1856.6836640077568,1856.6836640077568,0.24510538048833402,0.23510538048833401,0.36621049375940656,31.2610112954298,13.397576269469916,6.698788134734958,0.0033743608684578146,0.00043146959442551844,0.002784815643106423,0.002624860793861424,0,30,-30,-30,30,0
0.576332879824413,3.0,0.19638975750845092,28.19944145430759,0.27097052881024486,2095.3668565844077,79638.75078430679,5156.090022005957,4898.285520905659,2847.3981733490164,1996.0370663561516,1996.0370663561516,0.27733768029816275,0.26733768029816274,0.3035043012629783,19.73960901801531,8.459832436292276,4.229916218146138,0.001963897575084509,0.0002478643728538381,0.0016407456813566283,0.0014855373083178772,0,60,-60,-60,60,0
0.586609790648491,3.0,0.45379348960132326,65.62163573451237,0.269371458708938,4853.793795953945,78423.95764393898,5116.733570186843,4860.896891677501,2982.3273070484947,2120.872604832972,2120.872604832972,0.2503937204268377,0.2403937204268377,0.3380563940980747,45.93514501415866,19.68649072035371,9.843245360176855,0.004537934896013233,0.0005857284737237279,0.0038474723083216614,0.0033005248407554475,0,45,-45,-45,45,0
0.49538186981017684,3.0,0.26244320800315035,32.00502460266162,0.26037767936190126,2467.183634925488,67691.28382683167,4325.334886833853,4109.0681424921595,2495.482254896222,1740.8376928840628,1740.8376928840628,0.26306624831441955,0.25306624831441954,0.35459964031799807,22.403517221863133,9.601507380798486,4.800753690399243,0.0026244320800315035,0.0003309660558244984,0.0022198298240501775,0.0019237779314919988,0,0,90,90,0,0
0.4899816404950217,3.0,0.4476763128727938,52.29216133979987,0.18088347237012065,4041.1596987596226,67094.45380558573,4118.403600484062,3912.4834204598587,2424.334505166524,1686.7133824750083,1686.7133824750083,0.2854992956762315,0.2754992956762315,0.31118375985021257,36.60451293785991,15.68764840193996,7.84382420096998,0.004476763128727938,0.0005455668965414921,0.003809157606626046,0.003235454589395121,0,45,-45,-45,45,0
0.4729060147071947,3.0,0.28635569469569444,33.633221514114894,0.2602083554148566,2619.9329276440963,61318.00732804757,4189.177126367597,3979.718270049217,2377.5503187443737,1690.3443913567382,1690.3443913567382,0.28473657285963305,0.27473657285963304,0.32431600784500897,23.543255059880423,10.089966454234467,5.044983227117234,0.0028635569469569445,0.00038395336192067456,0.002408579572996809,0.0021219249020065236,0,0,90,90,0,0
0.5373434778464725,3.0,0.23916044046305185,30.9228648610583,0.20575016073834348,2338.3788967608625,70627.8400242669,4609.433857817557,4378.962164926678,2613.161206352234,1910.5318171058798,1910.5318171058798,0.2634875006213347,0.2534875006213347,0.3529533211781516,21.64600540274081,9.27685945831749,4.638429729158745,0.0023916044046305186,0.00030647978750735535,0.0020125810987794137,0.0017750262470923584,0,90,90,90,90,0
0.5614064304682557,3.0,0.32888672168567784,46.647975727584274,0.27406778509276963,3489.410931473244,75325.84830363415,5144.012921725784,4886.812275639494,2754.0780770559463,1943.1392758449906,1943.1392758449906,0.24720382886205133,0.23720382886205132,0.35778874804771604,32.65358300930899,13.994392718275282,6.997196359137641,0.003288867216856778,0.0004334977135296808,0.002720520521861413,0.0025406673897268384,0,0,90,90,0,0
0.4822543558067204,3.0,0.12377623707066165,15.284043413851403,0.2401253730124036,1185.4044622092579,65774.13479795217,4473.366224055041,4249.697912852289,2403.392940272848,1662.4923466008722,1662.4923466008722,0.2904226074495111,0.2804226074495111,0.32894500884427125,10.698830389695981,4.585213024155421,2.2926065120777106,0.0012377623707066166,0.00016266014631072094,0.0010250028266183386,0.0009539041551055898,0,30,-30,-30,30,0
0.4675299838632202,3.0,0.5455263626252332,61.830316845110225,0.19416070825446183,4828.5394904728155,63716.20916161988,4026.6740436969694,3825.3403415121206,2307.39691499295,1714.3086413884348,1714.3086413884348,0.3023000723172636,0.29230007231726357,0.35735121513271967,43.28122179157715,18.549095053533065,9.274547526766533,0.005455263626252332,0.0006792811807399245,0.00460655490169817,0.0040194851031058396,45,45,-45,-45,45,45
0.5044483123690318,3.0,0.4949614880159592,59.42399168485315,0.19156691545841992,4561.710784447288,69360.98437600538,4194.570726682816,3984.8421903486746,2556.9954533288274,1779.8332294315478,1779.8332294315478,0.2541418226351385,0.2441418226351385,0.36852914272739,41.5967941793972,17.827197505455946,8.913598752727973,0.004949614880159592,0.0005997145881595522,0.004250064825955192,0.0034859658202066,0,30,-30,-30,30,0
0.601703905967042,3.0,0.21221457585152395,33.26908439167482,0.2663355547141124,2444.418678987967,81262.80552383584,5735.6909319675615,5448.906385369183,2989.371079637368,2044.553821327335,2044.553821327335,0.2732645921736488,0.2632645921736488,0.3033291339089514,23.28835907417237,9.980725317502445,4.990362658751223,0.0021221457585152395,0.00028658079085568214,0.0017401086348421278,0.0016693687487458362,0,45,-45,-45,45,0
0.515972242466557,3.0,0.1004312590869891,12.64158292551905,0.19734290266392562,965.3133547514824,67873.10815150093,4515.799875649064,4290.009881866611,2505.7351370203432,1782.5142604436035,1782.5142604436035,0.26774958436278695,0.25774958436278694,0.34727323931851334,8.849108047863334,3.7924748776557147,1.8962374388278573,0.001004312590869891,0.0001303772331762244,0.0008398235046035151,0.0007567589290713061,0,30,-30,-30,30,0
0.4545607742059395,3.0,0.284186495356106,33.98671502491998,0.29502710558897344,2670.365466243051,61835.975288977126,4258.672281432332,4045.738667360715,2432.5423423650404,1765.7944576812279,1765.7944576812279,0.3150261163979986,0.3050261163979986,0.34573824419008603,23.790700517443984,10.196014507475994,5.098007253737997,0.0028418649535610603,0.0003847388256797643,0.0023941768311053833,0.002095752729541989,0,60,-60,-60,60,0
0.5033951326183788,3.0,0.2917103912176373,37.01725024258235,0.21978827968110626,2843.02581112192,67040.19770489141,4502.398016282132,4277.278115468025,2602.254081554905,1771.3058782110463,1771.3058782110463,0.25121992711988883,0.24121992711988882,0.34432289148312395,25.912075169807643,11.105175072774705,5.552587536387352,0.002917103912176373,0.0003865154945376457,0.0024665023022431135,0.002133760717581258,0,30,-30,-30,30,0
0.4717151482270887,3.0,0.18092199246659113,22.65254609024888,0.2606688111647774,1765.5520272755375,64102.57516108412,4599.022316759775,4369.071200921786,2368.9977028532744,1709.967389456194,1709.967389456194,0.31328094761100866,0.30328094761100866,0.31841711927159044,15.856782263174214,6.795763827074664,3.397881913537332,0.0018092199246659113,0.00024736576063173,0.0014776540227494689,0.0014343120339225513,45,-45,45,-45,45,-45
0.5609704938782967,3.0,0.4095465947829873,56.591614097137125,0.22451067406349265,4234.053844095859,76988.75047917456,4868.1490092872655,4624.741558822902,2879.3783104214226,1986.4937865403901,1986.4937865403901,0.2812045703385372,0.2712045703385372,0.32047720724540824,39.614129867995985,16.977484229141137,8.488742114570568,0.004095465947829873,0.0005145443928033564,0.0034874619073393506,0.002948116294356668,0,90,90,90,90,0
0.6372087140097926,3.0,0.06263936686278332,9.705274841450152,0.19975293810984218,702.0977872654804,84184.76774567114,5479.29091122421,5205.326365662999,3199.8506034667325,2324.9759744189,2324.9759744189,0.311263399270282,0.301263399270282,0.37147573117582905,6.7936923890151055,2.9115824524350455,1.4557912262175228,0.0006263936686278332,8.069978181254107e-05,0.000531379424748325,0.00045495599845827553,0,45,-45,-45,45,0
0.5131858103661586,3.0,0.34398748094084297,45.4823039048671,0.27264149185331854,3477.475684254925,70939.51746452125,4704.423580987751,4469.202401938363,2688.789531190472,1807.1444025148696,1807.1444025148696,0.31494505204270234,0.30494505204270234,0.3192776460004548,31.83761273340697,13.64469117146013,6.822345585730065,0.0034398748094084295,0.00044879939801295956,0.0029003959648963543,0.0025373297190388285,0,60,-60,-60,60,0
0.4745515864822972,3.0,0.12417812674979235,15.285464529748353,0.27973352065498874,1189.7794248102232,63489.68319340614,4563.253136789116,4335.09047994966,2284.1942778480075,1607.2469315506908,1607.2469315506908,0.3021923870592942,0.2921923870592942,0.3777461140848774,10.699825170823846,4.585639358924506,2.292819679462253,0.0012417812674979235,0.0001685285645264505,0.00100490575943616,0.0010037761243419153,0,30,-30,-30,30,0
0.47877950051025014,3.0,0.16455316860289354,19.73963403344375,0.18167235452498418,1533.4521349948486,64771.10992923639,4437.803263247622,4215.913100085241,2229.883734468769,1672.8051476700684,1672.8051476700684,0.2955409948514309,0.2855409948514309,0.3464893287376722,13.817743823410623,5.9218902100331245,2.9609451050165623,0.0016455316860289355,0.0002133318981025145,0.001334419274300915,0.0013278473039859883,0,60,-60,-60,60,0
0.48995513033201155,3.0,0.3930561315854946,48.12715584635384,0.2764949431418715,3719.3320832711074,64154.35351821222,4415.722471506987,4194.936347931637,2411.042096993371,1695.1825705003228,1695.1825705003228,0.27908672362812265,0.26908672362812264,0.35302913702108657,33.689009092447684,14.43814675390615,7.219073376953075,0.0039305613158549454,0.0005251242861154232,0.0032697133588150376,0.0029941714356441296,0,45,-45,90,-45,45
0.5072892453764111,3.0,0.06299297288247883,7.981040569406702,0.29097701151744326,611.8677112381534,68847.79331272232,4600.917880078442,4370.87198607452,2449.695181103386,1780.9417457151112,1780.9417457151112,0.2735291455453043,0.26352914554530427,0.37729855297145454,5.586728398584691,2.3943121708220105,1.1971560854110053,0.0006299297288247884,8.114607788819754e-05,0.0005203988058967898,0.0004886959384358118,0,30,60,-60,-30,0
0.5692085106468746,3.0,0.39257011194363584,55.26579186208692,0.29196278659202535,4119.624120258368,74647.98593457257,5004.735193029174,4754.498433377716,2871.2909535216004,2064.5810045173553,2064.5810045173553,0.3063542891906189,0.2963542891906189,0.36374536706601296,38.68605430346084,16.579737558626075,8.289868779313037,0.0039257011194363586,0.0005182464579468812,0.003312810152616885,0.0028871573496045823,0,30,-30,-30,30,0
0.5561539181198107,3.0,0.43010023323112034,58.74681798856821,0.2527218984840013,4404.825291992051,78397.3418870627,4899.497377605082,4654.522508724827,2710.6207283456465,1940.8829601641842,1940.8829601641842,0.309399250540186,0.299399250540186,0.33631175056610396,41.122772591997744,17.624045396570462,8.812022698285231,0.004301002332311204,0.0005245429449794128,0.003597112935936554,0.003250924264739689,45,-45,45,-45,45,-45
0.49956791259027167,3.0,0.37304767929078203,50.131835860807215,0.20839948355970972,3857.0642610955088,70197.03849216863,5077.124647160526,4823.2684148025,2404.114232645331,1726.392756658669,1726.392756658669,0.25169385953541584,0.24169385953541583,0.3659731352365073,35.09228510256505,15.039550758242164,7.519775379121082,0.00373047679290782,0.0004999111907901932,0.002962218145787164,0.0031278777343482595,0,45,-45,90,-45,45
0.47877438659422855,3.0,0.13582772153769113,16.02506410626086,0.290516456698494,1244.8927523087518,64070.308083375705,4282.204886444849,4068.0946421226063,2283.8802683015438,1661.41992844132,1661.41992844132,0.2444316327331408,0.2344316327331408,0.3139713176748682,11.217544874382602,4.807519231878258,2.403759615939129,0.0013582772153769111,0.00017508180013408136,0.001122673799914682,0.0010524893311183673,0,45,-45,90,-45,45
0.4606763865254351,3.0,0.38860883195038937,45.48108879401103,0.25093725793331656,3563.215370597779,62424.45617243644,4216.438760408757,4005.6168223883187,2307.6343604334047,1612.3724164245075,1612.3724164245075,0.3080905301457765,0.29809053014577647,0.30347800496102334,31.83676215580772,13.644326638203308,6.822163319101654,0.0038860883195038936,0.000510004637731474,0.003235983590303723,0.0029563450068495084,0,30,-30,-30,30,0
0.4973489742208792,3.0,0.3306494110160447,39.86826953250241,0.2099265090998654,3070.5469328424774,67720.88134865343,4323.52932604896,4107.352859746512,2397.751953345723,1812.1899869584092,1812.1899869584092,0.24415694931720833,0.23415694931720832,0.37398734952144497,27.907788672751686,11.960480859750723,5.980240429875361,0.0033064941101604473,0.00041210019888949075,0.002766369777507849,0.0024941030374433784,0,45,-45,-45,45,0
0.4698226283159751,3.0,0.5029548338908085,58.47920492020998,0.2812289941917303,4561.939147674277,61760.40879603492,4134.098693353786,3927.3937586860966,2370.210517928397,1647.5272070072874,1647.5272070072874,0.30231970836625033,0.2923197083662503,0.3107641766730518,40.93544344414698,17.543761476062993,8.771880738031497,0.005029548338908086,0.0006628104353929581,0.004243672630328673,0.003700886765829672,90,45,0,0,45,90
0.552844574038083,3.0,0.24610774745272632,34.3926203635118,0.2829086572947069,2582.5971451708215,74278.74209837668,5010.903650617235,4760.358468086373,2787.9023893653825,1912.641134254013,1912.641134254013,0.27823018192189963,0.2682301819218996,0.3333511494875908,24.07483425445826,10.317786109053541,5.158893054526771,0.0024610774745272633,0.00032411472750269423,0.002059066952481238,0.001850456843182771,0,60,-60,-60,60,0
0.49651398810577474,3.0,0.2265444661681004,27.88901457132549,0.22410141721381535,2148.7660242181137,66536.60055959526,4456.361023786203,4233.5429725968925,2398.338059672558,1717.7315880288588,1717.7315880288588,0.31590863413722725,0.30590863413722724,0.37330784156305424,19.52231019992784,8.366704371397647,4.183352185698824,0.002265444661681004,0.0002934070877643075,0.0018774745418379832,0.0017442712751971135,90,45,0,0,45,90
0.5156722410009378,3.0,0.4276119426054202,56.54687411732608,0.24425217477960037,4318.522199481311,70274.24227323405,4806.647804367852,4566.315414149459,2554.6355287219126,1808.8455924548346,1808.8455924548346,0.2630524491345969,0.2530524491345969,0.3587914529848233,39.582811882128254,16.964062235197822,8.482031117598911,0.004276119426054202,0.0005632620232065383,0.0035292917071607366,0.003320250979928429,0,30,-30,-30,30,0
0.4904809186251437,3.0,0.44056995689206646,56.602290371928554,0.2633757754582198,4373.2358074665235,66320.5202962394,4648.577686319757,4416.148802003769,2512.474112224219,1825.921984646811,1825.921984646811,0.2467594575058816,0.2367594575058816,0.37487518581605006,39.621603260349985,16.980687111578565,8.490343555789282,0.004405699568920665,0.0005974260015357068,0.0036528779892290113,0.0033792760349172445,45,45,-45,-45,45,45
0.6417760491818161,3.0,0.27945324266765276,43.92831241354385,0.2761061011302116,3171.5690200985937,87596.0673558917,5636.198356920595,5354.388439074565,3127.7828565938485,2248.183097708932,2248.183097708932,0.28720607162866474,0.27720607162866473,0.3076039358051521,30.749818689480694,13.178493724063154,6.589246862031577,0.0027945324266765276,0.0003510410868623597,0.002338188418773711,0.0021066829649444585,0,45,-45,-45,45,0
0.5732331400048243,3.0,0.30319936999742947,40.886384086248185,0.20055495649113464,3042.2777516259885,78299.61610898795,4700.840358323798,4465.798340407608,2890.5150383465425,2010.6380044108398,2010.6380044108398,0.3039395773209653,0.2939395773209653,0.3393722572460343,28.620468860373727,12.265915225874455,6.132957612937227,0.0030319936999742944,0.00036552502148332256,0.002609302654610499,0.002121752535992843,45,-45,45,-45,45,-45
0.6362472471380204,3.0,0.08752386685128885,14.190086385636794,0.19436803062013472,1026.9660465504971,88107.30193571303,5799.896546782315,5509.901719443199,3248.9629545575744,2192.6087452917636,2192.6087452917636,0.2936985130646874,0.2836985130646874,0.32669102066625905,9.933060469945756,4.257025915691038,2.128512957845519,0.0008752386685128885,0.00011273822091605252,0.0007339830773451923,0.0006551361119275576,0,60,-60,-60,60,0
0.6296733094723072,3.0,0.15050409071816923,23.662505321786576,0.2715038576484783,1717.4072340957907,83710.87888165239,5637.554049202694,5355.676346742559,3136.1647447653468,2226.8602150142847,2226.8602150142847,0.3148901970700595,0.3048901970700595,0.33503232297590024,16.563753725250603,7.098751596535973,3.5493757982679863,0.0015050409071816922,0.00019786859183103163,0.0012591899846246144,0.001131756807161467,45,45,-45,-45,45,45
0.5959371417354756,3.0,0.4186463631433291,63.97688670949881,0.246359167830348,4712.62994077308,80754.97342203601,5532.311313716345,5255.695748030527,2980.599793122231,2165.5176315003837,2165.5176315003837,0.2974208188802915,0.2874208188802915,0.3760955728003073,44.783820696649165,19.19306601284964,9.59653300642482,0.004186463631433291,0.0005545642429055494,0.003469267169630165,0.003219665058210409,0,45,-45,90,-45,45
0.47369571544340827,3.0,0.34815421846646144,43.237449496157765,0.2820640415028939,3366.832477960434,60943.63814676034,4584.112311294103,4354.906695729398,2331.862622740495,1664.407830712511,1664.407830712511,0.2763454369473397,0.2663454369473397,0.36603196089570567,30.266214647310434,12.97123484884733,6.485617424423665,0.0034815421846646146,0.0004966263184752014,0.002829606686749245,0.002781303392908076,0,30,-30,-30,30,0
0.5417096163597103,3.0,0.18200698251955688,24.627899691434855,0.23307769524814717,1858.673261491212,73917.07997278003,4930.641383103103,4684.109313947948,2595.526811087162,1757.3774510610272,1757.3774510610272,0.31033600194461963,0.3003360019446196,0.3227126750291231,17.239529784004397,7.388369907430456,3.694184953715228,0.0018200698251955689,0.00023322796017311362,0.0014984602069722174,0.0014232890748556292,45,-45,45,-45,45,-45
0.6173793159321876,3.0,0.43807613400511203,68.46616888534685,0.19277034382456593,4995.9712871340735,82352.64521221296,5584.062129801425,5304.859023311354,3147.7072264910066,2174.580288209561,2174.580288209561,0.24231996025635755,0.23231996025635754,0.31926624464329173,47.92631821974279,20.539850665604053,10.269925332802027,0.0043807613400511205,0.0005819645270196528,0.0036782990926955304,0.0032626685373946637,0,30,-30,-30,30,0
0.6053535881384438,3.0,0.4157527215900865,62.678750179127405,0.20378450726554773,4597.872022088984,82504.48528228808,5395.014534862918,5125.263808119771,3017.3645673059686,2168.5087010059974,2168.5087010059974,0.28847401421181823,0.2784740142118182,0.3641185448687532,43.87512512538918,18.80362505373822,9.40181252686911,0.004157527215900865,0.0005317907865890077,0.0034853706013631717,0.0031159020785027137,0,45,-45,-45,45,0
0.4977105641254777,3.0,0.0793165591216559,9.83766241220437,0.28192906115076877,757.5437306896717,68315.0770065311,4422.418263852785,4201.297350660145,2504.3760271827364,1807.3400242418195,1807.3400242418195,0.30703841749243066,0.29703841749243065,0.3032121039637653,6.886363688543058,2.951298723661311,1.4756493618306554,0.000793165591216559,0.00010080298508460592,0.0006673495240791985,0.0005892283530164067,0,30,-30,-30,30,0
0.4749847358611286,3.0,0.4296794176455792,49.51515061251176,0.24054371882315836,3853.3465774798,64261.12932890353,4107.382977984665,3902.013829085431,2327.3716511297444,1573.6143847600492,1573.6143847600492,0.2554433192695123,0.2454433192695123,0.321660700105424,34.66060542875823,14.854545183753528,7.427272591876764,0.004296794176455792,0.0005393712465175818,0.0036165473887808932,0.003191270542575976,45,-45,45,-45,45,-45
0.5919809394562607,3.0,0.3040821775863897,44.07000336372583,0.29762457418784183,3251.946226896813,80506.66802898508,5119.7196672748405,4863.7336839110985,2997.8804643583594,2064.068089055649,2064.068089055649,0.29676626280804963,0.2867662628080496,0.3138502277138002,30.84900235460808,13.22100100911775,6.610500504558875,0.0030408217758638974,0.00038318568026565714,0.0025823681506677324,0.002205058067908565,0,45,-45,90,-45,45
0.4867066457760638,3.0,0.27198343060744223,33.12133067670922,0.2976032615465031,2563.522891063204,66347.23284081099,4342.510943797293,4125.385396607428,2459.826189062918,1725.188571451954,1725.188571451954,0.3156819562846476,0.3056819562846476,0.3241074106011774,23.18493147369645,9.936399203012765,4.968199601506383,0.0027198343060744223,0.00034944835648722215,0.0022881690643072774,0.002019736038097489,0,90,90,90,90,0
0.5656034431615085,3.0,0.31975730947899156,45.82693203210005,0.2639731133506879,3421.54919860389,78028.35349366971,5167.10641109007,4908.751090535566,2817.5262133912747,2000.5386047080572,2000.5386047080572,0.2779334983586095,0.26793349835860947,0.30953740209581954,32.078852422470035,13.748079609630016,6.874039804815008,0.0031975730947899155,0.00041111789479285284,0.0026606921777578944,0.0024397429816779485,0,30,60,-60,-30,0
0.5056151091562515,3.0,0.2486402207044012,31.61405685566228,0.21656455245129974,2425.564461566075,68757.64529502134,4545.363412815492,4318.095242174717,2553.188202697862,1719.650753689916,1719.650753689916,0.25741028213575695,0.24741028213575694,0.34706449987272064,22.129839798963594,9.484217056698684,4.742108528349342,0.002486402207044012,0.00032185278748290687,0.002086569586484167,0.0018573282311654608,0,45,-45,-45,45,0
0.5134081822634475,3.0,0.23628864183883416,31.168096699346094,0.18432718011328364,2382.8001987058715,72215.95134920969,4841.872314352487,4599.778698634862,2490.0736220099075,1817.7911450691238,1817.7911450691238,0.2961601744888297,0.2861601744888297,0.35183587857609677,21.817667689542265,9.350429009803827,4.675214504901914,0.0023628864183883416,0.00030211701545050727,0.0019311597668709441,0.0018775406733268515,0,60,-60,-60,60,0
0.5132428303648087,3.0,0.29557344278580405,38.861025031456215,0.2744918666383145,2971.1497261985573,67574.87476003557,4620.4532857557315,4389.430621467945,2774.02804995171,1809.7346908343468,1809.7346908343468,0.29893645507857763,0.2889364550785776,0.3709122309378966,27.20271752201935,11.658307509436865,5.8291537547184324,0.0029557344278580405,0.00040255668425015414,0.00252319562355017,0.00210133194392894,0,0,90,90,0,0
0.6342114394590384,3.0,0.24552235165517994,39.2240540764297,0.2404359510219719,2841.238016332561,84449.32073188205,5793.963226922856,5504.265065576713,3102.93422216033,2259.6751522854397,2259.6751522854397,0.307359456883157,0.297359456883157,0.3044454333525502,27.45683785350079,11.76721622292891,5.883608111464455,0.0024552235165517995,0.000325127989373336,0.0020309442366237486,0.0018961433566478116,0,90,90,90,90,0
0.5168260081003092,3.0,0.19895062385920084,25.05584261205618,0.20075933342299124,1912.5201641089516,67024.40196721906,4584.312599279054,4355.096969315101,2424.865080891626,1719.18737853745,1719.18737853745,0.26978092585532387,0.25978092585532386,0.3122890319248508,17.539089828439323,7.5167527836168535,3.7583763918084268,0.0019895062385920084,0.0002616821532703493,0.0016396684608285584,0.0015499321679482748,45,-45,45,-45,45,-45
0.5701680815890162,3.0,0.18829392985542118,28.749640538386682,0.1943607067037873,2142.1371248521364,76157.44775261823,5615.595736750627,5334.815949913095,2885.631149662173,1962.0139483985874,1962.0139483985874,0.2950132039332874,0.2850132039332874,0.356432509238721,20.124748376870677,8.624892161516005,4.3124460807580025,0.0018829392985542119,0.00026425187517105055,0.0015358819555103263,0.0014944550627209823,45,45,-45,-45,45,45
0.5781777269172319,3.0,0.13215405859105311,19.40568482767519,0.18128731739708115,1440.7594637100865,78570.9609731804,5337.264745876686,5070.401508582851,2835.8188520076988,2077.4909687149448,2077.4909687149448,0.31913064021468845,0.30913064021468845,0.3444775542422759,13.583979379372634,5.821705448302557,2.9108527241512787,0.0013215405859105312,0.00017288803918294218,0.0010907657246720106,0.0010264593318753269,0,45,-45,90,-45,45
0.6178139461763428,3.0,0.10062906711735503,15.58721452045744,0.2988385997191527,1137.181498559486,85510.6148219061,5471.818373208648,5198.227454548215,3205.4733769833706,2170.2379606255267,2170.2379606255267,0.2747023221858074,0.2647023221858074,0.3375461547352321,10.911050164320207,4.676164356137232,2.338082178068616,0.0010062906711735503,0.00012759878042094272,0.0008545905651826582,0.0007294030874993429,0,30,60,-60,-30,0
0.4861853304461736,3.0,0.07318330655708982,9.05387376126224,0.28885243465874577,700.920900384255,63286.381001962676,4503.1621545457865,4278.004046818497,2387.8249468214485,1770.5174162056214,1770.5174162056214,0.2794631980680533,0.2694631980680533,0.30672922676455056,6.337711632883567,2.716162128378672,1.358081064189336,0.0007318330655708982,0.00010014337259523527,0.0006031677375056992,0.0005687523559870436,0,45,-45,-45,45,0
0.4987334908111427,3.0,0.35308504290577664,43.77333662783086,0.2812306061715049,3369.1491521530656,67060.18132132964,4437.925903510681,4216.029608335147,2480.9326643453087,1757.770512276196,1757.770512276196,0.269328670794609,0.259328670794609,0.3431621948209343,30.6413356394816,13.132000988349256,6.566000494174628,0.003530850429057766,0.00045692294645996727,0.002959040162874511,0.00264658553153732,90,45,0,0,45,90
0.6188957746574373,3.0,0.35091368306169296,54.28883876948598,0.23790870103047526,3958.824152567206,86603.53953285063,5552.643137706434,5275.010980821112,3069.9122158204204,2120.9235564795877,2120.9235564795877,0.30802194390669774,0.29802194390669773,0.32724726364732193,38.00218713864018,16.286651630845792,8.143325815422896,0.0035091368306169298,0.00043880639687047797,0.002933134946175045,0.002652624975221524,0,45,-45,90,-45,45
0.5497633917062971,3.0,0.09282510987146375,12.931655516569524,0.2437693249205493,972.4087215323176,74112.03730787199,5014.729551056216,4763.993073503405,2752.908323215658,1878.2397543262568,1878.2397543262568,0.2671084508487684,0.2571084508487684,0.31532824077301597,9.052158861598667,3.879496654970857,1.9397483274854286,0.0009282510987146375,0.0001221415466423451,0.0007736203150085625,0.000704617844018728,45,-45,45,-45,45,-45
0.6354920917008053,3.0,0.16322073606295423,26.022329408026977,0.23378487939082457,1883.9078258935376,83619.24149048615,5705.832774110368,5420.541135404849,3198.423323469977,2170.2406337635534,2170.2406337635534,0.29070158184554107,0.28070158184554106,0.37854447580340284,18.215630585618882,7.806698822408093,3.9033494112040463,0.0016322073606295422,0.0002178401796157333,0.0013681962180578074,0.001220397995025028,0,90,90,90,90,0
0.5740715419316088,3.0,0.3964205697895647,52.78883264092264,0.23730070483532792,3926.4465343280344,78044.8396675258,4684.659484224504,4450.426510013279,2777.849896836817,1991.6236615515031,1991.6236615515031,0.3093441150609541,0.2993441150609541,0.30912832569469095,36.95218284864585,15.836649792276791,7.918324896138396,0.003964205697895647,0.0004734737492711069,0.0033805338137395872,0.002850522954877843,0,60,-60,-60,60,0
0.5380177399054737,3.0,0.3491798705208286,45.550466546865884,0.246372456289353,3443.4608426706054,75049.06910998838,4597.684796641282,4367.8005568092185,2710.011589311924,1992.3400207179445,1992.3400207179445,0.29999868303482147,0.28999868303482146,0.3277194289050439,31.885326582806115,13.665139964059765,6.832569982029883,0.003491798705208286,0.00042485972125885373,0.0029721785134210316,0.002521232753755375,45,45,-45,-45,45,45
0.4747739549728442,3.0,0.4192560572568867,51.36944392148723,0.18491363523428636,3998.0440738813036,63313.60130205085,4435.485852306327,4213.71155969101,2393.2025524498877,1555.2111188264269,1555.2111188264269,0.2729260801755248,0.26292608017552477,0.3634945720447978,35.95861074504106,15.410833176446168,7.705416588223084,0.004192560572568867,0.0005679444859484922,0.0034744408368325586,0.0032197093306352855,0,0,90,90,0,0
0.5610923420275528,3.0,0.44351793806515216,62.30361370268178,0.2762471744382869,4661.157502489499,76891.85589722503,5139.450951035215,4882.478403483455,2670.613924746979,1996.1052634921296,1996.1052634921296,0.24874258328916463,0.23874258328916462,0.35402445029339874,43.61252959187724,18.691084110804532,9.345542055402266,0.004435179380651522,0.0005671930932473589,0.0036367861642963386,0.0034993983850689636,0,90,90,90,90,0
0.5926516392623397,3.0,0.39270928896483975,59.57218411201075,0.2728464819301951,4394.5544662504835,78084.01932502507,5476.6287806575365,5202.79734162466,2982.589758045838,2037.4421293346152,2037.4421293346152,0.2897518218700197,0.2797518218700197,0.36865002436998584,41.700528878407525,17.871655233603224,8.935827616801612,0.003927092889648398,0.000534046905357534,0.0032632584659969435,0.0029959962119149347,0,30,-30,-30,30,0
0.55292586842327,3.0,0.06086950079658673,8.43311278949103,0.26127448792372765,633.2328010787594,73844.81371639436,4894.005151366188,4649.304893797878,2873.6407533006172,1872.805376330699,1872.805376330699,0.30822249037055305,0.29822249037055304,0.32784251387276114,5.903178952643721,2.529933836847309,1.2649669184236545,0.0006086950079658672,7.994033237479953e-05,0.0005169454789276354,0.0004401966101610767,0,90,90,90,90,0
0.6206689342288119,3.0,0.28055720350166596,43.31904099860002,0.21587323813426865,3156.4411289741706,83324.58015659568,5528.775818091172,5252.337027186613,3088.150763862279,2105.5379872855306,2105.5379872855306,0.24678492729886103,0.23678492729886103,0.32735415508365284,30.323328699020013,12.995712299580006,6.497856149790003,0.00280557203501666,0.000363918169668926,0.0023505587361773005,0.0021041252991363946,0,30,-30,-30,30,0
0.6114863211952564,3.0,0.16322062785163619,25.063727816645827,0.29984920440801177,1833.6292565502422,82044.66561825685,5474.976247875803,5201.227435482013,3106.6521473337666,2036.361827852964,2036.361827852964,0.2713895274337435,0.2613895274337435,0.3732239008228444,17.544609471652077,7.519118344993748,3.759559172496874,0.0016322062785163619,0.00021384217169321965,0.0013733609068917946,0.0012101641877490063,45,45,-45,-45,45,45
0.5493833192260699,3.0,0.20298762486592736,28.509967289562848,0.19612402959756736,2144.2030843961006,72511.13704884642,5061.901706395187,4808.806621075428,2772.4686172336474,1870.6987824193577,1870.6987824193577,0.2907632211961438,0.2807632211961438,0.3274633969903126,19.956977102693994,8.552990186868854,4.276495093434427,0.0020298762486592736,0.0002752263709400967,0.001689679231831594,0.001542486384463204,0,30,-30,-30,30,0
0.6418418545689152,3.0,0.25604451918575394,40.6369737528712,0.27023557458898984,2933.8548662522803,86135.13895880771,5760.259137183212,5472.246180324051,3072.7570955633346,2149.5069906319623,2149.5069906319623,0.3127251851538359,0.3027251851538359,0.3423633644228058,28.445881627009836,12.19109212586136,6.09554606293068,0.0025604451918575396,0.0003302471206392721,0.0021164138340871324,0.001983738340961563,0,30,-30,-30,30,0
0.5984635898835954,3.0,0.32085739960861415,46.75876369453009,0.25088937529965194,3440.476440542728,79721.77239823065,5122.80626674071,4866.665953403674,3059.182581123124,2115.5836019462095,2115.5836019462095,0.3099451492232646,0.2999451492232646,0.3226597546600091,32.73113458617106,14.027629108359026,7.013814554179513,0.0032085739960861417,0.0004105670709711604,0.0027382704669961767,0.0022927087116207745,0,90,90,90,90,0
0.6083948850282748,3.0,0.21522808106290256,33.75378914088476,0.27405889312508563,2472.7381636288683,83070.93728068934,5725.898966967512,5439.604018619136,3000.268591650391,2103.257649222324,2103.257649222324,0.2548143475962854,0.2448143475962854,0.34497365869900576,23.627652398619333,10.126136742265428,5.063068371132714,0.0021522808106290256,0.0002844274203718635,0.0017684798143807142,0.0016875383708055338,0,60,-60,-60,60,0
0.470378831462909,3.0,0.520997875750571,61.53501674992323,0.2583506551876798,4799.0724268451495,63972.25808329741,4184.2571831636005,3975.04432400542,2428.058449565736,1511.2192726830388,1511.2192726830388,0.2482402147304127,0.23824021473041268,0.3032863274643877,43.074511724946255,18.460505024976968,9.230252512488484,0.00520997875750571,0.0006733311128217409,0.004411895401472309,0.0038014951881159766,0,90,90,90,90,0
0.4631060867836765,3.0,0.31606575483432664,36.06636117299936,0.23461414108941148,2822.395105657006,64188.77055328672,4118.942650814948,3912.9955182742005,2233.0653362966905,1617.454031270056,1617.454031270056,0.24484227606612288,0.23484227606612287,0.3558551780487931,25.24645282109955,10.819908351899807,5.4099541759499035,0.0031606575483432665,0.0003933157249076931,0.0026268655014555853,0.0024226582572464076,45,-45,45,-45,45,-45
0.4914041083049624,3.0,0.23727867607296654,29.439098002472768,0.21624858825403662,2273.565997301439,67310.78165723414,4419.9076163856025,4198.912235566322,2513.1536333719773,1657.80969222493,1657.80969222493,0.24009864500095265,0.23009864500095265,0.34065338846503,20.607368601730936,8.83172940074183,4.415864700370915,0.0023727867607296655,0.00030615256715736243,0.0019981705880006634,0.0017571009753375127,45,-45,45,-45,45,-45
0.5166188322021276,3.0,0.40297263541073763,52.56410640941848,0.23175924241757395,4012.6151188696294,68210.12192481622,4630.333702434481,4398.817017312756,2673.335669598582,1671.3216419851312,1671.3216419851312,0.2783890720440852,0.2683890720440852,0.354660668612705,36.79487448659293,15.769231922825544,7.884615961412772,0.004029726354107376,0.0005394342283561614,0.0034056361671156847,0.002949355014066264,0,30,-30,-30,30,0
0.4956505750926841,3.0,0.5054005037327894,60.80519262745696,0.219688289046584,4686.730779151178,65202.58625882301,4236.948000780052,4025.100600741049,2514.077972801237,1738.2734726805213,1738.2734726805213,0.24378992160043855,0.23378992160043854,0.31105642973108244,42.56363483921987,18.24155778823709,9.120778894118544,0.0050540050373278946,0.0006527905913158513,0.004305353236546374,0.0036278822664978787,0,90,90,90,90,0
0.4518519563642247,3.0,0.07759970126537843,8.144972895343624,0.20259863697736222,640.7758080574005,58570.20611758268,3617.213896209851,3436.3532013993586,2339.399413633244,1652.7453528705028,1652.7453528705028,0.2872156306212901,0.27721563062129007,0.3679548266471823,5.701481026740536,2.443491868603087,1.2217459343015435,0.0007759970126537843,9.734439068379786e-05,0.0006755176604743777,0.0005222476876678747,0,30,60,-60,-30,0
0.4509482785823748,3.0,0.37712205268250143,41.75135225402784,0.282404335121084,3286.035888921383,61652.463966772775,3984.1911679242344,3784.9816095280225,2183.290943185085,1579.0060525385509,1579.0060525385509,0.3135034944722145,0.3035034944722145,0.33635659442389265,29.22594657781949,12.525405676208353,6.262702838104176,0.003771220526825014,0.0004740434476969264,0.003143776276863265,0.002868469205926288,0,30,60,-60,-30,0
0.6469299067235288,3.0,0.3491222143435824,57.73650197513048,0.22338432943670392,4159.217056190508,88618.0663941223,5950.294442411339,5652.779720290772,3270.053183553968,2339.2345895549774,2339.2345895549774,0.27312208750313893,0.2631220875031389,0.32541085074908493,40.41555138259133,17.320950592539145,8.660475296269572,0.0034912221434358244,0.0004560644688730417,0.0029109400820709437,0.0026484203192246466,0,0,90,90,0,0
0.4656216786160728,3.0,0.23270745084863123,26.34425980382531,0.1835801724119637,2059.1539493323144,62984.35822928566,4079.35671577483,3875.3888799860883,2225.721116469162,1730.5848723143042,1730.5848723143042,0.2990864309165906,0.2890864309165906,0.3253722536903983,18.440981862677717,7.903277941147593,3.9516389705737964,0.0023270745084863122,0.00029278669150753153,0.0019373833895392624,0.0017754420988926928,0,45,-45,-45,45,0
0.5687661096056895,3.0,0.1066016658655598,15.380680301068741,0.19512316100959518,1146.7339765499037,75143.21774107512,5198.293247350974,4938.378584983425,2848.6614223024008,1912.5222566098455,1912.5222566098455,0.24032060837866714,0.23032060837866714,0.3013263841518045,10.766476210748118,4.614204090320622,2.307102045160311,0.001066016658655598,0.0001432794140895952,0.0008876382825597612,0.00080988987567909,90,45,0,0,45,90
0.6486169163861013,3.0,0.09144295165064445,14.879330485936643,0.2501566600960998,1071.094889833309,87936.4646768253,5846.394723095751,5554.074986940963,3226.8514631468624,2205.2135755080576,2205.2135755080576,0.2618549753200701,0.2518549753200701,0.3040415757097604,10.415531340155649,4.4637991457809925,2.2318995728904962,0.0009144295165064445,0.0001184438262151395,0.0007635131319729548,0.0006916648003109267,0,30,-30,-30,30,0
0.5089510386405526,3.0,0.4190703762525032,55.64929805926796,0.2596345255992422,4263.103295791705,68524.36326023191,4779.6996249449585,4540.71464369771,2629.4930923144684,1842.8788458150484,1842.8788458150484,0.2602931605249463,0.25029316052494627,0.3488616106588335,38.95450864148757,16.694789417780388,8.347394708890194,0.004190703762525032,0.0005684767692558014,0.00349285326020307,0.003174526197953558,0,60,-60,-60,60,0
0.5607081680179223,3.0,0.3275513187865904,47.433641284206054,0.22753998000710987,3549.2934361990733,77626.59934982711,5266.369442229718,5003.050970118232,2792.962547567118,1887.826235331076,1887.826235331076,0.2735417910320644,0.2635417910320644,0.34116664415084247,33.203548898944234,14.230092385261816,7.115046192630908,0.0032755131878659037,0.00042773416814655536,0.0027020687669866484,0.0025474907276607246,0,30,60,-60,-30,0
0.6092057112620757,3.0,0.2076839980088849,31.89625720046981,0.24242760804551924,2335.8264366225435,81300.67189479215,5545.141968219369,5267.8848698084,3013.869149900042,2146.866252755966,2146.866252755966,0.2519499325094521,0.24194993250945207,0.3769239703632826,22.327380040328865,9.568877160140943,4.784438580070471,0.002076839980088849,0.00027462725116493265,0.0017256324932675541,0.0015874738889142391,0,90,90,90,90,0
0.4856883523643662,3.0,0.4905253156984555,56.37563897903488,0.20394503914793882,4365.422872509712,66045.21180070129,4138.779268732439,3931.840305295817,2259.1094059041884,1588.198524080731,1588.198524080731,0.3102692587048641,0.3002692587048641,0.3303242156029844,39.46294728532442,16.912691693710464,8.456345846855232,0.004905253156984555,0.0005975141302356363,0.004086396155862214,0.003743221034251174,0,30,-30,-30,30,0
0.5983432821039469,3.0,0.3762249787135987,54.677166914306866,0.26773631719833546,4023.320585117382,83118.50038673819,5159.53338595718,4901.556716659321,2961.3318895765433,2049.027972330097,2049.027972330097,0.30384779486546665,0.29384779486546664,0.30798899817285835,38.2740168400148,16.40315007429206,8.20157503714603,0.003762249787135987,0.0004604753052801893,0.003179192544608179,0.0027695561804519037,0,60,-60,-60,60,0
0.49087947341628585,3.0,0.062417672581949135,7.820635607402549,0.2692320438129182,604.130425618759,69126.3192322953,4425.030556143498,4203.779028336323,2594.6926492175157,1712.480237977791,1712.480237977791,0.2715703910520066,0.2615703910520066,0.32553059908797327,5.474444925181784,2.3461906822207648,1.1730953411103824,0.0006241767258194914,7.919479853665005e-05,0.0005302089222781586,0.00045211340983455364,0,45,-45,90,-45,45
0.5661978747496101,3.0,0.30458343265897736,42.97799451025278,0.22909679731497565,3207.986401404688,75893.96428557085,4997.83083616625,4747.939294357938,2903.6774825394195,1983.5576968899047,1983.5576968899047,0.2715285586074495,0.2615285586074495,0.31048869544209756,30.084596157176943,12.893398353075833,6.4466991765379165,0.0030458343265897733,0.000396403013604294,0.00257979887189742,0.0022201843060407444,0,0,90,90,0,0
0.482574300110911,3.0,0.22609871742670576,26.147449310029153,0.2621474488072413,2027.6498939400622,66147.38951788729,4146.764817032139,3939.426576180532,2297.4875697098023,1685.5053757566677,1685.5053757566677,0.3104828841534296,0.3004828841534296,0.322249068549719,18.303214517020404,7.844234793008745,3.9221173965043725,0.0022609871742670577,0.0002767035048612301,0.0018916517186578486,0.0017071332390276126,0,30,-30,-30,30,0
0.4871532269742174,3.0,0.2759983584220417,33.70135685252564,0.24264147616398146,2607.8748856104694,65695.80473601034,4440.151899697405,4218.144304712534,2355.1346989012036,1748.4932550571348,1748.4932550571348,0.29220153606021304,0.28220153606021303,0.3396405245302895,23.590949796767948,10.110407055757692,5.055203527878846,0.0027599835842204165,0.00035909370303880095,0.002277040804943343,0.0021464604679457904,45,-45,45,-45,45,-45
0.4721384148059232,3.0,0.19759770773508825,23.43894381778375,0.21029235486595046,1826.4827730854422,63583.55582843768,4243.649241947265,4031.4667798499017,2378.7368611904303,1709.3434284116292,1709.3434284116292,0.3185893346483626,0.3085893346483626,0.3762399306214385,16.407260672448622,7.0316831453351245,3.5158415726675623,0.0019759770773508825,0.000258042515217598,0.00165698971437812,0.0014780287933605536,0,60,-60,-60,60,0
0.47755870718556104,3.0,0.3431542960754225,38.44221469069426,0.21653598317712394,2988.0421432900766,60717.87570381125,3957.229792147974,3759.3683025405753,2321.1505981041246,1637.9917418997507,1637.9917418997507,0.2532249058693833,0.24322490586938328,0.32026043795201575,26.909550283485977,11.532664407208276,5.766332203604138,0.0034315429607542254,0.0004431899168336166,0.0029143277021950187,0.002484255958365639,0,90,90,90,90,0
0.48206240499645164,3.0,0.33381704135180773,40.34056667449429,0.2822319789353758,3129.0253702754817,63784.94773530766,4434.336752672157,4212.619915038549,2287.4606593881686,1710.599919806781,1710.599919806781,0.3008011977395228,0.2908011977395228,0.36178823901396545,28.238396672146003,12.102170002348286,6.051085001174143,0.0033381704135180775,0.00044271254699978157,0.002729195069602111,0.0026453285551991256,0,90,90,90,90,0
0.6383077713476198,3.0,0.3939372668845247,62.68446263386106,0.19447864049324237,4532.549370906337,84256.02446447333,5758.753858327544,5470.816165411166,3105.439240712598,2188.9718488478593,2188.9718488478593,0.2730854345047976,0.2630854345047976,0.3359887439955301,43.879123843702736,18.805338790158316,9.402669395079158,0.0039393726688452466,0.0005207832214087484,0.0032655222384552064,0.003027806589099953,45,-45,45,-45,45,-45
0.49905179460464194,3.0,0.43659336211392386,56.27843689093176,0.26522942416031836,4331.005922309918,69526.44490647159,4597.348832866922,4367.481391223576,2604.3332699900657,1633.8333754378032,1633.8333754378032,0.2529003250281539,0.2429003250281539,0.3752015208646012,39.39490582365223,16.883531067279527,8.441765533639764,0.004365933621139239,0.0005666175780546103,0.0036724494227145478,0.0032414305922037257,0,90,90,90,90,0
0.6054717426655385,3.0,0.24085985525972958,36.91410062443382,0.24211938255452747,2707.7356198034236,81484.10556521713,5532.00414742789,5255.403940056495,3008.7771669337535,2123.6938966067946,2123.6938966067946,0.25005310822948285,0.24005310822948284,0.3761799772676547,25.839870437103674,11.074230187330146,5.537115093665073,0.0024085985525972957,0.0003171154700400106,0.002001847773826981,0.001840320763703465,90,45,0,0,45,90
0.5464061519172702,3.0,0.12390759454937497,16.413422084596785,0.29438466298862265,1236.095949695495,74649.15083788487,4687.482465418318,4453.108342147401,2725.0006201931014,1968.838899603461,1968.838899603461,0.2495162648592169,0.2395162648592169,0.37334787261033564,11.489395459217748,4.924026625379035,2.4620133126895176,0.0012390759454937498,0.00015391193778170636,0.0010504629428922266,0.0009034909182938286,0,90,90,90,90,0
0.5716258423829184,3.0,0.21928527973863596,30.915707133895037,0.23580169583871274,2302.0306036037523,76635.94124833743,5211.80083283287,4951.210791191226,2623.68166184637,2023.6635925233172,2023.6635925233172,0.2993291706185212,0.2893291706185212,0.3375007437611162,21.640994993726526,9.27471214016851,4.637356070084255,0.0021928527973863595,0.00028238701895236414,0.0017795599712368995,0.0017674995170034451,0,45,-45,90,-45,45
0.4805754244252672,3.0,0.20967000271616248,26.233824645060867,0.2904799029928281,2036.2418032177743,63809.52923459266,4599.28701755023,4369.322666672719,2364.1547116005218,1816.589204232614,1816.589204232614,0.30006708677958877,0.29006708677958876,0.3634908307089902,18.363677251542605,7.87014739351826,3.93507369675913,0.002096700027161625,0.0002877889473847931,0.0017111668316169197,0.00166447385082303,90,45,0,0,45,90
0.6347566632186361,3.0,0.3034971227716765,46.61157484401161,0.2325587523504447,3375.5614216887407,85638.73343023074,5439.861638527412,5167.868556601041,3153.3167503859145,2177.1167956253803,2177.1167956253803,0.2766609633229211,0.2666609633229211,0.31032240457456334,32.62810239080813,13.983472453203484,6.991736226601742,0.003034971227716765,0.00038099702183697065,0.0025705566395598355,0.0022172641634387244,45,-45,45,-45,45,-45
0.48046534203151514,3.0,0.2529946263666043,29.22040447353231,0.2558739375636252,2268.1732620660496,65788.04247378922,4124.24563254976,3918.0333509222714,2318.999699547874,1747.9094500344547,1747.9094500344547,0.2927961040903423,0.2827961040903423,0.34797562853727926,20.454283131472614,8.766121342059693,4.383060671029846,0.002529946263666043,0.00031091186729901346,0.0021255090319729953,0.0018900652172936434,0,90,90,90,90,0
0.6400122189248875,3.0,0.11029501156567002,17.95832214651584,0.2211256371305947,1297.5597556217267,87505.02419350237,5834.98726066524,5543.237897631978,3250.619613325349,2155.7866203516614,2155.7866203516614,0.31139901517498614,0.30139901517498613,0.3599694895138294,12.570825502561087,5.387496643954752,2.693748321977376,0.0011029501156567003,0.00014365832840366812,0.0009233090670605047,0.000828687648020957,0,30,-30,-30,30,0
0.6483615432995257,3.0,0.28260728992686346,48.198619731901225,0.24376965739166923,3469.9807346051807,88834.64175956555,6131.1087918305775,5824.553352239049,3385.357320865657,2348.1538738386944,2348.1538738386944,0.27225121632952654,0.2622512163295265,0.34494551440503995,33.73903381233085,14.459585919570367,7.2297929597851835,0.0028260728992686346,0.0003797959123159057,0.002358396565860502,0.00213560704957918,0,45,-45,-45,45,0
0.5517868303502709,3.0,0.23510824608738587,31.770753551270708,0.28885035922914104,2386.854445675146,74402.29812824767,4820.224085877706,4579.2128815838205,2725.7763064844858,1969.2885288899724,1969.2885288899724,0.2500645614649828,0.24006456146498278,0.30733789432472053,22.239527485889493,9.531226065381212,4.765613032690606,0.0023510824608738586,0.00029890914723568207,0.001977340865397897,0.0017483507437325103,45,45,-45,-45,45,45
0.5834979846293515,3.0,0.32898796145301995,47.025206113628215,0.2586621286011663,3483.0937139454286,79340.49183015004,5004.519244281869,4754.293282067775,3032.874306441657,2012.1982615773154,2012.1982615773154,0.3088504321116904,0.2988504321116904,0.3197344301780918,32.91764427953975,14.107561834088465,7.053780917044232,0.0032898796145301996,0.0004148908523280766,0.002818964449024284,0.0023257742340532846,0,30,60,-60,-30,0
0.4758725606916549,3.0,0.11928071071405243,14.448580507277075,0.2130183030722056,1123.9452330503877,65172.34864159713,4350.828118463434,4133.286712540263,2404.6466331098172,1690.1436698605137,1690.1436698605137,0.28336632279605756,0.27336632279605755,0.35611128809947457,10.114006355093952,4.334574152183122,2.167287076091561,0.0011928071071405243,0.00015518861243921095,0.0009962641672256977,0.0009012912942176081,0,0,90,90,0,0
0.6405844936971132,3.0,0.13728894599217392,22.813839072095046,0.2532072579464609,1647.9811896232131,86471.95719077377,5974.366898231955,5675.648553320357,3297.933219903256,2254.212230835038,2254.212230835038,0.29483421766088114,0.28483421766088113,0.30185820658774065,15.96968735046653,6.8441517216285135,3.4220758608142567,0.0013728894599217391,0.00018468053539292894,0.0011455861078190496,0.0010376425575150494,0,60,-60,-60,60,0
0.6250215226645024,3.0,0.21692156700440565,34.344288644257205,0.2532272933319895,2497.7429887818935,85586.42351857158,5760.673977718982,5472.640278833033,3048.7242679520464,2246.0089770188024,2246.0089770188024,0.27918594048739703,0.269185940487397,0.350576200009189,24.04100205098004,10.30328659327716,5.15164329663858,0.0021692156700440566,0.0002808973790774577,0.0017885557546092703,0.0016897701608480163,0,30,-30,-30,30,0
0.5168222533917511,3.0,0.4776283864353516,60.356305438281055,0.20930460009190657,4607.023258649912,70584.89590282434,4460.275247045481,4237.2614846932065,2619.112246848345,1734.3725551384255,1734.3725551384255,0.30117337828496,0.29117337828496,0.36100720735701125,42.24941380679674,18.106891631484316,9.053445815742158,0.004776283864353516,0.0005985616790447968,0.004059590637030407,0.003456684923159149,0,45,-45,-45,45,0
0.5412904389028543,3.0,0.3293780498718398,45.06466561052521,0.20882715313788036,3401.686374616807,73690.96712890928,4895.283532803331,4650.519356163164,2742.03033996989,1885.295429898269,1885.295429898269,0.25750852870357055,0.24750852870357054,0.3652844813402265,31.545265927367645,13.519399683157562,6.759699841578781,0.003293780498718398,0.0004280750702075167,0.002761719437201945,0.0024652170120236555,0,30,-30,-30,30,0
0.6221139838588752,3.0,0.04596999067040122,7.3302546397951325,0.2001239423613337,533.7816475999994,82377.44399251282,5690.030598799381,5405.529068859411,3226.1799958484985,2172.757572716812,2172.757572716812,0.3019468720946441,0.2919468720946441,0.30925633338475433,5.131178247856592,2.1990763919385397,1.0995381959692698,0.0004596999067040122,6.228863144045787e-05,0.0003864788341213057,0.00034081737453712244,0,45,-45,-45,45,0
0.6497219030023832,3.0,0.09594396294799297,16.578431745366142,0.20311089878770916,1192.836121599319,89690.97670193382,6409.33929926735,6088.872334303982,3201.6827082062437,2360.1446699070675,2360.1446699070675,0.24557125092731155,0.23557125092731154,0.31103980138783244,11.6049022217563,4.973529523609843,2.4867647618049213,0.0009594396294799297,0.00012938762235048876,0.0007759816248421059,0.0007767055603077363,0,45,-45,90,-45,45
0.6081475947791988,3.0,0.420806758210554,61.171858798722425,0.21247585827250326,4481.820767778623,81487.42555095183,5193.706421053019,4934.021100000367,2917.2479576942274,2167.7112747240694,2167.7112747240694,0.2738796315743723,0.2638796315743723,0.3441747942847464,42.820301159105696,18.351557639616725,9.175778819808363,0.00420806758210554,0.0005254835438669167,0.0035334222137060963,0.0031453544411976673,45,-45,45,-45,45,-45
0.5872325831230301,3.0,0.43578841626684856,67.1326915138969,0.2583224081843106,4964.189024876247,81115.83815508249,5600.930348703597,5320.8838312684165,2975.7274480409787,2113.7338516112504,2113.7338516112504,0.26546611101032164,0.25546611101032163,0.3368967108670059,46.99288405972783,20.13980745416907,10.069903727084535,0.004357884162668486,0.0005793305614359036,0.003595796805227309,0.0033840141286171524,0,60,-60,-60,60,0
0.5349553849630913,3.0,0.34448833891885167,46.56681545520184,0.1861702985468315,3525.1899405055015,70572.97045819675,4954.743096039739,4707.005941237751,2566.311807125332,1824.667880063316,1824.667880063316,0.2733332798431904,0.2633332798431904,0.32572365457927194,32.59677081864129,13.970044636560552,6.985022318280276,0.0034448833891885166,0.00046188747061383346,0.002819529563041649,0.002721813576544538,45,-45,45,-45,45,-45
0.6102778867685446,3.0,0.3990054791387677,61.73215079181635,0.23895089356696392,4518.639587913363,82540.56165961437,5508.298724184903,5232.8837879756575,3142.0838721432588,2114.296378189699,2114.296378189699,0.2827072010619168,0.2727072010619168,0.3054014784149932,43.212505554271445,18.519645237544903,9.259822618772452,0.0039900547913876774,0.0005235305489254328,0.0033621352371889326,0.0029470322867149305,45,45,-45,-45,45,45
0.46056142028002206,3.0,0.27450923131372745,31.441600700058775,0.18006224929988465,2463.424968624184,61822.0476945407,4108.217633217155,3902.806751556297,2281.1946910531424,1718.2454455161383,1718.2454455161383,0.2534400678862297,0.24344006788622968,0.31174909878571233,22.00912049004114,9.432480210017632,4.716240105008816,0.0027450923131372745,0.00035600762690338216,0.0022960030485607535,0.0020674430479370896,0,90,90,90,90,0
0.614624921990019,3.0,0.3695709153292825,57.302387205642155,0.24467301195170243,4186.399456822912,85046.92585871925,5498.636742830927,5223.70490568938,3176.2001498955547,2154.8895050080882,2154.8895050080882,0.30018631315468425,0.29018631315468424,0.3403342883512651,40.11167104394951,17.190716161692645,8.595358080846323,0.0036957091532928248,0.0004716416335915938,0.0031263596716232887,0.0027061764609289407,90,45,0,0,45,90
0.6000531975896466,3.0,0.19760254963147347,29.316433648195428,0.23576155654287953,2155.5695309981793,78004.86305794428,5291.844612095597,5027.252381490816,3001.4282185032384,2141.592457049604,2141.592457049604,0.2468785880088756,0.2368785880088756,0.31410330920177043,20.5215035537368,8.794930094458628,4.397465047229314,0.0019760254963147347,0.0002630797971979366,0.001661978145457259,0.0014651241765902554,0,45,-45,-45,45,0
0.61462152456138,3.0,0.4440747144425806,67.84662487131995,0.22782079481690548,4956.748058122171,83382.87371093448,5419.297115695843,5148.332259911051,3128.9329699269006,2157.8121233195507,2157.8121233195507,0.3100067359243266,0.3000067359243266,0.37804765166627197,47.49263740992396,20.353987461395985,10.176993730697992,0.0044407471444258065,0.0005695730465535151,0.00375583530979414,0.0032525445027145315,0,45,-45,-45,45,0
0.6245717917548358,3.0,0.13336347729302897,20.533033967827127,0.20307608148421596,1493.5906454402032,83772.30091554963,5570.224491840317,5291.7132672483,3002.2729069523352,2126.891789203276,2126.891789203276,0.28407270147923225,0.27407270147923224,0.3662837539871029,14.373123777478988,6.159910190348138,3.079955095174069,0.0013336347729302896,0.0001715737018130665,0.0011058639017819906,0.0010258744593277466,0,45,-45,90,-45,45
0.45531555299945836,3.0,0.36280683161569427,40.831347844439826,0.18593509645752188,3207.0130360520707,58605.404035088985,4074.463939713421,3870.74074272775,2196.74960633777,1588.5134035983838,1588.5134035983838,0.3061289187726344,0.29612891877263436,0.34489784543120355,28.581943491107875,12.249404353331947,6.1247021766659735,0.0036280683161569426,0.0004877015005987319,0.0030063842838166125,0.0027880747805738974,45,45,-45,-45,45,45
0.5270738961714206,3.0,0.2788297114865825,37.494972123679524,0.21248361137941285,2848.6331184616406,69174.24250690623,4914.602211569898,4668.8721009914025,2571.352545128955,1882.7301114764107,1882.7301114764107,0.24008539720181976,0.23008539720181975,0.3169821711072594,26.246480486575667,11.248491637103857,5.624245818551929,0.0027882971148658247,0.0003794256291849566,0.00228878984562022,0.0021872713756058947,0,60,-60,-60,60,0
0.5792581526457119,3.0,0.4075935822168914,60.72335450311104,0.20063524223244272,4506.187828206284,80497.51894307268,5414.825528008719,5144.084251608282,2875.758433916579,2072.410842988208,2072.410842988208,0.25721426197029745,0.24721426197029744,0.3468617060123778,42.50634815217772,18.21700635093331,9.108503175466655,0.004075935822168914,0.0005280454442606851,0.0033642831623482694,0.0031673394635798806,90,45,0,0,45,90
0.48909730191640083,3.0,0.16192722200645174,18.92866787494538,0.26154324110507493,1463.4153020152407,64440.714182457654,4137.367490589271,3930.4991160598074,2406.5909791260806,1737.054159275878,1737.054159275878,0.2507753619938678,0.2407753619938678,0.36882255089751526,13.250067512461765,5.678600362483613,2.8393001812418066,0.0016192722200645173,0.00020561639765421407,0.001372515343488337,0.0011798017219664216,0,45,-45,-45,45,0
0.5221517373036507,3.0,0.20686722415762465,27.686319853324413,0.18663244914014732,2108.1633057592435,70936.75114277117,4876.717446613804,4632.881574283114,2571.6324890687397,1816.3736799316146,1816.3736799316146,0.3143733296735644,0.3043733296735644,0.3079864845741432,19.380423897327088,8.305895955997324,4.152947977998662,0.0020686722415762466,0.00027320709766255,0.00170317350695899,0.0016149072605248353,0,45,-45,90,-45,45
0.47148059125771546,3.0,0.3423411738384969,42.18216004857499,0.19383917257331856,3288.061653396404,61856.841358344434,4508.316457195766,4282.900634335977,2353.8480628722286,1727.6158951412744,1727.6158951412744,0.2820848421508817,0.2720848421508817,0.3797341769215323,29.52751203400249,12.654648014572498,6.327324007286249,0.003423411738384969,0.0004773524057419278,0.002806956462511476,0.0026880766465298012,0,30,-30,-30,30,0
0.5302529928372227,3.0,0.4669977466698231,62.86140352109684,0.21887240027251634,4768.904744206885,72423.46458894933,4885.514487249971,4641.238762887472,2607.3007544957068,1788.51936899402,1788.51936899402,0.2798911637501052,0.2698911637501052,0.33949376610165166,44.00298246476778,18.85842105632905,9.429210528164525,0.004669977466698231,0.0006075790866194206,0.003860068597799686,0.003616464464985852,0,90,90,90,90,0
0.6441769457091475,3.0,0.19546531684228372,31.73522125844343,0.22568788334605738,2288.8626104974683,85775.09892504803,5802.909579647548,5512.76410066517,3266.5276914368164,2291.710752861934,2291.710752861934,0.24826267832856397,0.23826267832856396,0.3692915685064816,22.214654880910402,9.52056637753303,4.760283188766515,0.001954653168422837,0.00025898722542217064,0.0016406539248731982,0.001457291545773688,0,90,90,90,90,0
0.5217345583055822,3.0,0.252059776903938,32.06229501415845,0.22904032528400553,2441.835516593096,70536.14531033023,4613.181149058847,4382.522091605904,2464.0570427459165,1815.777083456557,1815.777083456557,0.2663409967678216,0.25634099676782157,0.3360837200148204,22.443606509910914,9.618688504247535,4.8093442521237675,0.0025205977690393798,0.00031818589478016144,0.002085044613132064,0.0019517990731108604,0,60,-60,-60,60,0
0.5635868460856985,3.0,0.33177254625926866,46.35881240785207,0.2354181493739698,3464.390344175154,74996.13693855733,4946.584668743929,4699.255435306733,2879.8938067377226,1970.24166558934,1970.24166558934,0.24757118145995108,0.23757118145995107,0.31328501059311786,32.45116868549645,13.90764372235562,6.95382186117781,0.0033177254625926865,0.0004327045366627746,0.0028115648783359746,0.0024146105126893343,0,60,-60,-60,60,0
0.527819342304416,3.0,0.30467968589563005,39.922429808208285,0.20574467670721724,3032.0258475868577,71181.27295476878,4727.274304879957,4490.910589635959,2572.2121423344165,1887.0925901403612,1887.0925901403612,0.28779156232590725,0.27779156232590724,0.35351581271932636,27.9457008657458,11.976728942462485,5.988364471231242,0.0030467968589563007,0.000392599060198088,0.0025335379692477183,0.0023280989824565907,45,45,-45,-45,45,45
0.4605151980646111,3.0,0.25564795469071994,28.92347863482494,0.29346238692262877,2266.181304192247,62729.130216373764,4019.916644729857,3818.920812493364,2304.44441561222,1575.818226279007,1575.818226279007,0.29443350445359373,0.2844335044535937,0.34501344110655463,20.246435044377456,8.67704359044748,4.33852179522374,0.0025564795469071996,0.0003227596967236868,0.002158513311917339,0.001882675826689935,0,90,90,90,90,0
0.5986919922444771,3.0,0.24642311344797713,37.15929431825989,0.2822574404483018,2733.8786709768874,82017.17693583407,5400.321619823768,5130.305538832579,3013.4956652432465,2015.838206656557,2015.838206656557,0.31030108958260316,0.30030108958260315,0.3298448470046442,26.01150602278192,11.147788295477966,5.573894147738983,0.0024642311344797714,0.0003171470537584091,0.002064282292846432,0.0018496439905411523,0,90,90,90,90,0
0.5630155821261411,3.0,0.12309059317515064,16.356691314601388,0.21244101458391929,1222.647406632134,75415.24430922496,4641.300661295267,4409.235628230504,2835.6891443043983,2021.2835239504052,2021.2835239504052,0.3170863929777723,0.3070863929777723,0.3684513697361923,11.449683920220972,4.907007394380416,2.453503697190208,0.0012309059317515065,0.00015182187666559638,0.0010572483345672758,0.0008652230806462599,90,45,0,0,45,90
0.568854538860316,3.0,0.20093326267516062,29.308859523772078,0.2853776909586645,2185.0877140202197,72976.11054390838,5242.544937414257,4980.417690543544,2904.5810998962747,1975.9247307288913,1975.9247307288913,0.31857154370542756,0.30857154370542755,0.34857691443952576,20.516201666640452,8.792657857131623,4.396328928565811,0.0020093326267516063,0.00028113586095132093,0.0016771735792632733,0.0015135844988879148,0,45,-45,-45,45,0
0.5349958771332203,3.0,0.23035190492762367,31.430319994924282,0.2243981241416637,2379.2868169432054,70454.44224528385,4975.876954515949,4727.083106790152,2620.9702694946245,1896.7228112104076,1896.7228112104076,0.2643037294727955,0.2543037294727955,0.36994674050678505,22.001223996446996,9.429095998477285,4.7145479992386425,0.0023035190492762367,0.00031227589482364735,0.0018949616489048699,0.0017987796558057492,0,90,90,90,90,0
0.5540914887534456,3.0,0.3512501103904609,48.04260006526806,0.2356410857617801,3605.570463103069,73661.58770960811,4874.672565963462,4630.938937665289,2768.6776201792914,1845.5471499166686,1845.5471499166686,0.24320760078982206,0.23320760078982206,0.33693817577476076,33.62982004568764,14.412780019580417,7.2063900097902085,0.0035125011039046088,0.00045654487082554565,0.0029566662836423316,0.002602827413804697,0,90,90,90,90,0
0.5544501787964744,3.0,0.11521065283886334,15.036602695093283,0.20571916834259837,1128.3064438060433,75963.81749199328,4614.453855975088,4383.731163176333,2686.269612876955,1993.1682420325515,1993.1682420325515,0.2723995249196654,0.2623995249196654,0.3647175682005399,10.525621886565297,4.510980808527985,2.2554904042639925,0.0011521065283886334,0.0001385609917204953,0.0009775763176582382,0.0008396366446063453,0,30,-30,-30,30,0
0.46614705600054784,3.0,0.49526281412096124,56.57937914098292,0.2582003361521993,4421.340890335463,62609.14572293822,4035.7469512812313,3833.9596037171696,2364.9589918625097,1657.854157765251,1657.854157765251,0.28276806010314204,0.27276806010314203,0.3794834397429478,39.60556539868804,16.973813742294876,8.486906871147438,0.004952628141209612,0.0006325843443696387,0.004205866707501615,0.003588606356537127,0,30,60,-60,-30,0
0.6417415051943869,3.0,0.31749081700350923,50.915448928623775,0.18484790746105959,3676.0865163326966,88008.99865466163,5753.844516437215,5466.152290615354,3188.477010266508,2279.831640495224,2279.831640495224,0.30699805950302217,0.29699805950302216,0.3094003505802081,35.64081425003664,15.274634678587132,7.637317339293566,0.003174908170035092,0.00040496784186680245,0.0026546832530756665,0.002395286939407853,45,-45,45,-45,45,-45
0.6169415328653872,3.0,0.26050535921595924,39.83126541595288,0.19869092051694953,2907.041688391417,82526.44901618491,5470.405801119464,5196.88551106349,3064.3906500831135,2136.626973063359,2136.626973063359,0.24504937365630966,0.23504937365630965,0.3775001857089279,27.88188579116701,11.949379624785863,5.974689812392931,0.0026050535921595926,0.00033785393802293466,0.002184368044933804,0.0019497154555770766,0,90,90,90,90,0
0.5121308370162165,3.0,0.17302585366611292,23.363849485045744,0.20272361900074246,1787.2128582817788,67447.18113188793,4874.903746515835,4631.158559190043,2660.3049818948325,1850.0333611017622,1850.0333611017622,0.30640153433272227,0.29640153433272226,0.3780718032294317,16.35469463953202,7.009154845513723,3.5045774227568613,0.0017302585366611293,0.0002424815146470189,0.001437803741360692,0.0013173592676809132,0,0,90,90,0,0
0.6386764702555706,3.0,0.3499200860993092,56.449303503786176,0.19523223081491037,4081.048543251365,87055.43639523676,5783.540505689906,5494.363480405411,3216.6808646256436,2323.7843294296827,2323.7843294296827,0.2963870658434545,0.28638706584345447,0.3386350711577427,39.51451245265032,16.934791051135853,8.467395525567927,0.003499200860993092,0.0004539005728861335,0.0029281010540991685,0.0026323393217789295,90,45,0,0,45,90
0.5412807715803691,3.0,0.20247721357660836,28.18041689221562,0.2263609748667818,2127.1956330769817,73214.1787506983,5121.278498705424,4865.214573770152,2619.4784291345986,1914.6667568526843,1914.6667568526843,0.2756858314336181,0.26568583143361807,0.3744547590835696,19.726291824550934,8.454125067664686,4.227062533832343,0.0020247721357660835,0.00026943267221122506,0.0016507840903012307,0.0016137038911325735,90,45,0,0,45,90
0.45703519643688395,3.0,0.15548875350790978,18.172802292214058,0.19890280095809754,1426.189068558534,64493.22786107165,4233.847257193255,4022.1548943335924,2270.575994772399,1634.1559781290875,1634.1559781290875,0.3181754183931486,0.3081754183931486,0.31890883483068355,12.72096160454984,5.451840687664217,2.7259203438321085,0.0015548875350790978,0.00019724492053573053,0.0012876800594073406,0.0012005413384568759,0,0,90,90,0,0
0.45982352875000804,3.0,0.08463462322242302,10.015490090644398,0.19843221990453103,784.9781541615114,61205.199277132706,4277.345881075754,4063.4785870219657,2319.5901917583783,1648.4872391092103,1648.4872391092103,0.29007916453592647,0.28007916453592646,0.31614938012876326,7.0108430634510785,3.0046470271933194,1.5023235135966597,0.0008463462322242302,0.00011454652784817332,0.0007024559413085504,0.0006476676435926016,0,60,-60,-60,60,0
0.5735577817011166,3.0,0.4488848705019105,64.11245454655273,0.28369641950312696,4769.793981526029,79482.1617057322,4991.58827411693,4742.008860411083,3046.130797350061,2067.181652930627,2067.181652930627,0.3156554921459579,0.3056554921459579,0.3302647857898732,44.87871818258691,19.233736363965818,9.616868181982909,0.004488848705019105,0.00056463887266607,0.003853229735252652,0.0031570765741080354,90,45,0,0,45,90
0.604154642733074,3.0,0.11910870104078417,18.020867317074547,0.24485720306049058,1322.6394669393944,83662.65618151583,5473.654628169949,5199.971896761452,2947.8577238143866,2164.0068733088574,2164.0068733088574,0.2582916482129692,0.24829164821296917,0.3577525423610141,12.614607121952183,5.406260195122364,2.703130097561182,0.0011910870104078417,0.00015077942415052338,0.0009876874889583383,0.00091698119475843,0,30,60,-60,-30,0
0.6373339383730253,3.0,0.08456527081883473,13.587691035266957,0.2025484294843772,982.905632746342,83586.88680767163,5783.395167666417,5494.225409283096,3179.993789206999,2204.2695220338064,2204.2695220338064,0.31958519142636865,0.30958519142636864,0.3389024490136465,9.511383724686869,4.076307310580087,2.0381536552900434,0.0008456527081883473,0.00011379038133782859,0.0007048294630409744,0.0006409300742056801,0,45,-45,-45,45,0
0.5455893161479662,3.0,0.07478582107727348,10.62833119084309,0.23061192752574736,800.7158961565831,71568.52953501257,5198.044941803542,4938.142694713365,2716.4243679354568,1926.965030306894,1926.965030306894,0.31851096810024015,0.30851096810024015,0.33752040632101377,7.439831833590162,3.188499357252927,1.5942496786264635,0.0007478582107727348,0.00010395395688478506,0.000613403576335111,0.0005868927172959094,0,30,-30,-30,30,0
0.545112234646587,3.0,0.4075059345632115,55.73631019179409,0.1872396982289066,4199.960957422131,73432.31547591292,4826.961282818588,4585.613218677659,2842.935673289658,1901.0402277563842,1901.0402277563842,0.3084983203037286,0.2984983203037286,0.350485235429751,39.01541713425586,16.720893057538227,8.360446528769113,0.004075059345632115,0.0005313112746261364,0.0034640619797502215,0.0029407793525960983,90,45,0,0,45,90
0.5195347269671806,3.0,0.3626796475731637,46.21643539450545,0.259503551323944,3523.343848763303,69050.2715632928,4505.060698187142,4279.807663277785,2634.450111237102,1877.6847389330512,1877.6847389330512,0.2804609851794193,0.2704609851794193,0.35892584744925865,32.35150477615382,13.864930618351636,6.932465309175818,0.0036267964757316366,0.0004685210361048299,0.003077634586351067,0.002631465777091685,0,30,-30,-30,30,0
0.4930990283625401,3.0,0.1168034629773585,14.127436833621603,0.2694244611337213,1090.1982613311948,68255.93471150495,4435.2080978778995,4213.447692984004,2284.6619612256727,1714.4009716488174,1714.4009716488174,0.2618069197932713,0.2518069197932713,0.30885794068804434,9.889205783535122,4.238231050086481,2.1191155250432403,0.001168034629773585,0.00014488418956290752,0.0009555878679321347,0.0009275400742026535,0,30,-30,-30,30,0
0.6412093319045258,3.0,0.11786592645461277,19.24078186521155,0.19853077056265708,1389.501420145878,87238.2273191308,5883.546601844017,5589.369271751815,3215.213414484539,2264.029273985276,2264.029273985276,0.2966526043074108,0.2866526043074108,0.3140144454284803,13.468547305648084,5.772234559563464,2.886117279781732,0.0011786592645461277,0.00015438813602181614,0.0009810807919417746,0.0008976440776154302,45,45,-45,-45,45,45
0.5456809852173357,3.0,0.16877721306010476,22.969925060944732,0.1976911144182703,1730.4336595700263,72742.49337205215,4906.591811890891,4661.262221296346,2678.601713873434,1845.5813686489703,1845.5813686489703,0.2455945305181489,0.23559453051814888,0.338489848141052,16.07894754266131,6.890977518283419,3.4454887591417096,0.0016877721306010477,0.00022103926875895188,0.0014044326046408556,0.001286301259831312,0,45,-45,90,-45,45
0.6064422390535591,3.0,0.3809749465700738,56.843574390511506,0.2697588154742936,4167.828932984394,80097.48367033726,5344.721168365831,5077.485109947539,2982.2429226105814,2202.056640419947,2202.056640419947,0.2541084461134241,0.24410844611342408,0.33739876315428574,39.79050207335805,17.05307231715345,8.526536158576725,0.0038097494657007383,0.0004967759316525668,0.003190638347625437,0.0028591018169347544,0,45,-45,90,-45,45
0.49818542328286247,3.0,0.19728840122876504,24.8392159641535,0.2702136851076938,1912.3104745024095,67453.55190279044,4497.25144337963,4272.388871210648,2534.777386785688,1797.3852960888794,1797.3852960888794,0.2695418273072775,0.2595418273072775,0.3188797810096442,17.387451174907447,7.45176478924605,3.725882394623025,0.0019728840122876503,0.00025776924542039064,0.0016569597860079043,0.0014699051735457362,0,45,-45,90,-45,45
0.6026310979639802,3.0,0.26253234569314765,37.31669558664185,0.29160040168256607,2740.6933375499943,80882.43664030949,5036.773734533198,4784.935047806538,2911.7143764723814,1944.2282816960962,1944.2282816960962,0.3111823573231895,0.3011823573231895,0.37268865972445137,26.12168691064929,11.195008675992554,5.597504337996277,0.0026253234569314763,0.0003229587039620786,0.002222654672620527,0.0019224084557283398,0,60,-60,-60,60,0
0.5421862782146221,3.0,0.05446309332096244,7.569186821988319,0.1897384800508679,571.1249994806024,69993.1070577587,5003.13282003005,4752.976179028547,2755.360209353796,1916.2154679605937,1916.2154679605937,0.28417301626435415,0.27417301626435414,0.36692904328261544,5.298430775391823,2.2707560465964955,1.1353780232982478,0.0005446309332096244,7.569932237783829e-05,0.00045386683269840847,0.0004120615589366167,45,45,-45,-45,45,45
0.4717314206524525,3.0,0.44969836329946933,52.200723178486285,0.20702131993266545,4068.522405318337,61152.72024646106,4059.529848418062,3856.5533559971586,2479.966595000289,1635.4059829035327,1635.4059829035327,0.2651478354103924,0.2551478354103924,0.3321329307207501,36.540506224940394,15.660216953545884,7.830108476772942,0.0044969836329946935,0.0005975287129938428,0.0038576430124410677,0.0031573443338143146,45,45,-45,-45,45,45
0.5712598796385431,3.0,0.18873843213219824,27.538366338311405,0.2926566425048446,2050.8839893022796,75915.22361327575,5251.577262487226,4988.998399362865,2887.940126701716,1905.3860837207744,1905.3860837207744,0.24463562756305038,0.23463562756305037,0.3759434818407406,19.276856436817983,8.26150990149342,4.13075495074671,0.0018873843213219822,0.00025392609702392976,0.001573148311176259,0.0014303464647878275,45,-45,45,-45,45,-45
0.5305759217015259,3.0,0.34307430582246984,47.01197338591886,0.28009450704025296,3565.98262710361,70534.8337018167,4929.489947266116,4683.01544990281,2717.609313386849,1848.2670984700117,1848.2670984700117,0.31306281469615804,0.30306281469615803,0.31120443237515927,32.908381370143196,14.103592015775657,7.051796007887829,0.0034307430582246985,0.00046655502881402,0.0028610651744198153,0.0025948527528040647,45,-45,45,-45,45,-45
0.6128947752061868,3.0,0.15360244325047842,23.83873902943618,0.20823076660987738,1742.933135554547,80995.58395314681,5548.464888668256,5271.041644234843,3122.851129933631,2049.9058151737595,2049.9058151737595,0.2602427799943747,0.25024277999437466,0.36206328691496725,16.687117320605324,7.151621708830854,3.575810854415427,0.0015360244325047841,0.00020602502637993516,0.001288937003717327,0.0011450468516222298,0,0,90,90,0,0
0.6043698686458311,3.0,0.37958776954828066,58.02134155034214,0.22539816170685428,4258.066059863302,79696.34831890144,5445.213532929474,5172.952856283,3104.151816808796,1982.4432979978285,1982.4432979978285,0.24309154478615075,0.23309154478615074,0.3166398458966768,40.6149390852395,17.40640246510264,8.70320123255132,0.0037958776954828068,0.0005096210797854954,0.003196642768890306,0.002803729245916391,90,45,0,0,45,90
0.6119881472889741,3.0,0.21504217827110206,31.152254795471396,0.19068504060900637,2278.5559419150245,80187.02960654929,5039.024663916992,4787.073430721142,3135.362000542893,2082.858819847943,2082.858819847943,0.27280390295319956,0.26280390295319955,0.3383533659844713,21.806578356829977,9.34567643864142,4.67283821932071,0.0021504217827110206,0.0002719464539817412,0.0018546597927101098,0.0014903664133556508,0,60,-60,-60,60,0
0.6223628835632028,3.0,0.31288258549441467,49.53655148709551,0.2570702902281592,3606.8087953197564,84585.94577802443,5691.7736358647435,5407.184954071506,3137.482389521983,2192.5861399269165,2192.5861399269165,0.2596700469604047,0.24967004696040468,0.3583852197042293,34.675586040966856,14.860965446128652,7.430482723064326,0.0031288258549441467,0.0004099450058992617,0.002610955107646484,0.0023682946390007984,0,90,90,90,90,0
0.46955759948908865,3.0,0.14543332544345913,17.976726087633594,0.23618776868323008,1402.5311209469933,62921.74276854316,4497.642614575249,4272.760483846487,2388.4343258613685,1655.1673801005966,1655.1673801005966,0.3126083913112386,0.30260839131123857,0.36421764842306925,12.583708261343515,5.393017826290078,2.696508913145039,0.0014543332544345914,0.00019998982398870496,0.0011990765581981187,0.001128985998881324,45,45,-45,-45,45,45
0.503206174524333,3.0,0.17263274252904906,21.433278001207682,0.212896127242633,1646.2775755286034,68050.73161995751,4393.241265020297,4173.579201769282,2558.60122253218,1936.0762897400907,1936.0762897400907,0.3077336840406595,0.2977336840406595,0.33193562421262324,15.003294600845377,6.429983400362304,3.214991700181152,0.0017263274252904905,0.00022047220130760946,0.0014636080771522567,0.0012565427046108263,45,-45,45,-45,45,-45
0.48238831404992627,3.0,0.42134643302234615,51.87483987212668,0.2567100408427404,4023.073733772758,66885.68226150321,4379.979050002973,4160.980097502824,2502.5057533227655,1547.7012255474212,1547.7012255474212,0.25821289174393713,0.24821289174393713,0.3040428790920046,36.312387910488674,15.562451961638002,7.781225980819001,0.0042134643302234615,0.000542902257743563,0.00355308821890996,0.003109373862772256,0,90,90,90,90,0
0.6234847078965168,3.0,0.2880357222180624,45.14058355296352,0.2166960274486281,3285.1237152808662,84389.34300724692,5607.954793201158,5327.5570535411,3140.069026523383,2247.2673872936066,2247.2673872936066,0.2982699972597127,0.2882699972597127,0.33529781987844465,31.59840848707446,13.542175065889056,6.771087532944528,0.0028803572221806238,0.00037443600531836057,0.0024148153052708276,0.002156349900512006,0,90,90,90,90,0
0.5554915260145118,3.0,0.39954499693932566,55.89541272084654,0.2693725113380105,4192.276747363719,71370.19423541255,5129.102536378348,4872.64740955943,2658.0891632347198,1947.4278158078398,1947.4278158078398,0.28042215378344765,0.27042215378344764,0.346611547945163,39.12678890459257,16.76862381625396,8.38431190812698,0.0039954499693932565,0.0005482230968229394,0.0032693095326759175,0.0031542628532158883,90,45,0,0,45,90
0.5290203675095781,3.0,0.45173406134384586,60.722057048391676,0.27442696577400333,4609.191876562435,73327.07376692504,4868.442701422382,4625.0205663512625,2614.2514390260376,1837.3845010856526,1837.3845010856526,0.2550824187099328,0.2450824187099328,0.3636185806866168,42.50543993387417,18.2166171145175,9.10830855725875,0.004517340613438459,0.000579669114698079,0.0037417749846773932,0.0034840981327534932,0,30,-30,-30,30,0
0.5943672664467227,3.0,0.44392408182686705,66.86556137331588,0.29014319959508805,4928.833692265999,78589.3776397211,5328.772979812377,5062.334330821758,3115.699348307458,2151.768810981014,2151.768810981014,0.24750462592061798,0.23750462592061797,0.332989993143778,46.80589296132111,20.059668411994764,10.029834205997382,0.00443924081826867,0.0005955753101378958,0.0037644066444543958,0.003219127741399661,0,30,60,-60,-30,0
0.6251078089054473,3.0,0.3693343069600592,55.62229919929016,0.21408615726318184,4045.0678278749274,84255.57359818427,5306.359805093683,5041.041814838998,3136.348920676683,2214.878571574375,2214.878571574375,0.3016154490830284,0.2916154490830284,0.3269485235066615,38.93560943950311,16.686689759787047,8.343344879893523,0.0036933430696005918,0.0004621131609071638,0.003144658555525985,0.002660209399818119,45,-45,45,-45,45,-45
0.5816961536786585,3.0,0.05825624061132062,8.229396223299123,0.27955144909028457,610.0287839690669,76277.97664244614,5030.183357552345,4778.674189674728,2865.4558606847213,2109.6417866121137,2109.6417866121137,0.24441679653663842,0.2344167965366384,0.3278620706769165,5.760577356309385,2.4688188669897366,1.2344094334948683,0.0005825624061132062,7.552084638154674e-05,0.0004908009691700479,0.0004307898964459698,0,0,90,90,0,0
0.6230200463821297,3.0,0.2057813233003581,31.377359217665568,0.18370714044432385,2283.9630591416544,85417.29116172662,5500.218149795456,5225.207242305683,2989.2979719104533,2097.653220455636,2097.653220455636,0.2996854383167492,0.2896854383167492,0.37085641366866906,21.964151452365897,9.41320776529967,4.706603882649835,0.0020578132330035808,0.0002571394053082251,0.0017114244397105835,0.001574484687333413,45,-45,45,-45,45,-45
0.556258550963721,3.0,0.15413042444114766,21.415423828950072,0.2735123932289761,1605.6488434774144,72488.33248739663,5047.053594415449,4794.700914694677,2691.056512938151,1917.3008479500627,1917.3008479500627,0.2908448283208148,0.2808448283208148,0.3595195778155993,14.99079668026505,6.424627148685022,3.212313574342511,0.0015413042444114766,0.00020680289042200635,0.0012729460919126863,0.0011936997825568666,45,-45,45,-45,45,-45
0.5563225837390879,3.0,0.23475707911094126,33.65021192388392,0.23713605853084924,2522.895085055844,75493.26058998513,5211.887592276871,4951.293212663028,2768.4966386932797,1912.2714317749187,1912.2714317749187,0.2679650889161627,0.2579650889161627,0.34628874374500196,23.555148346718745,10.095063577165176,5.047531788582588,0.0023475707911094126,0.0003120165715804776,0.0019369304111862156,0.0018232031486102886,0,45,-45,-45,45,0
0.6444692495867197,3.0,0.396935529678854,64.46042958487817,0.288347122515634,4648.538779246402,86210.70949753387,5921.481477502219,5625.407403627108,3115.275655027691,2318.4812907179444,2318.4812907179444,0.24960885040811073,0.23960885040811072,0.3057043627347876,45.122300709414716,19.33812887546345,9.669064437731725,0.00396935529678854,0.000523395538354843,0.0032657585688540564,0.003103758867093185,0,45,-45,-45,45,0
0.6479646138409747,3.0,0.09483970359427196,15.227117098473308,0.18888692200428883,1096.4393642813613,86064.42754527976,5725.827063228793,5439.535710067354,3245.6850943717295,2270.127542383787,2270.127542383787,0.3105740056263159,0.30057400562631587,0.3510774022211792,10.658981968931315,4.568135129541992,2.284067564770996,0.0009483970359427196,0.0001238488684924264,0.0007978122774399723,0.0007037243288733546,0,30,-30,-30,30,0
0.5925499387522599,3.0,0.18977529675424068,27.88714446776732,0.23368713021505313,2057.287203071306,77941.74028522841,5295.038346462484,5030.286429139359,2897.169379459632,2080.6058113967965,2080.6058113967965,0.2522825237069638,0.2422825237069638,0.31970817934265816,19.521001127437124,8.366143340330195,4.183071670165098,0.0018977529675424068,0.00025045631590980475,0.0015799967427845842,0.001443847812220529,0,60,-60,-60,60,0
0.618414030354448,3.0,0.32099976199395575,49.18258356911159,0.21962415547172776,3587.2244127765507,82323.91631345739,5450.326998914526,5177.810648968799,3117.1756733808097,2134.94426105676,2134.94426105676,0.25732978913472343,0.24732978913472342,0.3551121161962378,34.42780849837811,14.754775070733476,7.377387535366738,0.003209997619939557,0.0004181993525100341,0.002707135750510383,0.0023666896923282515,0,0,90,90,0,0
0.5090038417424791,3.0,0.171917070383857,23.55276693872485,0.24826005664611828,1804.253512322712,69658.71307565013,4923.0233664847265,4676.87219816049,2726.430745024336,1719.6704241827365,1719.6704241827365,0.2508063833774019,0.2408063833774019,0.35548323756693756,16.486936857107395,7.065830081617455,3.5329150408087275,0.00171917070383857,0.00023668161711805385,0.0014352623490923617,0.0012958022305375643,0,30,60,-60,-30,0
0.5849500712760447,3.0,0.07777099753412983,11.2578696148769,0.26191057466602596,833.3174873241785,77390.42871291841,5235.693765780351,4973.909077491333,2827.4128829093106,2097.8528670144146,2097.8528670144146,0.27527701054384296,0.26527701054384295,0.3594325047886466,7.88050873041383,3.3773608844630703,1.6886804422315351,0.0007777099753412983,0.00010182795032247153,0.0006450646343254366,0.0005972528640719572,45,45,-45,-45,45,45
0.6159499820249823,3.0,0.33081255119319763,53.713132309046266,0.2454957942887356,3921.8975833307786,81210.23579667356,5884.768189850369,5590.5297803578505,3169.309964589145,2173.639889331605,2173.639889331605,0.2793450065130328,0.2693450065130328,0.34229260304866327,37.59919261633238,16.113939692713878,8.056969846356939,0.0033081255119319763,0.00046298588161312144,0.002738245445335648,0.002542184240853011,45,-45,45,-45,45,-45
0.5703993927055059,3.0,0.0835353268638649,11.051014743627006,0.2685018164757271,823.3265096880544,77147.0765729749,4646.319401700089,4414.003431615084,2773.323685234807,2037.6635423652629,2037.6635423652629,0.2774656427755465,0.26746564277554646,0.3769759990827762,7.735710320538903,3.3153044230881017,1.6576522115440508,0.000835353268638649,0.0001002722418550954,0.0007135334738018724,0.0005977132133437586,0,60,-60,-60,60,0
0.48617688606441806,3.0,0.09772220443578256,11.991475369838895,0.2060299347366946,928.3439225163836,65622.02284563657,4430.360454241454,4208.842431529381,2406.8232635343516,1590.4893899013912,1590.4893899013912,0.242571927024228,0.232571927024228,0.34559863228752263,8.394032758887226,3.5974426109516684,1.7987213054758342,0.0009772220443578256,0.00012791487361845893,0.0008119977252658116,0.0007473424961143442,0,30,-30,-30,30,0
0.4808566250826952,3.0,0.13233985564165676,16.14691621915455,0.2929291541717637,1253.1424983988068,64856.084962643385,4416.2005467382,4195.39051940129,2379.928984384943,1658.4192520873532,1658.4192520873532,0.30077144418451157,0.29077144418451156,0.31845433002622864,11.302841353408185,4.844074865746365,2.4220374328731826,0.0013233985564165677,0.0001742757269409422,0.0010968874294724213,0.001017693153352272,45,-45,45,-45,45,-45
0.5500419298626704,3.0,0.4416061668038377,57.50743972984771,0.27073117772554234,4323.785861305521,71326.43723638814,4555.6105947922415,4327.830065052629,2772.113956939234,1924.7197432116354,1924.7197432116354,0.2610297065727826,0.2510297065727826,0.3465955793231502,40.255207810893396,17.252231918954312,8.626115959477156,0.004416061668038377,0.0005643799041508365,0.003787029545210964,0.003111746520334786,0,30,60,-60,-30,0
0.6487045046291686,3.0,0.2572525985938244,39.87735346396675,0.2988333704511305,2870.4795411303844,87183.86543733088,5416.802664139636,5145.962530932654,3305.061419788813,2343.7694861751456,2343.7694861751456,0.2822833383153962,0.2722833383153962,0.36662696437292097,27.914147424776722,11.963206039190025,5.9816030195950125,0.002572525985938244,0.0003201756114477609,0.0022085364339352706,0.0018098311225868914,45,-45,45,-45,45,-45
0.5379618084960933,3.0,0.47305311469585914,65.24875934329616,0.29827453218144095,4932.7101352439195,72285.16227015639,4991.110686693531,4741.555152358854,2694.4018481955195,1815.8266736132503,1815.8266736132503,0.28378262729639,0.27378262729638997,0.344862189964961,45.67413154030731,19.574627802988847,9.787313901494423,0.004730531146958592,0.000631860399920058,0.003921898156892306,0.003632462584617484,0,45,-45,90,-45,45
0.5511005638714134,3.0,0.23184963630272395,31.103568006496175,0.25640043358995673,2337.4536018484496,76615.9945262149,4779.766638100185,4540.778306195176,2708.5171583359647,1929.5111043615982,1929.5111043615982,0.2550969768023135,0.24509697680231352,0.3680416703137086,21.772497604547322,9.331070401948852,4.665535200974426,0.0023184963630272395,0.0002841769233589685,0.0019522020860954989,0.0017225422355606553,0,30,60,-60,-30,0
0.4955735573105668,3.0,0.30793013026309135,38.82840805819767,0.2711209320026865,2992.9150661758677,66325.60507189964,4592.437653773442,4362.81577108477,2426.544368890206,1748.3843719515858,1748.3843719515858,0.26200248325042025,0.25200248325042024,0.3051957423367955,27.179885640738366,11.648522417459299,5.8242612087296495,0.0030793013026309134,0.00040979476344428777,0.0025364573883519407,0.002400228606326044,0,30,-30,-30,30,0
0.46098699783953384,3.0,0.06606344979586484,7.6309007271513005,0.2498072757550458,597.7555506684033,63798.85980491781,4227.558354606624,4016.1804368762923,2193.1780245775785,1652.7915761086513,1652.7915761086513,0.2754281216985522,0.2654281216985522,0.30574377138880365,5.34163050900591,2.28927021814539,1.144635109072695,0.0006606344979586484,8.372611243115289e-05,0.00054151120484259,0.0005219070664786365,0,30,-30,-30,30,0
0.6286104969506505,3.0,0.11466590858339265,17.954375807567764,0.1813220000861074,1303.7187906370298,85880.20301543787,5583.338838663442,5304.17189673027,3161.898074404444,2252.4528013184436,2252.4528013184436,0.29279889953896915,0.28279889953896914,0.35798534577974983,12.568063065297434,5.386312742270329,2.6931563711351645,0.0011466590858339265,0.00014634412383769275,0.0009647117787248108,0.0008517530634324546,90,45,0,0,45,90
0.569885361715987,3.0,0.24093799476321587,36.54462786798232,0.2943778055895031,2723.2862164779967,78029.26701518155,5490.751163860437,5216.213605667415,2963.4531240575593,1897.0336966883635,1897.0336966883635,0.2436770599472112,0.2336770599472112,0.32817699948520995,25.58123950758762,10.963388360394696,5.481694180197348,0.0024093799476321586,0.0003278415969563123,0.001996701003781522,0.0018497657802299952,0,30,-30,-30,30,0
0.4536875605750388,3.0,0.38375842250511405,43.23032021391109,0.23270142158471216,3398.0423065244076,59652.48108347815,4123.115048757652,3916.9592963197697,2143.5415691000835,1620.4779554812915,1620.4779554812915,0.24822381569157995,0.23822381569157994,0.33800179552034887,30.261224149737764,12.969096064173327,6.484548032086663,0.0038375842250511407,0.0005072919617105275,0.0031454606312964956,0.003025156183376024,45,45,-45,-45,45,45
0.5706811914975217,3.0,0.06755324559431507,9.282530462463797,0.20946792465713418,691.4831794104944,76169.56995074303,4825.926841008085,4584.63049895768,2889.6474579925825,1970.3859473294472,1970.3859473294472,0.30595324341467944,0.29595324341467943,0.374054933498938,6.497771323724657,2.784759138739139,1.3923795693695695,0.0006755324559431507,8.530665629235671e-05,0.0005770413084333936,0.0004818510180258618,0,30,-30,-30,30,0
0.6359145831134443,3.0,0.4030430785087291,64.41237740228236,0.1821433151010217,4662.3311271812545,84107.10078573487,5729.7052681664045,5443.220004758084,3191.358702006139,2197.5108503871315,2197.5108503871315,0.3124721775054223,0.30247217750542227,0.377656812895697,45.08866418159765,19.323713220684706,9.661856610342353,0.004030430785087291,0.0005360862966429225,0.003372549252759138,0.0030275056841052544,45,-45,45,-45,45,-45
0.5600647011395279,3.0,0.45312910192528344,57.771005198352675,0.1893787367862466,4324.051390122662,77394.19320910143,4431.0557971851995,4209.5030073259395,2751.0395836531497,2021.747336043813,2021.747336043813,0.25228638232688916,0.24228638232688915,0.35918160212529204,40.43970363884687,17.331301559505803,8.665650779752902,0.004531291019252834,0.0005225159919890635,0.0039113255063308846,0.003149954959297839,45,45,-45,-45,45,45
0.5959561534087584,3.0,0.24725354627656246,35.65136557418953,0.28187741071498246,2626.1090490401966,80371.42756161896,5125.1263145903395,4868.869998860822,2933.1315612595768,2024.8130764645562,2024.8130764645562,0.2695190842640276,0.2595190842640276,0.3139845908986404,24.955955901932672,10.69540967225686,5.34770483612843,0.0024725354627656245,0.0003105078092932903,0.002086857770082446,0.001823206605104328,0,90,90,90,90,0
0.49391591844041827,3.0,0.5118302838535318,61.467163272089095,0.235670674333206,4741.55780141452,68618.91394214553,4175.22344233848,3966.4622702215556,2597.9179205768924,1726.7080301704477,1726.7080301704477,0.3081377746202015,0.29813777462020147,0.31933596783849044,43.02701429046236,18.440148981626727,9.220074490813364,0.005118302838535318,0.0006270430675533513,0.0044165657805606395,0.0035490245545424922,0,60,-60,-60,60,0
0.6353340976162565,3.0,0.32087343811211716,49.97417590310492,0.21094728109773528,3618.169657636347,82499.55386508733,5642.071584376674,5359.96800515784,3032.4419923678515,2178.539689572847,2178.539689572847,0.26717887581992245,0.25717887581992244,0.30569955818932726,34.98192313217344,14.992252770931476,7.496126385465738,0.0032087343811211715,0.0004240256036945347,0.0026572248413944564,0.002471976843854633,0,0,90,90,0,0
0.5450611235767209,3.0,0.1761299031926463,23.661738059447906,0.2704524815572747,1783.0508018683495,70918.65423834386,4774.757485463104,4536.019611189949,2742.5298282789254,1846.2421977437427,1846.2421977437427,0.27571115937149676,0.26571115937149675,0.3762380129248083,16.563216641613533,7.098521417834371,3.5492607089171857,0.001761299031926463,0.00023355232582315745,0.001486676849964849,0.0012941557361819194,45,-45,45,-45,45,-45
0.4731797730638499,3.0,0.29656276900138234,34.68725348964212,0.2862111585872161,2701.69335873859,63472.92892301333,4211.391939219052,4000.822342258099,2307.1478447279455,1685.2348378333013,1685.2348378333013,0.26292750119310504,0.25292750119310503,0.31118300723758946,24.28107744274948,10.406176046892634,5.203088023446317,0.002965627690013823,0.0003825422562774775,0.002470958817673552,0.0022552035559124974,0,0,90,90,0,0
0.5382154859234569,3.0,0.27445530507802607,37.6828994487466,0.22972245263932334,2848.4439560998517,72199.04466792778,4864.877379288737,4621.6335103243,2826.8043642549524,1803.3328282508269,1803.3328282508269,0.29210679989920374,0.28210679989920373,0.3086933576643415,26.37802961412262,11.30486983462398,5.65243491731199,0.0027445530507802605,0.00036535150479408287,0.002323772821644437,0.0019995847568325714,0,30,-30,-30,30,0
0.4996588495770586,3.0,0.23602970894514202,29.54855721642878,0.23478567875928624,2273.323883758103,66613.27048969829,4503.1390862912385,4277.982131976676,2478.1292226530245,1701.6473770438238,1701.6473770438238,0.24174651133166492,0.2317465113316649,0.3412106701476951,20.683990051500146,8.864567164928634,4.432283582464317,0.00236029708945142,0.00031050855031504443,0.0019685306172120575,0.0017885603147519574,0,90,90,90,90,0
0.5189662518797675,3.0,0.09405905535045317,12.475067621237585,0.23055361532199053,951.2932932286262,70646.53154290195,4779.760919311319,4540.772873345753,2613.364094937759,1874.2921111429062,1874.2921111429062,0.3011075253830686,0.2911075253830686,0.32278460709199114,8.73254733486631,3.7425202863712754,1.8712601431856377,0.0009405905535045316,0.00012360900307700515,0.0007829931976828891,0.0007160349936736252,45,45,-45,-45,45,45
0.5764710101532603,3.0,0.46425193021293165,66.14369207467014,0.29149951587252837,4914.521651091978,77145.65990090989,5055.063549155255,4802.310371697492,2917.07583664231,2032.7598004541114,2032.7598004541114,0.2669028664341889,0.2569028664341889,0.3790117958205169,46.3005844522691,19.843107622401043,9.921553811200521,0.004642519302129317,0.0006001709559778231,0.003925392317910029,0.0034011984489990808,45,45,-45,-45,45,45
0.4532460912684943,3.0,0.49475953025448416,54.59130391786812,0.2343009517829261,4291.9457977318825,62126.73567864096,3826.3064230268656,3634.991101875522,2408.405083563089,1625.8891615417017,1625.8891615417017,0.2504737049717199,0.24047370497171988,0.3041377193333113,38.21391274250768,16.377391175360433,8.188695587680217,0.0049475953025448416,0.0006150960987259072,0.004280208996540537,0.003400049121124399,45,45,-45,-45,45,45
0.5031618826550132,3.0,0.09225938249117024,11.823282249434634,0.2404876687877461,908.1579474048588,68799.6298173874,4623.777537359914,4392.588660491919,2516.983824466243,1713.6674080604898,1713.6674080604898,0.260706850978992,0.250706850978992,0.34036361917631497,8.276297574604243,3.54698467483039,1.773492337415195,0.0009225938249117024,0.00012029567014490846,0.0007671183672161807,0.0007046101449584348,0,30,60,-60,-30,0
0.621906158361865,3.0,0.15454755495421274,24.1356530935516,0.23379028254644924,1757.6931810658532,80054.49890627425,5638.237530649037,5356.325654116585,3071.2841471890188,2255.166350679322,2255.166350679322,0.2549186635804691,0.2449186635804691,0.32411205093761486,16.89495716548612,7.240695928065479,3.6203479640327396,0.0015454755495421274,0.00021104319427776695,0.0012842126442360045,0.0011787733698773034,0,45,-45,-45,45,0
0.5283675419820105,3.0,0.3635165827977608,46.888001175951935,0.20402201167018313,3560.157209335511,72824.45049431903,4556.568302416798,4328.739887295958,2665.405137314723,1904.6447803043081,1904.6447803043081,0.2679088521637118,0.2579088521637118,0.3573401400130888,32.82160082316635,14.06640035278558,7.03320017639279,0.003635165827977608,0.00045069479550314954,0.0030870601336810376,0.0026386983644364195,0,90,90,90,90,0
0.5433018526276686,3.0,0.41545245115466223,57.50517849151573,0.22335586786232198,4336.802235677525,74336.41395455791,4989.301260502893,4739.836197477748,2724.6897959101366,1834.1790612504124,1834.1790612504124,0.2431183502029856,0.2331183502029856,0.3395680179179562,40.25362494406101,17.25155354745472,8.62577677372736,0.0041545245115466225,0.0005415061448709132,0.003457709335778987,0.003165783050487061,0,60,-60,-60,60,0
0.49769328874314855,3.0,0.11692628460980954,14.13391756839032,0.26965330472248933,1088.3831601934335,68063.25618381167,4380.667644909225,4161.634262663763,2343.6493780287974,1705.7633488192066,1705.7633488192066,0.2970869287925934,0.2870869287925934,0.3794246365816356,9.893742297873223,4.240175270517096,2.120087635258548,0.0011692628460980954,0.00014536098994667808,0.0009679290040285537,0.0009046095611117891,0,45,-45,-45,45,0
0.5183076524403246,3.0,0.28509935438075507,37.18283399877961,0.1995427861491243,2836.2525571144465,69507.99953164945,4630.194655474234,4398.684922700522,2668.7023167807697,1812.1365564194232,1812.1365564194232,0.3142134721963377,0.3042134721963377,0.32116594222570094,26.027983799145723,11.154850199633882,5.577425099816941,0.0028509935438075507,0.0003744602632002704,0.0024091536165646104,0.0020899390182060234,45,-45,45,-45,45,-45
0.4716498882949714,3.0,0.19642192763880645,22.22879822546826,0.208829873793557,1732.5777587272034,63757.47995781099,3987.622987312984,3788.2418379473347,2355.4914522720865,1653.9997628118301,1653.9997628118301,0.26712061924823033,0.2571206192482303,0.32623391068245633,15.56015875782778,6.668639467640478,3.334319733820239,0.0019642192763880645,0.000244052286384658,0.001672334493219999,0.0014155516168840195,0,90,90,90,90,0
0.46794625554825026,3.0,0.14762400442075216,18.052605282362038,0.18302459365513946,1409.5143507040998,63410.41657476338,4415.997745006346,4195.1978577560285,2401.897114460523,1632.0947471980398,1632.0947471980398,0.2825459084622347,0.2725459084622347,0.3251665255228674,12.636823697653426,5.415781584708611,2.7078907923543056,0.0014762400442075215,0.00019928624317984273,0.0012264004416290364,0.001127396663267365,0,90,90,90,90,0
0.6029513375865297,3.0,0.4042451118759954,61.68509341778384,0.2813126829098933,4529.770597385979,82626.57649970269,5445.480544870307,5173.2065176267915,3077.5317852231838,2162.5790477748524,2162.5790477748524,0.314339379520492,0.304339379520492,0.3075473202111724,43.17956539244869,18.505528025335153,9.252764012667576,0.004042451118759954,0.00052258688695161,0.003398327819345077,0.0030065535170407873,45,45,-45,-45,45,45
0.6488538358326565,3.0,0.07724117876284167,12.7777702337571,0.27241088617906434,919.7190739594726,86524.53859158057,5994.059380967875,5694.356411919481,3221.8950326726513,2240.2647402551506,2240.2647402551506,0.2881928202473158,0.2781928202473158,0.3685488313533256,8.94443916362997,3.8333310701271297,1.9166655350635649,0.0007724117876284168,0.00010337459533705418,0.0006395217041557157,0.0005948876408532893,0,45,-45,90,-45,45
0.5051847684081626,3.0,0.070274073025948,9.005288181285692,0.22970130259112045,691.0607877264422,69566.80080195538,4586.378639809766,4357.059707819278,2565.074557155886,1752.5941338696641,1752.5941338696641,0.3103529386790148,0.3003529386790148,0.3216272776422111,6.303701726899984,2.7015864543857075,1.3507932271928538,0.00070274073025948,9.06136498190499e-05,0.0005890456646854093,0.0005266097328143911,0,90,90,90,90,0
0.6287486257432544,3.0,0.1758901174534618,27.20252696360718,0.2311165157775419,1975.134743122937,84947.38997968961,5496.912434701082,5222.066812966028,3149.156829361289,2198.939123007646,2198.939123007646,0.25214413864630647,0.24214413864630646,0.3281543954418373,19.041768874525026,8.160758089082154,4.080379044541077,0.001758901174534618,0.00022415955191887346,0.0014846076203733323,0.0012957052524337628,0,0,90,90,0,0
0.5326816488779718,3.0,0.16467689605129987,21.84280043912646,0.27886948332609557,1655.247926908248,75418.79027728444,4718.526981555451,4482.600632477678,2689.3353821754627,1816.4574263793222,1816.4574263793222,0.2513683140681314,0.24136831406813142,0.34211680725080107,15.28996030738852,6.552840131737938,3.276420065868969,0.0016467689605129986,0.00020273409651856667,0.0013887469876410052,0.0012183010299067275,0,60,-60,-60,60,0
0.48399570423915717,3.0,0.3286192085524947,40.37304703712916,0.2781872823152709,3128.7296713248315,65196.97210639721,4289.527632184613,4075.0512505753823,2636.297329778137,1717.639223803572,1717.639223803572,0.29768324437333804,0.28768324437333803,0.3047078829865945,28.26113292599041,12.111914111138748,6.055957055569374,0.003286192085524947,0.00043347308951510944,0.002823600906603852,0.0022971449339817167,0,45,-45,90,-45,45
0.6131802430926189,3.0,0.24652355507079082,38.37110070680854,0.18810327773016638,2805.093369979822,82684.06980584614,5664.920669421757,5381.67463595067,2998.161688032373,2081.596513655585,2081.596513655585,0.31157828653717856,0.30157828653717855,0.3148779535900567,26.85977049476598,11.511330212042562,5.755665106021281,0.002465235550707908,0.00032484819092524727,0.00203203731945951,0.0019197313904036296,0,60,-60,-60,60,0
0.5146531768730209,3.0,0.38756950016324243,48.834697373185726,0.25051619695836513,3731.280514854127,68362.38748721436,4527.570862899912,4301.192319754916,2497.7496023873446,1879.355619974695,1879.355619974695,0.2785900803703292,0.26859008037032917,0.3737886110836803,34.18428816123001,14.650409211955717,7.325204605977858,0.0038756950016324244,0.0005000452649144737,0.0032358210739460674,0.0029327217584086255,0,30,60,-60,-30,0
0.4728038382669102,3.0,0.5360848109924177,61.151013949382225,0.2915558625269069,4763.7187027015325,62904.25553977109,4085.070619925654,3880.817088929371,2277.812531526254,1636.8342500908639,1636.8342500908639,0.2552036172767677,0.2452036172767677,0.37187003071514996,42.80570976456755,18.345304184814665,9.172652092407333,0.005360848109924176,0.0006804898873257267,0.004490816901752495,0.00402695654951954,0,90,90,90,90,0
0.5006615201411287,3.0,0.08255211736779446,10.431791178421445,0.2646326891373182,802.2005498073779,68493.8154991924,4431.271893905383,4209.708299210113,2672.9990729163374,1766.3811874828764,1766.3811874828764,0.24752169617350642,0.2375216961735064,0.37598811039326907,7.302253824895011,3.1295373535264335,1.5647686767632167,0.0008255211736779446,0.00010661187103792038,0.0007062390727661487,0.0005853981367288685,90,45,0,0,45,90
0.6252534466051598,3.0,0.16683589407470753,26.68791117024988,0.1963764664853413,1940.7243600179122,87425.60446029734,5737.07759426182,5450.223714548729,3184.355101941506,2132.522653841533,2132.522653841533,0.26951027045899767,0.25951027045899766,0.3203639451701826,18.681537819174913,8.006373351074963,4.003186675537481,0.0016683589407470753,0.0002136849717482797,0.001395549078695201,0.0012571420420721083,45,45,-45,-45,45,45
0.5271842582926429,3.0,0.16928441221075574,22.094716071600967,0.20363514511440314,1678.5336855413095,71190.98299381704,4701.628491479561,4466.547066905582,2570.8500584754806,1812.772793108982,1812.772793108982,0.30174884326751406,0.29174884326751405,0.33030943650783656,15.466301250120676,6.62841482148029,3.314207410740145,0.0016928441221075573,0.00021725084553845714,0.0014098125433543959,0.001289148466599206,45,-45,45,-45,45,-45
0.6432405250736353,3.0,0.3899607904853316,63.671516630916805,0.2426376136941661,4594.0890943289505,87493.95439524222,5911.333708944889,5615.767023497644,3181.466590707466,2298.765446375694,2298.765446375694,0.318936952995856,0.308936952995856,0.336670103292921,44.570061641641765,19.10145498927504,9.55072749463752,0.0038996079048533162,0.0005094073293373218,0.003231327468515468,0.0030019889325676417,0,60,-60,-60,60,0
0.4685570908253479,3.0,0.11766716471555043,13.702205698572783,0.24744110096554411,1069.5370645578214,63272.123806349955,4197.399103721629,3987.5291485355474,2290.844420557929,1550.8160976948534,1550.8160976948534,0.2903158413730222,0.2803158413730222,0.3489951463402545,9.591543989000947,4.1106617095718345,2.0553308547859173,0.0011766716471555043,0.0001515919398937316,0.000979335442733361,0.0008971935572496656,0,30,-30,-30,30,0
0.6184910002905335,3.0,0.05693039113825268,9.103189007155882,0.2842864543532403,663.9358805729748,83722.66732943177,5682.275396878988,5398.161627035039,3267.3241027660774,2181.355872889518,2181.355872889518,0.27361779832259503,0.263617798322595,0.31504833824970807,6.372232305009117,2.7309567021467642,1.3654783510733821,0.0005693039113825268,7.611119554917751e-05,0.0004806097049866243,0.00041791946808012847,45,45,-45,-45,45,45
0.5178047251839653,3.0,0.14353293378110019,18.60668884004553,0.26445332334482696,1419.6179534523744,68337.72179263234,4652.4227424123765,4419.801605291757,2581.8082328496353,1758.166147757281,1758.166147757281,0.26338492347439935,0.25338492347439934,0.37776561417047083,13.02468218803187,5.582006652013658,2.791003326006829,0.0014353293378110018,0.00019059286505854946,0.0011998064150806882,0.0010810265807101782,0,45,-45,-45,45,0
0.5721044008427649,3.0,0.18175061171311294,24.797476597292427,0.21691541825089564,1846.0631487493501,76303.31618280026,4832.506204359501,4590.8808941415255,2800.9521356987398,1999.083136738721,1999.083136738721,0.2983596070288783,0.2883596070288783,0.37590990057193,17.3582336181047,7.4392429791877275,3.7196214895938637,0.0018175061171311294,0.00022748989803430674,0.0015394171604946182,0.0013279846671374654,45,45,-45,-45,45,45
0.601300609545462,3.0,0.2494834157537242,36.566939289221665,0.23659682287492542,2687.2036230239287,82726.26154054573,5175.215371467872,4916.454602894478,3033.062687203865,2119.3531223857617,2119.3531223857617,0.287853430403262,0.277853430403262,0.3718496064400876,25.596857502455165,10.9700817867665,5.48504089338325,0.002494834157537242,0.0003094163452546402,0.0021197343490759885,0.0018084165937367507,0,0,90,90,0,0
0.46574865797658344,3.0,0.13924598720216974,16.8014438239302,0.22616201671936095,1313.1778809506427,63592.484921473915,4349.611232923192,4132.130671277032,2377.4194287972914,1617.263806364774,1617.263806364774,0.27970309942633886,0.26970309942633885,0.37353964657737804,11.76101067675114,5.040433147179059,2.5202165735895297,0.0013924598720216974,0.00018494340473208462,0.0011588238298234287,0.0010600639260630916,0,30,60,-60,-30,0
0.4565184886494029,3.0,0.26538178564955883,29.487616555786637,0.18803736157583878,2314.7311231865488,62992.58591357035,4134.039793103794,3927.337803448604,2037.490053942023,1521.129408510202,1521.129408510202,0.25584941931296723,0.24584941931296722,0.34589125350365674,20.641331589050644,8.846284966735992,4.423142483367996,0.0026538178564955886,0.0003276787464698116,0.002139864493199349,0.0021708780736427865,0,30,-30,-30,30,0
0.5660876594405689,3.0,0.39190290587992155,56.53910834270962,0.2252082333850256,4220.430619527262,76837.27203730585,5186.5007622075545,4927.1757240971765,2859.479037020006,2023.156106757251,2023.156106757251,0.2695657285085406,0.2595657285085406,0.34541964792750024,39.57737583989673,16.961732502812886,8.480866251406443,0.003919029058799216,0.0005150804393560616,0.003270361517423818,0.0029658780993354443,0,30,-30,-30,30,0
0.46382798900145233,3.0,0.08939661638280896,10.368543079197174,0.20043829057341947,811.1217310975152,64420.82972500028,4089.130904401251,3884.6743591811883,2412.335500622312,1679.0625054781556,1679.0625054781556,0.309003824032666,0.299003824032666,0.3668424158488873,7.257980155438021,3.110562923759152,1.555281461879576,0.0008939661638280896,0.00011266511447339155,0.0007606904734722878,0.0006447202146958245,0,90,90,90,90,0
0.4547513012914373,3.0,0.49048872553018397,55.25872636110037,0.18675465755783893,4341.335779160303,57247.412415833416,4005.8218168783087,3805.530726034393,2303.305151233179,1562.0362437896758,1562.0362437896758,0.27911186411765365,0.26911186411765364,0.34005286725290157,38.68110845277026,16.57761790833011,8.288808954165056,0.00490488725530184,0.0006756830889018818,0.004138381252626174,0.003598658627462916,0,90,90,90,90,0
0.6478183878999805,3.0,0.35058116069079376,58.85505514062179,0.19801554680991085,4238.167724356692,87874.34469739771,6104.122417480537,5798.91629660651,3243.5670875104943,2297.131600135259,2297.131600135259,0.29481716954929066,0.28481716954929065,0.32106538258051887,41.198538598435256,17.656516542186537,8.828258271093269,0.0035058116069079377,0.00046883466090479194,0.002892556101368987,0.0027217745256717172,90,45,0,0,45,90
0.5233162126998101,3.0,0.249727385281308,33.90127247934963,0.2425731852189593,2580.0256856465066,72534.35714077853,4937.896570487147,4691.001741962789,2617.5183769165997,1688.6034222718936,1688.6034222718936,0.2519953182347248,0.2419953182347248,0.3697683441602859,23.73089073554474,10.170381743804889,5.085190871902444,0.00249727385281308,0.0003271675888639444,0.00205965872282366,0.0019427526915370614,0,30,-30,-30,30,0
0.5704238783666855,3.0,0.3545416902210259,48.62137785093659,0.19605437107126264,3622.367003940506,75654.05687223097,4823.313410640159,4582.147740108151,2872.9797425647207,1994.4673678860308,1994.4673678860308,0.2437800271085188,0.23378002710851878,0.3609801078642809,34.03496449565561,14.586413355280976,7.293206677640488,0.0035454169022102588,0.00044987626444323883,0.003024147948400691,0.002538551375628501,0,45,-45,-45,45,0
0.45897606449525535,3.0,0.09375195438572616,10.501267036051276,0.2697685150895871,823.3797462843203,64180.96192263776,4092.770245877149,3888.1317335832914,2130.4994178622533,1595.101057753033,1595.101057753033,0.2876151481700341,0.2776151481700341,0.3792995702512022,7.350886925235892,3.150380110815383,1.5751900554076914,0.0009375195438572616,0.00011453376055809946,0.0007697427223013354,0.0007393524927541354,0,30,60,-60,-30,0
0.5015234845676991,3.0,0.10654972191607788,13.759332757782728,0.20273895326246588,1057.6665173908173,68829.85593974922,4644.019485238084,4411.818510976179,2557.3455278881734,1753.0972408338193,1753.0972408338193,0.311403319583607,0.301403319583607,0.36446181586738413,9.631532930447909,4.127799827334818,2.063899913667409,0.0010654972191607788,0.00013993248712998834,0.0008888420559939143,0.000807047734129128,45,-45,45,-45,45,-45
0.5611754809751522,3.0,0.18223180359632501,26.52069018542953,0.2156894350912296,1984.034207981761,78115.69365576911,5364.579025776159,5096.350074487351,2726.035517412251,1942.9782813160466,1942.9782813160466,0.2829950058683181,0.2729950058683181,0.3389692335933137,18.56448312980067,7.956207055628859,3.9781035278144294,0.00182231803596325,0.0002376536936560842,0.0014830999818252724,0.001459299962309637,45,-45,45,-45,45,-45
0.4714574115047454,3.0,0.3075811253165658,36.87447642694802,0.20840423934319238,2874.3636227201696,62321.95110640794,4400.898280219357,4180.853366208389,2269.234156384978,1635.7947592077908,1635.7947592077908,0.3012256979150909,0.2912256979150909,0.3077547633431451,25.812133498863613,11.062342928084407,5.531171464042203,0.003075811253165658,0.0004141740276197741,0.002513655672935258,0.002437461752670637,0,45,-45,-45,45,0
0.5951401941445071,3.0,0.32976758807828915,49.03568018832785,0.18823450285306306,3613.311775785438,80407.87274616509,5338.920807132139,5071.974766775532,2953.8046510571144,2130.4111144128574,2130.4111144128574,0.2868941036216778,0.27689410362167777,0.3257970654865422,34.324976131829494,14.710704056498354,7.355352028249177,0.0032976758807828914,0.00042688576329071666,0.00275537034316873,0.002490128121917889,0,30,60,-60,-30,0
0.5894547323659858,3.0,0.2796213482248182,42.557416656219836,0.2948365901556935,3143.848012379934,80579.22188429319,5529.711517382179,5253.22594151307,2943.6740452184886,1945.4408273727781,1945.4408273727781,0.2528311459254189,0.24283114592541888,0.316192422360301,29.790191659353884,12.76722499686595,6.383612498432975,0.002796213482248182,0.00036970066181739466,0.0023088410592005137,0.0021685867390114394,0,0,90,90,0,0
0.5462750794523317,3.0,0.07081547749970818,9.57097147757915,0.24858837414080626,720.8332147592287,73472.18939142389,4787.634064993695,4548.25236174401,2778.47165951887,1885.1986153756309,1885.1986153756309,0.2976172823202131,0.2876172823202131,0.3513237762672685,6.699680034305405,2.8712914432737446,1.4356457216368723,0.0007081547749970818,9.118661210179523e-05,0.0005997307656130411,0.0005167033886123834,0,60,-60,-60,60,0
0.608048631077887,3.0,0.27242005377280615,39.83642226419766,0.254971276162151,2918.7844814174205,80787.65536976632,5142.938419891495,4885.79149889692,3063.5018096187805,2106.894955937523,2106.894955937523,0.3098389772321366,0.2998389772321366,0.35432412450303946,27.885495584938358,11.950926679259297,5.975463339629648,0.0027242005377280617,0.00034517025475372474,0.002323754574434791,0.00195053364122975,0,45,-45,90,-45,45
0.5684549900888809,3.0,0.34716584316520444,51.002005318693044,0.20660855851645188,3803.074519049253,78406.37812665748,5387.447542292721,5118.075165178085,2782.6763153463535,1951.6673159425484,1951.6673159425484,0.27570000169290476,0.26570000169290475,0.3691286683052276,35.70140372308513,15.300601595607912,7.650300797803956,0.0034716584316520443,0.00045533800407682607,0.002840046510985883,0.002749260039916551,0,90,90,90,90,0
0.5946640661934313,3.0,0.19400306424406957,29.266762918742277,0.24237043916350115,2157.0457381176693,79626.05380386312,5372.163954087912,5103.555756383516,3064.0234727722773,2207.737315673698,2207.737315673698,0.31553149176610196,0.30553149176610195,0.3404122715886999,20.486734043119593,8.780028875622683,4.390014437811342,0.0019400306424406956,0.00025728681837709836,0.001634356090145309,0.0014327613599641683,0,30,60,-60,-30,0
0.47115002749230284,3.0,0.4604679779347359,53.4982794891617,0.2205966629523557,4170.787859979756,63758.96226211562,4191.82643795067,3982.235116053136,2279.1092094054156,1590.0389805635634,1590.0389805635634,0.2721710459922843,0.2621710459922843,0.3040755271202418,37.44879564241319,16.04948384674851,8.024741923374256,0.004604679779347359,0.0005873495162681554,0.0038287567685161357,0.0035209992966803846,45,-45,45,-45,45,-45
0.6346605380515757,3.0,0.2413555488307242,39.34767617782653,0.28603995378869795,2849.636512440508,84221.7444774433,5859.883344146766,5566.889176939428,3238.8501380226585,2377.5294611055397,2377.5294611055397,0.2427102236114045,0.2327102236114045,0.3546411965159198,27.54337332447857,11.804302853347957,5.902151426673979,0.002413555488307242,0.00032703399217592054,0.0020144262539183253,0.001822298400714917,45,45,-45,-45,45,45
0.61583009806915,3.0,0.06717974811812318,10.133777307876992,0.21326377682526476,739.9628822000329,83948.75949666231,5376.954034475418,5108.106332751647,3046.3077713045486,2160.780909284131,2160.780909284131,0.27700800485686466,0.26700800485686466,0.3335812293679007,7.093644115513894,3.0401331923630974,1.5200665961815487,0.0006717974811812318,8.44996895492652e-05,0.0005654006288450067,0.0004989865470915949,0,30,60,-60,-30,0
0.4738896871857401,3.0,0.1700526384431719,19.87242849501965,0.19161034780333153,1547.2946600428436,62005.35619277501,4234.085032947679,4022.3807813002945,2274.338023640892,1616.4486075608181,1616.4486075608181,0.25721049744626195,0.24721049744626195,0.31305653477742296,13.910699946513756,5.961728548505895,2.9808642742529474,0.001700526384431719,0.00022434674680789363,0.0014080323144468046,0.001310651382190325,0,45,-45,90,-45,45
0.5236186541993231,3.0,0.4539235160086581,60.51658506384051,0.2551391143008563,4604.924031839043,70038.66933197407,4778.117181784298,4539.211322695082,2664.826796864799,1778.2082393315945,1778.2082393315945,0.2905028733844868,0.2805028733844868,0.34961173259724376,42.361609544688356,18.154975519152153,9.077487759576076,0.004539235160086581,0.0006048317300818481,0.003799608680248507,0.003406408165159496,0,60,-60,-60,60,0
0.5778425319873003,3.0,0.05452289822583916,7.7323777689695286,0.26285946614613753,574.1699026827066,80733.53231249569,5024.335098398493,4773.118343478568,2906.6078931607626,2020.2993771555937,2020.2993771555937,0.24099177711326367,0.23099177711326366,0.34077877279011554,5.41266443827867,2.3197133306908584,1.1598566653454292,0.0005452289822583916,6.704357264250303e-05,0.0004616955846416906,0.00039904132513868403,0,45,-45,90,-45,45
0.5373978576622904,3.0,0.15821250165468453,21.47927964260595,0.2207660464994492,1624.2173951437492,72893.41097311709,4836.1306700597825,4594.324136556793,2752.214574085183,1838.7864850420094,1838.7864850420094,0.26557324541016697,0.25557324541016696,0.32351683767396566,15.035495749824163,6.443783892781784,3.221891946390892,0.0015821250165468453,0.0002062668703398887,0.0013324255137841692,0.0011706543438611892,0,60,-60,-60,60,0
0.5586618352471914,3.0,0.3257932590430008,45.35440365542761,0.23991363083689773,3396.832094409229,72130.53252215972,4918.341930575758,4672.424834046969,2891.859186979101,1988.5010305866845,1988.5010305866845,0.26099107781868996,0.25099107781868996,0.3370975782397274,31.748082558799325,13.606321096628283,6.803160548314142,0.0032579325904300085,0.00044014762471143243,0.002766444726431511,0.00235252137412018,90,45,0,0,45,90
0.5735338921107278,3.0,0.35287635578366644,51.88697940693102,0.261397273008205,3860.29271677121,77965.26956080765,5342.856909295341,5075.714063830574,2843.099294706776,1971.280973694007,1971.280973694007,0.24799614846196102,0.23799614846196102,0.35239967393611715,36.32088558485171,15.566093822079305,7.783046911039652,0.0035287635578366643,0.0004658598089823042,0.0029134401475356536,0.002737522015333748,0,90,90,90,90,0
0.6491110599171552,3.0,0.24731590026225037,41.810798131605445,0.18189638869959554,3009.1257357187224,87646.46742768955,6129.19834280794,5822.738425667543,3289.97450552813,2169.2003201262155,2169.2003201262155,0.2957379956219643,0.2857379956219643,0.3687172999754744,29.26755869212381,12.543239439481633,6.271619719740817,0.0024731590026225037,0.00033392741945099214,0.0020464730847224075,0.0019062821639507057,0,30,60,-60,-30,0
0.6352364392549728,3.0,0.36332923514364485,58.87668102308123,0.1831220884261884,4262.898879309989,88596.49262755514,5853.606455257313,5560.926132494447,3170.5811675698396,2201.0424732274805,2201.0424732274805,0.26674873813739136,0.25674873813739135,0.31327943291896215,41.21367671615686,17.663004306924368,8.831502153462184,0.0036332923514364483,0.0004651840664778038,0.0030174567494301997,0.0027854521574135504,0,45,-45,-45,45,0
0.5402180321607812,3.0,0.384962385416113,52.362417544103444,0.22828450598066205,3954.474647144337,73147.70654970886,4826.968682104196,4585.620247998986,2784.7413704206474,1838.842542636624,1838.842542636624,0.24709875944063112,0.2370987594406311,0.3325484671512661,36.653692280872406,15.708725263231033,7.854362631615516,0.00384962385416113,0.0005010914765449784,0.0032543665181567344,0.00282049985504725,0,30,60,-60,-30,0
0.6401329682938972,3.0,0.30317439172273325,48.48827314656499,0.2293443812458671,3503.2859964445884,87599.17477625441,5752.085089294167,5464.480834829458,3161.6957566042715,2221.7519102933165,2221.7519102933165,0.28913590428348795,0.27913590428348795,0.3186041809954451,33.94179120259549,14.546481943969496,7.273240971984748,0.0030317439172273327,0.0003874670199723859,0.0025289059042335,0.0023004240546523566,0,30,60,-60,-30,0
0.5832104598538297,3.0,0.43834526441426136,60.61040751475667,0.2221467512953558,4489.905011575196,78082.97085253573,4831.888479348491,4590.294055381067,2947.1753065038497,2018.434325756872,2018.434325756872,0.279540782144949,0.269540782144949,0.31579856414906227,42.42728526032967,18.183122254427,9.0915611272135,0.004383452644142614,0.0005433615652311192,0.0037631502324902014,0.0030848389327740944,0,45,-45,90,-45,45
0.614613523313683,3.0,0.3756362474414194,60.89165363956892,0.2882579602090801,4448.646415509167,84965.06057869091,5867.998426891167,5574.598505546608,3163.753112798465,2094.6550754641025,2094.6550754641025,0.27379960671345216,0.26379960671345215,0.3448299116774298,42.624157547698246,18.267496091870676,9.133748045935338,0.0037563624744141938,0.0005016668882172057,0.0031130710615320826,0.0028869977271570903,90,45,0,0,45,90
0.5185204713300555,3.0,0.15291883655266061,20.793120078182792,0.21462636083531425,1585.9145208988796,70960.16787825868,4961.366858258851,4713.298515345908,2607.235535060574,1810.428550216165,1810.428550216165,0.28167805062046186,0.27167805062046185,0.33428743346007334,14.555184054727953,6.2379360234548376,3.1189680117274188,0.001529188365526606,0.00020511766657174837,0.001257301909265381,0.001196273972867187,45,-45,45,-45,45,-45
0.4918554695143902,3.0,0.1460383466234319,18.037344886021213,0.27875230526317163,1392.7233347668762,67852.48659127348,4409.307230508308,4188.841868982892,2486.462033531185,1749.1072616664696,1749.1072616664696,0.263284028196052,0.253284028196052,0.37052937769942906,12.626141420214848,5.411203465806364,2.705601732903182,0.001460383466234319,0.00018608222122015345,0.0012272230495452585,0.0010881331371309065,0,30,-30,-30,30,0
0.5958820919198609,3.0,0.299485511981358,47.38603418862571,0.2758499793314113,3490.6086928729137,79194.18852187535,5794.670629419714,5504.937097948728,3016.9964534557016,2128.367167240219,2128.367167240219,0.2995663807614427,0.2895663807614427,0.33622961325696143,33.17022393203799,14.215810256587712,7.107905128293856,0.00299485511981358,0.0004188466925559263,0.002453255959780289,0.002355954088097247,0,30,60,-60,-30,0
0.5288851859145189,3.0,0.09327967987929416,12.866907888018275,0.2478559099531485,976.740606459327,70583.82589193097,5042.230070406013,4790.1185668857115,2637.3990752842988,1863.3805518620482,1863.3805518620482,0.25967848145524963,0.24967848145524962,0.33932882674379633,9.006835521612793,3.8600723664054826,1.9300361832027413,0.0009327967987929416,0.00012760480758584723,0.000765548638698801,0.0007317952756143636,0,30,60,-60,-30,0
0.6111633922701245,3.0,0.07560359883290867,11.145626720449494,0.28741969413284874,815.5149441988275,80510.74207754657,5166.863610453302,4908.520429930636,3121.714635514126,2102.8931741914153,2102.8931741914153,0.2718915856682732,0.2618915856682732,0.3377504569943591,7.8019387043146455,3.343688016134848,1.671844008067424,0.0007560359883290867,9.690556195345897e-05,0.0006471407546678977,0.0005355531184842212,0,45,-45,90,-45,45
0.5501966422063553,3.0,0.4128356175055114,55.602375392984406,0.23665733412247753,4180.2588948113635,76762.6108782067,4814.858575021238,4574.115646270176,2696.3358669049626,2017.9297008361118,2017.9297008361118,0.25227937642993525,0.24227937642993524,0.3466145969384607,38.92166277508908,16.68071261789532,8.34035630894766,0.004128356175055114,0.0005070393298222109,0.0034644242105951665,0.0030932186198751595,0,60,-60,-60,60,0
0.5070623987198428,3.0,0.16151957772883943,20.535661688160758,0.2687006786312067,1574.5339821140747,67228.23405827339,4555.074826462764,4327.321085139625,2542.52453981262,1715.543988888454,1715.543988888454,0.27050460307651475,0.26050460307651474,0.37005907887705664,14.374963181712529,6.160698506448227,3.0803492532241137,0.0016151957772883943,0.00021382330479263102,0.0013524911754813716,0.001211531768913086,45,-45,45,-45,45,-45
0.6249701697610327,3.0,0.36750052644792,57.59060267680619,0.19990392356680114,4188.461987908234,83877.1588202009,5581.940899077132,5302.8438541232745,3177.994232969614,2152.284287227994,2152.284287227994,0.2826192341870302,0.2726192341870302,0.3310291220066096,40.313421873764334,17.27718080304186,8.63859040152093,0.0036750052644791997,0.00048062455191383145,0.0030951923561029306,0.0027182523844446276,0,30,60,-60,-30,0
0.6124593892940573,3.0,0.22393730080144508,35.66135692242286,0.26514700847378647,2607.82393827053,82447.38533598279,5840.205322426178,5548.195056304869,3021.2060456130935,2161.0801745970903,2161.0801745970903,0.31775954741614165,0.30775954741614164,0.31978052586454164,24.962949845696002,10.698407076726857,5.349203538363429,0.002239373008014451,0.00030277430562496366,0.0018318546157350597,0.001770552374648752,0,45,-45,90,-45,45
0.477899769592438,3.0,0.1657645268417877,19.54286260205687,0.28326762663283583,1518.7889318510033,64485.40934881978,4183.914284241625,3974.7185700295436,2410.9518704386155,1615.6170211423885,1615.6170211423885,0.28098312341639564,0.27098312341639563,0.3645957901128124,13.68000382143981,5.862858780617061,2.9314293903085304,0.0016576452684178768,0.0002121410712839056,0.001401285586250905,0.00121588051020497,45,-45,45,-45,45,-45
0.5210563079105555,3.0,0.12762231759622564,16.483016942158088,0.22924096306788497,1255.7209126948865,68199.37841658556,4604.9945746352505,4374.744845903488,2614.7852627450093,1799.7241411916384,1799.7241411916384,0.31143239962901464,0.30143239962901464,0.300216581894063,11.53811185951066,4.944905082647426,2.472452541323713,0.0012762231759622564,0.0001691820677460116,0.0010738134437517984,0.0009455661910562113,45,45,-45,-45,45,45
0.5610084570105096,3.0,0.16429878201387396,23.04578948310446,0.2200912631591944,1724.2033512995124,76463.93904363536,5001.152682007657,4751.0950479072735,2834.281272655628,2057.476371408979,2057.476371408979,0.2860235962102802,0.27602359621028016,0.3074487464686825,16.13205263817312,6.913736844931338,3.456868422465669,0.0016429878201387395,0.00021097595598582896,0.001382428668855576,0.0012196631491082385,45,-45,45,-45,45,-45
0.6188817228331147,3.0,0.3580836562856494,54.05304574770485,0.20099734049849857,3941.6540027500787,85042.48479164724,5431.912397267643,5160.316777404261,2975.5654814037916,2174.55617104586,2174.55617104586,0.2797620676973986,0.2697620676973986,0.30263488117586884,37.837132023393394,16.215913724311456,8.107956862155728,0.003580836562856494,0.0004449203491183704,0.0029853047211270147,0.002724845718512171,0,30,60,-60,-30,0
0.5948024504368696,3.0,0.07847619624433917,11.717134704112464,0.280486017396651,863.534137720147,80203.35101941097,5280.078696802585,5016.074761962455,3085.943162720035,2139.0694762745457,2139.0694762745457,0.2939322453835172,0.2839322453835172,0.3420074586675891,8.201994292878725,3.515140411233739,1.7575702056168696,0.0007847619624433917,0.00010226498255532568,0.0006657363674072461,0.0005695406924046193,45,-45,45,-45,45,-45
0.580557444898263,3.0,0.08547312318816896,12.84084989850735,0.29029315974799264,952.3490063751879,76707.1886797267,5392.092402864813,5122.487782721572,2997.6786246608217,2044.6029332692058,2044.6029332692058,0.29402755765409505,0.28402755765409504,0.3672896051603457,8.988594928955145,3.852254969552205,1.9261274847761025,0.0008547312318816896,0.00011718060697655032,0.000714426734880416,0.0006425396868532023,90,45,0,0,45,90
0.48235649155845317,3.0,0.4850813430144081,57.938563174023,0.27594151268618744,4493.403041615314,66177.92512973792,4326.254639713133,4109.941907727476,2320.565909260173,1679.7635602050634,1679.7635602050634,0.28112385568310916,0.27112385568310915,0.32077938016693097,40.5569942218161,17.3815689522069,8.69078447610345,0.004850813430144081,0.0006128477757848482,0.004017694379949731,0.0037451142591654234,0,30,60,-60,-30,0
0.4770442724007972,3.0,0.10152473790874851,12.411480005988318,0.19403366797070498,964.9528596882126,64664.527458354896,4551.384391330823,4323.815171764281,2246.4524422490103,1680.4337542495934,1680.4337542495934,0.29494796526131734,0.2849479652613173,0.3431334633885598,8.688036004191822,3.723444001796495,1.8617220008982476,0.001015247379087485,0.00013435551678293902,0.0008180904273628626,0.0008287386663010795,0,60,-60,-60,60,0
0.5270828462882843,3.0,0.08574818440434914,11.031848606849287,0.28030355655231515,838.1273356948834,69401.76924520014,4483.358702561858,4259.190767433765,2773.6076943716694,1817.0495796777177,1817.0495796777177,0.2901412851461729,0.28014128514617287,0.32826316395495575,7.7222940247945004,3.309554582054786,1.654777291027393,0.0008574818440434915,0.00011126941155507471,0.000738186436022542,0.0005966154818453029,0,30,60,-60,-30,0
0.5858970436516208,3.0,0.4672901160360721,67.46916891260484,0.27244744598175924,4992.028165030342,81184.20727443018,5102.4858293061325,4847.361537840826,2981.291146503039,2000.7482864206902,2000.7482864206902,0.2595812034844888,0.2495812034844888,0.32630239290445895,47.22841823882339,20.240750673781452,10.120375336890726,0.004672901160360721,0.0005817439108467894,0.003966841134085798,0.003394628313561931,0,60,-60,-60,60,0
0.4867616247757001,3.0,0.07364035018583276,9.074621215633858,0.1998903536210823,702.3390912447236,66837.4676752067,4459.153830450922,4236.196138928376,2402.317126174737,1606.5213775078605,1606.5213775078605,0.2626027521029369,0.25260275210293687,0.3477381080345543,6.3522348509437006,2.7223863646901574,1.3611931823450787,0.0007364035018583275,9.504002877266483e-05,0.000610516359875134,0.0005666167749103703,45,45,-45,-45,45,45
0.536920835136193,3.0,0.17292759016150758,23.73449590883527,0.29079750747723054,1795.1405673261556,73609.53513823457,5006.682616169539,4756.348485361062,2629.0469563269367,1782.205358966779,1782.205358966779,0.299125970321313,0.289125970321313,0.33721699772508584,16.614147136184688,7.120348772650581,3.5601743863252904,0.0017292759016150757,0.00022570645372211974,0.0014221689926289243,0.0013541691896211848,45,-45,45,-45,45,-45
0.612503268049593,3.0,0.1298477566813376,20.496026098264515,0.26836249165764264,1498.7931780242707,83926.51164883302,5666.50860870129,5383.183178266225,3139.9343711903225,2178.3639398661794,2178.3639398661794,0.2914534034832044,0.2814534034832044,0.35198619380506224,14.34721826878516,6.148807829479354,3.074403914739677,0.001298477566813376,0.0001709497748317847,0.0010851140012453988,0.0009791299916801117,45,-45,45,-45,45,-45
0.5040940158764958,3.0,0.07233164407917024,9.18857318295824,0.22460535117954408,705.4802844651776,67356.99148129977,4629.945497721718,4398.448222835632,2439.6005659539737,1854.599458683089,1854.599458683089,0.2567541825167543,0.2467541825167543,0.34702575436552235,6.432001228070768,2.756571954887472,1.378285977443736,0.0007233164407917024,9.549121904971773e-05,0.0005953789210356607,0.0005649637882030804,90,45,0,0,45,90
0.46284177031309287,3.0,0.24726856691661847,28.034285905439848,0.27210088991770776,2194.1124548286466,62398.977346936874,4050.236235032335,3847.7244232807184,2278.2501771838884,1708.7216185148814,1708.7216185148814,0.3006428969006269,0.2906428969006269,0.37516358726236343,19.624000133807893,8.410285771631955,4.205142885815977,0.0024726856691661848,0.0003144923357429226,0.002076492649709557,0.0018457774865681753,45,-45,45,-45,45,-45
0.5821736391849599,3.0,0.3525628730478619,52.151331999828784,0.23180172974124294,3865.053754159991,77734.1647452176,5351.62858831109,5084.047158895536,2890.2665000120164,2072.009485357736,2072.009485357736,0.2483400173024001,0.2383400173024001,0.3331881604420932,36.505932399880145,15.645399599948634,7.822699799974317,0.003525628730478619,0.0004696253252290343,0.0029234838221249082,0.0027065669549648083,90,45,0,0,45,90
0.5320882947110893,3.0,0.450214651216777,61.8492222208463,0.24683204654561403,4688.200315425411,71994.97301521717,5134.021127333705,4877.32007096702,2507.196260397927,1879.009007863043,1879.009007863043,0.25996385407509764,0.24996385407509764,0.30947882018838413,43.29445555459241,18.55476666625389,9.277383333126945,0.00450214651216777,0.0006013538687686084,0.0036140806993309148,0.0037003019985577417,0,45,-45,-45,45,0
0.493358829146289,3.0,0.24259524151897913,29.884538220972708,0.21294842921531018,2305.878509219883,65802.74802526021,4441.670874391875,4219.5873306722815,2423.973700400999,1639.0084589207622,1639.0084589207622,0.2839738719410195,0.27397387194101946,0.3263259896321016,20.919176754680894,8.965361466291812,4.482680733145906,0.0024259524151897913,0.00031790734251175174,0.0020184659601819982,0.0018493107959068756,0,30,-30,-30,30,0
0.4943646604349356,3.0,0.495600499181322,61.40982480772704,0.18290752249051018,4736.151055716111,65192.42605605693,4451.116593550846,4228.560763873304,2462.5219705498484,1840.8053510363704,1840.8053510363704,0.2894128192135997,0.2794128192135997,0.348823196136308,42.98687736540893,18.42294744231811,9.211473721159056,0.00495600499181322,0.0006593845323143191,0.00413894964445794,0.003740666613870761,0,60,-60,-60,60,0
0.6473396403037059,3.0,0.42643354094318964,67.8270516311712,0.19061265231295857,4885.254016440301,88846.59841229589,5626.9187173649925,5345.572781496742,3276.159625025658,2259.236716407007,2259.236716407007,0.314499466278357,0.304499466278357,0.3119382182752205,47.47893614181984,20.34811548935136,10.17405774467568,0.0042643354094318965,0.0005343922782669978,0.0036162092454891724,0.003105482915715989,0,30,-30,-30,30,0
0.5258250122183097,3.0,0.47677451201454085,63.87491631393354,0.2578529884666265,4855.580291675121,71856.97059675971,4878.787788828965,4634.848399387516,2575.9581273108606,1777.6717758801756,1777.6717758801756,0.2519347347109079,0.24193473471090787,0.3426709944664826,44.712441419753475,19.16247489418006,9.58123744709003,0.004767745120145409,0.0006222422271412834,0.003927712317813182,0.0037194849347540614,0,30,60,-60,-30,0
0.5847027429450488,3.0,0.1061917251156389,16.17518822997753,0.23474967688652182,1197.433301477255,81081.24882581811,5536.018565258465,5259.217636995541,2942.985628037287,1997.1460940150882,1997.1460940150882,0.31995120292116214,0.30995120292116213,0.30059863968854134,11.322631760984269,4.852556468993258,2.426278234496629,0.001061917251156389,0.00013964550281296217,0.0008765426654176515,0.0008244274832272095,90,45,0,0,45,90
0.5848288601786269,3.0,0.2904880193986861,42.60804336213574,0.1871989001502418,3154.054927351365,79901.19860945057,5106.7795308283185,4851.440554286903,3168.9067992128803,1981.7365956684455,1981.7365956684455,0.28754355424110567,0.27754355424110566,0.31661097376751357,29.825630353495015,12.782413008640722,6.391206504320361,0.002904880193986861,0.0003732813884217163,0.002503028167062348,0.0020168489984962205,0,45,-45,-45,45,0
0.5626271087170219,3.0,0.3412061338410847,46.82519823737714,0.2858288660566713,3500.749785607025,73189.3385506099,4928.141669314844,4681.734585849102,2727.2462852541044,1855.4921295127037,1855.4921295127037,0.24089494024695013,0.23089494024695012,0.37893007340199714,32.777638766163996,14.047559471213141,7.0237797356065705,0.003412061338410847,0.0004478471784998917,0.0028504780125702357,0.002575410872711904,90,45,0,0,45,90
0.6129751885370746,3.0,0.15359817294478778,24.294669937879863,0.20023738581659742,1776.2051732250827,83210.02074035878,5695.536446020762,5410.759623719724,3125.066641302387,2213.8619272414435,2213.8619272414435,0.3100235586920679,0.30002355869206787,0.3122862293558205,17.006268956515903,7.288400981363958,3.644200490681979,0.0015359817294478778,0.00020437765554200216,0.001279668921521179,0.0011661192892716173,45,-45,45,-45,45,-45
0.6053377352698581,3.0,0.42150258995058065,62.84657236418778,0.19775362959656537,4610.214979529456,81221.93045992119,5284.52793776273,5020.301540874593,3060.418022742077,2113.041162999394,2113.041162999394,0.2598357593328708,0.24983575933287078,0.37312160506250497,43.992600654931444,18.85397170925633,9.426985854628166,0.0042150258995058065,0.000541634511834701,0.003567768385616368,0.0030802935365613106,0,45,-45,-45,45,0
0.643958741550144,3.0,0.27589302614312217,43.87606400030328,0.19209138253456476,3164.8043457755125,87052.35661356711,5623.068670036642,5341.91523653481,3284.4775277188814,2220.2286668378415,2220.2286668378415,0.2859076241619678,0.2759076241619678,0.3146654529495632,30.713244800212294,13.162819200090984,6.581409600045492,0.002758930261431222,0.00035281347909455255,0.0023408604753897147,0.0020037919408802834,45,45,-45,-45,45,45
0.5438266873944234,3.0,0.10565174815410038,14.281811825953007,0.2580974718052842,1076.8193293226182,75130.48663243232,4898.447644723073,4653.525262486919,2623.204066880499,1936.0260261272126,1936.0260261272126,0.29680007529780367,0.28680007529780366,0.35729047527942703,9.997268278167104,4.284543547785902,2.142271773892951,0.0010565174815410038,0.00013306540029585652,0.0008746737453449139,0.0008166622646481827,0,0,90,90,0,0
0.5727210870093848,3.0,0.08527305753926198,12.734861502378871,0.21338605820656675,947.7933928945572,79681.22717908504,5520.680640835777,5244.646608793988,2782.024620216407,2059.252948291454,2059.252948291454,0.28391100712052536,0.27391100712052535,0.31282704999542943,8.914403051665209,3.8204584507136614,1.9102292253568307,0.0008527305753926198,0.00011187582530110791,0.0006920267081660571,0.000686632753526185,90,45,0,0,45,90
0.5720814638866947,3.0,0.38359822130379617,56.3958104251382,0.2749038157035921,4198.463243473381,78578.83054491771,5308.876999314183,5043.433149348474,2882.552897779939,1921.2598385201084,1921.2598385201084,0.2924091113139812,0.28240911131398116,0.3168069699058827,39.47706729759674,16.91874312754146,8.45937156377073,0.0038359822130379618,0.0005023880735286664,0.0031868779649118027,0.002934680425218181,90,45,0,0,45,90
0.4696159654181865,3.0,0.36370779070695897,40.67608524156313,0.2795065369443743,3173.431941280345,59288.85564802096,3873.151309137668,3679.493743680784,2461.8099853375093,1619.5805826044634,1619.5805826044634,0.28719881777944106,0.27719881777944105,0.3088600254717121,28.473259669094187,12.202825572468939,6.101412786234469,0.0036370779070695894,0.0004802464031036601,0.0031506193790259694,0.0024784255578514836,0,30,60,-60,-30,0
0.46590111261847406,3.0,0.19460663534869554,23.264756579211152,0.2701003600123755,1818.2115792672673,62698.49838427431,4238.54257324376,4026.6154445815714,2457.509345597939,1656.001939618893,1656.001939618893,0.29671556152172945,0.28671556152172945,0.37585181476118673,16.285329605447807,6.979426973763346,3.489713486881673,0.0019460663534869554,0.00025974034506594186,0.0016466572773909843,0.0014200204337504105,45,-45,45,-45,45,-45
0.5152325284007132,3.0,0.24850766827429985,29.712565681343882,0.20816067185539128,2269.625604803,65782.24854043714,4211.458847209256,4000.8859048487934,2494.713233082071,1835.1872431180511,1835.1872431180511,0.251303141366968,0.241303141366968,0.32135469191501825,20.798795976940717,8.913769704403164,4.456884852201582,0.0024850766827429985,0.00031617642203512466,0.002116551538977976,0.001786531932047101,0,90,90,90,90,0
0.6219360602483974,3.0,0.1972658236656273,30.22258770274448,0.2522900354584092,2200.9490293875515,84418.02141775438,5450.16991892791,5177.661422981514,3111.9464408486224,2080.77925082433,2080.77925082433,0.31882916497345776,0.30882916497345775,0.35648788659142083,21.155811391921134,9.066776310823343,4.5333881554116715,0.001972658236656273,0.0002506077616677207,0.0016635768142448755,0.0014567693376417573,45,45,-45,-45,45,45
0.45099699305889457,3.0,0.3846355095873972,42.69128388954695,0.2021172002507829,3359.935818378852,60838.47831455997,3942.1670708856495,3745.058717341367,2264.5148796437747,1597.569397370974,1597.569397370974,0.29996119820306166,0.28996119820306165,0.37803234590609774,29.883898722682865,12.807385166864085,6.403692583432043,0.0038463550958739716,0.000491200627474126,0.003248818463695089,0.002827843014411719,0,0,90,90,0,0
0.5421961649402941,3.0,0.44673251986086193,61.41509981369898,0.257103106546624,4633.990767775828,76645.97837136197,4861.8193304803235,4618.7283639563075,2834.599396837195,1885.9492374425681,1885.9492374425681,0.30262705240446275,0.29262705240446274,0.3491684975401941,42.99056986958929,18.424529944109693,9.212264972054847,0.004467325198608619,0.000560897920322618,0.003789636901684177,0.003249935416741342,90,45,0,0,45,90
0.5734694199851372,3.0,0.13173757669185532,19.7589169007243,0.19819964505353335,1470.0681964859825,77751.34586450794,5437.968852104835,5166.070409499593,2918.6054287419197,2104.7870503158615,2104.7870503158615,0.3106247465715664,0.3006247465715664,0.32991374722345784,13.831241830507011,5.9276750702172905,2.9638375351086452,0.0013173757669185532,0.00017789070628577657,0.0010900531487823637,0.0010154978490484832,0,30,-30,-30,30,0
0.5392063438459782,3.0,0.12633410518074203,17.453881502981176,0.22916412918587933,1318.7432987453867,76289.39342654416,5016.7466091373835,4765.909278680514,2669.3020605594666,1962.1635652733335,1962.1635652733335,0.3052610889276331,0.2952610889276331,0.3578847483273443,12.217717052086822,5.236164450894353,2.6180822254471763,0.0012633410518074204,0.00016014961586830213,0.0010437370787987033,0.0009808115252788008,0,90,90,90,90,0
0.63136145072111,3.0,0.28314002330379023,44.80209033438188,0.22049876476613262,3249.3140528751437,86824.2866545194,5628.173745329319,5346.765058062852,3215.977750004475,2351.3513935836622,2351.3513935836622,0.2927451356733162,0.2827451356733162,0.3624735192824624,31.361463234067315,13.440627100314563,6.7203135501572815,0.0028314002330379023,0.00036120611458470163,0.002388097402193492,0.002089664193151812,90,45,0,0,45,90
0.6021905959034008,3.0,0.12455654106312264,19.38061495364475,0.21795304526219691,1423.6693270934102,80349.28805126093,5631.15321717888,5349.595556319936,3041.244125424047,1984.9833898816137,1984.9833898816137,0.3171664963549049,0.3071664963549049,0.3372399997735246,13.566430467551323,5.814184486093424,2.907092243046712,0.0012455654106312264,0.00016884319446485032,0.0010325033366799846,0.000955889143769861,0,30,60,-60,-30,0
0.46671240642969564,3.0,0.17976502273997857,21.24323191336897,0.22683313701268118,1659.5919107284876,62189.12911607257,4347.558329923294,4130.180413427129,2224.900960559775,1583.0364741837072,1583.0364741837072,0.30086710722569654,0.29086710722569653,0.3512756537700179,14.870262339358277,6.372969574010691,3.1864847870053454,0.0017976502273997857,0.00023911353239251438,0.0014658732765347698,0.0014321917440332447,0,90,90,90,90,0
0.5852037920178756,3.0,0.30921750093012,46.05870004491026,0.21977691883909486,3408.9216712622697,80639.88735147941,5364.197837590737,5095.9879457112,2937.1478992703055,2042.4602559086063,2042.4602559086063,0.2968930238555326,0.2868930238555326,0.35251589744529455,32.24109003143718,13.817610013473077,6.9088050067365385,0.0030921750093012004,0.00039981566307143026,0.0025758949300197856,0.002352215565465034,0,90,90,90,90,0
0.5764892469381573,3.0,0.33053437862426316,47.50973785356247,0.19913916861130274,3529.9773833087975,78127.32378256513,5113.700423007246,4858.015401856884,2921.2704973358377,2049.082989928492,2049.082989928492,0.2665000848249062,0.2565000848249062,0.33633432093618154,33.25681649749373,14.252921356068741,7.126460678034371,0.003305343786242632,0.00042567458972548743,0.0027872030383209144,0.00243950729127399,0,30,-30,-30,30,0
0.4880839009332699,3.0,0.3180788652510727,37.981662061917056,0.20316090433905196,2937.8235724845276,65777.6694113017,4302.520036951547,4087.394035103969,2349.353366509474,1681.7921456160652,1681.7921456160652,0.31208842505205414,0.30208842505205413,0.30786532729006916,26.58716344334194,11.394498618575117,5.6972493092875585,0.0031807886525107272,0.0004041974074376953,0.0026483313315720037,0.0024250286868306168,0,0,90,90,0,0
0.594273775502768,3.0,0.3935546432157746,58.24764207330797,0.2713225887577796,4293.762084345881,80482.72197190316,5290.4508247374615,5025.928283500588,2971.6995081262294,2095.3477329663006,2095.3477329663006,0.25384191370746373,0.24384191370746372,0.37968126040820216,40.773349451315575,17.47429262199239,8.737146310996195,0.003935546432157746,0.0005066099710885737,0.0033029874392338865,0.0029401176959864632,0,90,90,90,90,0
0.46273271786377274,3.0,0.35820809353076577,43.15515270188391,0.2792409617529599,3377.7249597073737,60112.27029775339,4318.734217192908,4102.797506333262,2415.073474183176,1568.1339282965587,1568.1339282965587,0.24006596934677482,0.2300659693467748,0.3478822791234613,30.208606891318734,12.946545810565171,6.4732729052825855,0.003582080935307658,0.0005025364495748839,0.0029977639649656817,0.002680362719594678,0,45,-45,90,-45,45
0.47475746622342757,3.0,0.21965974735411053,25.605503960456943,0.20233665049250865,1992.871906066503,64436.448486850364,4168.334709724644,3959.9179742384117,2336.121598495095,1706.0106933224909,1706.0106933224909,0.3185784557978868,0.3085784557978868,0.377149360666432,17.923852772319858,7.681651188137082,3.840825594068541,0.0021965974735411054,0.00027816326307893277,0.001842858532981034,0.0016441034561483275,0,45,-45,90,-45,45
0.4785142564654228,3.0,0.3362481273655356,41.234092809753,0.2657909163475429,3203.6220010718116,63601.83204228964,4494.103701572734,4269.398516494098,2329.839898849481,1784.3724584433878,1784.3724584433878,0.2883307364173657,0.27833073641736567,0.3789272860679273,28.863864966827098,12.3702278429259,6.18511392146295,0.0033624812736553563,0.0004538212821862609,0.0027525461503251194,0.0026547377459357944,0,0,90,90,0,0
0.5921523070043859,3.0,0.3149436134956254,48.12710172016236,0.29815020498519373,3551.051993773083,79157.20372627834,5485.607004084221,5211.32665388001,3044.973088431175,2068.2901390118827,2068.2901390118827,0.2805787342048656,0.2705787342048656,0.3749612000701011,33.68897120411365,14.438130516048707,7.2190652580243535,0.003149436134956254,0.00042559577168249185,0.002632002348199393,0.0023708141413308014,0,0,90,90,0,0
0.5014661374389966,3.0,0.12593781038395618,16.677225429219522,0.2389815807663408,1281.9959950207585,68050.60846899204,4756.291720250508,4518.477134237982,2636.609281127947,1801.9032462827752,1801.9032462827752,0.2514639071401993,0.24146390714019927,0.3230654854248375,11.674057800453665,5.003167628765857,2.5015838143829283,0.001259378103839562,0.00017154964611041016,0.0010519051233683257,0.0009487882153372173,45,-45,45,-45,45,-45
0.4553711553852856,3.0,0.4013266472042297,46.46816903932464,0.24641176438643803,3649.649765619414,61975.42949446786,4135.443059784519,3928.6709067952934,2331.867975687149,1626.5657537020465,1626.5657537020465,0.25234429749781473,0.24234429749781472,0.3745435695642387,32.527718327527246,13.940450711797393,6.970225355898696,0.004013266472042297,0.0005248486148923063,0.003370969086084762,0.002989116634634827,0,45,-45,-45,45,0
0.6023015495639794,3.0,0.41173987755041275,62.96470225799886,0.2907286914990201,4625.061280247152,81865.26807959592,5554.397483133016,5276.677608976365,2957.9332335741205,2111.165349413499,2111.165349413499,0.24500568926769273,0.23500568926769272,0.3087589860560652,44.0752915805992,18.889410677399656,9.444705338699828,0.0041173987755041275,0.0005383881664901616,0.0034008028296068013,0.003193008290889525,0,30,60,-60,-30,0
0.5203404781700527,3.0,0.4003542413877624,53.248195339991675,0.2641524968531229,4057.919629702227,73204.25848087283,4645.2151642167955,4412.954406005955,2844.243384059114,1807.5399086733912,1807.5399086733912,0.2624470896426199,0.2524470896426199,0.3264480443312782,37.27373673799417,15.974458601997501,7.9872293009987505,0.004003542413877624,0.0005091744320821614,0.0034389060651167634,0.002808208800190619,0,90,90,90,90,0
0.5048491070436206,3.0,0.3989498801208537,51.069735620459724,0.27742441838251025,3919.6687891734064,70819.70922156521,4591.471820319277,4361.898229303313,2545.884366106919,1712.432012981849,1712.432012981849,0.2555870149185113,0.24558701491851131,0.3518475144225213,35.74881493432181,15.320920686137917,7.660460343068959,0.003989498801208537,0.0005047862428025331,0.0033368212385266357,0.0030089584762968153,0,45,-45,90,-45,45
0.537870012371245,3.0,0.2836232876663878,37.4643712861907,0.19345477961668664,2832.369241303244,70426.97353894617,4701.185819394691,4466.126528424957,2685.224634698128,1915.3450652563465,1915.3450652563465,0.2627891752355112,0.2527891752355112,0.3284163458876806,26.225059900333488,11.239311385857208,5.619655692928604,0.002836232876663878,0.000372372382093503,0.0023907396596598144,0.0020928065459820885,0,30,-30,-30,30,0
0.5144161212592072,3.0,0.319806705842633,39.695880367618905,0.28779005342137726,3033.3466010069983,68516.71189547195,4446.203296432813,4223.893131611172,2477.0094979281744,1864.3089937387058,1864.3089937387058,0.26764295934320137,0.25764295934320136,0.3641525466792599,27.78711625733323,11.908764110285672,5.954382055142836,0.00319806705842633,0.00040555238990050825,0.002678411965516752,0.0024038591939688617,0,0,90,90,0,0
0.5445147021814144,3.0,0.28418438135907376,39.649469628248475,0.296563082890261,2988.5585285498264,73775.16453949848,5026.054239662562,4774.751527679434,2752.975374830961,1846.5781483627372,1846.5781483627372,0.24811480406835368,0.23811480406835367,0.3246998790802404,27.75462873977393,11.894840888474542,5.947420444237271,0.0028418438135907375,0.00037620558236660227,0.0023666359974008427,0.0021603609311625087,90,45,0,0,45,90
0.5630633094009887,3.0,0.08307011312228675,11.46428215647047,0.18515701507762786,856.9260463165172,74541.89771793116,4922.92264742073,4676.776515049693,2786.732142183598,1888.9985330523014,1888.9985330523014,0.2582463526365133,0.2482463526365133,0.3151023118290932,8.024997509529328,3.439284646941141,1.7196423234705704,0.0008307011312228675,0.00010765754233808436,0.0006986265869408059,0.0006170820286025449,0,30,60,-60,-30,0
0.6403084386300566,3.0,0.4144622245261469,66.6978637205892,0.1968215690643998,4818.565486283572,84488.96960893738,5721.486795988401,5435.412456188981,3283.522731850345,2215.9834317833697,2215.9834317833697,0.30558488865485506,0.29558488865485505,0.3386774921078158,46.68850460441244,20.009359116176757,10.004679558088378,0.004144622245261469,0.000552598816395953,0.003497230672664707,0.0030469347633998254,45,45,-45,-45,45,45
0.5566717175029402,3.0,0.09152928558254024,12.9886428615589,0.2188592402956099,973.6591720240267,74636.41488353218,5105.983563645968,4850.68438546367,2808.994548622384,2009.603980520439,2009.603980520439,0.25525817258581746,0.24525817258581745,0.3510984730317905,9.092050003091229,3.8965928584676695,1.9482964292338347,0.0009152928558254025,0.00012181788229350367,0.000763142460193365,0.0006935921004863958,0,90,90,90,90,0
0.5342109825991425,3.0,0.24892222624242652,32.35531304357552,0.19082063717873893,2450.1826240673377,72817.97580913987,4544.513828665693,4317.288137232408,2767.715939034152,2003.7840239448626,2003.7840239448626,0.2789585665843996,0.2689585665843996,0.3773037509808335,22.64871913050286,9.706593913072656,4.853296956536328,0.002489222262424265,0.0003110319791072807,0.002135892700302904,0.001753538680790334,0,0,90,90,0,0
0.6012588443406901,3.0,0.24500755393053025,36.14848864202998,0.23963754725521533,2656.501758000399,81552.5670517948,5292.933837520215,5028.287145644204,2933.1281194372623,2100.641154154295,2100.641154154295,0.3199527140310137,0.3099527140310137,0.35749517372036194,25.303942049420986,10.844546592608994,5.422273296304497,0.0024500755393053026,0.000310277689154165,0.002048872501623742,0.001848631589043847,0,45,-45,90,-45,45
0.4623770954051153,3.0,0.3442138650289369,40.8557329821773,0.18306018767522375,3198.285047807911,60807.9753093585,4335.346096079028,4118.578791275077,2273.107016101657,1651.0674595089006,1651.0674595089006,0.2893311145116761,0.2793311145116761,0.32335155212202,28.59901308752411,12.25671989465319,6.128359947326595,0.003442138650289369,0.0004703168119317837,0.0028271606517732014,0.0026960279053806434,0,90,90,90,90,0
0.46279450848165465,3.0,0.10426609995324336,12.24061492825311,0.26849525342301783,958.0369493705786,61198.21897307115,4217.0589294492,4006.20598297674,2334.6322373680514,1648.888133217966,1648.888133217966,0.2966144728064061,0.2866144728064061,0.3641079145137551,8.568430449777177,3.672184478475933,1.8360922392379666,0.0010426609995324335,0.00014001110806096358,0.0008707927823421632,0.0007864588734146351,0,60,-60,-60,60,0
0.6193748406227826,3.0,0.392948267173802,59.24698637214358,0.22878026445205324,4319.474382772145,83548.50408279385,5293.340693469651,5028.673658796169,3174.164577594241,2145.5897056000726,2145.5897056000726,0.24209611873502343,0.23209611873502342,0.3194139234364021,41.4728904605005,17.774095911643073,8.887047955821537,0.00392948267173802,0.0004963929745456869,0.0033578220146628424,0.002799806921970378,0,0,90,90,0,0
0.5233375122514856,3.0,0.2952750604303618,37.59366156880248,0.22216196199471167,2861.0037924960725,70811.73720799653,4491.601144845979,4267.02108760368,2643.1291235444355,1928.3959215282491,1928.3959215282491,0.30574184474985605,0.29574184474985604,0.3126081210630783,26.315563098161736,11.278098470640744,5.639049235320372,0.0029527506043036176,0.00037162713606170376,0.0025109305361145284,0.0021334747459323547,0,45,-45,-45,45,0
0.5505990506475203,3.0,0.39693791008562906,54.27684755416941,0.260626510291859,4079.8634049084494,75953.04754185805,4890.142719502917,4645.635583527771,2738.797054270115,1904.4651047789769,1904.4651047789769,0.2492879446321245,0.2392879446321245,0.3030978080983197,37.993793287918585,16.283054266250822,8.141527133125411,0.003969379100856291,0.0005002273709554583,0.0033297707654442433,0.0029726653606669353,0,45,-45,-45,45,0
0.5157887300952986,3.0,0.20108321872411092,27.54383559981463,0.23945896095224187,2103.4286764562275,69031.89847843065,4990.822944316,4741.2817971002,2640.4319517162025,1771.830323710359,1771.830323710359,0.26544513176869433,0.2554451317686943,0.3276971564288873,19.28068491987024,8.263150679944388,4.131575339972194,0.002010832187241109,0.000279301096230094,0.0016556689692539006,0.0015647346402117247,45,-45,45,-45,45,-45
0.5692864935781684,3.0,0.18732105127512622,26.649393136528275,0.21776398963645596,1986.4304859894135,75310.92027164083,5080.149719588253,4826.14223360884,2868.6200022684593,1962.8178216920467,1962.8178216920467,0.3114164862968472,0.3014164862968472,0.30290445408835803,18.65457519556979,7.994817940958482,3.997408970479241,0.0018732105127512622,0.0002477007999408869,0.0015737366775100603,0.0013934954672693328,0,60,-60,-60,60,0
0.6210327892968428,3.0,0.24322333354773115,38.194773721954874,0.19958137884769722,2782.6188460777216,83177.35308652485,5619.6032628246385,5338.6230996834065,3149.18424592691,2297.3227117028464,2297.3227117028464,0.31634146214084924,0.30634146214084923,0.32293951207833743,26.73634160536841,11.458432116586462,5.729216058293231,0.0024322333354773115,0.0003214377545478762,0.002039010866191823,0.0018192698841623131,0,45,-45,-45,45,0
0.6344779147991262,3.0,0.12428765775189131,19.49598786444971,0.24681988996449367,1412.0500454047287,84141.06953149966,5621.5209059083845,5340.444860612965,3131.896032660244,2259.529540430115,2259.529540430115,0.26148109181118573,0.2514810918111857,0.31106296011952855,13.647191505114796,5.848796359334913,2.9243981796674565,0.001242876577518913,0.0001621941767688814,0.0010404295309455588,0.0009337468897980824,90,45,0,0,45,90
0.5897267137373359,3.0,0.05544342559584728,8.495956941122827,0.2968931542776698,627.5469675712932,78608.113709223,5534.595369966661,5257.865601468327,3010.5448631594686,1967.6680889829524,1967.6680889829524,0.2953565678759767,0.2853565678759767,0.3518370700716631,5.947169858785979,2.548787082336848,1.274393541168424,0.0005544342559584728,7.565592886231799e-05,0.0004605191368040698,0.0004233099319539751,90,45,0,0,45,90
0.6168845504302314,3.0,0.4134291337007966,62.78470863409883,0.24281086174138708,4582.3881800147565,83375.61951164846,5417.19061623597,5146.331085424172,3063.5216008678567,2160.2353977042167,2160.2353977042167,0.2804780403128906,0.2704780403128906,0.3080649102241424,43.949296043869175,18.835412590229648,9.417706295114824,0.004134291337007966,0.0005271240717765101,0.0034769706153181426,0.003074143917394579,0,90,90,90,90,0
0.5817692296946853,3.0,0.25777874492082203,37.777477918756084,0.1960772663074809,2800.278331253254,78168.61031551514,5333.521341413085,5066.8452743424305,2822.5295735095356,1938.5097710943257,1938.5097710943257,0.3029429369618007,0.2929429369618007,0.30458423636324206,26.44423454312926,11.333243375626825,5.666621687813413,0.0025777874492082203,0.0003382973604928029,0.0021249082266959016,0.002007639438394805,0,90,90,90,90,0
0.622153538990921,3.0,0.3022826050729801,47.591689805664,0.2210722889145627,3465.5182968664494,84375.67933539662,5634.9000743030065,5353.155070587856,3153.9120591900346,2122.514449680578,2122.514449680578,0.31027777243167903,0.300277772431679,0.37394318075276867,33.314182863964795,14.2775069416992,7.1387534708496,0.003022826050729801,0.00039483158092913976,0.002533763998195694,0.0022634598989684333,90,45,0,0,45,90
0.6143226274022807,3.0,0.27273257356403896,41.18363113432431,0.2475033744907174,3009.193660064547,78877.8281791979,5404.611253104971,5134.380690449722,3029.65994557372,2088.954125417936,2088.954125417936,0.26578710182464355,0.25578710182464354,0.3005668283335958,28.828541794027014,12.355089340297292,6.177544670148646,0.0027273257356403894,0.0003654834629641824,0.002286027386928013,0.0020390224583369267,0,60,-60,-60,60,0
0.5028067404551229,3.0,0.07050424119506508,8.876752220169113,0.20254302578312172,681.9436912685167,65956.13308984859,4531.261971802293,4304.698873212178,2491.3806359646937,1778.0097046899498,1778.0097046899498,0.30052375707215256,0.29052375707215256,0.32624806473521595,6.213726554118379,2.663025666050734,1.331512833025367,0.0007050424119506508,9.420998871558684e-05,0.0005877006632197707,0.0005344477731760922,0,60,-60,-60,60,0
0.6143281470024082,3.0,0.27084372411911517,41.28495726880057,0.2630255591600339,3016.590029154282,82921.88001943073,5407.303733581851,5136.938546902758,3121.6576894583986,2133.395259355728,2133.395259355728,0.3150052207018358,0.3050052207018358,0.3721842563934422,28.899470088160395,12.38548718064017,6.192743590320085,0.002708437241191152,0.0003485144099649997,0.002290510722325543,0.001983799700791189,0,90,90,90,90,0
0.6083694579582148,3.0,0.358584036061162,55.324491161951336,0.23413748928133854,4053.0119180029506,82019.6588319734,5560.549910987818,5282.522415438427,3039.973453055009,2099.256014094433,2099.256014094433,0.28957716809716993,0.2795771680971699,0.3241004951557011,38.727143813365934,16.5973473485854,8.2986736742927,0.0035858403606116203,0.0004721690429449712,0.002984839200128126,0.0027298507050951323,0,90,90,90,90,0
0.5120725182575726,3.0,0.24636344170904503,32.37329476039801,0.2960116756370439,2476.45480655392,67559.15238362261,4725.4099733767425,4489.139474707905,2608.4499382810063,1738.0210565266516,1738.0210565266516,0.27458683382140464,0.26458683382140463,0.3661371935681749,22.661306332278606,9.711988428119403,4.855994214059701,0.0024636344170904504,0.0003354291096430638,0.0020552689571565973,0.0018616397971815586,0,30,-30,-30,30,0
0.6364220519630723,3.0,0.22577151592634553,34.4035647315713,0.2477155446995264,2489.668508590229,87494.75930580604,5424.660083364956,5153.427079196708,3082.300035883858,2270.056893809026,2270.056893809026,0.29997834805769985,0.28997834805769984,0.35411150213738296,24.08249531209991,10.32106941947139,5.160534709735695,0.0022577151592634553,0.0002752450032798916,0.0019026204888157997,0.0016742480127363388,0,30,60,-60,-30,0
0.5992267111458619,3.0,0.25282055616298227,37.287796949146845,0.2050374399067198,2742.6854615980888,78577.07059882102,5384.9719230059545,5115.7233268556565,2820.518856007533,1975.9466656479078,1975.9466656479078,0.25033090653585627,0.24033090653585626,0.3653085658060662,26.10145786440279,11.186339084744054,5.593169542372027,0.0025282055616298225,0.00033217652001389853,0.002077325424289252,0.0019830285943520346,45,-45,45,-45,45,-45
0.6016599086927275,3.0,0.3797192345832358,59.12045638629944,0.22704509542342274,4343.911280127464,81428.99109803727,5660.618051901424,5377.587149306352,3008.9390658275424,2098.889580736106,2098.889580736106,0.29745406337023494,0.28745406337023494,0.3453687492391034,41.3843194704096,17.73613691588983,8.868068457944915,0.003797192345832358,0.0005082258654117982,0.003133250954802045,0.0029472409590009254,45,45,-45,-45,45,45
0.5493117634087232,3.0,0.32481799131642164,47.41543088038713,0.277192376845405,3566.1772272435883,74944.73202113653,5319.233165744838,5053.271507457595,2809.959409977425,1826.287813190296,1826.287813190296,0.31770090530150946,0.30770090530150945,0.3735127778248072,33.19080161627099,14.224629264116137,7.112314632058069,0.0032481799131642165,0.0004428703755576876,0.00267418795545961,0.0025311093842865185,90,45,0,0,45,90
0.5718858736993935,3.0,0.2738936880148248,39.55631640730539,0.20066047964195088,2945.0813784069096,77354.84740640833,5090.153062222385,4835.6454091112655,3013.4303926358357,2120.5361759566126,2120.5361759566126,0.2704752278438907,0.2604752278438907,0.3404771534874926,27.68942148511377,11.866894922191616,5.933447461095808,0.0027389368801482477,0.0003579532817075907,0.0023313434344959505,0.0019690010015150357,45,45,-45,-45,45,45
0.5364650591738216,3.0,0.11434290148786025,15.741957673966573,0.19303038573858636,1190.8773232008375,71790.77707649737,5023.904105297387,4772.708900032518,2639.261368243776,1875.3624050414637,1875.3624050414637,0.2778780321595461,0.2678780321595461,0.3131502980739555,11.019370371776601,4.722587302189972,2.361293651094986,0.0011434290148786025,0.00015349284156702752,0.0009400233768813986,0.0008946797310439336,0,0,90,90,0,0
0.6090646925055503,3.0,0.290273520672911,43.21335645596583,0.20739560501485266,3164.796251968013,82578.21991129158,5292.950247676075,5028.302735292272,3027.102218881244,2178.0591124105763,2178.0591124105763,0.31087109561153603,0.300871095611536,0.31801982433436055,30.24934951917608,12.96400693678975,6.482003468394875,0.00290273520672911,0.0003663114747650287,0.0024492969573031093,0.002141322954991091,45,45,-45,-45,45,45
0.5160048686497332,3.0,0.2635820157322078,34.840156705540714,0.23651425661481804,2660.360338375443,72756.49907119898,4916.535466647641,4670.70869331526,2428.3455273169807,1891.281596558253,1891.281596558253,0.28425589052302297,0.27425589052302296,0.3275229734607323,24.388109693878498,10.452047011662215,5.226023505831107,0.0026358201573220778,0.0003352018033469762,0.0021258967991924166,0.0021520922154785824,0,45,-45,-45,45,0
0.5084935409613127,3.0,0.30145120421295607,35.78907957744447,0.27589289381279275,2742.2562141964854,69562.74126347151,4148.941749435698,3941.4946619639127,2524.641930745987,1848.0047995285975,1848.0047995285975,0.28031463715441873,0.2703146371544187,0.3723605080335558,25.052355704211127,10.73672387323334,5.36836193661667,0.0030145120421295607,0.0003601404322081613,0.0025878222741241557,0.002126385477179496,0,60,-60,-60,60,0
0.48688919217736826,3.0,0.4218911525246833,53.68630605532852,0.29680184204950866,4154.857483330365,67041.5545866143,4598.277688383744,4368.363803964557,2493.0786454818444,1720.043891567777,1720.043891567777,0.300955854285134,0.290955854285134,0.3112360126711218,37.580414238729965,16.105891816598557,8.052945908299279,0.004218911525246833,0.0005605540395125828,0.003502592254766511,0.003230121088596009,45,-45,45,-45,45,-45
0.5391465326719466,3.0,0.21765888356439483,29.667001072387965,0.21867836617721062,2241.5770203088264,74946.00080771919,4843.959348472416,4601.761381048796,2776.010766629946,1951.7718037377404,1951.7718037377404,0.30125912860120485,0.29125912860120484,0.36336185942638183,20.766900750671574,8.900100321716389,4.450050160858194,0.0021765888356439483,0.0002770915129140907,0.001837360655085413,0.001603037788740466,0,45,-45,90,-45,45
0.5303397551004965,3.0,0.4494154560605595,60.876272910812304,0.26669733878009644,4618.122816852946,69810.14130653448,4805.362726335238,4565.094590018476,2783.5477484483927,1845.3152807789356,1845.3152807789356,0.2634075671879299,0.2534075671879299,0.36431061922470986,42.61339103756861,18.26288187324369,9.131440936621845,0.004494154560605595,0.0006104183466762277,0.0038005209831832388,0.003280504507857607,0,90,90,90,90,0
0.6111981164771076,3.0,0.061923325188011656,9.564132405115423,0.1904160532020868,699.7878360976556,84125.33017565082,5572.134306355641,5293.527591037859,3031.6323577658163,2165.981068944588,2165.981068944588,0.2504019996014322,0.24040199960143221,0.34009673068307716,6.694892683580796,2.8692397215346266,1.4346198607673133,0.0006192332518801165,7.958236442700538e-05,0.0005149265189573659,0.0004732169641521332,0,45,-45,90,-45,45
0.4940096640953216,3.0,0.057573245670440795,6.715566527420283,0.29226610280871834,518.0142309925059,66222.90236095844,4128.966301937843,3922.517986840951,2396.411859976664,1823.1262111574554,1823.1262111574554,0.2924838084048943,0.2824838084048943,0.3262009662650519,4.700896569194198,2.0146699582260847,1.0073349791130424,0.0005757324567044079,7.098596409398089e-05,0.00048793567467008434,0.00042035135776821427,0,60,-60,-60,60,0
0.6280515867292582,3.0,0.31280185388556353,49.91559575135358,0.25230681186308423,3625.3975607887164,86747.4635385559,5722.8504347270555,5436.707912990702,3177.9579702739625,2118.037322994129,2118.037322994129,0.289744910756251,0.27974491075625096,0.3222008895547212,34.9409170259475,14.974678725406072,7.487339362703036,0.0031280185388556352,0.0004027889185534239,0.002616646878369847,0.002356022147787428,0,0,90,90,0,0
0.5401830534324208,3.0,0.34301201692436994,46.44972084697718,0.2802615644917193,3507.996068175981,73452.71664428327,4830.840817576614,4589.298776697783,2733.278882608997,1874.6568625019224,1874.6568625019224,0.25518145097686146,0.24518145097686145,0.30851109464099263,32.514804592884026,13.934916254093153,6.9674581270465765,0.0034301201692436994,0.00044266306378219723,0.0028845736757444197,0.0025491208275080692,45,45,-45,-45,45,45
0.5697716740200706,3.0,0.2922353562498353,42.27665120041265,0.22988200909757148,3150.593694095979,75142.14902721604,5334.70695446043,5067.971606737408,2712.5304000485603,2049.8122138848394,2049.8122138848394,0.28275027546108883,0.2727502754610888,0.3221257610925522,29.593655840288854,12.682995360123796,6.341497680061898,0.002922353562498353,0.00039383563317533284,0.0023774493085359353,0.002337853127820566,0,30,60,-60,-30,0
0.4560419896484141,3.0,0.14534396759938037,16.48160965331523,0.2779000026391927,1294.07063661188,62642.257015660995,4127.052014440772,3920.699413718733,2179.7255648126275,1585.954494754665,1585.954494754665,0.25976540698245754,0.24976540698245753,0.3687342782957518,11.537126757320658,4.944482895994568,2.472241447997284,0.0014534396759938036,0.0001841748255404702,0.0011980665324046226,0.0011341984917306789,45,45,-45,-45,45,45
0.4920385139502048,3.0,0.14426801764043873,18.316696631407975,0.21710996716033873,1414.1730882532863,67513.76135825574,4585.337483289427,4356.070609124956,2489.2536160908267,1717.7900584958843,1717.7900584958843,0.24458325973778286,0.23458325973778285,0.31701397654080243,12.821687641985582,5.495008989422392,2.747504494711196,0.0014426801764043874,0.000189912210252195,0.0011983870346398988,0.0011037463105209552,45,-45,45,-45,45,-45
0.6316691351083192,3.0,0.300505994016571,49.058374149492515,0.28680176089919057,3557.5287498317357,83269.01769968375,5814.025553837885,5523.324276145991,3322.7092831112586,2215.548980725792,2215.548980725792,0.27039987156111134,0.26039987156111133,0.346065728405628,34.34086190464476,14.717512244847754,7.358756122423877,0.00300505994016571,0.000412408634727718,0.0025313807289912248,0.0022146855157708584,90,45,0,0,45,90
0.5721649100931939,3.0,0.19072839428952354,27.622623954807423,0.21555056824551666,2056.3273749235564,76421.75578131368,5139.566129262357,4882.587822799239,2968.6104097950542,2110.636621367503,2110.636621367503,0.2622529827113814,0.2522529827113814,0.3042667713365942,19.335836768365194,8.286787186442227,4.143393593221114,0.0019072839428952355,0.00025301481980728204,0.001612351505560172,0.0013957350481389587,0,45,-45,90,-45,45
0.5975714362720816,3.0,0.20987907488654306,32.818406272297885,0.20052041798833803,2415.7063568611275,78009.72932986294,5657.361240297684,5374.4931782828,3065.3168287501117,2236.5683591192724,2236.5683591192724,0.31618287260402544,0.30618287260402544,0.3492108471990737,22.972884390608517,9.845521881689365,4.922760940844682,0.0020987907488654307,0.000294487425965395,0.0017403028485363796,0.0016059550173324,0,45,-45,90,-45,45
0.457782164154843,3.0,0.1010192075837023,11.665255702791107,0.25203279376692983,915.1593842091767,62980.36728790155,4112.257470436343,3906.644596914526,2340.519835787105,1556.3078564794157,1556.3078564794157,0.24379073870540788,0.23379073870540787,0.30198223001292773,8.165678991953774,3.499576710837332,1.749788355418666,0.001010192075837023,0.00012965435648582492,0.000851011089649987,0.0007476067190988881,0,45,-45,90,-45,45
0.5360053139291042,3.0,0.15284859665564862,21.122952539348123,0.28600143248435617,1598.2825045693567,73653.35512173412,5062.366548198451,4809.248220788528,2623.9190376644137,1896.910779708554,1896.910779708554,0.2665021434735654,0.25650214347356537,0.35360745393188564,14.786066777543684,6.336885761804437,3.1684428809022185,0.001528485966556486,0.00020075211445704414,0.0012517635184002135,0.0012075231115829294,90,45,0,0,45,90
0.5968390136436491,3.0,0.3567382972292456,53.13817584943897,0.2841117438687831,3912.675244693443,83606.43026817284,5380.81311575167,5111.772459964086,2910.1088249902064,2162.553000338928,2162.553000338928,0.29842126098240374,0.2884212609824037,0.36414414533247125,37.19672309460728,15.94145275483169,7.970726377415845,0.003567382972292456,0.0004449026585072041,0.0029626475426483487,0.0027389788000256898,0,30,-30,-30,30,0
0.6369366455734821,3.0,0.30185358325862044,46.61053270273119,0.23702488542315509,3372.291607606446,85729.27240518839,5474.280502778215,5200.566477639304,3163.5960158547505,2309.4610269797968,2309.4610269797968,0.3039483660045711,0.2939483660045711,0.37695088810948724,32.62737289191183,13.983159810819357,6.9915799054096786,0.003018535832586204,0.0003805861402591025,0.0025543374702342815,0.0022100103396168525,0,0,90,90,0,0
0.5919239019771825,3.0,0.4435785000150111,63.87185558969433,0.2708303397176983,4713.253217620995,79498.73911957412,5031.853566931176,4780.260888584617,3073.467121846842,2048.1504806649773,2048.1504806649773,0.3179970161939017,0.3079970161939017,0.3204013970162741,44.71029891278603,19.161556676908297,9.580778338454149,0.004435785000150111,0.0005624026167954341,0.003808051331786775,0.0031172542144186246,45,-45,45,-45,45,-45
0.5949472436902584,3.0,0.22166836544105745,33.72703804381551,0.27549540057663746,2485.4697707512146,81396.51746731739,5479.18340646272,5205.224236139584,3002.570976625909,2068.3443099489696,2068.3443099489696,0.24721095856306133,0.23721095856306132,0.3573615578210311,23.608926630670858,10.118111413144653,5.059055706572327,0.0022166836544105744,0.0002900483628203184,0.001846645870844604,0.0016849079492060365,45,-45,45,-45,45,-45
0.6252789501501759,3.0,0.12479569817579915,19.26910283288763,0.21714861432359703,1401.218735405644,84884.77772865811,5593.74203431099,5314.05493259544,2999.838549355847,2189.0494627010266,2189.0494627010266,0.2771682069754429,0.2671682069754429,0.3275052775139497,13.48837198302134,5.780730849866289,2.8903654249331443,0.0012479569817579915,0.00015890212996891084,0.0010334282157468727,0.000963506994586022,45,-45,45,-45,45,-45
0.5023309831265889,3.0,0.5204825714786204,60.84449074699333,0.21337760945639653,4675.315558225163,68665.43878261904,4134.461043951178,3927.737991753619,2402.773561400347,1876.5697271518811,1876.5697271518811,0.2598952304630292,0.2498952304630292,0.3046731503643695,42.59114352289533,18.253347224097997,9.126673612048998,0.005204825714786205,0.0006202704632490636,0.0044149278539709815,0.003798391058843653,0,30,-30,-30,30,0
0.552510582508221,3.0,0.3413798170295155,46.326078098961666,0.2204383942640161,3479.223220842031,74794.08981458489,4882.937287845143,4638.790423452886,2678.5391429666483,1949.8534906283244,1949.8534906283244,0.30542527417953347,0.29542527417953346,0.3633940080268143,32.428254669273166,13.897823429688499,6.948911714844249,0.0034137981702951547,0.00043356707394478697,0.002846201499307327,0.0025942916432977335,45,45,-45,-45,45,45
0.5482607065399799,3.0,0.08818325827098905,11.32490861421482,0.26453499456401003,852.1655345760659,73886.78443628557,4546.595833459115,4319.266041786159,2635.5206210278848,1995.8800442560928,1995.8800442560928,0.3146384021319417,0.3046384021319417,0.31809511118416495,7.927436029950374,3.3974725842644458,1.6987362921322229,0.0008818325827098906,0.00010729166373164339,0.0007472563449035671,0.0006445543543004779,0,45,-45,90,-45,45
0.6355716450925977,3.0,0.09543360332049254,14.8559395009635,0.2952271205427561,1075.4707295854237,84464.87790549263,5571.9410898776005,5293.34403538372,3115.3629433712276,2255.8423706541603,2255.8423706541603,0.24186328480037544,0.23186328480037544,0.3122817344744959,10.399157650674448,4.456781850289049,2.2283909251445246,0.0009543360332049254,0.00012311812801422644,0.0007998616242346079,0.0007152909518571586,0,60,-60,-60,60,0
0.5624658988835488,3.0,0.3186150007280198,45.743181058047526,0.2583708079565019,3420.103239931266,76638.57188263435,5195.832658663466,4936.041025730292,2800.563614457056,1973.467112629652,1973.467112629652,0.25653038608419093,0.24653038608419092,0.32499102497616295,32.02022674063327,13.722954317414258,6.861477158707129,0.0031861500072801977,0.0004178082387765472,0.0026411463222420716,0.002450034387109382,0,60,-60,-60,60,0
0.4540288942993205,3.0,0.37804754844850874,44.50213457602672,0.19889371303982298,3497.4479910540754,61363.20564413069,4225.5424268584375,4014.2653055155156,2344.9531723784253,1643.7748103590604,1643.7748103590604,0.2510045077994569,0.24100450779945687,0.34512574551401254,31.1514942032187,13.350640372808016,6.675320186404008,0.0037804754844850876,0.0005076575429236608,0.003159509247368701,0.002846675262019584,0,45,-45,-45,45,0
0.46231901218283616,3.0,0.2531851762285581,28.820042902601077,0.23170618768930232,2256.1638302623796,62783.576705909145,4013.7207115954616,3813.0346760156885,2367.703127981767,1788.8342063343848,1788.8342063343848,0.3014813594079182,0.2914813594079182,0.3502201676632704,20.174030031820752,8.646012870780323,4.323006435390162,0.0025318517622855805,0.0003213265489209057,0.0021541142226967546,0.0018258228340793288,0,45,-45,-45,45,0
0.45621683600160606,3.0,0.35045519391148233,37.605903383009824,0.2667520798430305,2952.423228103238,60878.152150167276,3788.4529592681943,3599.0303113047844,2220.4752420446503,1494.2549324284205,1494.2549324284205,0.2780729947726023,0.26807299477260227,0.3496737391766726,26.324132368106877,11.281771014902947,5.640885507451474,0.0035045519391148235,0.00043240688881576944,0.0029779361486600635,0.002540395587683857,0,60,-60,-60,60,0
0.5327484649971315,3.0,0.17244334604210843,23.838030840744242,0.23642187278436194,1806.3916551845168,70830.65533621752,5054.6055710848905,4801.875292530645,2641.180001162462,1826.7106861449931,1826.7106861449931,0.262638363268905,0.252638363268905,0.3546047834746,16.686621588520968,7.151409252223273,3.5757046261116363,0.0017244334604210843,0.00023558474094745067,0.0014148303268475084,0.0013538284496088348,90,45,0,0,45,90
0.5805256098282611,3.0,0.4605291824208181,64.93430538729737,0.2529754699506963,4815.958271312907,78072.70992234694,4970.359451554173,4721.841478976464,2934.390577324824,1924.6360387682191,1924.6360387682191,0.26266446713494607,0.25266446713494606,0.33392136785255744,45.45401377110816,19.48029161618921,9.740145808094605,0.004605291824208181,0.0005822010509987145,0.003919292318002867,0.003319307894238925,0,0,90,90,0,0
0.5055395860926418,3.0,0.22477086196484125,29.4462901925354,0.22400917187159516,2259.322762677377,70002.46339398493,4734.796114187735,4498.056308478348,2563.389210803023,1825.0412979630592,1825.0412979630592,0.29649952893465975,0.28649952893465974,0.3065153984992654,20.61240313477478,8.83388705776062,4.41694352888031,0.0022477086196484126,0.00029445253974513607,0.0018657375829320359,0.001723087352582182,0,90,90,90,90,0
0.45564390643546565,3.0,0.23446243345405385,26.062339042607373,0.2611091990178678,2046.6953464868132,60107.44545621992,3919.5089460637587,3723.5334987605706,2315.01155348195,1590.4836531929445,1590.4836531929445,0.28960901031578723,0.2796090103157872,0.3373633880106588,18.24363732982516,7.818701712782212,3.909350856391106,0.0023446243345405385,0.00030351709661514666,0.001994816651875305,0.0016886960458193613,0,30,-30,-30,30,0
0.5241256523011266,3.0,0.1041811860744829,13.169019758791375,0.2044427218896216,1001.8460478715489,73494.28158736277,4473.999597015747,4250.299617164959,2594.2769385126176,1836.9971344386654,1836.9971344386654,0.3162343032500812,0.30623430325008116,0.301598393938385,9.218313831153962,3.9507059276374124,1.9753529638187062,0.001041811860744829,0.0001254289943659921,0.0008830367195993082,0.0007614271762949253,90,45,0,0,45,90
0.5934955171941312,3.0,0.34384945980361964,50.283929758347654,0.28975190932461137,3707.9883114444547,77906.18037353907,5307.213105928716,5041.85245063228,2834.7098389045436,2013.9082833221169,2013.9082833221169,0.31431440137010874,0.30431440137010873,0.3203817939278029,35.19875083084335,15.085178927504295,7.542589463752147,0.0034384945980361964,0.00045180947983940243,0.0028423917838634673,0.0026607977156021495,0,30,-30,-30,30,0
0.47849161445685395,3.0,0.3019987366153564,36.31367876624513,0.259597833524724,2821.36747093754,65048.03770232632,4503.007771404038,4277.857382833836,2182.4463375565256,1624.8149801432203,1624.8149801432203,0.27200532451343007,0.26200532451343006,0.3106796668073481,25.41957513637159,10.89410362987354,5.44705181493677,0.003019987366153564,0.0003907815828772112,0.002419294876428063,0.002495846849107551,0,60,-60,-60,60,0
0.47867001404190773,3.0,0.3826199288920322,47.2651645067946,0.27723496094536254,3671.9306058745346,64252.19966105429,4537.778596341718,4310.889666524632,2334.7894355770813,1671.5766457580396,1671.5766457580396,0.2837612982565067,0.2737612982565067,0.36559080974557606,33.08561515475622,14.179549352038379,7.089774676019189,0.0038261992889203223,0.0005149335793839082,0.0031247776970585775,0.0030365799022329548,0,45,-45,-45,45,0
0.552261190682539,3.0,0.4258483889292218,58.50571660513455,0.23694361070254688,4394.443350299451,74459.6293446568,4928.206920327498,4681.796574311123,2734.9816596488376,1917.5647793343314,1917.5647793343314,0.2835880026951568,0.2735880026951568,0.35283689162483656,40.95400162359418,17.551714981540364,8.775857490770182,0.0042584838892922175,0.0005500161897667709,0.0035614809331857332,0.0032087445485455184,45,45,-45,-45,45,45
0.4935674583767199,3.0,0.21815410219481712,26.66166015408861,0.28402104748966506,2057.003902571065,66364.86829292415,4287.152726274807,4072.7950899610664,2582.325225130743,1744.3946172395329,1744.3946172395329,0.30629182783415965,0.29629182783415964,0.31110811094006635,18.66316210786203,7.998498046226583,3.9992490231132916,0.002181541021948171,0.00028122051000667626,0.0018656900178073755,0.001548700753953565,0,30,-30,-30,30,0
0.6319874345834923,3.0,0.2674646476128297,43.27205625988146,0.2437713806606484,3137.492227614649,85186.41255464162,5747.093526659954,5459.738850326956,3307.9742316249617,2217.115964942536,2217.115964942536,0.2674150544302265,0.2574150544302265,0.3519281279349712,30.290439381917018,12.981616877964438,6.490808438982219,0.0026746464761282967,0.00035557829557017256,0.002258814271552143,0.001962170193748386,0,30,-30,-30,30,0
0.4686436425334921,3.0,0.15305678595640787,17.10972429632161,0.18876495297141108,1335.4596302781665,62153.87160468682,3947.0312788920573,3749.679714947454,2315.348663608735,1645.7443352215541,1645.7443352215541,0.25678085284907304,0.24678085284907303,0.3072905156341106,11.976807007425126,5.132917288896483,2.5664586444482413,0.0015305678595640788,0.00019269607344173865,0.0013004501171162005,0.0011084544996554095,0,30,-30,-30,30,0
0.6251492032719295,3.0,0.20998826271564608,33.20018664088294,0.21543930912920795,2414.401834251811,82573.13995074763,5769.165579158025,5480.707300200123,3031.045288594832,2286.586269568011,2286.586269568011,0.2874672100329118,0.2774672100329118,0.37912623480338065,23.240130648618056,9.960055992264882,4.980027996132441,0.002099882627156461,0.0002814490361209479,0.0017264292133072202,0.0016430067920367966,0,45,-45,-45,45,0
0.4712004985039886,3.0,0.21670953891134312,24.62714400421483,0.22751607637084423,1919.9153565627769,63638.37265054805,4035.5247957128586,3833.7485559272154,2316.791424660793,1576.4871615650834,1576.4871615650834,0.24722871013611342,0.2372287101361134,0.33983740470229323,17.23900080295038,7.388143201264449,3.6940716006322245,0.002167095389113431,0.0002708900319876724,0.0018307763116988517,0.0015944774144582663,0,30,60,-60,-30,0
0.4816335727304113,3.0,0.12161150856048017,14.759338229817487,0.23185085082953868,1145.0399994648567,63067.798190273876,4393.978758597053,4174.2798206672,2369.0732581350194,1770.114436575478,1770.114436575478,0.24610894427780874,0.23610894427780874,0.31618468950736783,10.33153676087224,4.427801468945246,2.213900734472623,0.0012161150856048017,0.00016381635410359923,0.0010076975133942142,0.0009345007491306743,0,30,60,-60,-30,0
0.4778794766241978,3.0,0.38184895908585864,44.17554689904353,0.23921809893158602,3433.169844759084,64120.573010149754,4155.743645480352,3947.9564632063343,2292.157154413333,1587.767128765533,1587.767128765533,0.269766272921282,0.259766272921282,0.30574678957868867,30.92288282933047,13.25266406971306,6.62633203485653,0.0038184895908585864,0.00048226148609800527,0.0031889994187024057,0.0028908716062937267,0,90,90,90,90,0
0.494026216046619,3.0,0.5273006907533389,64.2631955502004,0.2360103511102728,4956.98980516395,69379.88702314295,4318.93673444992,4102.989897727423,2495.814760966282,1767.6307849531963,1767.6307849531963,0.2658858749799467,0.2558858749799467,0.3190171500296782,44.98423688514027,19.278958665060117,9.639479332530058,0.005273006907533388,0.0006483757586710244,0.004463820576782673,0.003862257521386735,45,-45,45,-45,45,-45
0.4690467220576751,3.0,0.23231441684739945,25.993525299209253,0.2343830322058879,2028.4810871193365,61749.54714948141,4013.3003275507754,3812.6353111732365,2225.500772150545,1722.8191617872558,1722.8191617872558,0.25927817282104937,0.24927817282104936,0.34307147920693,18.195467709446476,7.7980575897627755,3.8990287948813878,0.0023231441684739944,0.00029466560565050696,0.001943053585157867,0.001751978181123559,0,90,90,90,90,0
0.4868278434298365,3.0,0.12791463355233107,15.325549861869925,0.23943607396630104,1186.099290402738,65247.210728285754,4251.1913655965,4038.6317973166747,2451.849237467281,1727.6078405733567,1727.6078405733567,0.31438146001080586,0.30438146001080585,0.30344026005920405,10.727884903308947,4.597664958560977,2.2988324792804886,0.0012791463355233106,0.00016441905766644872,0.0010815003520585722,0.0009375912858553831,0,30,-30,-30,30,0
0.559652768366653,3.0,0.2543305994423427,33.895350771122665,0.21007306492836716,2537.47285300768,76738.2370537065,4752.522501490454,4514.896376415931,2683.5260652366564,1913.452246158854,1913.452246158854,0.26519027826220026,0.25519027826220025,0.37218959362105136,23.726745539785863,10.1686052313368,5.0843026156684,0.002543305994423427,0.0003091906518934011,0.0021396227431112196,0.0018946350779044966,0,60,-60,-60,60,0
0.6092933296567086,3.0,0.2966414898718421,46.89156589334202,0.2936270749360509,3433.8305571488845,82567.57387646571,5723.585922979211,5437.40662683025,3084.044835462347,2136.612711604743,2136.612711604743,0.268404805663602,0.25840480566360197,0.3512300007934132,32.82409612533941,14.067469768002605,7.033734884001302,0.0029664148987184205,0.0003975422140227773,0.0024578070386825396,0.0022806850286749593,45,-45,45,-45,45,-45
0.4748039630619791,3.0,0.2037900541113583,24.54079535516097,0.22712704966949154,1909.96434992516,65954.11082613088,4263.118187271126,4049.9622779075694,2478.6530652122824,1543.6129687986324,1543.6129687986324,0.3002800450756488,0.2902800450756488,0.31082255428089517,17.178556748612678,7.36223860654829,3.681119303274145,0.0020379005411135832,0.00026046225979604247,0.0017269609434077053,0.00148512890123204,0,60,-60,-60,60,0
0.6349300439316925,3.0,0.1468105218820525,23.049461395718826,0.23766718689587019,1669.0921053183788,85103.95977337184,5719.562818071934,5433.584677168337,3014.4251205763962,2176.663078240229,2176.663078240229,0.2935229944098906,0.2835229944098906,0.34377330167552805,16.134622977003175,6.9148384187156475,3.4574192093578238,0.001468105218820525,0.00018958721803273289,0.0012089802382914715,0.0011469580669818467,0,30,-30,-30,30,0
0.6156388934075233,3.0,0.16318844928420867,24.904557549291837,0.28195886429352834,1818.6695349476836,82428.57460895764,5492.8558276444455,5218.213036262223,3013.8624701116196,2095.049739784613,2095.049739784613,0.2962926480684489,0.2862926480684489,0.31292405811609547,17.433190284504285,7.471367264787551,3.7356836323937754,0.0016318844928420867,0.0002114945013571761,0.0013601972269480754,0.0012395003652092402,0,30,-30,-30,30,0
0.5672273910347861,3.0,0.3671129335891122,54.29889443883549,0.1942532547714694,4051.1391794101683,76927.59116103628,5445.205070998738,5172.944817448801,2782.6698857055544,2003.0619039991477,2003.0619039991477,0.27142862708809334,0.26142862708809333,0.3517695030458853,38.00922610718484,16.289668331650645,8.144834165825323,0.0036711293358911217,0.000494090943620193,0.002991561955748869,0.0029269854134207425,0,0,90,90,0,0
0.4849637883249431,3.0,0.2606851318750809,30.07581298614418,0.18348859370025564,2329.6916466588327,64933.816261035514,4091.123315165076,3886.567149406822,2360.3455193353,1660.0528077031995,1660.0528077031995,0.2695576836945002,0.2595576836945002,0.32193619218347197,21.053069090300923,9.022743895843254,4.511371947921627,0.002606851318750809,0.00032422349867235705,0.0022054441288527106,0.0019113184535762713,0,30,-30,-30,30,0
0.5958542487720778,3.0,0.2697225194650792,39.78378928671993,0.2171582436032621,2930.6387854986315,78889.15687493593,5301.703804760868,5036.618614522824,2924.044877526167,2121.603609618659,2121.603609618659,0.2542507314993389,0.2442507314993389,0.30807609594384905,27.84865250070395,11.93513678601598,5.96756839300799,0.0026972251946507917,0.00035300988886030057,0.002251188905592645,0.002040860740159617,45,45,-45,-45,45,45
0.6171842161833685,3.0,0.12859101143429608,20.37272016065402,0.2023746351833493,1486.7228791539096,84662.69678809402,5609.322196957692,5328.856087109807,3265.0276142299963,2245.9320037900147,2245.9320037900147,0.31241542049707705,0.30241542049707704,0.323603211239723,14.260904112457812,6.111816048196205,3.0559080240981027,0.0012859101143429608,0.00016844377339115543,0.0010895819198103915,0.00093595166263817,45,45,-45,-45,45,45
0.5817517978413551,3.0,0.1712777985359209,25.311808052424528,0.24716674149332304,1876.267581856552,79078.89349134831,5287.057962743903,5022.705064606707,2963.7152826284405,2139.5010854468865,2139.5010854468865,0.31322612221519697,0.30322612221519696,0.3414864473881083,17.71826563669717,7.593542415727358,3.796771207863679,0.001712777985359209,0.00022405808749253239,0.0014362510245275284,0.0012810850050671613,0,45,-45,90,-45,45
0.6155481339720041,3.0,0.244280330708808,37.67599230782215,0.2724972338198871,2751.4202648876167,83392.06946012875,5612.295794669033,5331.681004935581,2969.2126817848916,2061.869392433921,2061.869392433921,0.265438760369321,0.255438760369321,0.33868399859445947,26.3731946154755,11.302797692346644,5.651398846173322,0.00244280330708808,0.0003162554279587101,0.002013934779254305,0.0019033324493198916,0,45,-45,90,-45,45
0.640208970834578,3.0,0.4002985916808686,62.17042196136885,0.2757854210366084,4491.675591487487,86722.8029701833,5517.0200555027495,5241.169052727611,3164.113477939214,2275.9668576257136,2275.9668576257136,0.27834187058369997,0.26834187058369996,0.3638745752640108,43.5192953729582,18.651126588410655,9.325563294205327,0.004002985916808686,0.000501820673253848,0.003380652308814388,0.00294729103719727,0,60,-60,-60,60,0
0.5962278753816119,3.0,0.21965742510285466,32.903817569390995,0.2552179483356363,2423.4313588182667,80230.11959247437,5384.486299939874,5115.26198494288,2969.045906452816,2084.9162817950514,2084.9162817950514,0.30847766401393,0.29847766401393,0.35674192089137985,23.032672298573694,9.871145270817298,4.935572635408649,0.0021965742510285467,0.00028708261206099675,0.0018332566415718292,0.0016623429852269565,0,30,60,-60,-30,0
0.609141724425001,3.0,0.25526317994234815,39.331151916469636,0.22685819877222252,2880.3795661083113,81968.61241826048,5494.47849090785,5219.754566362457,3116.861698646967,2126.043331373941,2126.043331373941,0.24249927831925197,0.23249927831925196,0.3552326487023162,27.531806341528743,11.79934557494089,5.899672787470445,0.0025526317994234815,0.000335882303350976,0.002147491448818337,0.0018928246928734437,45,45,-45,-45,45,45
0.5331356386224468,3.0,0.28077657673959266,38.54366180826819,0.20999841048342105,2920.236795491077,73272.03671880005,4940.9128400909185,4693.867198086373,2712.777042942726,1860.069690659097,1860.069690659097,0.3126156722830738,0.3026156722830738,0.3056869917556065,26.980563265787733,11.563098542480457,5.7815492712402285,0.0028077657673959266,0.0003682245570616859,0.0023402757580859657,0.002131229061481811,0,30,-30,-30,30,0
0.540184949463199,3.0,0.28609457681345063,37.83012399368407,0.20488474502872575,2857.020662164439,73547.88771293004,4696.84324531599,4462.001083050191,2694.94374224293,1885.007396667469,1885.007396667469,0.25991037825183033,0.24991037825183032,0.3015524920395214,26.481086795578847,11.34903719810522,5.67451859905261,0.0028609457681345062,0.0003600523090335245,0.0024163116811324816,0.0021056167184884756,0,30,60,-60,-30,0
0.557297297911658,3.0,0.5006743219249037,64.43799441431192,0.23514565815141003,4829.06463718487,73998.20136126691,4493.2365215410555,4268.574695464003,2748.0131562643587,1926.8019294432431,1926.8019294432431,0.2844446774037291,0.2744446774037291,0.34894082835588,45.106596090018336,19.331398324293573,9.665699162146787,0.005006743219249037,0.0006095634118159608,0.004302332679710224,0.0035173409341628884,0,30,-30,-30,30,0
0.6471706400884656,3.0,0.3908629897765741,63.09384547089893,0.258478463970134,4544.67601551613,88907.32091410315,5820.584188829021,5529.554979387569,3170.3915973288513,2162.122319660556,2162.122319660556,0.3135038394385874,0.3035038394385874,0.36454675577523643,44.165691829629246,18.928153641269677,9.464076820634839,0.0039086298977657405,0.0004967610245763614,0.003251933659442116,0.0029851444309304262,0,0,90,90,0,0
0.4767831287307117,3.0,0.30943093374732333,34.975981284200344,0.18835332021583268,2719.6019363507785,65193.65472310448,3938.124948099552,3741.218700694574,2427.9432517659498,1717.8036469332658,1717.8036469332658,0.2623836630937053,0.2523836630937053,0.34153126273289125,24.48318689894024,10.492794385260103,5.246397192630051,0.0030943093374732333,0.00037554554968466055,0.00266441378156975,0.002160840122113281,0,45,-45,-45,45,0
0.47349593718210886,3.0,0.13969914696647945,16.53304285762461,0.28615320031803365,1287.5223303042724,66697.57000314724,4191.127558716876,3981.5711807810317,2429.5398699465372,1512.118923175638,1512.118923175638,0.2891541995870533,0.2791541995870533,0.35969450404921005,11.573130000337228,4.959912857287383,2.4799564286436917,0.0013969914696647945,0.00017351651641568246,0.0011834316154304483,0.001020751484394559,0,30,60,-60,-30,0
0.4880121773216263,3.0,0.2745968345395254,32.57394427630885,0.18739487980531344,2519.628726974979,66702.32739657855,4230.383501920125,4018.8643268241185,2391.3603327165056,1775.65920921843,1775.65920921843,0.24907879464813693,0.23907879464813692,0.34540402292385536,22.801760993416195,9.772183282892655,4.886091641446328,0.0027459683453952537,0.00034184355903877793,0.002309999383851882,0.0020432268506753604,45,45,-45,-45,45,45
0.4871048379263815,3.0,0.08519319988242322,10.599911828294644,0.26147827930979245,820.2597014655216,64259.17594884591,4455.286069144624,4232.521765687393,2495.271934482651,1699.5722057247492,1699.5722057247492,0.2667570313764175,0.2567570313764175,0.3122250611241766,7.41993827980625,3.1799735484883933,1.5899867742441967,0.0008519319988242321,0.00011546892984922431,0.0007137529440615517,0.0006371997986559534,90,45,0,0,45,90
0.6245500516875779,3.0,0.11459789108225782,17.789823721999642,0.2523845592061019,1294.0594386300477,84838.91470439562,5606.6872517630145,5326.352889174864,3038.527613388957,2149.3789922771234,2149.3789922771234,0.2985854737734252,0.2885854737734252,0.3618397620953142,12.45287660539975,5.336947116599893,2.6684735582999464,0.0011459789108225781,0.00014678260146053646,0.0009518895698920423,0.0008782127062270536,45,-45,45,-45,45,-45
0.46343255279154005,3.0,0.2433274350385944,28.492803152302752,0.20062432370776218,2229.379965967809,67744.46423022418,4227.917743392315,4016.521856222699,2286.712776192391,1707.2156098376165,1707.2156098376165,0.2781027634466945,0.2681027634466945,0.3407034511018785,19.944962206611926,8.547840945690826,4.273920472845413,0.002433274350385944,0.0002944146423363916,0.002021761411761141,0.0018690237433150324,0,60,-60,-60,60,0
0.5026684717471253,3.0,0.061000436402487465,7.725532311531416,0.28253876836386294,593.540710141287,70042.02074730046,4599.230164988282,4369.268656738867,2446.233869974625,1718.2250826841969,1718.2250826841969,0.25494038045691225,0.24494038045691224,0.34246051215488554,5.407872618071991,2.317659693459425,1.1588298467297125,0.0006100043640248746,7.720897484643774e-05,0.0005039233981161997,0.00047371997459169066,45,45,-45,-45,45,45
0.6192363058689976,3.0,0.05803587094196291,8.738971738494882,0.18847808589253326,637.1640910609224,81599.43415222845,5307.54025002229,5042.163237521175,3138.841691042089,2086.598804665518,2086.598804665518,0.3110144941272001,0.3010144941272001,0.3226508061110009,6.117280216946417,2.6216915215484646,1.3108457607742323,0.0005803587094196291,7.496718917847246e-05,0.0004939560319938138,0.00041762085820232437,0,60,-60,-60,60,0
0.5871734605137637,3.0,0.21689584963876068,32.49752546934636,0.24141868666857086,2403.1226436929364,80860.69532497873,5405.971831577984,5135.673239999084,2941.759830168194,2010.3354265847504,2010.3354265847504,0.3089982693586783,0.2989982693586783,0.3169282065162947,22.74826782854245,9.749257640803906,4.874628820401953,0.0021689584963876067,0.00028132664129485005,0.0018034236848692815,0.0016570451368639594,90,45,0,0,45,90
0.4584132884106122,3.0,0.46404155735724295,55.532356646882775,0.22856980826262954,4355.315079965492,60707.27839303139,4366.621106016741,4148.290050715904,2298.403645877392,1519.4259746509633,1519.4259746509633,0.2892413355806521,0.2792413355806521,0.31038057520578693,38.87264965281794,16.65970699406483,8.329853497032415,0.004640415573572429,0.000640329309463495,0.0038152398821847677,0.003624190864808944,0,90,90,90,90,0
0.48125479542341587,3.0,0.15109291646332784,18.993019874019172,0.28917522540047935,1473.751889073386,68151.90985976005,4531.934332734293,4305.337616097579,2472.0289532057736,1718.9691354850481,1718.9691354850481,0.2459937357007575,0.2359937357007575,0.34719141978327617,13.29511391181342,5.697905962205751,2.8489529811028755,0.0015109291646332784,0.00019508057718663365,0.001257279021244772,0.001152475571699231,90,45,0,0,45,90
0.6119158404654771,3.0,0.22249437004770628,34.20281197185181,0.22835552901246067,2501.760916768378,79547.35018686812,5570.900804719917,5292.355764483921,2994.8512609517925,2022.3553873513335,2022.3553873513335,0.2971088548051254,0.2871088548051254,0.37978485940373075,23.941968380296263,10.260843591555542,5.130421795777771,0.0022249437004770627,0.0003009775727796482,0.001841864350351041,0.0017130806670336187,0,45,-45,90,-45,45
0.4524430925830702,3.0,0.33870153268963354,38.02717668255269,0.19507500546619858,2990.813832441292,62763.009528466835,4003.280689482492,3803.116655008367,2264.949680173317,1601.5877124466178,1601.5877124466178,0.3038431601017615,0.2938431601017615,0.3206871896839276,26.619023677786885,11.408153004765808,5.704076502382904,0.0033870153268963357,0.0004241196188292013,0.002849701005162481,0.0025184120213860204,0,45,-45,90,-45,45
0.6139477080564719,3.0,0.2849730303036088,44.99946081815472,0.18036733258369114,3288.5481296107296,84697.22164128804,5621.011487195465,5339.9609128356915,3207.267265884194,2125.6302324640665,2125.6302324640665,0.30593911568801013,0.2959391156880101,0.3440665332024213,31.499622572708304,13.499838245446417,6.749919122723209,0.002849730303036088,0.0003719085698715875,0.0024016741962187304,0.002104570203588057,0,90,90,90,90,0
0.4617830678671607,3.0,0.31120633947743087,38.04825092991146,0.20418620366092705,2979.339869810987,62936.56524153518,4546.0754076394505,4318.771637257478,2255.445364671841,1670.5358486566956,1670.5358486566956,0.24814147673438447,0.23814147673438446,0.375177619841824,26.63377565093802,11.414475278973438,5.707237639486719,0.0031120633947743087,0.00042318444847957765,0.002510841606320913,0.0025304260209012427,0,0,90,90,0,0
0.463524001525859,3.0,0.4660763308370063,54.71773384775405,0.23688674591133782,4281.129592825153,63475.116985676534,4212.585551174522,4001.956273615796,2335.7086484328447,1617.609857806144,1617.609857806144,0.30492773956773306,0.29492773956773305,0.31019413368580795,38.30241369342783,16.415320154326213,8.207660077163107,0.004660763308370063,0.0006034240740678108,0.003896732767777123,0.003513991388724821,0,90,90,90,90,0
0.5637093710099583,3.0,0.35615654795785145,50.664710978765626,0.20811547209743084,3785.9618081519325,74972.71070586593,5117.810787599515,4861.920248219539,2816.390388134975,1985.903426132179,1985.903426132179,0.30658554433740265,0.29658554433740264,0.3146322547189346,35.46529768513594,15.199413293629688,7.599706646814844,0.0035615654795785145,0.00047304275584050744,0.0029699052826372466,0.002698385379680052,0,45,-45,-45,45,0
0.4636695780791255,3.0,0.08671812674000155,9.379268881786498,0.2587143732149623,733.7862669112517,63318.97239668062,3805.7241622371153,3615.4379541252592,2255.105134417794,1681.7078911984493,1681.7078911984493,0.27889266473612967,0.26889266473612966,0.3593352292036095,6.565488217250548,2.8137806645359493,1.4068903322679747,0.0008671812674000155,0.00010368911510627629,0.0007393548624611636,0.0006238690652581015,45,45,-45,-45,45,45
0.5583697640223334,3.0,0.4591960730792249,65.47800199216239,0.25913607300065733,4904.638945011686,74679.73436094973,5198.882980306236,4938.938831290924,2738.1569165012133,1925.638036478176,1925.638036478176,0.27455728455848627,0.26455728455848626,0.3227204653068658,45.83460139451367,19.643400597648718,9.821700298824359,0.004591960730792249,0.0006137488541801874,0.0037783886792719535,0.0035869749610166314,45,-45,45,-45,45,-45
0.4737655084524052,3.0,0.130665976306505,15.993508673656272,0.24144503201561454,1245.3488645555544,62334.283407644485,4342.809460345755,4125.668987328467,2516.356855333568,1681.8027795422822,1681.8027795422822,0.31170280806209194,0.30170280806209193,0.3020967485239047,11.19545607155939,4.798052602096882,2.399026301048441,0.0013066597630650501,0.00017960350965046007,0.0011048268743788917,0.000953372847719735,0,30,60,-60,-30,0
0.5140209531773094,3.0,0.26122126429920395,34.309358093787104,0.20700918309295088,2622.212506243166,65584.01680269328,4785.760418651638,4546.472397719056,2533.0051708627443,1774.4528922334862,1774.4528922334862,0.2976112358053046,0.28761123580530457,0.3465598980364791,24.01655066565097,10.29280742813613,5.146403714068065,0.0026122126429920394,0.0003661951773692627,0.0021507151482179866,0.0020317383372396333,0,60,-60,-60,60,0
0.490203229735512,3.0,0.31688099033308526,36.690776409924204,0.2712354945704924,2835.186958589635,65514.65234085481,4097.0572815124315,3892.2044174368098,2381.760294207019,1792.5913354621632,1792.5913354621632,0.30052126941162727,0.29052126941162726,0.31256090593214336,25.68354348694694,11.007232922977261,5.5036164614886305,0.0031688099033308527,0.0003920274712490649,0.002686619240752703,0.0023107348270414423,90,45,0,0,45,90
0.6096015709769173,3.0,0.05134616775940906,8.022514552634789,0.26959211568661456,587.4025462643319,81631.15726259314,5705.642612063323,5420.360481460157,2990.2190261751957,2097.921857792771,2097.921857792771,0.27004847777029617,0.26004847777029616,0.3700018655019163,5.615760186844351,2.4067543657904364,1.2033771828952182,0.0005134616775940906,6.879432284390424e-05,0.00042182003490752907,0.0004024378055123487,45,45,-45,-45,45,45
0.4826858576273673,3.0,0.07752550201029523,9.482114315099526,0.22455365850103523,735.2690486959535,61595.50983556839,4409.432507332618,4188.960881965987,2416.4596876960045,1692.007503156873,1692.007503156873,0.241117817553477,0.231117817553477,0.30017881637979177,6.637480020569668,2.844634294529858,1.422317147264929,0.0007752550201029524,0.0001077591538456079,0.000645124806831583,0.0005885954375763041,0,0,90,90,0,0
0.5109911027498389,3.0,0.3391860331310665,42.61030866307714,0.20163737351942124,3261.172719722499,73519.47105016184,4455.748435992304,4232.961014192689,2562.9669467460008,1698.7292445719143,1698.7292445719143,0.2510483790294999,0.24104837902949988,0.31894884825018305,29.827216064153998,12.783092598923142,6.391546299461571,0.003391860331310665,0.0004057049872380487,0.0028688990822876926,0.0024938075411297905,0,60,-60,-60,60,0
0.45596642160259704,3.0,0.5333274300622048,58.05990874129506,0.2169752354443522,4558.796105818074,62408.08120321282,3749.4568267450004,3561.9839854077504,2426.7837215993063,1524.369596952577,1524.369596952577,0.30629900313549696,0.29629900313549695,0.31890320812135725,40.64193611890654,17.41797262238852,8.70898631119426,0.005333274300622049,0.0006512287404986625,0.004645465577345908,0.003588694877784509,0,45,-45,90,-45,45
0.5103570867491223,3.0,0.20077316778602072,25.028310999137627,0.18490439877260093,1916.0953848013648,68941.76606838945,4543.2393289249885,4316.077362478739,2388.696593219819,1853.5568526810032,1853.5568526810032,0.27050791212701114,0.26050791212701113,0.33914873572987103,17.519817699396338,7.508493299741287,3.7542466498706437,0.002007731677860207,0.00025412487521739546,0.001652673952687835,0.001571671622309364,45,-45,45,-45,45,-45
0.5609439048117355,3.0,0.4014726659257265,57.33990056523781,0.18243105120212952,4290.090115645224,72344.66381187324,5129.921103947275,4873.425048749911,2846.247763895223,1951.3257573604164,1951.3257573604164,0.2667418729371505,0.2567418729371505,0.3119182259343617,40.137930395666466,17.201970169571343,8.600985084785671,0.004014726659257265,0.000554815355836639,0.003353262130354226,0.0030218680165126667,0,0,90,90,0,0
0.45898828070184144,3.0,0.26465713963728227,30.534216824500525,0.27894030812302484,2394.1026476177694,61419.501469093215,4041.321243961281,3839.255181763217,2451.316804742107,1627.606732287768,1627.606732287768,0.2521046257180169,0.24210462571801689,0.31324252012360243,21.373951777150367,9.160265047350157,4.580132523675078,0.0026465713963728225,0.00034799943447775964,0.002266651051568302,0.0018684376147606657,0,60,-60,-60,60,0
0.5817054965701528,3.0,0.14496297064518945,21.039883582858764,0.2990274382475518,1559.6382668078961,79202.7065956052,5199.5162704886925,4939.540456964258,2897.5493467038636,2080.137893731198,2080.137893731198,0.27965231796609513,0.2696523179660951,0.35236559730231853,14.727918508001133,6.311965074857629,3.1559825374288146,0.0014496297064518946,0.0001859522122545539,0.0012139523652773146,0.00108919026384104,0,45,-45,90,-45,45
0.49756707697635827,3.0,0.5106428412745297,63.18195991710092,0.27941963379214985,4865.614300572081,64900.9129518484,4451.6345581157275,4229.052830209941,2450.0401679159977,1662.0218369326408,1662.0218369326408,0.30915603055430285,0.29915603055430284,0.3224160724247998,44.22737194197064,18.954587975130273,9.477293987565137,0.005106428412745298,0.0006814599353137609,0.004257893977522114,0.003868219840504295,0,60,-60,-60,60,0
0.6051661607030479,3.0,0.16185400844852027,24.504990736526743,0.19345190789117064,1797.7401653637637,81126.78255343845,5389.826811585931,5120.335471006634,3074.71096030126,2020.3417085570495,2020.3417085570495,0.24857686766881124,0.23857686766881123,0.32171105062600297,17.15349351556872,7.351497220958023,3.6757486104790114,0.0016185400844852026,0.0002114405745632728,0.0013639579671011505,0.0011954777726875705,0,90,90,90,90,0
0.545783681562001,3.0,0.42273087533816545,57.78315581627427,0.23926916917852786,4352.877784167875,74056.24351986739,4925.249794441657,4678.987304719574,2691.7654622715104,1849.3987338938866,1849.3987338938866,0.2768316469674419,0.2668316469674419,0.31045162048205616,40.448209071391986,17.33494674488228,8.66747337244114,0.004227308753381655,0.0005461822953596177,0.0035196076277076273,0.0032199957588901103,0,45,-45,90,-45,45
0.5294948167381297,3.0,0.12932000870451912,17.719355375275363,0.22939868341556832,1344.7216510239145,71358.3117423584,5019.461937428552,4768.488840557125,2604.813909076033,1867.9184356113733,1867.9184356113733,0.3101941663373111,0.3001941663373111,0.30976119454902706,12.403548762692754,5.315806612582609,2.6579033062913044,0.0012932000870451911,0.00017382065886698925,0.0010590391318528202,0.0010203812629494531,0,60,-60,-60,60,0
0.5100639338246031,3.0,0.19139566305187233,24.076035108226794,0.2317457961751002,1843.440119384628,68611.36449395178,4417.204932436757,4196.344685814919,2649.199547744087,1803.9083292331516,1803.9083292331516,0.30187034305107874,0.29187034305107873,0.3680449554869393,16.853224575758755,7.222810532468038,3.611405266234019,0.0019139566305187235,0.0002456331352693678,0.0016351540494372228,0.0013632062066858245,0,45,-45,-45,45,0
0.5966689696726701,3.0,0.34852189844809967,51.04540683399179,0.24694640141996926,3758.862657871295,79506.79222653544,5169.243099851761,4910.780944859172,3041.5475438534145,2098.5805103593484,2098.5805103593484,0.265369652950011,0.255369652950011,0.3523178517373545,35.731784783794254,15.313622050197537,7.656811025098769,0.0034852189844809967,0.00044941801553237295,0.0029624495800239475,0.0025174063251361045,90,45,0,0,45,90
0.550631770189004,3.0,0.31769047106889653,46.53635684999394,0.19080660453385917,3497.977243874209,74902.23291456664,5337.275630370412,5070.411848851891,2820.988714104807,1901.8363403121639,1901.8363403121639,0.31917267973373953,0.3091726797337395,0.33947772066451076,32.575449794995755,13.960907054998183,6.980453527499091,0.0031769047106889655,0.00043490625749637203,0.002615736570837224,0.002474470561543604,0,30,-30,-30,30,0
0.5211038037270492,3.0,0.508256986646804,64.45246499220276,0.21298524919500228,4910.056902252316,70293.27232575082,4485.881575119759,4261.587496363771,2613.623583047507,1759.1991315618366,1759.1991315618366,0.2946621291614353,0.2846621291614353,0.30013046781038916,45.11672549454193,19.33573949766083,9.667869748830414,0.005082569866468039,0.000641835612453258,0.004310354425070756,0.003699029122455957,0,30,-30,-30,30,0
0.5000753197979646,3.0,0.40361952166865733,51.53217613993826,0.2695325078485801,3963.875753077922,65493.81357720012,4581.905329122769,4352.810062666631,2547.564618695045,1898.415381494445,1898.415381494445,0.25941002948204983,0.24941002948204982,0.3219390857780271,36.07252329795678,15.459652841981477,7.729826420990738,0.004036195216686573,0.0005507775670359565,0.003374066405021361,0.003034202298252296,0,0,90,90,0,0
0.6127053099161079,3.0,0.302226788961458,47.49244571934267,0.19924761660672966,3472.626539770482,82635.15457203181,5731.612972619579,5445.032323988599,3014.1681892801575,2203.639027579821,2203.639027579821,0.26427543179134355,0.25427543179134354,0.37010757355180135,33.24471200353987,14.2477337158028,7.1238668579014,0.00302226788961458,0.0004023071315799495,0.0024858157352678004,0.0023634603016637634,90,45,0,0,45,90
0.5228389419011721,3.0,0.12830612938792063,17.83867821588817,0.2818402424576795,1357.892404726966,69457.92855129503,5062.67462683481,4809.540895493069,2685.1408158097965,1789.2353039236336,1789.2353039236336,0.29423228680492114,0.28423228680492113,0.363248119124448,12.487074751121717,5.351603464766451,2.6758017323832255,0.0012830612938792062,0.00017977896852912838,0.001057070394451219,0.000996521939046331,0,45,-45,-45,45,0
0.6199717096493607,3.0,0.310118169528904,48.349652511593256,0.29775147008927866,3524.070750348141,84019.72887349261,5571.36144459578,5292.793372365991,3134.3429076547754,2183.66424346231,2183.66424346231,0.31068411250010747,0.30068411250010746,0.3188361613611105,33.844756758115274,14.504895753477976,7.252447876738988,0.0031011816952890396,0.0004028191617837148,0.0026034741952611464,0.002313865486455508,90,45,0,0,45,90
0.5959637842127607,3.0,0.1356191099699369,19.698855349000382,0.204326610547522,1451.0290696789023,83094.43177289664,5182.977550470078,4923.828672946574,2920.9978601229773,2027.6841609489531,2027.6841609489531,0.27179009186127406,0.26179009186127405,0.3498468205976177,13.789198744300267,5.909656604700115,2.9548283023500574,0.0013561910996993688,0.00016594612238263074,0.0011402049395649282,0.0010115818100002497,0,30,-30,-30,30,0
0.6346029318095505,3.0,0.3070661315822459,47.39664140909293,0.2983908091106509,3432.6444151000064,84921.07350615492,5413.815037499584,5143.124285624604,3259.863411285677,2142.6502474303306,2142.6502474303306,0.2485104519448774,0.23851045194487738,0.37786047920781207,33.17764898636505,14.218992422727878,7.109496211363939,0.003070661315822459,0.00039068805440807807,0.002626427449818278,0.002180918435646965,0,45,-45,-45,45,0
0.5107290269076267,3.0,0.2676794555229229,33.98804860751718,0.2610204859657259,2601.582608359398,69856.70644036606,4544.085616026607,4316.881335225276,2540.097733976424,1863.8859258830191,1863.8859258830191,0.27572773520940064,0.26572773520940063,0.34097491362399557,23.791634025262024,10.196414582255153,5.098207291127577,0.002676794555229229,0.0003405776658762464,0.00224388698714066,0.0020070909961194807,90,45,0,0,45,90
0.4930714334958809,3.0,0.3780269599749713,43.71733720336085,0.2926332804927897,3373.660383487437,66131.28470066492,4089.879808958742,3885.3858185108047,2380.857568066189,1744.851570830067,1744.851570830067,0.26120170446444957,0.25120170446444956,0.3218346981399839,30.60213604235259,13.115201161008255,6.557600580504127,0.003780269599749713,0.00046274824662592554,0.0032067448858227703,0.0027543019240039743,0,45,-45,-45,45,0
0.5151927205558663,3.0,0.32949541945992866,44.74956960378939,0.21255288872495895,3418.3053428231206,68494.77736868017,4923.02990778828,4676.878412398866,2648.650546908383,1820.5825215708574,1820.5825215708574,0.25767422897703296,0.24767422897703295,0.3160533300330334,31.32469872265257,13.424870881136817,6.712435440568409,0.003294954194599287,0.00045732973996023325,0.0027269529400783333,0.002534285033714035,0,30,-30,-30,30,0
0.450185221346281,3.0,0.07851956059164647,8.57724531115476,0.2368521302197887,675.3145523725543,61226.07669447453,3830.3504933589534,3638.8329686910056,2306.1706921933455,1639.118360799718,1639.118360799718,0.2648001945531146,0.2548001945531146,0.3370963665814841,6.004071717808332,2.573173593346428,1.286586796673214,0.0007851956059164647,9.806396297070234e-05,0.0006717854143655486,0.0005578887985301605,45,-45,45,-45,45,-45
0.6105291882786182,3.0,0.09160042800354247,14.483236408348565,0.19514897238795387,1060.0198175675846,81965.73023782329,5743.3287712812125,5456.162332717152,3063.5784618933976,2087.7076791351615,2087.7076791351615,0.2859437830372441,0.2759437830372441,0.31245401577000903,10.138265485843995,4.34497092250457,2.172485461252285,0.0009160042800354246,0.00012368907659857177,0.0007565248474423135,0.0007091332858860789,90,45,0,0,45,90
0.5872258620005566,3.0,0.23055345973100003,34.4367075716082,0.28997198975146876,2546.4618161401713,81710.87213703446,5356.975057785831,5089.126304896539,2973.1201627108085,2102.7804529270375,2102.7804529270375,0.267227557114111,0.257227557114111,0.36999177603780714,24.105695300125742,10.33101227148246,5.16550613574123,0.00230553459731,0.0002950120916553053,0.0019285160300433657,0.001737402409942108,0,0,90,90,0,0
0.4815035271777372,3.0,0.0689181713913264,8.469647290311917,0.21677764527822957,657.1210632023593,64661.77472758351,4433.773410022478,4212.084739521354,2416.965913089203,1500.8805288728022,1500.8805288728022,0.25059082330034804,0.24059082330034803,0.3062041339409173,5.928753103218342,2.540894187093575,1.2704470935467875,0.000689181713913264,9.16886851342366e-05,0.0005730771404217279,0.0005256371580031875,45,-45,45,-45,45,-45
0.624927082368588,3.0,0.059685460617117644,9.755660841844115,0.29329381385958336,709.5251827795382,84211.2772004465,5952.7760797033725,5655.137275718203,3149.5452621726727,2213.5051863016442,2213.5051863016442,0.30852601417193526,0.29852601417193525,0.3582874914030319,6.82896258929088,2.9266982525532343,1.4633491262766172,0.0005968546061711765,8.109320765953984e-05,0.0004916526698412402,0.000464622351630262,0,90,90,90,90,0
0.49891256865717465,3.0,0.4396022202613535,56.46147002535091,0.2672418889522045,4345.370906189883,66823.55227159188,4650.4487923709175,4417.926352752372,2506.4610973594954,1823.4779545158422,1823.4779545158422,0.2819928303963931,0.2719928303963931,0.36205806512178224,39.523029017745635,16.938441007605274,8.469220503802637,0.004396022202613535,0.0005914535769830321,0.003642323948474148,0.003378955497344357,0,30,-30,-30,30,0
0.6455011968257862,3.0,0.16947941027575653,28.30672701967454,0.23332393951658786,2040.4175281142266,86455.0491596514,5979.213992509776,5680.2532928842875,3351.1777025112233,2273.658479648777,2273.658479648777,0.2533885815448839,0.2433885815448839,0.32771253967795266,19.814708913772176,8.492018105902362,4.246009052951181,0.0016947941027575652,0.000229190881346693,0.0014202565950207505,0.0012670199642858125,0,30,-30,-30,30,0
0.49918553011782724,3.0,0.4483575250553947,59.196852018039834,0.25342735456104826,4555.316386618758,67885.507534173,4728.775223542839,4492.336462365697,2647.164370051092,1791.7056529665128,1791.7056529665128,0.2805288911807883,0.27052889118078827,0.3118895869021523,41.43779641262788,17.759055605411948,8.879527802705974,0.0044835752505539474,0.0006104071092312073,0.0037555296595609194,0.0033543545324065363,45,45,-45,-45,45,45
0.5393592689381138,3.0,0.16247500828387604,22.541136148098207,0.24516800338922978,1702.997215059076,71226.68690984906,5113.644859741256,4857.962616754194,2605.581566518675,1861.8307356562175,1861.8307356562175,0.26074278407265244,0.25074278407265244,0.3484141480002463,15.778795303668744,6.762340844429462,3.381170422214731,0.0016247500828387603,0.00022152926084628667,0.0013224111235545653,0.0012976643931098739,45,45,-45,-45,45,45
0.5132920284830493,3.0,0.21015472019729967,26.743877995565935,0.2899358025492032,2044.6777313617258,65075.90335495262,4419.0806539177265,4198.12662122184,2784.963239148011,1831.9750241001707,1831.9750241001707,0.24396279536535007,0.23396279536535006,0.31049639685726205,18.720714596896155,8.02316339866978,4.01158169933489,0.0021015472019729965,0.0002876750629919824,0.001815572972526958,0.0014404433218163884,0,30,-30,-30,30,0
0.5776679927619326,3.0,0.1420137884099337,20.405997072400204,0.20513194038315122,1515.3709353366157,78568.00654477972,5091.054274254801,4836.501560542061,2951.3067191775194,1979.9428128549923,1979.9428128549923,0.275454238979623,0.265454238979623,0.3493702862147717,14.284197950680142,6.121799121720061,3.0608995608600305,0.001420137884099337,0.0001818068012523505,0.0012024619640528453,0.0010371336672567373,0,45,-45,90,-45,45
0.47216087900652787,3.0,0.3542726042019306,37.011590425750995,0.20360073915459553,2884.10274908362,61942.61592714521,3620.714650653802,3439.6789181211116,2277.291453065482,1624.2514976595623,1624.2514976595623,0.2732096488489661,0.2632096488489661,0.37915519253597957,25.908113298025697,11.103477127725299,5.551738563862649,0.0035427260420193055,0.0004182599154110303,0.0030666534645916697,0.002437869143358618,90,45,0,0,45,90
0.46304313397990726,3.0,0.312331252760026,35.23577122668609,0.2918536138045406,2757.4782892946737,62447.36599877858,4000.3121480495583,3800.2965406470803,2310.513057773075,1574.7452013158304,1574.7452013158304,0.2617990873693759,0.2517990873693759,0.35270534134539366,24.665039858680263,10.570731368005827,5.2853656840029135,0.00312331252760026,0.00039497326210944896,0.0026424766310198626,0.0022875290257381485,0,90,90,90,90,0
0.49286908738955665,3.0,0.3598954638061055,44.03367938484567,0.265129549807359,3398.3908580148823,66755.56636814312,4419.0572822056165,4198.104418095336,2394.938161966721,1729.271579604718,1729.271579604718,0.24599987914392318,0.23599987914392317,0.33444879219846674,30.823575569391966,13.210103815453701,6.605051907726851,0.0035989546380610546,0.00046173790810801206,0.0029893488524458194,0.002757921691933285,0,60,-60,-60,60,0
0.46638397683706556,3.0,0.3461770367442869,44.15045163943914,0.21307985205445995,3449.711158515358,61919.84784293556,4701.597529965184,4466.5176534669245,2402.7747364775464,1710.603726889358,1710.603726889358,0.31735577109079444,0.3073557710907944,0.36944138355460177,30.905316147607397,13.245135491831741,6.6225677459158705,0.003461770367442869,0.0004991180893402887,0.002817156382998573,0.002756216654593479,0,45,-45,-45,45,0
0.5999192491970619,3.0,0.32145494060209956,48.69281241148652,0.19641981408047368,3580.481409704335,81826.42650492466,5429.576637123152,5158.097805266994,3021.6340548627322,2178.971972349909,2178.971972349909,0.26526651880707847,0.25526651880707846,0.31451635642411524,34.08496868804056,14.607843723445956,7.303921861722978,0.0032145494060209956,0.0004165520864581467,0.0026904203954999126,0.0024172092745541893,0,45,-45,90,-45,45
0.4875062893144417,3.0,0.46538959262378127,55.47324841996636,0.23750559175703387,4291.921583017407,65964.70136017022,4262.910767140748,4049.7652287837104,2387.819887088439,1667.3246253022503,1667.3246253022503,0.2770104255586185,0.2670104255586185,0.3651820278814553,38.83127389397645,16.64197452598991,8.320987262994954,0.004653895926237813,0.0005886674705302758,0.0039038993389843204,0.003484763364267418,0,30,60,-60,-30,0
0.5317201535254501,3.0,0.24320272279300162,32.489202714652734,0.25136432063011205,2463.1093442579795,72221.83570583614,4838.544917744647,4596.617671857414,2599.151135022895,1853.7588323922769,1853.7588323922769,0.31524887985340466,0.30524887985340465,0.3342422545265349,22.742441900256914,9.74676081439582,4.87338040719791,0.0024320272279300162,0.00031489703464321014,0.00201439915927018,0.001874989238421098,45,45,-45,-45,45,45
0.4531832606079422,3.0,0.3191050604592165,35.012257899089086,0.20836482424907815,2752.7308614799517,62369.01085984871,3980.6789037536496,3781.644958565967,2120.909233714219,1602.242951408909,1602.242951408909,0.29319229432331817,0.28319229432331816,0.356322581849537,24.50858052936236,10.503677369726725,5.251838684863363,0.003191050604592165,0.0003929608661653514,0.002638664816652783,0.0024762203876429628,0,30,60,-60,-30,0
0.5304338198292644,3.0,0.23585036386053596,31.149741835381896,0.20147097427877397,2362.9431931491818,72248.2368012481,4661.724560294614,4428.638332279883,2740.9230342816863,1803.5464385295693,1803.5464385295693,0.2945831774927785,0.2845831774927785,0.3592116966956803,21.804819284767326,9.344922550614568,4.672461275307284,0.0023585036386053596,0.0003018041719793312,0.00200460632749696,0.0017047035676913107,0,30,-30,-30,30,0
0.5164425557561325,3.0,0.09270912862710896,10.893251038742383,0.2791857433787456,831.6312446225304,69951.93339386366,4098.860228809717,3893.9172173692314,2509.694862822792,1804.498148119907,1804.498148119907,0.2739985361777025,0.26399853617770247,0.3219945353576305,7.625275727119668,3.2679753116227146,1.6339876558113573,0.0009270912862710896,0.00010900736201508013,0.000797288789857495,0.0006510702476290371,0,0,90,90,0,0
0.5289681785401265,3.0,0.11201549029655775,14.761886999266155,0.21617540015856201,1120.548120853844,70920.76910256536,4729.500906696758,4493.02586136192,2621.498995168386,1985.8988928911017,1985.8988928911017,0.29850970457066495,0.28850970457066494,0.36444688845563733,10.333320899486308,4.428566099779847,2.2142830498899233,0.0011201549029655775,0.00014570232430139465,0.0009363707053125201,0.000844662940543181,0,30,-30,-30,30,0
0.47506520195489016,3.0,0.5164907622679783,61.33591274693839,0.1904094921945605,4773.077467941469,65353.68878198963,4266.035893896304,4052.7340992014883,2353.6721093469555,1656.0107967882166,1656.0107967882166,0.2804318123647509,0.2704318123647509,0.3708974650711523,42.93513892285687,18.400773824081515,9.200386912040758,0.005164907622679783,0.0006569658074861272,0.004313319034752779,0.003908950136046552,45,-45,45,-45,45,-45
0.605038263971744,3.0,0.0953684343676107,13.885366424650458,0.2594655513910442,1018.7184551258523,80104.16978733572,5095.640769848991,4840.858731356541,3094.503111887328,2132.6533214925316,2132.6533214925316,0.2746735804406805,0.2646735804406805,0.31956292606014447,9.71975649725532,4.1656099273951375,2.0828049636975687,0.0009536843436761069,0.00012133895804749967,0.0008174850064084452,0.0006730660427183324,45,-45,45,-45,45,-45
0.5891757536456551,3.0,0.26779210745576976,38.39776648971148,0.2501365313653788,2836.912583370614,80820.303733181,5105.185831651681,4849.9265400690965,2902.172819547262,2072.8654442358456,2072.8654442358456,0.2690774255784016,0.2590774255784016,0.3119787366613416,26.878436542798035,11.519329946913443,5.759664973456721,0.0026779210745576975,0.0003325703480592466,0.0022563977741015145,0.0019846044090355815,0,30,60,-60,-30,0
0.5705328821093013,3.0,0.4227351611900662,58.65031494566112,0.22083607723998339,4369.325255894903,78611.56950098304,4835.173870654102,4593.4151771213965,2980.734420440674,2008.86540587565,2008.86540587565,0.31997718808503145,0.30997718808503144,0.31800189037477217,41.05522046196278,17.595094483698336,8.797547241849168,0.004227351611900662,0.0005222541761038035,0.0036389786498656094,0.002951469671876548,0,60,-60,-60,60,0
0.5061048410828979,3.0,0.18230674320893128,22.28244322960758,0.2330527553466873,1709.218169062984,69396.66226268158,4384.938736203622,4165.691799393441,2426.045615591481,1767.0802196072864,1767.0802196072864,0.3111030213092031,0.3011030213092031,0.36339165174800425,15.597710260725306,6.684732968882273,3.3423664844411367,0.0018230674320893127,0.00022476167804273573,0.0015244757956800463,0.0013777014178796686,45,45,-45,-45,45,45
0.5076985206283895,3.0,0.47590108679435245,58.09107459220903,0.20158637576430333,4452.72294734103,66204.22635662847,4305.480648921804,4090.206616475713,2539.445484441838,1895.816822120581,1895.816822120581,0.2945991428801655,0.28459914288016547,0.31733698499305857,40.66375221454632,17.42732237766271,8.713661188831354,0.0047590108679435245,0.0006142168627649102,0.004047706585797089,0.0034313243746386586,0,30,-30,-30,30,0
0.47411548820319743,3.0,0.2486488294194903,28.814090980591235,0.23587302120083198,2243.268183939592,65717.4898616972,4090.895809686489,3886.3510192021645,2398.594440844669,1710.1746164928627,1710.1746164928627,0.31363203783680477,0.30363203783680476,0.33263396755050734,20.169863686413862,8.64422729417737,4.322113647088685,0.002486488294194903,0.0003069177433414064,0.002113040198606239,0.001801935989464999,0,30,60,-60,-30,0
0.4821894847163019,3.0,0.48841966430544703,57.49042078925327,0.2130914490594083,4458.994052273918,66556.57494333999,4247.318324593311,4034.9524083636456,2304.675807144461,1806.2817185938475,1806.2817185938475,0.2973332296371623,0.2873332296371623,0.32293536203656603,40.24329455247729,17.24712623677598,8.62356311838799,0.00488419664305447,0.0006046479192587155,0.004060709586307596,0.003741768404760041,0,45,-45,90,-45,45
0.6015433041625309,3.0,0.3644923413940096,55.036275851605055,0.2555745329669902,4044.031531428669,81182.19521651816,5405.9372911771425,5135.640426618285,3021.7020669743188,1963.9523170296193,1963.9523170296193,0.2979488075874241,0.2879488075874241,0.35053347084639486,38.52539309612354,16.510882755481514,8.255441377740757,0.0036449234139400957,0.0004745547098520042,0.003054212778684725,0.0027320500812997323,0,60,-60,-60,60,0
0.6216685344185058,3.0,0.282337234566343,43.64043693456702,0.18640211788142183,3178.470598324923,86129.8377932611,5477.8540883993755,5203.9613839794065,3168.989071047736,2136.8146433043785,2136.8146433043785,0.30264706519383944,0.29264706519383943,0.35244753082842295,30.54830585419691,13.092131080370105,6.546065540185053,0.00282337234566343,0.00035467738749865666,0.002390010918344051,0.0020656636528004124,0,45,-45,-45,45,0
0.5882264029075057,3.0,0.36482865209882126,51.92830380450285,0.2073373381303661,3838.1941110781295,76489.60664397855,5076.537202215261,4822.710342104498,2876.20401044216,1961.9235349308467,1961.9235349308467,0.30869384963870916,0.29869384963870915,0.3194388689570255,36.349812663151994,15.578491141350856,7.789245570675428,0.003648286520988213,0.00047522551439364136,0.003068723919634201,0.0027081686634175804,0,90,90,90,90,0
0.5929280322358054,3.0,0.11656033665952209,16.483601833447537,0.1990498296233716,1215.82289672376,78541.11651741505,5029.135298313304,4777.678533397639,2873.5076751362844,2072.655523211558,2072.655523211558,0.26963596729583583,0.2596359672958358,0.32546004436947223,11.538521283413274,4.945080550034261,2.4725402750171304,0.0011656033665952208,0.0001469105838450211,0.0009832864412482134,0.0008604606475950558,0,45,-45,90,-45,45
0.4562311621653341,3.0,0.36521159292971994,42.28746646962955,0.2545479813856396,3319.948319015093,61109.19309726423,4065.842506789057,3862.550381449604,2444.1260425834553,1491.0890533584525,1491.0890533584525,0.27295797792095905,0.26295797792095904,0.3372081542771277,29.601226528740682,12.686239940888864,6.343119970444432,0.003652115929297199,0.00048439891002366854,0.0031201995452862846,0.002595250760365745,0,60,-60,-60,60,0
0.6123763001415856,3.0,0.401324443551438,62.874075877033405,0.28968056465411607,4597.9881901251965,80276.86477970473,5630.443913341878,5348.921717674784,3115.1844833089795,2173.8195699966263,2173.8195699966263,0.26662442976980805,0.25662442976980804,0.35064845896517083,44.01185311392338,18.862222763110022,9.431111381555011,0.00401324443551438,0.0005482507723078179,0.0033500418534343573,0.0030274648041188216,45,-45,45,-45,45,-45
0.48792927630962496,3.0,0.10571340486933237,12.461505728086863,0.2903276309241292,963.9476153838948,66013.99536819375,4153.8581715891905,3946.165263009731,2454.073208801238,1626.644711519889,1626.644711519889,0.2876399764728094,0.2776399764728094,0.31788352806713865,8.723054009660803,3.7384517184260586,1.8692258592130293,0.0010571340486933236,0.00013213946468484264,0.0008999950320874329,0.0007616830062401056,0,30,60,-60,-30,0
0.5442298270277446,3.0,0.32193950647489644,43.35835844276888,0.2223825395665153,3268.5352274088145,71822.63980035971,4789.8055721625715,4550.315293554443,2742.909223689378,1867.1051954738011,1867.1051954738011,0.24350866267343327,0.23350866267343326,0.3351669900241071,30.350850909938217,13.007507532830664,6.503753766415332,0.0032193950647489643,0.0004225805539075467,0.0027156650383530793,0.002371115205069525,0,45,-45,-45,45,0
0.6048048171984874,3.0,0.317666127056964,49.86063090173035,0.2580935802688971,3658.4677418656606,81390.86212331531,5679.1109167302275,5395.155370893716,3068.7736913770254,2028.7823405855,2028.7823405855,0.29809829575880525,0.28809829575880525,0.31575731647675814,34.902441631211246,14.958189270519105,7.479094635259552,0.00317666127056964,0.00042882506365801297,0.002633896306982387,0.0024371606991662915,0,90,90,90,90,0
0.5513089556646011,3.0,0.3177779444108665,42.63599714521465,0.2384051920972194,3203.8221938316324,74888.97164780878,4872.644689770768,4629.01245528223,2589.9654788326156,1933.8167193511442,1933.8167193511442,0.290361325712275,0.280361325712275,0.3508006332688645,29.845198001650253,12.790799143564396,6.395399571782198,0.003177779444108665,0.00039852594240454513,0.0026250219250372087,0.002469299156321118,45,-45,45,-45,45,-45
0.5718397367431898,3.0,0.18526347418614933,26.18350055130642,0.23218609853057473,1949.4770048026817,75755.24876522322,5043.95868084936,4791.760746806892,2851.6111151616687,1954.9146511605431,1954.9146511605431,0.24371392358220978,0.23371392358220977,0.34198361202667343,18.328450385914493,7.855050165391925,3.9275250826959627,0.0018526347418614934,0.0002419429766868971,0.0015573184996965919,0.0013773003835669563,0,45,-45,90,-45,45
0.4896342459244871,3.0,0.14022569602067048,17.536302262493457,0.2874877005918178,1355.4309728676876,66023.60891228831,4462.949504504965,4239.802029279716,2525.9946185372946,1693.4712765481079,1693.4712765481079,0.2652986168148988,0.2552986168148988,0.331836045301622,12.27541158374542,5.260890678748037,2.6304453393740186,0.0014022569602067047,0.00018592457737433255,0.001178792337542161,0.0010413503338725272,0,0,90,90,0,0
0.4991569352997847,3.0,0.1553910142458801,19.926904957908693,0.2998669858505308,1533.4355130781146,69180.16253304359,4556.994263779006,4329.144550590056,2615.441214193326,1810.445864491743,1810.445864491743,0.2737350843826874,0.2637350843826874,0.34468512534143253,13.948833470536085,5.978071487372608,2.989035743686304,0.001553910142458801,0.00020163053915742807,0.001311845295678546,0.0011428418759578984,45,45,-45,-45,45,45
0.6133640134958203,3.0,0.27484802496045857,40.65360217871131,0.2129622639216996,2971.714557207487,83189.31749420651,5186.064304494692,4926.761089269957,3122.7939295073306,2089.559798353729,2089.559798353729,0.25289537943386914,0.24289537943386913,0.3241641007532681,28.457521525097913,12.196080653613393,6.0980403268066965,0.0027484802496045855,0.0003420814400488351,0.002351702550823216,0.0019527514349205737,0,45,-45,-45,45,0
0.47898283137166797,3.0,0.28694283168464024,36.15370089402976,0.29063055849291475,2808.2950273008532,67496.75155420121,4587.85740775474,4358.464537367003,2423.2724732579763,1674.9222538669408,1674.9222538669408,0.26354583798678666,0.25354583798678665,0.32749167405838114,25.307590625820833,10.846110268208928,5.423055134104464,0.0028694283168464027,0.00037494531281995615,0.002364090533824356,0.0022379056395640975,45,-45,45,-45,45,-45
0.5511467374368711,3.0,0.147141714638831,20.026211607856045,0.29811768141382067,1504.9516467287322,77502.34594052889,4976.337161856458,4727.520303763635,2585.7328771921148,1965.5470120236707,1965.5470120236707,0.25395697150084595,0.24395697150084594,0.34650810460400344,14.01834812549923,6.0078634823568136,3.0039317411784068,0.00147141714638831,0.00018087643613079986,0.001207286260345659,0.0011617332044137599,0,30,-30,-30,30,0
0.5333402047136014,3.0,0.4634972892955771,62.0248630688601,0.18618954532853677,4698.838586653001,71026.5191874337,4825.22905346658,4583.96760079325,2633.9437793670177,1800.1364884814247,1800.1364884814247,0.2632376267543118,0.2532376267543118,0.33297845197501574,43.41740414820207,18.60745892065803,9.303729460329015,0.004634972892955771,0.0006112844138345955,0.0038562851036656816,0.0035322429936469114,0,90,90,90,90,0
0.5187334630561714,3.0,0.5103680165932142,65.2565410793982,0.2237228485602215,4976.704280364005,69359.4697800405,4544.561476594759,4317.333402765021,2605.52162551057,1849.266829164764,1849.266829164764,0.30894600795533944,0.29894600795533943,0.3450604905976248,45.67957875557874,19.576962323819462,9.788481161909731,0.0051036801659321415,0.0006585918101802431,0.004307778082581574,0.0037568220758834076,45,45,-45,-45,45,45
0.5089112149932798,3.0,0.3481307721315764,42.61715097773828,0.18273602970899633,3264.8146297894405,71553.82440724396,4292.445909491478,4077.8236140169042,2578.115856751176,1804.5868491283443,1804.5868491283443,0.2807991143609492,0.27079911436094917,0.36693449751821333,29.832005684416792,12.785145293321483,6.392572646660741,0.003481307721315764,0.0004169169982393934,0.002978522167291824,0.0024795521232767134,0,45,-45,90,-45,45
0.5724299751419029,3.0,0.4321201084344018,63.30661312800914,0.2704042336740654,4712.213841506705,76262.09973105634,5237.619333767834,4975.7383670794425,2948.348159127089,1982.9095672864482,1982.9095672864482,0.24430197676548443,0.23430197676548442,0.3404918524512476,44.31462918960639,18.99198393840274,9.49599196920137,0.004321201084344018,0.0005810832555867863,0.003626071833047917,0.0032207837937337862,0,45,-45,-45,45,0
0.5745259348161588,3.0,0.22484557705581948,32.84368163072481,0.2168200607847408,2442.425936455637,76516.01133142326,5256.429999076596,4993.608499122765,2891.4013690971747,1915.4017899603905,1915.4017899603905,0.25710545238337845,0.24710545238337844,0.373335606246828,22.990577141507366,9.853104489217442,4.926552244608721,0.002248455770558195,0.0003004675327615476,0.0018744860087451655,0.001703863149980804,0,60,-60,-60,60,0
0.5099293792704138,3.0,0.14428637572935965,19.429628547376605,0.20102224767012705,1487.7686792675438,66723.1603196416,4924.250749912783,4678.038212417144,2577.772558989066,1759.5983880460522,1759.5983880460522,0.25819127564982786,0.24819127564982785,0.3674217022087543,13.600739983163622,5.828888564212981,2.9144442821064906,0.0014428637572935965,0.00020383836613866013,0.001183710753217882,0.0011306056742451545,0,30,60,-60,-30,0
0.5742961115070289,3.0,0.18403055229652485,26.022460911888185,0.24755494245435497,1935.3631666218896,79170.2769357733,5088.539219609258,4834.112258628795,2788.012542845759,1984.4582949937728,1984.4582949937728,0.2786668010572909,0.2686668010572909,0.3715431415584594,18.21572263832173,7.806738273566455,3.9033691367832275,0.0018403055229652486,0.00023008284602944095,0.0015341806236812152,0.0014000543673304317,45,45,-45,-45,45,45
0.5816866852366551,3.0,0.23562859389215865,35.51549268429008,0.19055564982292633,2632.7039634157727,79758.60144944492,5485.588879869629,5211.309435876147,2904.2157161029445,2096.737208374458,2096.737208374458,0.287162447562941,0.277162447562941,0.3364184278120926,24.860844879003054,10.654647805287023,5.327323902643512,0.0023562859389215864,0.0003117011134499535,0.0019422979079577402,0.0018343416685975527,45,-45,45,-45,45,-45
0.5103538597038992,3.0,0.49328860313544254,61.7559246001336,0.2989440036931501,4727.8626799085505,68906.06776797031,4428.324895691572,4206.908650906993,2581.8551810551603,1677.7442556634062,1677.7442556634062,0.2693097723927592,0.2593097723927592,0.3597025450188278,43.22914722009352,18.52677738004008,9.26338869002004,0.004932886031354425,0.0006273634328642938,0.00418369876114222,0.0035878808222830883,45,-45,45,-45,45,-45
0.5163625250515409,3.0,0.33044464818982017,43.42795006429531,0.2659719810907086,3315.572556171688,71238.20147226001,4731.10284712199,4494.54770476589,2593.6704729523826,1872.9780825591488,1872.9780825591488,0.2553691379399369,0.24536913793993687,0.3003426248506348,30.399565045006714,13.028385019288592,6.514192509644296,0.003304446481898202,0.0004267312258977261,0.0027537733674959063,0.0025115729147462485,0,45,-45,-45,45,0
0.5508420603357733,3.0,0.33575429013547603,46.04230688166365,0.24339772746819066,3460.5130163269764,74472.98050207213,4964.460042219066,4716.2370401081125,2670.336090276104,1976.0549657692334,1976.0549657692334,0.3092936344654195,0.2992936344654195,0.30181231901663497,32.22961481716455,13.812692064499094,6.906346032249547,0.00335754290135476,0.00043276923522978644,0.0027823150850308695,0.0025863208969832156,45,45,-45,-45,45,45
0.6289835764771041,3.0,0.27551696889971516,44.598176137111814,0.24869874909465362,3237.875359447685,83897.29730299082,5904.844847249347,5609.60260488688,3106.664688424228,2198.511902525824,2198.511902525824,0.3179376666268253,0.3079376666268253,0.3354441599486678,31.21872329597827,13.379452841133544,6.689726420566772,0.002755169688997152,0.0003721064241584975,0.0022658432502872775,0.002153346785539303,0,60,-60,-60,60,0
0.5189009703355094,3.0,0.29101028716093474,38.591891736592835,0.27039715387155805,2942.934296428916,70156.56887941083,4839.67905827961,4597.695105365629,2539.662322649303,1757.110484793132,1757.110484793132,0.253609952449252,0.243609952449252,0.3015775155209188,27.014324215614984,11.57756752097785,5.788783760488925,0.0029101028716093475,0.0003850576595621255,0.0023922180337911493,0.002279351750373739,0,30,60,-60,-30,0
0.6359769087905931,3.0,0.07354669647006522,11.457674995743625,0.18875536093921627,829.3131076143179,84755.95949930917,5436.544295452767,5164.717080680129,3342.314383213694,2244.1993507143857,2244.1993507143857,0.2723794598937014,0.26237945989370137,0.33589852155330074,8.020372497020537,3.4373024987230876,1.7186512493615438,0.0007354669647006522,9.462900950446922e-05,0.0006322587128735648,0.0005142099312958797,0,90,90,90,90,0
0.5250227306151141,3.0,0.1718563209740875,23.90445963264007,0.1845439339971754,1817.810776646189,72491.62707028,5187.570800664593,4928.192260631363,2549.348626908054,1776.2543223942976,1776.2543223942976,0.2482345059036211,0.23823450590362108,0.3384410971855479,16.73312174284805,7.171337889792021,3.5856689448960104,0.001718563209740875,0.0002308283372730127,0.001382407713620657,0.0014065039622473466,45,45,-45,-45,45,45
0.4775269570264739,3.0,0.14907796119716282,17.60449419558698,0.18053388297706355,1368.3849879552972,65801.17993518875,4221.762248416554,4010.674135995726,2366.8286619759697,1707.8717358844142,1707.8717358844142,0.27240213812007824,0.26240213812007823,0.35699850270078937,12.323145936910885,5.281348258676094,2.640674129338047,0.0014907796119716283,0.0001872784948392816,0.0012509819236402894,0.0011157014327912757,0,30,-30,-30,30,0
0.5753844031409379,3.0,0.08994118466799088,13.245155029374919,0.2020968224032091,984.6010503313762,78555.12377239573,5339.122472993294,5072.166349343629,2860.9336907365996,1971.3775392031594,1971.3775392031594,0.264475439714446,0.254475439714446,0.3209038560819331,9.271608520562443,3.9735465088124755,1.9867732544062378,0.0008994118466799087,0.0001180267826631633,0.0007442321334473472,0.0006944492495017271,0,30,60,-60,-30,0
0.5806127168639477,3.0,0.1271241036796099,18.965525984007876,0.24112678603391907,1406.554530113049,80605.32016844612,5321.482259155972,5055.408146198173,3012.9175777508303,2047.9500247229464,2047.9500247229464,0.2606497199719646,0.2506497199719646,0.3643227022707324,13.275868188805513,5.689657795202362,2.844828897601181,0.0012712410367960991,0.00016470213332149883,0.0010691866510337262,0.0009442106609915533,0,30,-30,-30,30,0
0.6003452649547101,3.0,0.291394586802374,43.65442350146903,0.2850979959476853,3209.3952170076145,80237.31956423027,5338.450864889119,5071.528321644662,3034.8046882980084,2128.8894340606275,2128.8894340606275,0.2868055004874283,0.2768055004874283,0.31238915291430686,30.55809645102832,13.09632705044071,6.548163525220355,0.0029139458680237404,0.00038084642678730624,0.002453207378300507,0.002157688615175009,90,45,0,0,45,90
0.5236936406621194,3.0,0.19447233126221664,25.961869490960577,0.1859686518625282,1975.464143509027,68175.9328544446,4735.7810060421825,4498.9919557400735,2745.2891004454204,1787.2909651367893,1787.2909651367893,0.3100193447369581,0.30001934473695807,0.36601845736793803,18.173308643672403,7.788560847288172,3.894280423644086,0.0019447233126221664,0.0002665648694895361,0.0016446201455158245,0.0014185319946858213,90,45,0,0,45,90
0.6219420129364412,3.0,0.34012610553247447,53.60988339771859,0.2258250494602588,3904.110233399946,85993.622444678,5729.773795357068,5443.285105589214,3039.6597660824673,2137.9603698323053,2137.9603698323053,0.31660739473553373,0.3066073947355337,0.32421306579051434,37.52691837840301,16.082965019315576,8.041482509657788,0.0034012610553247444,0.00043639187781099794,0.0028069109870179996,0.0026455205939122923,0,30,60,-60,-30,0
0.5256752029610743,3.0,0.10364969897911197,13.223610289173251,0.20396681964252394,1005.2880341010728,71231.33385638976,4550.041815300954,4322.539724535906,2572.485421632375,1726.4993550913246,1726.4993550913246,0.26656809502728035,0.25656809502728034,0.3358686205862767,9.256527202421275,3.967083086751975,1.9835415433759875,0.0010364969897911198,0.00012995021574470944,0.0008718783799769496,0.0007710603631399115,0,30,60,-60,-30,0
0.6225328251506183,3.0,0.3495271408532114,53.99042588379206,0.26017997722309977,3930.808278671224,83393.99233185258,5411.4962636402915,5140.921450458277,3277.445397700271,2167.5399659153013,2167.5399659153013,0.2474047150990666,0.2374047150990666,0.34432156016565685,37.793298118654434,16.197127765137616,8.098563882568808,0.003495271408532114,0.0004531896970259232,0.002993095989729442,0.0024709988725522126,0,90,90,90,90,0
0.595192314579764,3.0,0.04741295637354151,7.5341021929930765,0.2202535111139113,555.1556083926224,80260.4910885975,5955.978650297504,5658.179717782628,2889.783342940839,2096.911297169037,2096.911297169037,0.2740332379821638,0.26403323798216377,0.32007303431620515,5.273871535095153,2.2602306578979228,1.1301153289489614,0.00047412956373541507,6.570943515999001e-05,0.0003794893821160731,0.00039107268429296145,0,0,90,90,0,0
0.519392005073506,3.0,0.20287875972028074,26.92296442624002,0.2565848086295235,2052.625940791766,70277.64997682734,4776.807844896429,4537.967452651607,2623.1680721092207,1852.0840719919966,1852.0840719919966,0.26625148128278353,0.2562514812827835,0.30691873569963074,18.846075098368015,8.076889327872006,4.038444663936003,0.0020287875972028074,0.0002681659831337863,0.0016908549789168106,0.0015395295127577531,45,45,-45,-45,45,45
0.622764990052751,3.0,0.10334369523982023,15.84826238237184,0.18493838400628804,1153.7261031471598,84451.79240413356,5509.2183581748795,5233.757440266136,3038.966294329007,2108.3855438374085,2108.3855438374085,0.26750451585550805,0.25750451585550804,0.3612672548477353,11.093783667660286,4.754478714711552,2.377239357355776,0.0010334369523982024,0.00013136232342556285,0.0008630042241213032,0.0007822526237924801,0,0,90,90,0,0
0.5985138123511303,3.0,0.10909877285098671,16.631661320157605,0.20961073671326513,1223.7186303854874,78795.48870331544,5462.574748859912,5189.446011416916,3051.7869068441064,2061.832722042432,2061.832722042432,0.3063542848130563,0.2963542848130563,0.3221704249873115,11.642162924110323,4.989498396047281,2.4947491980236407,0.001090987728509867,0.00014775164309147133,0.0009133968184304726,0.0008174716237325673,90,45,0,0,45,90
0.4584678901218352,3.0,0.34316092828235145,39.794425698141275,0.284249493096424,3120.9338071498014,62795.49016996363,4311.339935375336,4095.772938606569,2134.1571525797867,1685.8677482340097,1685.8677482340097,0.29329429216920183,0.2832942921692018,0.3163024776757384,27.85609798869889,11.938327709442381,5.969163854721191,0.0034316092828235146,0.00044360029539228013,0.0027690527512076258,0.002796965465971246,0,45,-45,90,-45,45
0.632643211701721,3.0,0.30116102257710264,47.73234116925437,0.27037896228250513,3459.9034561278663,85957.55014506164,5631.439323534578,5349.867357357849,3232.646146513814,2119.0638422828915,2119.0638422828915,0.2733335528770039,0.2633335528770039,0.3290987183647533,33.41263881847806,14.31970235077631,7.159851175388155,0.0030116102257710265,0.0003887109248936366,0.002542813928746823,0.002214857689608113,45,-45,45,-45,45,-45
0.5789210679668667,3.0,0.1055929188420729,15.357624709201303,0.18927192363043843,1139.8370585676225,77049.94684031371,5173.167424740391,4914.5090535033705,2962.514662717139,1984.2979327551445,1984.2979327551445,0.3027248726112566,0.29272487261125657,0.3662580021851457,10.750337296440911,4.607287412760391,2.3036437063801953,0.001055929188420729,0.00013952426623630283,0.000890612469011981,0.0007775974024268138,90,45,0,0,45,90
0.5131393811676386,3.0,0.48967588420496794,65.21916865318808,0.19744052534725706,4986.618627376278,68928.0111913675,4829.161169817163,4587.703111326305,2591.687115790739,1743.432369241831,1743.432369241831,0.26045021951752717,0.25045021951752716,0.3577263395439081,45.653418057231654,19.565750595956423,9.782875297978212,0.004896758842049679,0.0006623347644614655,0.0040515836825336694,0.0037747130964894265,0,45,-45,-45,45,0
0.6158076511503365,3.0,0.33635585896270415,49.78319065118016,0.20629400089015615,3635.1771308423486,83864.77563203394,5293.988384742429,5029.288965505307,2960.040560281222,2169.676300100812,2169.676300100812,0.24687991773079623,0.23687991773079622,0.3152608761973331,34.84823345582611,14.934957195354048,7.467478597677024,0.0033635585896270416,0.00041552884620745455,0.0028211163512178138,0.002522762254638689,45,-45,45,-45,45,-45
0.541106181237983,3.0,0.31437014645065364,40.116781492052446,0.2916218314493725,3028.4502570185473,72891.86944010071,4568.5322740149495,4340.1056603142015,2545.2613758378993,1938.3101969235252,1938.3101969235252,0.2729315453510179,0.26293154535101787,0.3249744058085437,28.08174704443671,12.035034447615734,6.017517223807867,0.003143701464506536,0.0003852521174191182,0.0026343328066366096,0.002364204038505437,45,-45,45,-45,45,-45
0.5875674119858996,3.0,0.3276690757085287,48.26101369133315,0.18490027168102574,3568.175265408435,76552.78230615621,5312.768588761587,5047.1301593235075,2900.167149552237,2030.0806013154204,2030.0806013154204,0.2983480355961712,0.28834803559617117,0.32837244608450916,33.7827095839332,14.478304107399943,7.239152053699971,0.0032766907570852873,0.000441299565688241,0.0027251900521371763,0.0024961154583168213,0,45,-45,90,-45,45
0.4826833155080526,3.0,0.4439899960542275,53.92514659147002,0.20718066983174105,4181.508133365076,65609.8944478497,4420.018709408597,4199.017773938167,2337.8254081320824,1643.4563294808847,1643.4563294808847,0.2981846847701945,0.2881846847701945,0.33748360235801655,37.74760261402901,16.177543977441005,8.088771988720502,0.004439899960542275,0.000575333993930334,0.0036600623302804024,0.0034599555469727802,0,45,-45,90,-45,45
0.6419884838688797,3.0,0.17471086986872378,28.955126035044486,0.19773041340865288,2090.331394038911,86822.07953837713,6070.264526698638,5766.751300363706,3150.716070077302,2244.4345304428957,2244.4345304428957,0.314597764106886,0.304597764106886,0.3516791568162409,20.26858822453114,8.686537810513345,4.343268905256672,0.0017471086986872377,0.00023344969773008038,0.0014309982328294987,0.0013785021590822404,0,90,90,90,90,0
0.6401297758297871,3.0,0.38371566299958076,64.70940464602792,0.2780867444899783,4675.271981374476,88204.84595599648,6063.596694092468,5760.416859387845,3344.963317809165,2248.5313815836107,2248.5313815836107,0.2741545487813069,0.2641545487813069,0.3585338226774231,45.29658325221954,19.412821393808375,9.706410696904188,0.0038371566299958077,0.0005135384882914147,0.0032015357176907147,0.0029017988464105342,45,-45,45,-45,45,-45
0.6159973297969777,3.0,0.4177642534094881,65.02530300526112,0.2045026367570405,4747.764242861252,82893.727530366,5538.689977224661,5261.755478363428,3165.789318161704,2201.5328829885243,2201.5328829885243,0.2991007535904998,0.2891007535904998,0.37684243711237636,45.51771210368278,19.507590901578336,9.753795450789168,0.004177642534094881,0.0005491092445686983,0.0035220586423494395,0.0030809995456213607,0,90,90,90,90,0
0.5041079257370832,3.0,0.22040776211943663,27.14574100630564,0.2791978486788345,2084.182385195394,67072.22651254127,4368.874299167965,4150.430584209566,2522.2754823702094,1862.0489782014351,1862.0489782014351,0.29980047102111623,0.2898004710211162,0.3139641906860217,19.00201870441395,8.143722301891692,4.071861150945846,0.0022040776211943664,0.00028330681255766757,0.0018640321840897626,0.001614360199512971,0,30,60,-60,-30,0
0.5560799078837008,3.0,0.3083700353925893,45.43423898970631,0.2013895203781312,3406.7640691259835,75526.4013179766,5342.233195114592,5075.121535358861,2868.5968605679486,1882.6704437370565,1882.6704437370565,0.24849739587011482,0.23849739587011481,0.35919548505454507,31.803967292794415,13.630271696911892,6.815135848455946,0.003083700353925893,0.000421097347918052,0.00255141832995546,0.0023757733065031066,0,30,60,-60,-30,0
0.46104044664161425,3.0,0.458540945477292,52.12034851964143,0.27717230148575456,4082.669413915224,62541.1618782323,4173.612128709937,3964.93152227444,2143.7427063440978,1608.8176596112974,1608.8176596112974,0.2450344010376437,0.2350344010376437,0.37555846850581975,36.484243963749,15.636104555892429,7.818052277946214,0.00458540945477292,0.0005833637058867544,0.003746420144874734,0.0036469172605508183,45,45,-45,-45,45,45
0.586578931189729,3.0,0.13009505381071254,19.511088205572587,0.1953949709252532,1443.1840174704942,79632.41008755652,5477.497599371063,5203.62271940251,2866.73738846489,2052.736556827455,2052.736556827455,0.2680293675771958,0.2580293675771958,0.3292925094241936,13.65776174390081,5.853326461671776,2.926663230835888,0.0013009505381071254,0.00017151008903138788,0.0010686132408974248,0.0010209038479116108,45,-45,45,-45,45,-45
0.6267674472197263,3.0,0.3840369632904328,61.40480485226891,0.28950990572367624,4462.362393616935,83861.1625401052,5668.431946018996,5385.010348718046,3287.7274137324493,2174.250716833329,2174.250716833329,0.2930590422808441,0.2830590422808441,0.31897142905528736,42.98336339658823,18.42144145568067,9.210720727840336,0.003840369632904328,0.0005125538699279557,0.0032498302230863437,0.0028015463475981137,90,45,0,0,45,90
0.6220859298696968,3.0,0.4226006104737086,66.45793774913685,0.2100610843306794,4839.458390981883,85106.90221982854,5660.195041343755,5377.185289276567,3105.179194797557,2139.858268151186,2139.858268151186,0.28054615729740395,0.27054615729740394,0.3090172853062288,46.52055642439579,19.937381324741054,9.968690662370527,0.004226006104737086,0.0005466132030541379,0.0035223841544527114,0.0032103431193511002,0,45,-45,90,-45,45
0.5752097754490819,3.0,0.19851079148540837,28.669137931671585,0.28498788846677936,2131.3349681168106,77178.38547803328,5126.731472206183,4870.394898595873,2955.4470063320537,2086.743901377778,2086.743901377778,0.24809145706620825,0.23809145706620824,0.34297497234616264,20.068396552170107,8.600741379501475,4.300370689750737,0.001985107914854084,0.0002600261255514606,0.001677626656697181,0.0014550660798644608,0,90,90,90,90,0
0.5154224512042322,3.0,0.5133552185852831,64.3498566631296,0.19321927152639878,4915.0037102912365,69185.91695758355,4452.681349900187,4230.047282405178,2555.7112542679406,1900.2431789769341,1900.2431789769341,0.275493565958616,0.265493565958616,0.31996457456212446,45.044899664190716,19.30495699893888,9.65247849946944,0.005133552185852831,0.0006510703571625249,0.004335580177856568,0.0037768266987712983,0,30,-30,-30,30,0
0.5358846766043056,3.0,0.16984364666573165,23.360070899229196,0.26082262212740615,1767.6523917438358,73275.56357254239,4910.451776411058,4664.929187590505,2773.4782152800094,1769.811232461034,1769.811232461034,0.3073145480915101,0.2973145480915101,0.341505139932304,16.352049629460435,7.008021269768759,3.5040106348843794,0.0016984364666573165,0.00022315829223574647,0.0014271642587824717,0.0012633993717995062,90,45,0,0,45,90
0.6179223179078429,3.0,0.16954754345297673,25.22784972939976,0.27025980802373284,1840.436791893976,85153.13947380643,5244.249936649034,4982.037439816582,3092.071793422007,2097.6139952089216,2097.6139952089216,0.28397032608582695,0.27397032608582694,0.34787460813326265,17.659494810579833,7.568354918819928,3.784177459409964,0.0016954754345297673,0.00020738512895360705,0.0014431720475275344,0.0012238323403293303,0,45,-45,90,-45,45
0.569978285135459,3.0,0.17672574863040455,24.225754145842874,0.24607697529832834,1805.2153014811706,78988.42087450254,4801.155172248037,4561.097413635635,2898.879019285171,2052.4346732009126,2052.4346732009126,0.2630289120392626,0.2530289120392626,0.3051479185739943,16.95802790209001,7.267726243752862,3.633863121876431,0.0017672574863040456,0.0002146900484190343,0.0015137453348232246,0.0012535407989438959,0,45,-45,90,-45,45
0.4852194858536784,3.0,0.48518899461210063,57.52659822596217,0.25945059219084143,4455.517481612237,66577.93766780259,4241.649060780599,4029.566607741569,2371.330734162164,1704.2031292136612,1704.2031292136612,0.31435499413421597,0.30435499413421596,0.32910774248203867,40.26861875817352,17.25797946778865,8.628989733894326,0.004851889946121006,0.0006048342764700508,0.0040686957408524104,0.0036388807388114553,0,45,-45,90,-45,45
0.4702398891853549,3.0,0.5301938484168213,60.22688219622686,0.200962080590477,4697.3573420335615,65010.60190483303,4044.4500932063474,3842.22758854603,2297.2275884721885,1610.4833606049024,1610.4833606049024,0.3103390575119982,0.3003390575119982,0.31184265760820495,42.1588175373588,18.068064658868057,9.034032329434028,0.005301938484168212,0.000648491419892924,0.004467372384991925,0.0039325804612342615,90,45,0,0,45,90
0.5502466379052553,3.0,0.18475606246186596,26.163474829052387,0.28352721759155214,1966.9597043703113,74203.85812171492,5184.566699150238,4925.338364192726,2694.6140871678813,1829.7267490273339,1829.7267490273339,0.3001710617863139,0.2901710617863139,0.3558593819191352,18.31443238033667,7.849042448715716,3.924521224357858,0.0018475606246186596,0.00024681240091715875,0.0015139244809025587,0.0014564316437915773,0,90,90,90,90,0
0.526912813426184,3.0,0.38487049314984045,49.04379136909666,0.21892079918443672,3726.3136815251332,73769.87951255609,4536.2948018587,4309.480061765765,2576.532526520661,1878.3968987566855,1878.3968987566855,0.2791623039464382,0.2691623039464382,0.34909710533807353,34.33065395836766,14.713137410728997,7.356568705364499,0.0038487049314984046,0.0004653749495757869,0.003243426199880228,0.0028552205841153415,0,30,-30,-30,30,0
0.6082266246719097,3.0,0.04906601102683865,7.404242257949817,0.2501535854659005,542.4607743244275,80515.87126547468,5446.024533802195,5173.723307112085,2963.1142184193377,2157.962504956267,2157.962504956267,0.28595741274170866,0.27595741274170865,0.3379997960571499,5.182969580564872,2.221272677384945,1.1106363386924725,0.0004906601102683865,6.437202378989018e-05,0.0004078704867372571,0.0003748206301966103,0,30,-30,-30,30,0
0.5563312856937771,3.0,0.42939511606771086,60.524807258620285,0.18807648848027958,4537.776503898956,74387.30786164761,5101.715949407354,4846.630151936986,2750.738598651533,1963.3106472578793,1963.3106472578793,0.28783604104958055,0.27783604104958054,0.334332143190333,42.367365081034194,18.157442177586084,9.078721088793042,0.004293951160677109,0.0005695509932935459,0.0035590852877050833,0.0033004666794742375,45,-45,45,-45,45,-45
0.45942498331911447,3.0,0.19550983948587447,22.847264158581446,0.2653065219275388,1791.0222072454123,61223.26923852754,4138.125885112092,3931.2195908564872,2410.480469858824,1656.4366756582776,1656.4366756582776,0.306850660724266,0.29685066072426597,0.3484473314875819,15.993084911007012,6.854179247574433,3.4270896237872166,0.001955098394858745,0.0002612255946133408,0.001656348655857474,0.0014217454431348009,45,45,-45,-45,45,45
0.4637476603956823,3.0,0.22835945877868732,24.324707310026323,0.23314905975849956,1902.9715645006265,62224.18257330719,3702.8188207027624,3517.677879667624,2302.144043042667,1590.4425674711936,1590.4425674711936,0.29878797231879495,0.28878797231879494,0.36149840259212607,17.027295117018426,7.297412193007896,3.648706096503948,0.0022835945877868733,0.00027364433589719447,0.001970772145860194,0.0015849165075186066,0,90,90,90,90,0
0.5107316834219738,3.0,0.14487024771656629,17.100929788787887,0.23055282726618287,1308.972685077103,68209.24087889283,4151.5125133781685,3943.9368877092597,2466.4056191603268,1743.0127183514937,1743.0127183514937,0.2610057968928124,0.2510057968928124,0.35691246779836583,11.97065085215152,5.130278936636366,2.565139468318183,0.0014487024771656627,0.00017549896022748152,0.0012357614050551799,0.0010400314726786383,0,90,90,90,90,0
0.4596217056033336,3.0,0.24674385212639002,28.8518491433939,0.24752436636522035,2261.518986140781,62687.502148327396,4217.068420113967,4006.214999108268,2299.097418569089,1516.2115898215839,1516.2115898215839,0.24650117551580178,0.23650117551580177,0.3347683427294888,20.196294400375727,8.65555474301817,4.327777371509085,0.0024674385212639003,0.0003221741768014376,0.0020525051720133706,0.00188238103203239,45,-45,45,-45,45,-45
0.6266762364183045,3.0,0.27064959657220294,43.460891870958385,0.2333880981560198,3158.481868868907,83120.01524669807,5775.766702824068,5486.978367682864,3184.6053715047815,2145.002779086972,2145.002779086972,0.30395726259415623,0.2939572625941562,0.31066089155448245,30.422624309670866,13.038267561287515,6.519133780643758,0.0027064959657220294,0.0003660084062710684,0.0022574089696026744,0.0020470774303703925,0,45,-45,-45,45,0
0.5993449752583597,3.0,0.05180342520868371,7.740037909233637,0.23022369324439837,569.2849473225643,80570.05521609982,5386.614160328578,5117.283452312148,2939.1980379807214,2134.3152436320856,2134.3152436320856,0.2605713629712957,0.2505713629712957,0.3713510561473453,5.418026536463546,2.322011372770091,1.1610056863850455,0.0005180342520868371,6.724615642786472e-05,0.0004310706695629469,0.00039500764201063363,0,45,-45,90,-45,45
0.6164566969821619,3.0,0.4026396359034897,60.409021711442016,0.25382274459962206,4409.823159599071,84068.76748032746,5305.668268090104,5040.384854685599,3092.8890617024617,2179.8577329339396,2179.8577329339396,0.2531932326886891,0.2431932326886891,0.3462448610549354,42.28631519800941,18.122706513432604,9.061353256716302,0.004026396359034897,0.0005029967307169649,0.0034157255217835704,0.002929737561207105,0,0,90,90,0,0
0.6008862388453962,3.0,0.39698765713798695,59.919407903147835,0.22440597126403922,4404.116860771894,82600.62688516891,5475.474777372334,5201.7010385037165,2924.022683119351,2146.2191334823497,2146.2191334823497,0.24121520837456034,0.23121520837456033,0.30558708739948026,41.943585532203485,17.97582237094435,8.987911185472175,0.003969876571379869,0.0005077877385908136,0.0032829705371359413,0.003073817189367307,0,0,90,90,0,0
0.6038659919036304,3.0,0.2724866513341123,40.26177443181449,0.2870447419240498,2955.383933064001,82262.49297868049,5318.954930227695,5053.00718371631,2911.867203349336,2211.0180740566943,2211.0180740566943,0.2499112487430686,0.2399112487430686,0.37205453598097943,28.18324210227014,12.078532329544347,6.039266164772173,0.002724866513341123,0.00034260136158983457,0.002270846902819552,0.0020740184022903204,0,45,-45,-45,45,0
0.6208177493264422,3.0,0.38262390634501353,57.73430234974798,0.1864458438174271,4206.535204210539,85822.06957659163,5344.781617029609,5077.542536178128,3094.142120964299,2184.6180465091857,2184.6180465091857,0.27316384192722554,0.26316384192722553,0.37230897567808174,40.41401164482358,17.320290704924393,8.660145352462196,0.0038262390634501353,0.0004709046501000098,0.0032405983903511172,0.0027988841539583953,0,30,-30,-30,30,0
0.46152469430941134,3.0,0.44913579067151915,50.75996011140587,0.2539304690329407,3975.203314433562,62913.69386873017,4058.8240028992877,3855.882802754323,2239.9616479689853,1676.9219709157728,1676.9219709157728,0.25586384095999626,0.24586384095999625,0.366099649695957,35.53197207798411,15.22798803342176,7.61399401671088,0.004491357906715191,0.0005647732614797948,0.0037518227009952013,0.003399162670313855,90,45,0,0,45,90
0.64935133462886,3.0,0.08183192262619107,13.221895670931062,0.19180071202468676,951.4819303027177,87899.33019814815,5731.299364107491,5444.734395902116,3309.407595966096,2261.485717946771,2261.485717946771,0.30403598498547607,0.29403598498547606,0.3705250559891506,9.255326969651742,3.9665687012793183,1.9832843506396591,0.0008183192262619108,0.00010529462452999137,0.0006920889050256432,0.0005992868189029132,45,45,-45,-45,45,45
0.5145072843877717,3.0,0.18919893468776983,24.135857076680857,0.2887575828399349,1844.255862384943,69938.92091836002,4592.921055231559,4363.275002469981,2515.238892729957,1818.1057964567635,1818.1057964567635,0.25247210314031776,0.24247210314031775,0.3761837438212505,16.8950999536766,7.240757123004257,3.6203785615021284,0.0018919893468776982,0.00024156935411397492,0.0015765037186425586,0.001439377616164598,0,0,90,90,0,0
0.5725484313400654,3.0,0.4477700100054924,61.980658096934405,0.2601642052912113,4613.272611469032,77162.09965443707,4900.711135791162,4655.675579001603,2845.4483788345697,2010.0035116945442,2010.0035116945442,0.3117554233466646,0.3017554233466646,0.35440486843440755,43.38646066785408,18.59419742908032,9.29709871454016,0.004477700100054924,0.0005622768284190828,0.0037941835202817986,0.0032673580669026364,0,60,-60,-60,60,0
0.48662806916995605,3.0,0.5209857748885095,62.776213267608384,0.2944773818720501,4858.927130197518,66851.26172173378,4301.49843410294,4086.4235123977933,2424.563452333601,1697.0354052943521,1697.0354052943521,0.30023086429262646,0.29023086429262646,0.30687271239599667,43.943349287325866,18.832863980282514,9.416431990141257,0.0052098577488850955,0.0006573301409065192,0.004378210121145849,0.0038837638920433703,0,90,90,90,90,0
0.5718977774179038,3.0,0.2557521333973568,36.525876985563585,0.1971443542249029,2719.44199790507,74676.4848921318,5050.099998205367,4797.594998295099,2957.794087306848,2025.7811444440601,2025.7811444440601,0.2995716771361227,0.2895716771361227,0.37454591854183605,25.56811388989451,10.957763095669074,5.478881547834537,0.002557521333973568,0.00034238507512541555,0.002169811112564719,0.0018523539455794938,90,45,0,0,45,90
0.5326584997905609,3.0,0.350832262756357,43.19538757793708,0.22300887510025147,3273.381932234405,74187.97898519399,4239.535371989863,4027.5586033903696,2738.3324145570778,1863.7858317062287,1863.7858317062287,0.2594240744196222,0.24942407441962217,0.34216176394339004,30.236771304555955,12.958616273381125,6.4793081366905625,0.0035083226275635696,0.00040756968606181385,0.003056612372902289,0.0023661510568425944,0,30,-30,-30,30,0
0.4946889233459678,3.0,0.4077037260718267,47.79034557387445,0.18450669881044093,3685.2138687642696,66165.49048319706,4079.9223590695065,3875.926241116031,2528.7937385168043,1836.396466877665,1836.396466877665,0.31954788535576256,0.30954788535576255,0.337199986040281,33.45324190171211,14.337103672162334,7.168551836081167,0.004077037260718267,0.000505599545282713,0.0035140628694297375,0.002834771269358523,0,45,-45,-45,45,0
0.4987137111611114,3.0,0.4818215768414015,57.900318420101925,0.2685079393467956,4456.516355661046,67916.47471452082,4202.372743801529,3992.2541066114527,2555.7388325475995,1781.5642257050908,1781.5642257050908,0.29525638504170404,0.28525638504170403,0.31059611185153635,40.53022289407134,17.37009552603058,8.68504776301529,0.0048182157684140145,0.0005967657047047204,0.004133401910064106,0.0033982532379327277,90,45,0,0,45,90
0.47283688081290404,3.0,0.35335461249592653,42.549441834708894,0.27263065631215677,3314.588399478157,64086.10030258433,4331.307309720171,4114.7419442341625,2383.723743522966,1639.068461009224,1639.068461009224,0.2731145446540947,0.2631145446540947,0.34841954886540677,29.784609284296224,12.764832550412669,6.382416275206334,0.0035335461249592654,0.00046475927141248025,0.0029471084911860835,0.0026774983017845847,0,0,90,90,0,0
0.5628706613898249,3.0,0.3616261083850522,50.44622274383522,0.24105130586630155,3771.0531619438184,76771.85878800278,4954.790763674383,4707.0512254906635,2845.2450590285,1971.7426371549898,1971.7426371549898,0.2811008360761352,0.27110083607613517,0.30597544960265216,35.31235592068465,15.133866823150566,7.566933411575283,0.0036162610838505224,0.0004599648423023848,0.0030543906988168283,0.0026595014680946285,45,45,-45,-45,45,45
0.5858020056339039,3.0,0.25799455537408467,38.60265849175188,0.2659848232802331,2856.32226295108,79430.5909984945,5442.152101194834,5170.044496135092,2886.4934759849757,2164.030037247264,2164.030037247264,0.27280404106367817,0.26280404106367816,0.3556746881921735,27.021860944226315,11.580797547525565,5.7903987737627824,0.0025799455537408467,0.00034019463539857684,0.0021279812346632096,0.0020060321708459394,0,45,-45,90,-45,45
0.5941836380157353,3.0,0.19767293738723363,29.1375251233124,0.20087850708835217,2147.9768816011583,81115.90887645139,5168.434980586461,4910.013231557138,3115.819604603406,2058.539583363774,2058.539583363774,0.30334638745557474,0.29334638745557473,0.3536751419937292,20.39626758631868,8.74125753699372,4.37062876849686,0.0019767293738723363,0.0002514459600937774,0.0016912774504907965,0.0014027220196058722,90,45,0,0,45,90
0.5096747981330265,3.0,0.3641806938617002,44.92150668534219,0.2199440100739609,3440.139289713643,68210.5515485905,4464.71220650528,4241.476596180016,2400.6142964898827,1767.1460470972206,1767.1460470972206,0.2778688810557972,0.2678688810557972,0.315875146930581,31.445054679739528,13.476452005602656,6.738226002801328,0.0036418069386170023,0.0004609998594915233,0.003018436885129321,0.0028068757287056864,45,-45,45,-45,45,-45
0.5165649724630198,3.0,0.3092098597212169,39.99675453990301,0.2124882819395312,3053.329585910479,70382.35016721264,4682.43178609385,4448.310196789157,2519.0682500526023,1860.0083124672901,1860.0083124672901,0.24800843430137684,0.23800843430137683,0.36282700411901997,27.997728177932103,11.999026361970902,5.999513180985451,0.0030920985972121688,0.0003977947327904765,0.002562562982253428,0.002381639791164916,0,45,-45,90,-45,45
0.6489722807277218,3.0,0.05198110231361208,8.428531779234792,0.28363200838249847,606.6383095343062,87599.39141305536,5748.233963738181,5460.822265551272,3327.7713430433278,2299.7500434083445,2299.7500434083445,0.2810974832933643,0.2710974832933643,0.3443559905597222,5.899972245464354,2.5285595337704376,1.2642797668852188,0.0005198110231361209,6.73517492563887e-05,0.0004398845888531074,0.0003799178598998945,0,30,60,-60,-30,0
0.5703276738277726,3.0,0.321808695841018,45.72934642271056,0.1836800374156836,3407.0527578687784,74428.53389238939,5024.2589989892695,4773.046049039805,2943.428583682848,1916.019447375612,1916.019447375612,0.29724351976939856,0.28724351976939855,0.3102637858339422,32.01054249589739,13.718803926813168,6.859401963406584,0.00321808695841018,0.00043008428114651596,0.0027305128835063996,0.002330412227914166,45,-45,45,-45,45,-45
0.489028844107663,3.0,0.18629695337924285,23.312199148337502,0.2564530095813886,1802.3726010021176,63231.16204792303,4491.710421509406,4267.124900433935,2498.0462292489588,1604.6970044307545,1604.6970044307545,0.2885908362743598,0.27859083627435977,0.31411218198835317,16.31853940383625,6.99365974450125,3.496829872250625,0.0018629695337924286,0.00025807748703824855,0.0015570148313681991,0.0013998259244793689,0,90,90,90,90,0
0.5062025215003056,3.0,0.1660838336686103,19.630705782403734,0.2173869766072753,1505.7437948334841,69640.04888479305,4192.071139677967,3982.4675826940684,2410.927852811807,1727.5483512396836,1727.5483512396836,0.2608455453140381,0.2508455453140381,0.3126440232895077,13.741494047682613,5.88921173472112,2.94460586736056,0.0016608383366861028,0.00019732171742750274,0.0014048453708191428,0.0012213579364999817,45,45,-45,-45,45,45
0.6185524569704036,3.0,0.42867600986029686,66.48812704048409,0.1901824784919846,4849.143083097727,82196.0040285638,5614.687334743727,5333.95296800654,3024.9357610342713,2153.6387770951987,2153.6387770951987,0.30217221995256077,0.29217221995256076,0.3093283236454813,46.54168892833886,19.946438112145227,9.973219056072613,0.004286760098602968,0.0005662281211646886,0.0035525465485346836,0.0032970019345675687,0,45,-45,-45,45,0
0.5558352438475724,3.0,0.406478332383318,56.668500379429,0.187335528283211,4249.60267460596,74516.61116369299,5029.021071793763,4777.5700182040755,2740.2069544060523,2044.542863713104,2044.542863713104,0.3105110963483867,0.3005110963483867,0.35083434182328666,39.6679502656003,17.000550113828698,8.500275056914349,0.00406478332383318,0.0005323370138030091,0.003380488940318737,0.0031020558659799503,90,45,0,0,45,90
0.5747057508740816,3.0,0.09607792239775742,14.814068885406318,0.21506821273584178,1101.562355982801,79250.86282653721,5680.048403752325,5396.045983564708,2898.9215902743617,2018.4757333316395,2018.4757333316395,0.26113125308651636,0.25113125308651635,0.34756689754422504,10.369848219784421,4.444220665621895,2.2221103328109475,0.0009607792239775743,0.0001308483952090433,0.0007824265481058183,0.0007665299883466807,0,0,90,90,0,0
0.6054358965662557,3.0,0.16136757954787395,24.78494435259178,0.2842562027032264,1818.0623206056518,80957.14603239756,5437.735670284217,5165.848886770006,3168.706148892888,2151.1852062774087,2151.1852062774087,0.28491948266161493,0.2749194826616149,0.31354402256155606,17.349461046814245,7.435483305777534,3.717741652888767,0.0016136757954787395,0.00021430425721617348,0.001367385940881694,0.0011732680400761383,45,45,-45,-45,45,45
0.6138799014268657,3.0,0.3875281679293269,60.870590006175604,0.27807266631339334,4448.538116388299,82209.99699431862,5749.905679982719,5462.410395983583,2989.9333369963533,2172.101478877481,2172.101478877481,0.2599468583352357,0.24994685833523567,0.32140261586932256,42.60941300432292,18.26117700185268,9.13058850092634,0.003875281679293269,0.0005182996540830378,0.003175908965850647,0.003053776613661496,45,-45,45,-45,45,-45
0.4979621088607559,3.0,0.3476740813677795,44.810797918690206,0.22725255736804856,3450.229620994469,65133.71093057193,4621.866185121225,4390.772875865163,2579.2372963477574,1724.2129806882913,1724.2129806882913,0.3052892481233026,0.2952892481233026,0.30298199103944307,31.367558543083142,13.443239375607062,6.721619687803531,0.003476740813677795,0.00048158715502205624,0.002908617176949805,0.0026060493531639977,0,60,-60,-60,60,0
0.5028383326470605,3.0,0.35422741274632014,45.604258476809115,0.18684707003183534,3503.4303901300814,70721.42815295258,4618.843557173445,4387.901379314773,2559.9832718776506,1812.9381384006572,1812.9381384006572,0.27663688081329446,0.26663688081329445,0.30364645229340353,31.92298093376638,13.681277543042734,6.840638771521367,0.0035422741274632012,0.0004513905016839456,0.0029620569247890156,0.002672141981031,0,60,-60,-60,60,0
0.5782128726230406,3.0,0.08074231045926797,11.2977192549566,0.24552626952905204,838.7769482522926,77484.74741281416,4938.056109023005,4691.153303571855,2902.7633276724437,2011.488884912204,2011.488884912204,0.27980477258532477,0.26980477258532476,0.32483213272240546,7.90840347846962,3.38931577648698,1.69465788824349,0.0008074231045926797,0.0001020640028202732,0.000686366396342458,0.0005838084945086918,0,30,-30,-30,30,0
0.5888766027507102,3.0,0.37497527533554653,53.82966011201613,0.20887841706789173,3977.5827581382587,78690.27352652227,5078.0052186685425,4824.104957735115,2961.0743662725117,2073.2072004609868,2073.2072004609868,0.24374439534523762,0.2337443953452376,0.3428356416847105,37.680762078411284,16.148898033604837,8.074449016802419,0.0037497527533554655,0.00047884904181596366,0.003180165702515582,0.0027268646504703545,0,30,-30,-30,30,0
0.6437983732753827,3.0,0.34032106857469985,54.0736749972624,0.20652266327330018,3900.6342924091355,84772.74026023,5677.71463958613,5393.828907606823,3196.6245740955114,2252.6168556461894,2252.6168556461894,0.2831384446124542,0.2731384446124542,0.36619141297884067,37.85157249808368,16.22210249917872,8.11105124958936,0.0034032106857469985,0.000446506416825613,0.0028571535430955033,0.0025373799961743685,0,30,60,-60,-30,0
0.5173087351774847,3.0,0.21516857356747443,28.14526142324563,0.26005137114667953,2147.8616013318137,70691.24107124447,4648.437177473563,4416.015318599884,2667.272628387828,1874.9611302788958,1874.9611302788958,0.24865843494694945,0.23865843494694944,0.35502614635009805,19.701682996271938,8.443578426973689,4.221789213486844,0.002151685735674744,0.00027870048251686614,0.001816433804438935,0.001582811283913864,0,0,90,90,0,0
0.6315890493088514,3.0,0.18326500133635823,30.24408017871098,0.24863530053697663,2193.2633495683904,86969.82460687078,5947.348769528519,5649.981331052093,3253.878884038433,2282.894106449797,2282.894106449797,0.27643811027533904,0.26643811027533904,0.3095086391656184,21.170856125097686,9.073224053613293,4.5366120268066465,0.0018326500133635823,0.00024342760515841201,0.001525591386215707,0.0013942166222168035,0,30,60,-60,-30,0
0.5638346853477553,3.0,0.07313370577446361,10.362630502787553,0.1987714593640038,774.3125025403519,73644.08302490816,5017.017941718631,4766.167044632699,2925.1523839889564,2001.0659193242511,2001.0659193242511,0.30857924102052386,0.29857924102052386,0.36080550166567127,7.253841351951286,3.108789150836266,1.554394575418133,0.0007313370577446361,9.84986309015195e-05,0.0006196488007318783,0.0005313892650264067,0,30,60,-60,-30,0
0.45202751382813994,3.0,0.1195872081042913,13.248213168181142,0.25513227741710526,1042.1681186260296,62689.558477238046,3967.8225986651637,3769.431468731905,2208.3737579880017,1658.970132224244,1658.970132224244,0.315901792416417,0.305901792416417,0.37831810069203287,9.273749217726799,3.9744639504543424,1.9872319752271712,0.001195872081042913,0.00014793132130758274,0.0010016738026018132,0.0008998621578612183,45,45,-45,-45,45,45
0.6286567972747965,3.0,0.3735215356375371,61.322628312115114,0.1959511261172399,4452.722334162412,86042.44490310612,5968.624109172015,5670.192903713414,3172.7357107898547,2318.7922555832292,2318.7922555832292,0.3139047103667265,0.3039047103667265,0.31390613193076033,42.925839818480576,18.396788493634535,9.198394246817267,0.0037352153563753707,0.0004988914467367832,0.0030822494694152536,0.0028991996451312742,0,30,-30,-30,30,0
0.541196969898812,3.0,0.0578687575772488,7.853648653460386,0.19493310333954772,592.8542961464633,74841.92795323824,4875.907619820908,4632.112238829862,2688.6493891695864,1928.7535648595256,1928.7535648595256,0.2576081258196351,0.2476081258196351,0.3340693246540341,5.49755405742227,2.356094596038116,1.178047298019058,0.000578687575772488,7.345553766141861e-05,0.00048321149204312764,0.0004381557903252341,0,45,-45,90,-45,45
0.5406638737956013,3.0,0.38432779011860796,53.06385986218402,0.18067193266370887,4006.639006519248,72746.42120244031,4893.060061209518,4648.407058149041,2840.7673686771923,1877.9407315727565,1877.9407315727565,0.2801706230907705,0.2701706230907705,0.33454784009077576,37.14470190352881,15.919157958655205,7.959578979327603,0.0038432779011860797,0.0005106052131439117,0.003253415604859782,0.002801911577516463,0,45,-45,-45,45,0
0.6198131297274814,3.0,0.055077707285193574,8.567286338786472,0.20702907632395343,624.4888140784038,84536.30393812884,5547.608103113324,5270.227697957658,3141.3071430129685,2188.1838631961377,2188.1838631961377,0.31094447514245055,0.30094447514245054,0.3508090561579977,5.99710043715053,2.5701859016359414,1.2850929508179707,0.0005507770728519358,7.094112420078999e-05,0.00046329622674564014,0.00040909496980463377,0,60,-60,-60,60,0
0.5306286504901787,3.0,0.21484833016544158,30.40682116343144,0.19854176497873768,2306.3825274956557,74195.91083668146,5317.767208180885,5051.878847771841,2556.79389656817,1781.6320044530619,1781.6320044530619,0.26310408534526236,0.25310408534526235,0.3109176131634151,21.28477481440201,9.122046349029432,4.561023174514716,0.002148483301654416,0.0002868726129833978,0.0017153903117451289,0.0017838837853284544,0,45,-45,90,-45,45
0.46006916924729374,3.0,0.14757062938352672,16.887773815438152,0.1815415498267073,1323.4502008709092,61071.2086134421,4091.79796887512,3887.208070431364,2298.738282366405,1515.189112033217,1515.189112033217,0.2454942388439336,0.23549423884393358,0.36849265299937345,11.821441670806706,5.0663321446314455,2.5331660723157228,0.0014757062938352671,0.00019356816311974452,0.001238167715798597,0.0011019810701146844,0,30,60,-60,-30,0
0.4883788544250815,3.0,0.33966165182544267,39.78863060572106,0.18396710406541375,3077.1686116993715,63171.66286268231,4098.696352615412,3893.7615349846415,2494.951507345927,1542.605811987822,1542.605811987822,0.25932067617977145,0.24932067617977144,0.3278901138687615,27.852041424004742,11.936589181716318,5.968294590858159,0.0033966165182544267,0.0004408945429305441,0.0029122892146180774,0.002392148534063933,0,90,90,90,90,0
0.4632708289513204,3.0,0.35919696455559136,41.83000210406493,0.19397767391198517,3273.179157457563,59131.79546324656,4308.512890134013,4093.0872456273123,2171.701127669103,1647.0540366626715,1647.0540366626715,0.29106774494094323,0.2810677449409432,0.3111682228628999,29.28100147284545,12.54900063121948,6.27450031560974,0.0035919696455559134,0.0004951820123751373,0.0029126060316438216,0.0028892098621066662,45,45,-45,-45,45,45
0.5605723947070393,3.0,0.41802144465938346,57.47994327730916,0.20373205459899174,4301.285260464808,77539.72917979842,4963.301491041318,4715.136416489251,2690.6467193429494,2057.6995908750796,2057.6995908750796,0.2503400871158096,0.24034008711580956,0.3294171043865974,40.23596029411641,17.243982983192748,8.621991491596374,0.004180214446593835,0.0005189076711993361,0.0034742968998191766,0.0032044309011707963,0,30,60,-60,-30,0
0.4669675619162889,3.0,0.1799912306372803,21.446536531968686,0.22591866045769643,1675.2743780746584,65330.07565867866,4290.211599920023,4075.7010199240217,2348.941219269161,1622.3936914811127,1622.3936914811127,0.2505449656335068,0.2405449656335068,0.3690521224128678,15.01257557237808,6.433960959590606,3.216980479795303,0.0017999123063728029,0.00022979577814684132,0.0014996838290471607,0.0013695449053408922,0,0,90,90,0,0
0.45008338338062076,3.0,0.25510988288186387,27.17563930445533,0.18671290487693398,2139.7298265366944,59930.60902562956,3770.3312512170337,3581.8146886561817,2190.3868922369857,1665.197058371192,1665.197058371192,0.259598468719213,0.24959846871921298,0.30043358398545583,19.02294751311873,8.152691791336599,4.076345895668299,0.0025510988288186386,0.0003174162222343426,0.0021623277235136764,0.001861016384874926,0,30,60,-60,-30,0
0.47332918294883725,3.0,0.3656627649144429,43.467864087120695,0.21449955465559992,3385.354236000865,63177.27966375726,4296.154638023761,4081.3469061225733,2326.9798944392237,1529.219645127629,1529.219645127629,0.31655108802529536,0.30655108802529535,0.31524157815899223,30.427504860984484,13.040359226136209,6.5201796130681045,0.0036566276491444287,0.00048162100398950464,0.0030353561090935956,0.002801992242670148,0,60,-60,-60,60,0
0.4866361207267353,3.0,0.13593826711121013,17.466023957503023,0.23340423549978384,1351.8786164025612,66031.71535871134,4702.413278585689,4467.292614656404,2449.43392177296,1620.260726178004,1620.260726178004,0.2920130313502373,0.2820130313502373,0.3618640006407517,12.226216770252115,5.239807187250906,2.619903593625453,0.0013593826711121011,0.00018515673421225383,0.001114280450659761,0.0010695955381107415,45,45,-45,-45,45,45
0.6336847467223843,3.0,0.37150706626796876,56.881092796111275,0.2679845533282507,4121.188648615341,84042.22169326576,5418.816972211718,5147.876123601132,3153.345860782036,2242.554880070146,2242.554880070146,0.24776242884266866,0.23776242884266865,0.3361024401252758,39.81676495727789,17.064327838833382,8.532163919416691,0.0037150706626796876,0.00047377097076990265,0.0031490873241043402,0.002705749478841086,0,45,-45,90,-45,45
0.45862819661904797,3.0,0.5116002671283806,59.82805219284183,0.18047351520326332,4691.745227636117,60445.73953728753,4332.8401958874765,4116.198186093103,2172.2431681755675,1669.0669158158184,1669.0669158158184,0.31132606210706654,0.30132606210706653,0.35219041071550916,41.87963653498928,17.94841565785255,8.974207828926275,0.005116002671283806,0.0006928467887989812,0.004142413485475029,0.00413130903593246,0,0,90,90,0,0
0.5420409005943356,3.0,0.34992055511111964,48.284052710177896,0.22148364367810294,3643.462012647703,71170.90644845733,4978.09527879939,4729.190514859421,2717.325483266,1858.5178152502365,1858.5178152502365,0.2740435174439777,0.2640435174439777,0.3792499818694796,33.798836897124524,14.485215813053369,7.242607906526684,0.0034992055511111966,0.0004748968164625242,0.0029097907938288583,0.0026653442699921506,0,0,90,90,0,0
0.5913556515018681,3.0,0.2008260752637638,29.423304541045503,0.223102133905271,2171.7606822202515,80417.72303355997,5261.864708290644,4998.771472876111,2905.9140529855304,2051.5692326221997,2051.5692326221997,0.29284542345660086,0.28284542345660085,0.3158736677409233,20.59631317873185,8.82699136231365,4.413495681156825,0.002008260752637638,0.00025611659223597497,0.0016775405396504703,0.0015187977347858614,0,90,90,90,90,0
0.5938917212664061,3.0,0.29495956310408566,44.798877478898945,0.21150470587787965,3302.935955856208,78158.26525149021,5500.33860173997,5225.321671652971,2964.6789120151952,2131.2308781962647,2131.2308781962647,0.2788775603014244,0.2688775603014244,0.30353161191138456,31.35921423522926,13.439663243669683,6.7198316218348415,0.002949595631040857,0.0004012271016292976,0.0024434247083294468,0.002266630492294067,45,45,-45,-45,45,45
0.5331188395203413,3.0,0.10940072989705002,15.432130266640382,0.2745862850399668,1169.2147729279918,70175.46180211123,5195.941467399394,4936.144394029424,2657.8836525170277,1904.5867836421264,1904.5867836421264,0.25177311061487556,0.24177311061487555,0.3541883703292087,10.802491186648266,4.629639079992114,2.314819539996057,0.0010940072989705002,0.0001539354485063506,0.0008910106299386936,0.0008709258352237927,0,45,-45,90,-45,45
0.5079813256430952,3.0,0.42815047069128964,56.200218384139575,0.1837669943903877,4307.227237303171,68810.67532837157,4671.636450931405,4438.054628384835,2671.3344817237303,1799.1596684531828,1799.1596684531828,0.2826710400667958,0.27267104006679577,0.3556494155963315,39.3401528688977,16.86006551524187,8.430032757620936,0.0042815047069128965,0.0005717158374214825,0.0036090277341423696,0.0031557383829303523,0,45,-45,90,-45,45
0.4890986589890293,3.0,0.2565939510670827,32.34873368150275,0.2323630736919077,2500.9473663112803,64030.10032998149,4560.979905875344,4332.930910581576,2468.697302278247,1716.6150702470895,1716.6150702470895,0.24907452090927995,0.23907452090927994,0.338843392708411,22.644113577051925,9.704620104450825,4.852310052225413,0.002565939510670827,0.0003536479477676069,0.002127748927801582,0.0019655346355130048,0,45,-45,-45,45,0
0.540449258416307,3.0,0.4479204119349619,60.727016440896165,0.2320499231331809,4585.699052683667,69656.37581243699,4936.4683209353025,4689.644904888537,2614.1457464166365,1827.1923952111733,1827.1923952111733,0.24600715045065527,0.23600715045065526,0.3336598235857195,42.508911508627314,18.218104932268847,9.109052466134424,0.004479204119349619,0.0006102659090833353,0.003690513895330154,0.003484523568978791,0,45,-45,90,-45,45
0.5837399774149862,3.0,0.29173813510993923,41.13676422468289,0.28058004409312753,3046.617103096198,79133.12600759334,4995.792757254485,4746.00311939176,2891.8967652561055,2011.959202155581,2011.959202155581,0.2533630565953029,0.24336305659530288,0.30729356284262016,28.79573495727802,12.341029267404867,6.1705146337024335,0.0029173813510993923,0.0003638897691785218,0.00247028447076477,0.002133725763601376,45,-45,45,-45,45,-45
0.6427042728118353,3.0,0.193446975629458,30.537288500416178,0.25395087499229935,2203.86772709282,86278.18148575224,5642.636157942734,5360.504350045597,3168.726500510252,2354.0037856131976,2354.0037856131976,0.31301599925933454,0.30301599925933453,0.3735821932289819,21.376101950291325,9.161186550124853,4.5805932750624265,0.00193446975629458,0.0002477579103103989,0.0016235649958095044,0.0014455628386750403,0,30,60,-60,-30,0
0.5801771852647333,3.0,0.24952443420686118,35.99265298780821,0.193288816832723,2669.8675534623612,77242.3268385408,5166.8716564416745,4908.528073619591,2883.7463628539936,2039.3724671235223,2039.3724671235223,0.29635432268400624,0.28635432268400624,0.33626288599745224,25.19485709146575,10.797795896342464,5.398897948171232,0.002495244342068612,0.0003261794164245002,0.002089813065683675,0.0018721819705489065,0,45,-45,90,-45,45
0.46492592623386236,3.0,0.06810954295542283,8.543504809451843,0.2761291359129411,668.0063877987125,62109.806701409674,4584.026511053948,4354.82518550125,2404.766368770499,1683.900082945614,1683.900082945614,0.24206535953691763,0.23206535953691762,0.30283116338903826,5.98045336661629,2.563051442835553,1.2815257214177764,0.0006810954295542284,9.628839122567346e-05,0.0005591266622596959,0.0005329106968811239,90,45,0,0,45,90
0.5954296992343882,3.0,0.3156948449187601,46.87801642630372,0.2052198194990774,3453.877056473301,82312.00544365983,5316.70135043826,5050.866282916347,2965.806164475909,2094.206679033997,2094.206679033997,0.24693113538362532,0.2369311353836253,0.36709039866918824,32.8146114984126,14.063404927891115,7.031702463945558,0.003156948449187601,0.0003986613048915841,0.002645137276091661,0.0023709244886501667,0,45,-45,-45,45,0
0.5509330555694345,3.0,0.1830190873328707,26.681395935640108,0.2962265773083307,2005.2759197330186,74171.25193405613,5247.940096779725,4985.543091940738,2888.640051186484,1949.5882671332267,1949.5882671332267,0.31928238440208556,0.30928238440208555,0.3105341401629726,18.676977154948073,8.004418780692031,4.002209390346016,0.0018301908733287069,0.0002518088432908389,0.0015252496471146375,0.0013854995151445547,0,60,-60,-60,60,0
0.609203278418319,3.0,0.31856951931276484,46.423389182379324,0.2765393225937004,3399.6808768031906,81226.17891115212,5070.723716340009,4817.187530523008,3148.983772887348,2093.7135281158357,2093.7135281158357,0.2978023057866593,0.2878023057866593,0.30710937313441916,32.49637242766553,13.927016754713797,6.963508377356899,0.0031856951931276485,0.0004000726473076018,0.002746554049047295,0.002211350987995711,0,90,90,90,90,0
0.6197230992581274,3.0,0.33236129251512064,50.65350616368758,0.22192757100988794,3692.393638696401,83130.94640588277,5370.636339304408,5102.104522339187,3177.6825155875586,2186.2264602410814,2186.2264602410814,0.2953487579177866,0.2853487579177866,0.34046648772452204,35.457454314581305,15.196051849106274,7.598025924553137,0.003323612925151206,0.0004265253295861931,0.002829469524476206,0.0023910588572906093,0,0,90,90,0,0
0.5562998663664758,3.0,0.2798519813231489,36.00315147989521,0.2647787662320826,2699.332247013968,76105.21709084889,4473.315301691702,4249.649536607117,2776.1562375260737,2072.0421898262075,2072.0421898262075,0.24879220093187085,0.23879220093187084,0.3478060208746912,25.202206035926643,10.800945443968562,5.400472721984281,0.0027985198132314893,0.00033114951903812426,0.002414528088347338,0.0019453057608878757,0,45,-45,90,-45,45
0.6193079195846745,3.0,0.20835983265755886,31.734624162256075,0.24948527446242597,2313.7195220162203,82454.87580433389,5580.602864970228,5301.572721721716,2887.9503555978936,2102.4800403389663,2102.4800403389663,0.27032376566655253,0.2603237656665525,0.3341939159904635,22.214236913579253,9.520387248676823,4.760193624338411,0.0020835983265755885,0.00026941083467633644,0.0017059782749345687,0.0016482948244284851,0,45,-45,-45,45,0
0.5173895463143239,3.0,0.3721079392521957,48.64515376632718,0.19811037063952697,3712.141463911928,67670.40876587383,4702.342483785749,4467.225359596461,2592.2256918200997,1913.7262313215297,1913.7262313215297,0.2627252953762557,0.2527252953762557,0.3510338999680659,34.05160763642902,14.593546129898153,7.296773064949076,0.003721079392521957,0.000503197900787637,0.0031034630463898536,0.0028148679676983433,0,30,60,-60,-30,0
0.595410129633721,3.0,0.3313187926640556,48.85595351339085,0.23938182739081879,3599.638585310517,80049.04269072604,5267.546164535387,5004.168856308617,2965.9377031521967,2134.8398406557935,2134.8398406557935,0.26188852147723873,0.2518885214772387,0.3399905331783673,34.19916745937359,14.656786054017255,7.3283930270086275,0.0033131879266405564,0.00042722768829983376,0.002782469407234901,0.0024708519734652607,0,30,60,-60,-30,0
0.5156355889210944,3.0,0.28878513164303665,36.47735192666787,0.29313175112253764,2785.84629552483,71846.46692549853,4474.447160530389,4250.724802503869,2589.791287037233,1793.1349206075129,1793.1349206075129,0.25032391383186053,0.24032391383186053,0.36953662486643957,25.53414634866751,10.943205578000361,5.471602789000181,0.0028878513164303666,0.00035539877521249916,0.0024457112097627685,0.0021127582042566027,0,30,60,-60,-30,0
0.5365156859916309,3.0,0.2814619914646439,39.528950513419474,0.20468004679962948,2990.291934280501,71491.36063102653,5071.265824017772,4817.702532816883,2762.0891982363887,1890.324854908547,1890.324854908547,0.2563579804011173,0.24635798040111728,0.3236870334923678,27.670265359393632,11.858685154025842,5.929342577012921,0.0028146199146464393,0.00038704348490725205,0.002338407325812524,0.002146687580111042,0,45,-45,90,-45,45
0.6251451503332885,3.0,0.21909662484514378,35.51430697506103,0.21496682078351403,2582.6951055075606,83354.47529824292,5923.337621987168,5627.170740887809,3100.459018200857,2189.23854000749,2189.23854000749,0.25386614370367644,0.24386614370367643,0.3701926262152911,24.86001488254272,10.65429209251831,5.327146046259155,0.0021909662484514377,0.00029824451289020066,0.0017986974189973652,0.0017181797969225878,0,60,-60,-60,60,0
0.47567563281130315,3.0,0.15030834217398545,18.090533920662818,0.2971493148408803,1407.3796645437244,64026.85491861603,4283.138040769223,4068.981138730762,2447.544979698728,1658.8739924072747,1658.8739924072747,0.2880896893772701,0.2780896893772701,0.36071881817777884,12.663373744463971,5.4271601761988455,2.7135800880994227,0.0015030834217398545,0.00019778222373346738,0.0012670990578730363,0.0011086946759333678,45,-45,45,-45,45,-45
0.6086396748414313,3.0,0.2703361263240281,41.03608464316512,0.19866151212147268,3005.90180572974,80611.26583345521,5371.623695625063,5103.042510843809,3134.064762115167,2128.2512983832894,2128.2512983832894,0.281970732511623,0.271970732511623,0.31557453574895605,28.72525925021558,12.310825392949535,6.155412696474768,0.002703361263240281,0.0003563429869661475,0.002291825729150783,0.0019640349398269952,0,45,-45,-45,45,0
0.6424427711235212,3.0,0.2927035250357141,47.39590128279427,0.20505065867988842,3420.936552935897,89450.37820714744,5830.212878511696,5538.7022345861105,3190.8036904259197,2291.6505766121745,2291.6505766121745,0.3157429489211723,0.30574294892117226,0.34274287057147246,33.17713089795599,14.218770384838281,7.109385192419141,0.002927035250357141,0.00037089983925081945,0.002438808098627776,0.002228086050467791,45,45,-45,-45,45,45
0.48149657379513683,3.0,0.15789851354954287,18.212296497012705,0.23397293301567335,1413.013076627074,65020.55564848268,4110.591233546088,3905.0616718687834,2328.7964292215393,1651.4520036341605,1651.4520036341605,0.2935584150570423,0.28355841505704227,0.36262861733163404,12.748607547908893,5.463688949103811,2.7318444745519055,0.0015789851354954287,0.00019607041835863477,0.0013291735029538428,0.0011730713944220086,45,-45,45,-45,45,-45
0.4545037683990494,3.0,0.2552332242425466,28.985582672845517,0.19373432366038676,2277.483395776533,63055.08887680913,4074.693107393842,3870.95845202415,2256.30692253123,1613.169610589607,1613.169610589607,0.24872719709419894,0.23872719709419893,0.37333279681565873,20.28990787099186,8.695674801853654,4.347837400926827,0.0025523322424254656,0.0003217806561280454,0.0021340686458262803,0.0019269707314682261,0,90,90,90,90,0
0.5698291855175415,3.0,0.24797371509143515,37.319274515057806,0.22662426365475385,2781.08232562493,78042.35054501762,5457.529203297466,5184.652743132592,2927.143355142438,1865.065736596382,1865.065736596382,0.31287083224764783,0.3028708322476478,0.36703837585872545,26.12349216054046,11.195782354517341,5.597891177258671,0.0024797371509143514,0.00033473481998048607,0.002051437919517278,0.0019124075926873322,90,45,0,0,45,90
0.49512184084636884,3.0,0.38785776897841534,46.76511910806265,0.1983747733762028,3605.4343387073645,68690.6540481631,4264.920050011735,4051.674047511148,2481.548695007206,1681.45964284278,1681.45964284278,0.2627720346498247,0.2527720346498247,0.3392665253006547,32.735583375643856,14.029535732418795,7.0147678662093975,0.0038785776897841536,0.0004765653177896806,0.0032895190455868436,0.0028267701860224944,90,45,0,0,45,90
0.5047098627052995,3.0,0.413328000298105,50.292819614842884,0.2600754331219439,3860.2870064632257,65328.27923561628,4292.132637643158,4077.526005761,2532.5060528420477,1825.2985455919081,1825.2985455919081,0.257997459823658,0.247997459823658,0.35910744367464337,35.204973730390016,15.087845884452864,7.543922942226432,0.00413328000298105,0.0005388933267845303,0.003515232905928488,0.002978837082644061,0,45,-45,90,-45,45
0.5033211414098355,3.0,0.47610303177077573,56.622392491841325,0.246716518924821,4348.902505434808,71094.62001139464,4177.52688050128,3968.650536476216,2488.9127415584016,1837.5107857574264,1837.5107857574264,0.31934161074021633,0.3093416107402163,0.34547499291005745,39.63567474428893,16.986717747552397,8.493358873776199,0.004761030317707757,0.0005575059651199535,0.004066213870900116,0.0034124775577540688,45,45,-45,-45,45,45
0.4730055204860733,3.0,0.40751858851436246,52.07639390272709,0.1854516905734513,4056.415293848128,64681.13987203009,4609.230161600181,4378.768653520172,2520.901726758458,1651.8012889191875,1651.8012889191875,0.2772197868507063,0.2672197868507063,0.3694799594020701,36.45347573190896,15.622918170818126,7.811459085409063,0.0040751858851436245,0.0005635874043659587,0.003389485363732484,0.0030986765578734214,45,45,-45,-45,45,45
0.644802830089085,3.0,0.13775984422105214,22.820617609512084,0.2866204520147812,1645.462453037041,86293.87829294834,5859.18952380559,5566.2300476153105,3429.1752159088455,2249.513989891005,2249.513989891005,0.2931836074898867,0.2831836074898867,0.36793228969596525,15.974432326658457,6.846185282853625,3.4230926414268126,0.0013775984422105213,0.0001851166344897473,0.0011684526085114538,0.0009982262281455277,45,45,-45,-45,45,45
0.4820929325455943,3.0,0.06383214389634177,7.156729579389706,0.2817455211372575,555.105496058701,64709.91108169868,3982.091415291438,3782.9868445268658,2280.8858872230326,1577.183342483954,1577.183342483954,0.3131873878962106,0.3031873878962106,0.3261591291440231,5.009710705572794,2.147018873816912,1.073509436908456,0.0006383214389634178,7.741798160173404e-05,0.0005391686553383099,0.00047065460088204956,45,-45,45,-45,45,-45
0.6254925051486646,3.0,0.06153108130793142,9.397389931537301,0.2727594474121654,683.299691624732,85374.87631747502,5468.5329824294995,5195.106333308025,3048.6322854177324,2260.524763256647,2260.524763256647,0.3029112184561853,0.2929112184561853,0.3118754441479182,6.578172952076111,2.8192169794611903,1.4096084897305952,0.0006153108130793142,7.705045366759323e-05,0.0005155344200207603,0.00046237406081181304,0,60,-60,-60,60,0
0.48587407841254077,3.0,0.1175883726769453,15.146629156260675,0.2702528319286033,1172.771385852313,64367.72873212983,4786.946427494991,4547.599106120241,2383.000794648606,1793.9202540608912,1793.9202540608912,0.2643168206948868,0.2543168206948868,0.3775179922592833,10.602640409382472,4.5439887468782025,2.2719943734391013,0.001175883726769453,0.00016471981563161872,0.0009492457907568586,0.0009534173796925344,45,-45,45,-45,45,-45
0.45889149528727613,3.0,0.22780820719766467,26.029048379655862,0.2063501879359599,2040.9579034782696,64720.01164014944,4078.2848617371133,3874.3706186502573,2297.2339618077503,1574.7134349566572,1574.7134349566572,0.26192540789565777,0.25192540789565776,0.37939065408751516,18.220333865759102,7.808714513896758,3.904357256948379,0.0022780820719766467,0.0002815255035346133,0.0019147055143594598,0.0016995906041176335,0,30,-30,-30,30,0
0.5909277037860309,3.0,0.21916151446724494,34.12250358108087,0.18607999551394444,2519.090233663082,80712.0626499467,5742.423383882783,5455.302214688643,2918.6034279040864,2075.823831485362,2075.823831485362,0.29942932674524064,0.28942932674524063,0.3713844982585488,23.885752506756607,10.23675107432426,5.11837553716213,0.0021916151446724494,0.0002959378279099447,0.0017826534879082014,0.0017537070943679897,0,45,-45,-45,45,0
0.6345983973310794,3.0,0.14692570994219956,22.986284565170614,0.24215901270649146,1664.7571318330272,85085.23715279621,5532.4347785060945,5255.813039580789,3231.209019618018,2150.8289915165733,2150.8289915165733,0.26239821497249144,0.25239821497249143,0.36907935340505743,16.09039919561943,6.895885369551184,3.447942684775592,0.0014692570994219957,0.0001891091772680173,0.0012464467536684198,0.0010670750990857273,45,-45,45,-45,45,-45
0.498056912671597,3.0,0.0900725870818547,11.084930389667354,0.2807849139278087,853.4523372460576,67869.8593214986,4468.4558296415025,4245.033038159428,2378.332105895391,1766.318151438999,1766.318151438999,0.31003505918353935,0.30003505918353934,0.3183785221290235,7.759451272767148,3.325479116900206,1.662739558450103,0.000900725870818547,0.00011432838303098187,0.000744212149271039,0.0006991200069698076,0,45,-45,-45,45,0
0.5205468808520676,3.0,0.466627888904075,62.32763113647025,0.19417514719374282,4749.39382783613,71356.32185474336,4901.668083790083,4656.584679600579,2526.1429861743864,1823.3587273712712,1823.3587273712712,0.28932620988454794,0.2793262098845479,0.37186738449619433,43.62934179552917,18.698289340941074,9.349144670470537,0.00466627888904075,0.0006114292421678254,0.0038146788034825736,0.003700956248968696,0,30,-30,-30,30,0
0.589862475138822,3.0,0.31300330872922083,46.07837232283319,0.24389760953462652,3403.3368229968937,77936.74104629688,5179.090593524413,4920.136063848192,3089.961248991257,2068.8941564889046,2068.8941564889046,0.31751299868178284,0.30751299868178283,0.37678922859977837,32.254860625983234,13.823511696849957,6.911755848424979,0.0031300330872922086,0.00041385949929344403,0.002669100191862631,0.002236842242174195,0,45,-45,90,-45,45
0.5703517794118971,3.0,0.12230760042760594,17.465082999403464,0.26991983856848883,1301.2173286589948,79833.58548475792,5114.0964470078625,4858.391624657469,2848.8806013641656,2034.6848774541672,2034.6848774541672,0.30910788494814734,0.29910788494814733,0.34109588947759417,12.225558099582424,5.239524899821039,2.6197624499105197,0.0012230760042760593,0.00015313803113498598,0.0010245260241203628,0.0009195760779360376,90,45,0,0,45,90
0.5008304576238014,3.0,0.24573684638746907,31.948104083680708,0.2631570252239084,2456.604880474674,65911.57425089298,4755.901842339729,4518.106750222742,2483.1671260725275,1698.639408105542,1698.639408105542,0.27152369572001245,0.26152369572001244,0.30139400421735274,22.363672858576493,9.584431225104211,4.792215612552106,0.0024573684638746905,0.0003392981143713694,0.002015271034355289,0.0019298804185329474,90,45,0,0,45,90
0.5043391494545341,3.0,0.3765244783194448,49.43010235860126,0.19918353310913767,3794.7159477532637,69725.09260350117,4695.773363950267,4460.984695752753,2635.2528250978667,1801.7079678656964,1801.7079678656964,0.24080853155450066,0.23080853155450065,0.35721640034577173,34.60107165102088,14.829030707580378,7.414515353790189,0.003765244783194448,0.0004962499203519656,0.0031579528137843566,0.002813587858885924,0,45,-45,-45,45,0
0.5013233491877084,3.0,0.10403394174789016,13.037496867011106,0.24113983261653296,1002.2722100247008,70111.53833227349,4510.274981304711,4284.761232239475,2470.332619754093,1842.4221321694893,1842.4221321694893,0.25959095587843256,0.24959095587843255,0.32135774282769386,9.126247806907774,3.9112490601033314,1.9556245300516657,0.0010403394174789016,0.00013016755906362438,0.0008671863858225122,0.000791644216011015,0,60,-60,-60,60,0
0.5046679314384026,3.0,0.24836435257015171,31.600888184514837,0.18034455733137755,2425.611742204774,68323.7342370652,4595.096192073544,4365.341382469867,2493.3080518383945,1820.5673013509802,1820.5673013509802,0.25612716086898907,0.24612716086898906,0.3559956948342909,22.120621729160383,9.480266455354451,4.740133227677226,0.0024836435257015173,0.0003237618958648792,0.0020631268768013466,0.0019011422291690656,90,45,0,0,45,90
0.5854509287356692,3.0,0.40314157407574813,60.318142000172095,0.1872556288710438,4463.809388647576,77182.25641146641,5403.604234320572,5133.424022604543,2938.9451749549016,2204.6911306990005,2204.6911306990005,0.2961959658549428,0.2861959658549428,0.363510614900413,42.22269940012046,18.095442600051626,9.047721300025813,0.004031415740757481,0.0005470518920181212,0.003348772747848525,0.003078560762932453,0,90,90,90,90,0
0.45473845506326227,3.0,0.16324102875081603,18.168849413251362,0.2781904829584637,1427.422578486983,60080.852769918056,4083.1026919352744,3878.9475573385107,2105.2491330595926,1558.925285185053,1558.925285185053,0.24205630172602194,0.23205630172602193,0.37333118881915645,12.718194589275953,5.450654823975408,2.725327411987704,0.0016324102875081604,0.00021168465497619965,0.001334929644248539,0.001294539144650753,0,45,-45,90,-45,45
0.5122765488537311,3.0,0.5125615963967225,64.73499037538389,0.2592790578140558,4951.55862057984,70150.5520174896,4498.42878430395,4273.507345088752,2555.9149211996987,1791.2691208489227,1791.2691208489227,0.28798237247640684,0.27798237247640684,0.37670331116365635,45.31449326276872,19.420497112615166,9.710248556307583,0.0051256159639672255,0.0006459606084278729,0.0043171734051626505,0.0037991282400549444,0,60,-60,-60,60,0
0.5348453234066475,3.0,0.46849404285196755,59.12237788419411,0.21989337948390397,4475.891883304046,72381.1332895911,4419.06706582106,4198.1137125300065,2670.966908407862,1924.037427984162,1924.037427984162,0.3044976464619864,0.2944976464619864,0.3381597213810778,41.385664518935876,17.736713365258232,8.868356682629116,0.004684940428519676,0.0005717741991321849,0.00401367824952047,0.0033202795042921217,45,45,-45,-45,45,45
0.48845679522845487,3.0,0.22399549958707585,27.850068521084825,0.28137212921548505,2153.7875527399165,67078.9017485033,4428.725198642634,4207.2889387105015,2520.1831996167807,1676.0445972958923,1676.0445972958923,0.2509758246698132,0.2409758246698132,0.33485517232382983,19.495047964759376,8.355020556325448,4.177510278162724,0.0022399549958707584,0.00029062860983996897,0.00188655203959961,0.0016576216676620797,0,30,60,-60,-30,0
0.4572125418879451,3.0,0.419562550373805,44.24967059542736,0.23488059997839916,3472.393848733446,61517.12599370173,3729.4086498481565,3542.9382173557487,2169.618155734758,1531.40790712012,1531.40790712012,0.2682247548982288,0.25822475489822877,0.37537058191424344,30.974769416799152,13.274901178628207,6.637450589314104,0.00419562550373805,0.000503514572835708,0.003559519061867542,0.0030592713154478,90,45,0,0,45,90
0.6271950226185372,3.0,0.22700836409285155,36.33060607563204,0.24695435792264453,2639.6975200768034,86279.18248777652,5766.43444185866,5478.112719765726,3152.7494578200053,2261.1436837021397,2261.1436837021397,0.27650009157822936,0.26650009157822935,0.32235519781755784,25.431424252942428,10.899181822689611,5.4495909113448056,0.0022700836409285156,0.00029475736231674874,0.0018901076449551284,0.0017285201327456481,45,45,-45,-45,45,45
0.4746321171745779,3.0,0.31366807702889454,38.60780149625764,0.2666147689566867,3005.0143544968596,65804.36013479038,4585.9680539613555,4356.669651263288,2257.1462362560683,1745.8824405599794,1745.8824405599794,0.2766788008500262,0.2666788008500262,0.33953270567377014,27.02546104738035,11.582340448877293,5.7911702244386465,0.0031366807702889452,0.00041069407850821346,0.002525604259033701,0.0025657044862296865,0,45,-45,90,-45,45
0.4833594427647605,3.0,0.3325538447975147,41.62748537349623,0.24378962531967777,3226.897663466405,66228.34173348152,4486.115469828164,4261.809696336756,2501.120541516896,1665.75072988999,1665.75072988999,0.2904266709662905,0.2804266709662905,0.3501418460540171,29.139239761447357,12.488245612048868,6.244122806024434,0.0033255384479751473,0.0004399814188117609,0.002783754831109422,0.0024965301361434813,0,45,-45,90,-45,45
0.5979789262463047,3.0,0.3024645994762647,45.022964564911454,0.2808691720125933,3313.4665534279957,79098.79969087787,5330.1462647625185,5063.638951524393,2979.8085883219305,2053.4650753345186,2053.4650753345186,0.2503447401723016,0.24034474017230162,0.33391666968025335,31.516075195438017,13.506889369473436,6.753444684736718,0.0030246459947626467,0.00039843936088290136,0.0025340560462228192,0.002266402181403168,90,45,0,0,45,90
0.5278889814405242,3.0,0.1817910378047364,22.88599027719583,0.18414859959818777,1738.08839896853,71253.85797450237,4402.936919897834,4182.790073902942,2676.369220639523,1820.5513612750271,1820.5513612750271,0.3083267012380214,0.2983267012380214,0.36368536796813733,16.02019319403708,6.865797083158749,3.4328985415793745,0.001817910378047364,0.0002248326427429344,0.0015593675785203081,0.0012826700124578018,0,30,-30,-30,30,0
0.6454012736031984,3.0,0.2622965348102122,44.19431633263689,0.18176969362815945,3185.7711706832833,86071.38512303779,6059.032547330504,5756.080919963978,3346.0056142497915,2190.016459922927,2190.016459922927,0.24484919800060015,0.23484919800060014,0.3006769215271465,30.93602143284582,13.258294899791066,6.629147449895533,0.002622965348102122,0.0003594228370860214,0.00218818677672105,0.001981212291355302,0,90,90,90,90,0
0.46897240602223766,3.0,0.3806958165134768,41.63219931619134,0.19180915129440562,3249.003998271875,64045.71402881069,3830.9439404165537,3639.396743395726,2309.1182376200786,1651.1289295913623,1651.1289295913623,0.2616786785132585,0.2516786785132585,0.36219141850301023,29.142539521333937,12.4896597948574,6.2448298974287,0.003806958165134768,0.00045502716244562894,0.0032602042705692402,0.0027044218852409273,0,60,-60,-60,60,0
0.5376673192475163,3.0,0.3914763237811844,54.150954403751605,0.18977807761661597,4094.2793265281957,72641.67244343806,4915.639677758885,4669.857693870941,2825.795575553692,1929.015037463802,1929.015037463802,0.2872866257515885,0.27728662575158847,0.37278955924499996,37.90566808262612,16.24528632112548,8.12264316056274,0.003914763237811844,0.0005218171169192327,0.0033048163384774274,0.0028744624101023917,0,30,60,-60,-30,0
0.5855776051040651,3.0,0.3000630166458179,45.85115455111198,0.2180698317473681,3392.997459304851,77540.93925234444,5523.385171247949,5247.215912685551,2998.5561565410285,2031.1809461861371,2031.1809461861371,0.26788045428766166,0.25788045428766165,0.3466390900702843,32.09580818577839,13.755346365333594,6.877673182666797,0.003000630166458179,0.0004139208074502138,0.0024903833317540883,0.0022936616236664074,90,45,0,0,45,90
0.6454223840922166,3.0,0.19783004514612357,30.981171981590215,0.24196673082338097,2233.2741301220967,88067.48500186673,5683.113936593523,5398.958239763847,3027.1174625344916,2194.076361261783,2194.076361261783,0.27045303421613126,0.26045303421613125,0.33073155092201945,21.686820387113148,9.294351594477064,4.647175797238532,0.0019783004514612357,0.0002462522960279093,0.0016354329155062002,0.0015351818536131817,0,30,-30,-30,30,0
0.5733946498753609,3.0,0.3145661011059839,46.35713436785937,0.1873016247235212,3449.0971315181578,77359.69081800157,5381.388525312187,5112.319099046577,2819.7644132042096,1998.4642472993273,1998.4642472993273,0.30770086907299676,0.29770086907299675,0.3299842496653958,32.44999405750156,13.907140310357812,6.953570155178906,0.0031456610110598385,0.00041946902468682643,0.002584303334528522,0.0024660110336229436,45,45,-45,-45,45,45
0.5928684202989039,3.0,0.30787877869511254,45.323204834384626,0.2498165830968535,3343.1069585831747,80801.71288516144,5285.672000145679,5021.388400138395,2921.584451757511,2035.7830498871033,2035.7830498871033,0.2526481431154904,0.24264814311549038,0.3325801551432793,31.726243384069235,13.596961450315387,6.7984807251576935,0.0030787877869511253,0.00039264320335832256,0.002572418691500464,0.002326984154460431,0,45,-45,90,-45,45
0.582798764683215,3.0,0.2052584238664054,29.803103368030072,0.23916859299770044,2208.1619150248157,78405.99807404616,5180.859212420542,4921.816251799514,2929.8954776151722,2084.675812155406,2084.675812155406,0.2739492231547995,0.2639492231547995,0.3630458342070485,20.86217235762105,8.940931010409022,4.470465505204511,0.002052584238664054,0.00026607878057899266,0.0017257622034920618,0.0015258105756193413,45,45,-45,-45,45,45
0.5071584954221194,3.0,0.10247106915189277,12.732442488573584,0.22057026976007457,976.1933871703548,68495.87202469098,4407.169234468578,4186.810772745149,2543.4770482399927,1717.1273333027061,1717.1273333027061,0.249880500587142,0.239880500587142,0.37752693820791394,8.912709742001509,3.819732746572075,1.9098663732860375,0.0010247106915189277,0.00013012039234698274,0.0008667088880313132,0.0007508879919351369,0,45,-45,-45,45,0
0.5816480611622212,3.0,0.24208381983696817,36.48333650197954,0.2923741097650186,2704.495063969544,79157.04221899547,5509.814092753584,5234.323388115905,2875.9943969306146,2022.8344115880195,2022.8344115880195,0.30889936355214653,0.2988993635521465,0.34959765444931395,25.538335551385675,10.94500095059386,5.47250047529693,0.0024208381983696816,0.0003226287243114952,0.0019864555802324695,0.001902820284051116,0,90,90,90,90,0
0.5487842212315029,3.0,0.1619109500897163,22.047474059819393,0.2542082925489916,1658.6145195283589,73007.44931844855,4886.10363690258,4641.79845505745,2710.4503005882407,1969.4503202190217,1969.4503202190217,0.2908937546468297,0.2808937546468297,0.37867038809411646,15.433231841873575,6.614242217945818,3.307121108972909,0.0016191095008971628,0.00021139256316921742,0.0013536843893345552,0.0012201371514744892,45,45,-45,-45,45,45
0.6291588993692563,3.0,0.4152294319262455,68.29195807629705,0.2642525480983696,4957.690680467874,82467.10088139462,6060.978654490371,5757.929721765852,3094.4003624696065,2193.8149685772255,2193.8149685772255,0.2734032188742794,0.26340321887427937,0.3161454794850436,47.80437065340793,20.487587422889113,10.243793711444557,0.004152294319262455,0.0005796780794096408,0.003380244114159776,0.0033104293276611106,0,45,-45,90,-45,45
0.6491195053489299,3.0,0.32096072200194337,51.292770842302694,0.22451231041459985,3691.5304373473937,87032.68605911516,5788.428908233716,5499.00746282203,3107.8414251809218,2321.078723931721,2321.078723931721,0.2662462576325936,0.25624625763259357,0.3172017350718173,35.904939589611885,15.387831252690807,7.693915626345404,0.0032096072200194334,0.0004125454609688157,0.002658377859802766,0.00247564613947364,0,30,60,-60,-30,0
0.4724690238116493,3.0,0.48825286649335403,58.73091130103582,0.20609141152348953,4575.9066432342925,61935.39738144635,4376.956479600666,4158.108655620633,2322.489725183497,1588.4074640454712,1588.4074640454712,0.281408567601511,0.271408567601511,0.3034736048187483,41.11163791072507,17.619273390310745,8.809636695155373,0.00488252866493354,0.0006637825807030449,0.004025462321233372,0.003793186509989548,0,30,-30,-30,30,0
0.562695760311212,3.0,0.27986393473330096,40.83291532833269,0.26171595190256297,3052.6601712225665,73976.3381927756,5387.347897436627,5117.980502564796,2732.1579518035246,1969.3743671370453,1969.3743671370453,0.24208419619020055,0.23208419619020054,0.32625926624794604,28.58304072983288,12.249874598499806,6.124937299249903,0.0027986393473330095,0.00038638085404211385,0.002273822821861655,0.0022417947305011306,0,0,90,90,0,0
0.5855744587129059,3.0,0.0721184776890048,10.581171920351586,0.19304604476236312,783.0105904378786,78445.26742772953,5307.021172897064,5041.670114252211,2865.3060636710607,1990.017586740689,1990.017586740689,0.31656323629860617,0.30656323629860616,0.33404742831153433,7.40682034424611,3.174351576105476,1.587175788052738,0.000721184776890048,9.442023192884011e-05,0.0005981418714356891,0.000553928883261857,45,45,-45,-45,45,45
0.5717227477484956,3.0,0.3174648502026893,44.32752680297902,0.2553831511113884,3300.5522123415353,78865.43754965809,5028.467914431128,4777.044518709571,2746.8639059998554,2028.6194355076243,2028.6194355076243,0.24991202766266482,0.2399120276626648,0.37410266568572587,31.029268762085312,13.298258040893707,6.649129020446853,0.0031746485020268927,0.00039344571876048426,0.0026445943908141936,0.002420625574468196,45,-45,45,-45,45,-45
0.4527695291947936,3.0,0.5366050373330078,60.57728553527551,0.2522229287083586,4763.632080830615,62501.10577910888,4054.823995390302,3852.082795620787,2237.3636034562014,1502.502744269049,1502.502744269049,0.2782121590165799,0.2682121590165799,0.36536822802662017,42.404099874692854,18.17318566058265,9.086592830291325,0.0053660503733300785,0.0006784535944781078,0.004481867938347683,0.0040612946488691746,45,-45,45,-45,45,-45
0.6116898822985681,3.0,0.18740782736968833,29.615996397025963,0.2984808196353187,2166.4736372128054,80525.39696002312,5799.853809815007,5509.861119324256,2996.1954687506113,2229.728380183267,2229.728380183267,0.2999785053557052,0.2899785053557052,0.3708596119435856,20.731197477918172,8.884798919107789,4.4423994595538945,0.0018740782736968832,0.0002574491807623151,0.0015319004944697357,0.0014826801208021113,45,45,-45,-45,45,45
0.5198643350472111,3.0,0.17774346374623368,23.10691339573942,0.25841776273342926,1761.3069421858513,71172.69460087687,4675.684862857539,4441.900619714662,2569.7846119185506,1861.2854598641309,1861.2854598641309,0.2806976178561088,0.2706976178561088,0.32670798809361384,16.17483937701759,6.932074018721825,3.4660370093609125,0.0017774346374623367,0.00022726186591252528,0.0014825793914787697,0.0013487655709687038,45,-45,45,-45,45,-45
0.5021034810385064,3.0,0.18300563148554205,24.59857628655672,0.2894564405879789,1890.3629408419217,65970.28798317694,4865.9461218494125,4622.648815756942,2634.2463180536183,1810.38928131049,1810.38928131049,0.2957496039619839,0.2857496039619839,0.3515166357287345,17.219003400589703,7.379572885967016,3.689786442983508,0.0018300563148554206,0.0002610114936133175,0.0015165751328052605,0.0014006990985223444,0,45,-45,-45,45,0
0.5913497167195179,3.0,0.2738110932622302,41.12677969863943,0.28866564581225507,3035.6127322811662,82640.5637705896,5312.611914152886,5046.981318445241,3098.2226098786973,1985.8204938769125,1985.8204938769125,0.28388415860957494,0.27388415860957493,0.34772643643042334,28.7887457890476,12.338033909591829,6.169016954795914,0.0027381109326223016,0.00034836095587350094,0.002322404517582604,0.0019911470967663766,0,30,60,-60,-30,0
0.604779105017571,3.0,0.3376711736462856,50.621631562702504,0.26682418606758584,3714.3473548690126,80489.98705341105,5424.050233280142,5152.847721616135,2925.1353427044464,2210.1405435673446,2210.1405435673446,0.24953541475125102,0.239535414751251,0.35055671812750916,35.43514209389175,15.18648946881075,7.593244734405375,0.003376711736462856,0.00044024285990228716,0.0027998430721809277,0.0025958609926694906,0,45,-45,90,-45,45
0.5933853091871591,3.0,0.17265610601758366,24.36703612584182,0.23726644931452312,1796.937739056214,78449.2094790402,4988.044180189924,4738.641971180427,2915.2493353842938,1989.5702948032608,1989.5702948032608,0.25405655941617034,0.24405655941617033,0.3461111312132362,17.056925288089275,7.310110837752546,3.655055418876273,0.0017265610601758367,0.0002174263501360901,0.0014655264816588306,0.001253771118138153,0,30,-30,-30,30,0
0.46917962896016824,3.0,0.300782155024377,37.42398503930068,0.24778108211974897,2920.3088502456562,62587.16527842019,4606.796825058718,4376.456983805782,2318.0192585586897,1665.1944676177684,1665.1944676177684,0.26892559438741076,0.25892559438741075,0.31990076189309113,26.196789527510475,11.227195511790205,5.6135977558951025,0.00300782155024377,0.0004185648832468057,0.002437093698319787,0.0024217217933666154,0,45,-45,90,-45,45
0.6402439773941551,3.0,0.05291426471628675,8.611187352973257,0.24734610273393456,622.1298149788114,87350.30599574214,5896.3982819895955,5601.578367890115,3165.024659809758,2306.3683070252537,2306.3683070252537,0.3175050979410526,0.3075050979410526,0.3772463441275621,6.0278311470812795,2.583356205891977,1.2916781029459885,0.0005291426471628675,6.900755616557433e-05,0.00043812444179403134,0.00040810996493898666,0,60,-60,-60,60,0
0.6032899162446836,3.0,0.29781626076730444,45.372673835147296,0.21802261029359088,3331.3907247331745,79832.09814049464,5479.120643139911,5205.164610982915,3019.984608020185,2079.1054936120445,2079.1054936120445,0.2502353638025393,0.2402353638025393,0.32061219930782187,31.760871684603107,13.611802150544188,6.805901075272094,0.002978162607673044,0.0003978458843547854,0.002484304149715472,0.0022536211135638358,45,-45,45,-45,45,-45
0.6313910446485125,3.0,0.3457402674846991,56.339359683159316,0.24223592104160235,4086.012824783549,88756.3905859907,5894.343133878249,5599.625977184337,3178.802751693086,2280.195431918395,2280.195431918395,0.2993639802656737,0.28936398026567367,0.3594521154724042,39.43755177821152,16.901807904947795,8.450903952473897,0.003457402674846991,0.0004443347855611914,0.002867462501089084,0.002658517880032914,0,90,90,90,90,0
0.5697326944915367,3.0,0.43531824922577395,60.45969041217501,0.2434289315954612,4505.731509186839,78294.53550386838,4899.941453568788,4654.944380890349,2880.6339273504896,1994.9278123095125,1994.9278123095125,0.2822633991683485,0.2722633991683485,0.3058889515053104,42.321783288522504,18.1379071236525,9.06895356182625,0.0043531824922577395,0.0005405458122480524,0.0037016579270436113,0.0031482492362948627,0,30,60,-60,-30,0
0.6453086026906127,3.0,0.31432087690579336,51.76521918870717,0.18066014088477583,3731.6733642439085,85931.07838270938,5956.342892206625,5658.5257475962935,3221.7695350082217,2238.9155644171387,2238.9155644171387,0.2421548612327026,0.2321548612327026,0.3442698697379751,36.23565343209502,15.52956575661215,7.764782878306075,0.0031432087690579334,0.00042168274987441765,0.002607231658360583,0.0024100987963083026,0,60,-60,-60,60,0
0.6459547070091439,3.0,0.23088615045250438,37.07825508019737,0.2204727566747119,2672.166421350036,90034.89686561836,5810.08671342586,5519.582377754567,3126.3627508858885,2235.666443972944,2235.666443972944,0.24007642667387843,0.23007642667387843,0.31831470194463557,25.95477855613816,11.123476524059212,5.561738262029606,0.002308861504525044,0.00028827465193720364,0.0019145112754264497,0.0017789804655437464,0,30,60,-60,-30,0
0.49198391266478764,3.0,0.1349371549690502,16.15692267376462,0.19486634436405922,1247.4554573169585,66401.53258969904,4168.861818288203,3960.4187273737925,2583.634275016422,1726.5221029776994,1726.5221029776994,0.31412701793426956,0.30412701793426955,0.35281406514557606,11.309845871635233,4.8470768021293855,2.4235384010646928,0.0013493715496905021,0.00017032507278890344,0.0011626858872764625,0.0009380346221987198,0,90,90,90,90,0
0.4670593151079816,3.0,0.5234634733112422,61.82011004326188,0.20784299445683996,4828.807336032692,64683.638323456165,4182.6516277447,3973.5190463574645,2428.000644390629,1622.6394322074384,1622.6394322074384,0.26333504731739205,0.25333504731739204,0.37837299613244507,43.27407703028331,18.54603301297856,9.27301650648928,0.005234634733112422,0.0006690111773534988,0.004434037224127759,0.0038191985360105166,0,45,-45,-45,45,0
0.4942442780049155,3.0,0.2576035366920103,31.534202898855636,0.22429712186193224,2432.168940650802,66724.5483097874,4472.443338782111,4248.821171843005,2334.7336348071567,1716.0066210879231,1716.0066210879231,0.28672175606609496,0.27672175606609495,0.33253097104480134,22.073942029198943,9.46026086965669,4.730130434828345,0.002576035366920103,0.0003308219027083479,0.0021152332523977396,0.002025982906276605,0,30,-30,-30,30,0
0.4524672328898412,3.0,0.08532940401938487,9.895045556585561,0.21280119641878803,778.2303231410086,61028.557254628206,4271.01973000975,4057.468743509262,2178.2420886678387,1561.1664017452952,1561.1664017452952,0.2741612333869655,0.2641612333869655,0.3566241118873482,6.926531889609892,2.968513666975668,1.484256833487834,0.0008532940401938487,0.00011349656949467876,0.0006950362804736778,0.0006814012277191698,0,45,-45,-45,45,0
0.5830683444204041,3.0,0.17940236656058295,25.189670184197972,0.20604555637899113,1866.1212735469633,78147.54826799342,5006.895056804546,4756.550303964318,2832.6620795851877,1953.1311936803077,1953.1311936803077,0.3194772552224296,0.3094772552224296,0.3092463045082935,17.63276912893858,7.556901055259392,3.778450527629696,0.0017940236656058294,0.00022563432276173357,0.00150929887076209,0.0013338867896953697,45,-45,45,-45,45,-45
0.6118092576860978,3.0,0.36265832555948346,55.737843295862376,0.2806672223169422,4077.1291239117472,81055.12678622623,5514.128904727232,5238.42245949087,3063.274393220005,2281.000722086938,2281.000722086938,0.2617252296435262,0.25172522964352617,0.3144895510210945,39.01649030710366,16.721352988758714,8.360676494379357,0.0036265832555948344,0.0004813574644082077,0.0030324559468356987,0.0027293266685100683,0,30,60,-60,-30,0
0.5156245967829098,3.0,0.3153894083496247,40.35510499956981,0.237581337645287,3082.0133617865445,68345.59750183974,4593.24185922353,4363.579766262354,2544.755925743193,1784.7206868403919,1784.7206868403919,0.2783104399147955,0.2683104399147955,0.32683486993023686,28.248573499698864,12.106531499870943,6.053265749935472,0.003153894083496247,0.000413319577737812,0.002635726981273637,0.00237872154602317,0,90,90,90,90,0
0.4520490720766959,3.0,0.19496700438090736,21.00736153481987,0.22073543646848287,1652.5232047157967,59557.533479999795,3798.706517415472,3608.771191544698,2241.8454247012573,1536.7499783174078,1536.7499783174078,0.2913134323610749,0.28131343236107487,0.34545516468549,14.705153074373909,6.302208460445962,3.151104230222981,0.0019496700438090735,0.00024690668359044946,0.0016590406317395108,0.0014055849683048014,45,-45,45,-45,45,-45
0.5174960046148946,3.0,0.4948940708714429,63.04331201581586,0.19768015205226525,4810.6392474593085,72023.5757903708,4569.904941859679,4341.409694766695,2529.414687495815,1778.3701984513189,1778.3701984513189,0.3117104039638497,0.3017104039638497,0.3306168434878104,44.130318411071094,18.912993604744756,9.456496802372378,0.004948940708714429,0.0006127204589163304,0.004138596720361605,0.0037386106948459883,0,30,-30,-30,30,0
0.4959774969092794,3.0,0.2268176272361339,29.795185515964167,0.2582226056594446,2296.200334894487,67161.34954213296,4703.7083661486795,4468.522947841246,2636.3264080635,1781.4812654699858,1781.4812654699858,0.3198205851386289,0.30982058513862887,0.3253702139645227,20.856629861174916,8.93855565478925,4.469277827394625,0.002268176272361339,0.00031054512756761583,0.0019003209720903668,0.0016952672528427579,0,0,90,90,0,0
0.541768837291815,3.0,0.18342911507923557,24.787704221399977,0.28215108314093007,1870.683580976184,74198.36325403191,4834.873101238862,4593.1294461769185,2705.537203981962,1875.920690640337,1875.920690640337,0.2647527949889301,0.2547527949889301,0.35414194446918545,17.351392954979982,7.436311266419993,3.7181556332099963,0.0018342911507923556,0.00023385142466787656,0.0015380571755884457,0.0013742762907631358,0,60,-60,-60,60,0
0.4965462958201875,3.0,0.11961487963198243,15.614196591836253,0.2653651444502979,1203.0096637585166,67717.12059173017,4760.474001323968,4522.45030125777,2506.754954096232,1824.572657496262,1824.572657496262,0.3081596487535583,0.29815964875355827,0.3579177840903973,10.929937614285377,4.684258977550876,2.342129488775438,0.0011961487963198243,0.00016140582350189554,0.0009839900346579151,0.000934327260408209,0,45,-45,-45,45,0
0.5178589177386628,3.0,0.3800028945127321,49.5102393728271,0.27165634227962876,3777.3448940329654,68158.00156573541,4603.007283894066,4372.856919699362,2704.834620405504,1700.4826012316219,1700.4826012316219,0.28628417994527083,0.2762841799452708,0.36469742974097985,34.65716756097897,14.85307181184813,7.426535905924065,0.003800028945127321,0.0005084827425222209,0.0032268190979881923,0.002745652488288061,0,45,-45,-45,45,0
0.6211616804067652,3.0,0.12540919741943118,18.790498396283553,0.2945429833660966,1368.8744335736683,83186.31266504552,5346.054246268928,5078.751533955481,3018.780239036472,2198.2772222709136,2198.2772222709136,0.3038434187588407,0.2938434187588407,0.3745371584039397,13.153348877398486,5.6371495188850655,2.8185747594425328,0.0012540919741943117,0.00015811914792234153,0.0010544504898765844,0.0009336800085660293,45,45,-45,-45,45,45
0.5334831650397116,3.0,0.13769351718577197,18.29111739536831,0.2661519174652349,1385.596345286342,72525.28806799553,4745.8778329712,4508.58394132264,2670.152634665182,1908.9635253491558,1908.9635253491558,0.2988356268622665,0.2888356268622665,0.3519587832165593,12.803782176757817,5.487335218610493,2.7436676093052466,0.0013769351718577198,0.00017654231396852543,0.0011562318735826153,0.0010275321244507367,90,45,0,0,45,90
0.45114618014262425,3.0,0.5630698040608966,61.9939680645133,0.19385830483475386,4878.772940828535,59568.8218737429,3916.47824209103,3720.6543299864784,2239.105125615491,1533.3495962815775,1533.3495962815775,0.29519520236896585,0.28519520236896584,0.3285462138126379,43.395777645159306,18.598190419353987,9.299095209676993,0.005630698040608966,0.0007284981686751733,0.004748702602117434,0.004153040919470378,0,45,-45,90,-45,45
0.4634587695462311,3.0,0.18851497120020233,21.37773193827379,0.22833541109332756,1672.6504751664436,60384.96807945405,4049.7791573865675,3847.2901995172388,2285.2103423376284,1598.5078165904802,1598.5078165904802,0.26166904938362834,0.25166904938362833,0.3443089985044993,14.964412356791652,6.413319581482137,3.2066597907410683,0.0018851497120020233,0.0002478168463565568,0.0015836220525221989,0.0014032230343666546,0,90,90,90,90,0
0.6091949713132057,3.0,0.0947725276973503,14.85706087613496,0.2947181123208242,1088.0172904039518,82427.34410519116,5725.699036718407,5439.414084882486,2997.9442622527204,2178.2227214594545,2178.2227214594545,0.24045115878580134,0.23045115878580133,0.37857638997098464,10.399942613294472,4.457118262840488,2.228559131420244,0.000947725276973503,0.00012617102644994112,0.0007784408915413435,0.0007433624298757498,0,30,-30,-30,30,0
0.5713011664746097,3.0,0.2738991248055613,39.571206065039064,0.22827943487087105,2946.9596985148037,77885.5663385915,5105.620492846054,4850.339468203751,2990.9304008513154,2004.2622873517548,2004.2622873517548,0.30296598583421064,0.29296598583421063,0.352699415235627,27.699844245527345,11.87136181951172,5.93568090975586,0.0027389912480556126,0.0003556479787937596,0.002325155548898661,0.0019845600245550258,0,30,60,-60,-30,0
0.6130531408610627,3.0,0.3173545051233444,49.36492391634522,0.18819157266622807,3608.990583940784,80822.7714352411,5542.926557544214,5265.780229667003,3157.2836049851094,2016.5511691363013,2016.5511691363013,0.2558512690745595,0.2458512690745595,0.34190257527228757,34.55544674144165,14.809477174903565,7.404738587451782,0.003173545051233444,0.00042754592706746087,0.002671779432968869,0.002345287758046273,0,0,90,90,0,0
0.4771252622731657,3.0,0.10075850715670115,12.51355571973789,0.25911430337032204,972.852165269463,64822.73631426689,4493.6042771997645,4268.924063339776,2427.1519683995734,1775.5912863580181,1775.5912863580181,0.2642397040493774,0.2542397040493774,0.3177651268820411,8.759489003816523,3.754066715921367,1.8770333579606835,0.0010075850715670115,0.00013512988654705463,0.0008354244130862258,0.000773348097852468,45,45,-45,-45,45,45
0.5247705809606981,3.0,0.3972097633536475,52.84107977913358,0.25270186743978934,4018.753737708271,73087.34445249685,4728.29391727017,4491.879221406662,2708.7401254116967,1795.3882987104955,1795.3882987104955,0.28552334217267483,0.2755233421726748,0.323191333750328,36.988755845393506,15.852323933740074,7.926161966870037,0.003972097633536475,0.0005060897494973889,0.0033526519736514697,0.0029261433728956752,0,45,-45,-45,45,0
0.5907174514356512,3.0,0.23703263879742503,35.1404677097553,0.27840773856275947,2594.482955437843,76500.74063660331,5299.342526963136,5034.375400614979,2986.4313879829197,2080.927974411162,2080.927974411162,0.2880760995479813,0.2780760995479813,0.3427849038246268,24.598327396828708,10.54214031292659,5.271070156463295,0.0023703263879742502,0.0003215436503245976,0.0019893298572960737,0.001765006280630962,0,60,-60,-60,60,0
0.6206822285564858,3.0,0.2627844305833189,40.06991883909289,0.2533047346684138,2919.6769327418015,83291.27361613525,5403.676432097648,5133.492610492765,3130.3346807245075,2246.03487775622,2246.03487775622,0.24407631824449227,0.23407631824449227,0.37071938257208337,28.048943187365023,12.020975651727868,6.010487825863934,0.002627844305833189,0.0003367572852425606,0.0022245920537217394,0.001920078342700667,0,60,-60,-60,60,0
0.6153334442754108,3.0,0.05385112618769605,8.226490731681462,0.24560210538834334,600.8245933202667,82030.39414919814,5410.954192254231,5140.40648264152,3143.695489286505,2151.1382461411768,2151.1382461411768,0.31303304671057397,0.30303304671057396,0.3286236509807583,5.758543512177023,2.4679472195044387,1.2339736097522194,0.0005385112618769605,7.020011999093038e-05,0.0004561020352080045,0.00039252326249712016,45,-45,45,-45,45,-45
0.6336722020801033,3.0,0.13729022029660692,21.771675965178186,0.1825252656548777,1577.4252698863918,83582.36056553372,5694.02234261836,5409.321225487442,3154.705478703007,2240.6372798180396,2240.6372798180396,0.2889726893889628,0.2789726893889628,0.3591819969280848,15.24017317562473,6.531502789553456,3.265751394776728,0.0013729022029660694,0.00018233719498356946,0.0011470806394043734,0.001035200089778072,90,45,0,0,45,90
0.5937316855490243,3.0,0.1088635107970669,16.439323158985285,0.19030449575884337,1212.125814230274,79947.6070597786,5427.275043738203,5155.911291551292,2996.2437939763045,2113.0020558636124,2113.0020558636124,0.24933748485407675,0.23933748485407674,0.34594171759356684,11.507526211289699,4.931796947695585,2.4658984738477927,0.001088635107970669,0.00014393834455464396,0.0009087059174171977,0.0008229966062191848,90,45,0,0,45,90
0.5236767875117605,3.0,0.4250669670894187,55.59340619273806,0.21205095319648953,4230.189416693596,70524.24775508753,4751.972262993958,4514.3736498442595,2526.8159185358572,1811.260472476541,1811.260472476541,0.24633867912055676,0.23633867912055675,0.372627960157002,38.91538433491664,16.678021857821417,8.339010928910708,0.004250669670894187,0.0005518014806773934,0.003509705220230706,0.0033002051584915927,0,45,-45,-45,45,0
0.5786159355379192,3.0,0.3184755981205292,46.72814101820084,0.2347573175526244,3468.6161534350335,78028.38787653367,5310.826276392154,5045.284962572546,2861.757082989162,1977.0670103381358,1977.0670103381358,0.2458073141058932,0.2358073141058932,0.3629656101541887,32.70969871274058,14.018442305460251,7.009221152730126,0.0031847559812052924,0.0004192025441368593,0.0026395972257227574,0.0024492718806897666,45,45,-45,-45,45,45
0.528914002057662,3.0,0.16452766034965996,23.18775004429004,0.2264187414729275,1760.1835643903207,70876.28537577615,5261.770975620345,4998.6824268393275,2582.9119981684535,1817.7206866890456,1817.7206866890456,0.30954940084058136,0.29954940084058135,0.3776666119885708,16.231425031003027,6.956325013287012,3.478162506643506,0.0016452766034965995,0.00022901066195761083,0.0013220501320787505,0.0013466051143476339,0,45,-45,-45,45,0
0.5417167647752641,3.0,0.07022588721457419,9.456333408434517,0.2192423654813503,713.6693500020319,74495.3555063683,4833.25842710324,4591.595505748078,2673.400155917168,1992.5585748430794,1992.5585748430794,0.267941553509662,0.25794155350966197,0.3774437140145649,6.619433385904162,2.836900022530355,1.4184500112651774,0.0007022588721457419,8.885699438454648e-05,0.0005869539287661511,0.0005305790111987733,0,45,-45,90,-45,45
0.5053585487949291,3.0,0.14046768038377086,18.921960671947797,0.23116238936692285,1451.9445214272473,68425.51115259176,4908.555460023664,4663.12768702248,2594.8317202307985,1781.4738737685486,1781.4738737685486,0.312138513437117,0.302138513437117,0.3513904601372504,13.245372470363458,5.676588201584339,2.8382941007921696,0.0014046768038377085,0.00019357359919205751,0.001156468180468918,0.0010938258842233192,0,30,-30,-30,30,0
0.5476503780562599,3.0,0.4365299172964696,60.56544599994672,0.19585715630176062,4558.624982834919,73308.67335569531,4996.388806247278,4746.569365934914,2739.9564895097087,1963.197836662836,1963.197836662836,0.26512615338636575,0.25512615338636574,0.3429462720961718,42.3958121999627,18.169633799984016,9.084816899992008,0.004365299172964696,0.000578319184610766,0.0036365532196504517,0.003315679257964296,0,90,90,90,90,0
0.5453468510757715,3.0,0.10552003509004887,14.405170553706077,0.21171795027971807,1085.3739091980374,73108.04362218008,4810.439328468837,4569.917362045395,2850.2588992188994,1991.8766379883652,1991.8766379883652,0.2791168100222361,0.2691168100222361,0.3307459071444567,10.083619387594252,4.321551166111822,2.160775583055911,0.0010552003509004886,0.0001379276326925948,0.0008983693319935027,0.0007580980042367597,0,45,-45,90,-45,45
0.5916840291966771,3.0,0.16058880210056903,23.61220021416526,0.1969511371087312,1742.5844044369856,80384.5028238109,5236.924713381004,4975.078477711953,2978.60128710366,2083.147357725668,2083.147357725668,0.3058698073096525,0.2958698073096525,0.31473661714085854,16.52854014991568,7.083660064249577,3.5418300321247886,0.0016058880210056902,0.00020561849074495639,0.0013526373686736284,0.001189091687920676,0,45,-45,-45,45,0
0.4838881201090097,3.0,0.4799483579990429,59.513247603277506,0.2740236829920277,4612.239902717198,63716.81855615579,4558.12553765822,4330.2192607753095,2341.916402449865,1651.6734401371336,1651.6734401371336,0.3058233478678566,0.2958233478678566,0.34386918739040007,41.659273322294254,17.853974280983252,8.926987140491626,0.004799483579990429,0.0006538191056350141,0.003916955365418895,0.003811829974440231,0,90,90,90,90,0
0.47917864395582366,3.0,0.5000884217206512,61.89672994122808,0.18950634612877168,4807.4861714420285,65959.2213003228,4460.396976427102,4237.377127605747,2438.8956060346336,1681.5406005065513,1681.5406005065513,0.3155997462315471,0.30559974623154706,0.30501636699225404,43.327710958859655,18.569018982368423,9.284509491184211,0.005000884217206511,0.0006568863322625007,0.004163086622223187,0.0038068498988686793,0,60,-60,-60,60,0
0.6079303030963699,3.0,0.09928186696712596,14.717762553640057,0.24592913896081664,1078.415410824284,81620.41827853241,5245.730586726178,4983.444057389869,3053.8636256115537,2102.826500982943,2102.826500982943,0.2572872430669755,0.24728724306697547,0.359065514956192,10.30243378754804,4.415328766092017,2.2076643830460085,0.0009928186696712595,0.00012622373181659814,0.0008416994912519118,0.0007229086343382184,0,45,-45,-45,45,0
0.6210867379274008,3.0,0.19556733174255353,30.94799341712246,0.2877882995723661,2254.6131468959456,82533.75840495563,5719.928526878052,5433.932100534149,3100.1899662943665,2208.4167013818214,2208.4167013818214,0.28122914790635095,0.27122914790635094,0.34336663358326003,21.663595391985723,9.284398025136738,4.642199012568369,0.0019556733174255353,0.0002624816294647859,0.0016231667898487152,0.0014973917930961999,90,45,0,0,45,90
0.6418800170542949,3.0,0.27121508376262415,43.648321456737236,0.24907274968218762,3151.2120998411,88031.15109212998,5709.229004240271,5423.767554028257,3294.402766576268,2179.222668374733,2179.222668374733,0.2875995497807936,0.2775995497807936,0.35265549962639037,30.55382501971606,13.09449643702117,6.547248218510585,0.0027121508376262418,0.0003470796944111252,0.0022935665091198525,0.001987385478465604,0,90,90,90,90,0
0.6171136349147754,3.0,0.3933586878031835,60.968117549824655,0.20473094147012527,4449.356585628826,86066.95915967482,5496.089804267893,5221.285314054498,3173.4695843629147,2103.366862384156,2103.366862384156,0.2626200564788247,0.2526200564788247,0.339712464356784,42.67768228487726,18.290435264947394,9.145217632473697,0.003933586878031835,0.000495866040831069,0.0033278996370736656,0.0028817725802497748,0,45,-45,-45,45,0
0.48734518040388647,3.0,0.13294016558735863,15.855879715275984,0.29911821533994437,1226.8486929664068,67151.28653574322,4285.842585091323,4071.5504558367566,2359.2096655654964,1677.2569344623182,1677.2569344623182,0.2972394397432719,0.2872394397432719,0.31073645013642914,11.099115800693188,4.756763914582795,2.3783819572913973,0.0013294016558735864,0.000165285229416794,0.0011098783541723192,0.0010081265739140253,45,45,-45,-45,45,45
0.45193261075204966,3.0,0.09790224668342343,11.47647561395811,0.2320978541232447,902.8351685223638,59931.79672199624,4345.680132619509,4128.396125988534,2176.3639148552793,1586.1307918286666,1586.1307918286666,0.30551542788248065,0.29551542788248064,0.357115543873119,8.033532929770676,3.442942684187433,1.7214713420937164,0.0009790224668342342,0.00013404458683318932,0.0007922678566109927,0.0007909850601470703,45,45,-45,-45,45,45
0.4596734852398303,3.0,0.3516611252960963,43.25182060974977,0.2584665429425631,3390.1616172879467,62979.8454130992,4509.559801568947,4284.081811490499,2336.103479404162,1642.8385810836462,1642.8385810836462,0.2882543223929272,0.2782543223929272,0.3764655364813914,30.276274426824838,12.975546182924932,6.487773091462466,0.0035166112529609627,0.0004807295767119756,0.0028773420807970073,0.002777177102239158,0,45,-45,-45,45,0
0.557696921903808,3.0,0.3989682552355427,55.13981520454379,0.26773966914518416,4131.50496077999,78531.99712879685,4968.61997520251,4720.188976442385,2729.270681175502,2021.0941813974116,2021.0941813974116,0.24307335486152357,0.23307335486152356,0.3724972589237908,38.59787064318065,16.541944561363135,8.270972280681567,0.003989682552355427,0.0004914922840925335,0.00332928351210618,0.003030469765321791,0,60,-60,-60,60,0
0.45069638473692236,3.0,0.14105611789647346,16.653574262428098,0.2055349910449813,1310.8737816902749,60249.313116414756,4364.237759938351,4146.025871941433,2204.9869678738814,1640.5109050027838,1640.5109050027838,0.2682779897444599,0.25827798974445987,0.3368685501034482,11.657501983699667,4.9960722787284295,2.4980361393642148,0.0014105611789647346,0.00019348771597071726,0.001144775457604538,0.001132902904080608,0,30,60,-60,-30,0
0.5274613210641291,3.0,0.26693494888084046,35.0267227449846,0.24256562477294752,2660.641109729264,71612.72076371919,4702.167832075964,4467.059440472165,2617.7011995931766,1849.0509272869388,1849.0509272869388,0.31331091283379003,0.30331091283379,0.34401016382543714,24.51870592148922,10.50801682349538,5.25400841174769,0.002669349488808405,0.0003423791982766142,0.0022347175172724933,0.0020071077679011755,0,45,-45,-45,45,0
0.5087182619319426,3.0,0.17462135046790772,22.05118862193696,0.27484961880532893,1689.447258432435,68609.82889895856,4490.69448939816,4266.159764928252,2569.5064810265944,1671.628211841287,1671.628211841287,0.31999816163341555,0.30999816163341554,0.36097842108956163,15.43583203535587,6.615356586581087,3.3076782932905435,0.0017462135046790773,0.0002249798940336692,0.0014731255047964024,0.001287281552980955,45,45,-45,-45,45,45
0.47162563275031755,3.0,0.41581057582280995,49.35597079777795,0.2878734552399179,3846.9928246974696,66113.2574435062,4248.403064097849,4035.982910892956,2372.2697380096597,1621.6958721481838,1621.6958721481838,0.2801232729679916,0.2701232729679916,0.3585916346603988,34.549179558444564,14.806791239333384,7.403395619666692,0.0041581057582281,0.0005225756662794425,0.003485260465152596,0.003120806837875932,0,60,-60,-60,60,0
0.5387581146958667,3.0,0.3557185963868262,50.41659503412569,0.24390361550219197,3810.044173816545,71040.34067127672,5141.608313165666,4884.5278975073825,2760.2223934079366,1964.7957615904472,1964.7957615904472,0.28825493544581365,0.27825493544581364,0.3436142914127819,35.29161652388798,15.124978510237707,7.562489255118853,0.0035571859638682617,0.0004967827601952536,0.0029416823664899752,0.0027398115721326893,0,45,-45,-45,45,0
0.4618725760517847,3.0,0.38166840012230463,47.5538944602944,0.2637955673505846,3723.5156005832137,62449.649728572025,4655.657747742444,4422.874860355322,2280.1550421780635,1734.9277674680752,1734.9277674680752,0.24157554828789074,0.23157554828789073,0.3047329317198144,33.28772612220608,14.26616833808832,7.13308416904416,0.0038166840012230463,0.0005330330316805004,0.0030642648388417445,0.003128332958547614,0,60,-60,-60,60,0
0.5424210650397365,3.0,0.1294914343908442,17.919819847659866,0.200024534341011,1351.9773789018445,71381.9270479771,5015.202955462618,4764.4428076894865,2696.375055578761,1901.615707030486,1901.615707030486,0.25378915052675166,0.24378915052675165,0.3088726708050775,12.543873893361905,5.3759459542979595,2.6879729771489798,0.001294914343908442,0.00017572898928507405,0.0010719298903830833,0.0009968839355591881,0,45,-45,90,-45,45
0.4674258624094347,3.0,0.07375347818107315,9.026455288305085,0.22695351010792464,704.9409499450373,64033.5606841165,4480.99207383768,4256.9424701457965,2328.7407210245306,1508.5722708904455,1508.5722708904455,0.25034127567163195,0.24034127567163194,0.3214463025927764,6.318518701813559,2.7079365864915252,1.3539682932457626,0.0007375347818107315,9.867511089978892e-05,0.0006043163080563882,0.0005814165059346253,0,30,-30,-30,30,0
0.5267103793868048,3.0,0.49706700481203914,64.38751106740031,0.2578087354137987,4892.570506231652,72113.12855973258,4627.648384301684,4396.2659650866,2601.041559755058,1815.7315970165916,1815.7315970165916,0.2489895899274153,0.23898958992741529,0.3005736884041816,45.07125774718021,19.316253320220092,9.658126660110046,0.004970670048120391,0.0006250076601495232,0.004174097017773949,0.0037131766018454384,0,30,60,-60,-30,0
0.6268420083130009,3.0,0.15780170547842917,25.354517442027323,0.26055365146795145,1842.4839430973666,86647.64819493111,5771.150238314309,5482.592726398593,3189.159398471793,2230.3208414485634,2230.3208414485634,0.26572472875094255,0.25572472875094254,0.3683392580155018,17.748162209419124,7.6063552326081965,3.8031776163040982,0.0015780170547842918,0.00020483143604187737,0.001317996399073113,0.0011925329345803585,45,-45,45,-45,45,-45
0.6328073133659557,3.0,0.09113855897672388,14.368123643883315,0.21517850496080337,1041.40655418357,83409.19348470282,5643.960708825081,5361.762673383827,3158.482457484268,2167.2423702130104,2167.2423702130104,0.29071043757090176,0.28071043757090175,0.3724945092598491,10.05768655071832,4.310437093164994,2.155218546582497,0.0009113855897672388,0.00012058246975572173,0.0007637255671225801,0.0006823588782250605,90,45,0,0,45,90
0.6453340733612132,3.0,0.4238515039539349,66.23401186942442,0.2580156719157652,4774.65330660071,87424.92054720582,5527.5924524021075,5251.212829782002,3219.4177127470916,2184.5318108045253,2184.5318108045253,0.31221811830133595,0.30221811830133594,0.3022442044998561,46.36380830859709,19.870203560827324,9.935101780413662,0.004238515039539349,0.0005303271426316317,0.0035947302070347817,0.0030859933897599626,45,45,-45,-45,45,45
0.5233938988212732,3.0,0.42312493434827336,56.650672211211806,0.21102455601490822,4311.19524759126,71516.79971471668,4892.064203253258,4647.4609930905945,2555.836073475628,1832.9437042068867,1832.9437042068867,0.2516575809386703,0.2416575809386703,0.3798153044767737,39.65547054784826,16.99520166336354,8.49760083168177,0.004231249343482734,0.0005544916817591879,0.0034740348771509603,0.0033247831971187657,0,90,90,90,90,0
0.5735972241843074,3.0,0.2149042584734759,29.169230596363537,0.2327258679081593,2170.0740044872928,77025.97933894754,4784.176255678111,4544.967442894205,2821.382109453684,1841.457891357214,1841.457891357214,0.31103652661566417,0.30103652661566416,0.32394226976976565,20.418461417454473,8.75076917890906,4.37538458945453,0.002149042584734759,0.0002650853853815274,0.0018291067701619872,0.0015507947593464235,0,60,-60,-60,60,0
0.5308895484783785,3.0,0.5008652704333311,65.81709655981182,0.25199985702716304,4991.688502757118,69687.73222628179,4732.382899962279,4495.763754964165,2594.2609553945476,1840.4814058259096,1840.4814058259096,0.3188508570011084,0.30885085700110837,0.3622886242100864,46.071967591868265,19.745128967943543,9.872564483971772,0.00500865270433331,0.0006611202017920285,0.004172343909048638,0.0038055402496971645,45,45,-45,-45,45,45
0.4630368915917262,3.0,0.5226986398497095,57.94323482405142,0.21871676812126367,4534.530529641385,62820.01547362707,3878.070553419513,3684.167025748537,2354.5917820902205,1600.777136462775,1600.777136462775,0.27225930562757616,0.26225930562757616,0.3647145990072641,40.560264376835995,17.382970447215428,8.691485223607714,0.005226986398497095,0.000645658299684181,0.004482376018633257,0.003691291751597001,0,45,-45,90,-45,45
0.5869663745401947,3.0,0.4171835525339004,58.150519758526464,0.26714502281087477,4300.50195212688,77769.52934677516,4845.4387217363665,4603.166785649548,3021.138665841769,2061.0654145705466,2061.0654145705466,0.2733868832138721,0.2633868832138721,0.30441806210841976,40.70536383096852,17.445155927557938,8.722577963778969,0.004171835525339004,0.0005234101861342489,0.0036003253635836824,0.002887182260913743,45,-45,45,-45,45,-45
0.6395396642930677,3.0,0.061821623919537966,9.965601350191001,0.28822749726112323,720.2016298662942,84667.45043214184,5733.9607967161965,5447.262756880386,3284.8292961784077,2251.0554696430045,2251.0554696430045,0.2861579589662159,0.27615795896621587,0.30930616802277033,6.9759209451337005,2.9896804050573,1.49484020252865,0.0006182162391953796,8.23920043597471e-05,0.0005213988220445231,0.00045507393771352354,45,45,-45,-45,45,45
0.5493843064502894,3.0,0.29888152238011256,40.910052826395706,0.2939078558549232,3076.7984222593814,71841.50424036113,4879.1202403352145,4635.164228318454,2773.9999813465697,2011.0193143217032,2011.0193143217032,0.29638219210520766,0.28638219210520766,0.35553897616891716,28.637036978476992,12.273015847918712,6.136507923959356,0.0029888152238011258,0.00039861410588878617,0.0025154157395956096,0.0022121513933754753,0,90,90,90,90,0
0.5007766322737496,3.0,0.23667742117343343,29.03292514955012,0.18765330077528702,2232.501704023296,69178.74788028491,4347.160923858052,4129.802877665149,2513.4960360390714,1779.4309755729446,1779.4309755729446,0.24324866779105292,0.2332486677910529,0.3171404658346769,20.323047604685083,8.709877544865035,4.354938772432518,0.0023667742117343344,0.0002937758809953382,0.0020035783577883113,0.0017326220968684359,45,-45,45,-45,45,-45
0.6086796640978145,3.0,0.10278998710787038,15.573548744308619,0.2731685356142164,1140.7456624472156,81223.16701793093,5351.962635842086,5084.364504049981,3141.3500388833745,2168.5094510135705,2168.5094510135705,0.31481616731165835,0.30481616731165834,0.311628024400675,10.901484121016033,4.672064623292585,2.3360323116462927,0.0010278998710787038,0.00013421643751725917,0.0008729628626335646,0.0007436396080446545,45,45,-45,-45,45,45
0.5401746546200459,3.0,0.21591100188910542,28.53922209730797,0.2725929120127042,2155.359776136812,72735.85999063945,4885.154425513619,4640.896704237937,2459.5627733786123,1867.0760740819915,1867.0760740819915,0.3148278956264102,0.3048278956264102,0.3321256763042637,19.97745546811558,8.561766629192391,4.2808833145961955,0.002159110018891054,0.00027465758252788274,0.0017526092081095713,0.001740505817103298,0,45,-45,90,-45,45
0.5557203767379958,3.0,0.4870488518342961,64.49089612815885,0.21184398593202958,4836.458491748568,74715.46855086964,4749.168378162402,4511.709959254282,2630.7722741055454,1879.9105563763505,1879.9105563763505,0.27613483966445956,0.26613483966445955,0.36805871211970437,45.14362728971119,19.347268838447654,9.673634419223827,0.004870488518342961,0.0006042072433632051,0.004073822466983935,0.003677108244769241,0,30,-30,-30,30,0
0.45476097556726774,3.0,0.3326517680436084,34.848103508863566,0.2801284853656204,2737.7871089495297,62796.901388975704,3658.409152134292,3475.488694527577,2229.421463693006,1588.3865216344336,1588.3865216344336,0.2726683356335464,0.2626683356335464,0.3179832881494457,24.393672456204495,10.45443105265907,5.227215526329535,0.003326517680436084,0.0003884534414382255,0.002857644024468948,0.002344651117546309,0,45,-45,90,-45,45
0.5668279160885024,3.0,0.41211045777316235,56.768288558296355,0.21813257310474035,4236.133590577803,77976.85655725923,4858.730689168693,4615.794154710258,2858.2179223975645,1993.395528542833,1993.395528542833,0.2842036709560255,0.2742036709560255,0.35138381492205834,39.73780199080745,17.030486567488907,8.515243283744454,0.004121104577731623,0.0005096102067365021,0.0035051307958792726,0.0029792141519431785,45,-45,45,-45,45,-45
0.5354849894545788,3.0,0.1402287833558571,17.36555275430182,0.2411369622155105,1314.28677236582,70036.06194549728,4291.709289832987,4077.123825341338,2707.6286955581622,1900.0684506533796,1900.0684506533796,0.30234733207841763,0.2923473320784176,0.3340793678858954,12.155886928011274,5.2096658262905455,2.6048329131452728,0.0014022878335585708,0.00017356611137660908,0.0012138906609150315,0.0009620347566187621,45,-45,45,-45,45,-45
0.5047377437917169,3.0,0.3059579049860473,38.16852957033819,0.18543422701099638,2929.634647704095,70717.70565150544,4479.233770167485,4255.272081659111,2471.4332864602525,1676.6933802060898,1676.6933802060898,0.3090787554637962,0.2990787554637962,0.30454248272360546,26.71797069923673,11.450558871101455,5.7252794355507275,0.003059579049860473,0.00037781161666785435,0.002556365543447245,0.002316582635233033,45,-45,45,-45,45,-45
0.5298445450404988,3.0,0.2282875492699118,29.907192690881924,0.2827938170860741,2269.295093318884,69575.5314728173,4729.420190365894,4492.9491808476,2571.2401324946018,1830.7038039667796,1830.7038039667796,0.2923948261473885,0.2823948261473885,0.33505295449593964,20.935034883617345,8.972157807264576,4.486078903632288,0.002282875492699118,0.0003008965140538887,0.0018970946640650343,0.0017447140961042488,0,45,-45,-45,45,0
0.4981850961046328,3.0,0.2333412446283926,29.68054323742696,0.2787995983028051,2285.0327635853073,68391.44471839904,4577.8793199115735,4348.985353915995,2512.980739142528,1784.7477207322243,1784.7477207322243,0.2806150223788611,0.2706150223788611,0.33662737547947014,20.77638026619887,8.904162971228088,4.452081485614044,0.002333412446283926,0.0003037862462438887,0.0019450410002070742,0.0017716337480299074,0,45,-45,90,-45,45
0.6132483423496545,3.0,0.36243255180757356,55.27203480751454,0.2893021618851635,4040.504038449653,85084.12291938422,5423.654773192204,5152.472034532593,3097.5467997824603,2171.203702868135,2171.203702868135,0.3049477476918948,0.2949477476918948,0.3685478542082929,38.69042436526017,16.58161044225436,8.29080522112718,0.003624325518075736,0.0004547314238864365,0.0030572761607566166,0.0026765714150660904,45,45,-45,-45,45,45
0.6305636416280156,3.0,0.20284799595634168,33.22057535361727,0.28184792687900007,2410.1904536712964,85525.42609673395,5928.2614914818605,5631.848416907767,3197.1695149539682,2051.0006757958404,2051.0006757958404,0.2852348559061876,0.27523485590618757,0.32811540916262927,23.254402747532087,9.96617260608518,4.98308630304259,0.0020284799595634167,0.0002719004605861897,0.0016811290494532457,0.0015585930867085523,45,-45,45,-45,45,-45
0.638413546734272,3.0,0.15110913237510845,24.41716523167581,0.2105652274866174,1765.4602711670552,86032.4752171835,5741.237058954492,5454.1752060067665,3299.6201314385794,2233.2678023448466,2233.2678023448466,0.3182198294114637,0.3082198294114637,0.3553134074423799,17.092015662173065,7.325149569502742,3.662574784751371,0.0015110913237510845,0.0001986693468835502,0.0012758834889212342,0.0011099989207407793,0,30,-30,-30,30,0
0.4685255617483947,3.0,0.5453383170558074,61.3244311255299,0.190580172830899,4786.800169513746,64324.54175764544,4022.2234890874693,3821.1123146330956,2247.821885277713,1758.4227903292535,1758.4227903292535,0.2561244742137072,0.2461244742137072,0.3565343373180654,42.927101787870924,18.39732933765897,9.198664668829485,0.005453383170558074,0.0006673518475981793,0.004573920217902366,0.004092256921723587,0,90,90,90,90,0
0.6026648723090693,3.0,0.25188718191492837,37.74510593091174,0.215358730662649,2772.1163172678903,79408.11601692738,5421.232974859778,5150.171326116789,2926.70513643367,2085.6004254229033,2085.6004254229033,0.3077291364952412,0.2977291364952412,0.3432479657173393,26.421574151638218,11.323531779273521,5.661765889636761,0.0025188718191492838,0.0003327314067746671,0.002088737346611895,0.001934518725222826,0,30,60,-60,-30,0
0.5925759713334388,3.0,0.1197148900566823,17.565429503357464,0.24006815529486797,1295.819906481764,81117.77058587762,5299.742374605548,5034.75525587527,2869.626949474737,2184.884482354012,2184.884482354012,0.3100797871479465,0.3000797871479465,0.3303640885659742,12.295800652350223,5.269628851007239,2.6348144255036194,0.001197148900566823,0.00015157961767863095,0.0009943179268972389,0.0009181731534776329,45,-45,45,-45,45,-45
0.5042273435785497,3.0,0.4287531109258535,53.64849182352624,0.20341440665444696,4118.771004813381,65753.2215948868,4402.310559827752,4182.195031836364,2627.278685929132,1814.7236322123508,1814.7236322123508,0.3024826726041938,0.2924826726041938,0.3271540199162673,37.553944276468364,16.09454754705787,8.047273773528936,0.004287531109258535,0.0005711346663414084,0.003655931885843056,0.0030629692299593385,45,-45,45,-45,45,-45
0.4561221219120472,3.0,0.349479820126149,40.114870121079235,0.19595317239288484,3149.5416420222086,60328.65603363065,4106.000110310295,3900.70010479478,2305.2916787292993,1495.2094523756527,1495.2094523756527,0.2843271396497272,0.2743271396497272,0.3527462142211402,28.080409084755463,12.034461036323771,6.0172305181618855,0.0034947982012614896,0.0004654572292991548,0.002930945132248015,0.0026101818584096247,0,30,60,-60,-30,0
0.6445616107138115,3.0,0.286551231679559,47.38441636956551,0.23468362320254205,3416.9721812212124,86293.18547531766,5993.068689208623,5693.415254748192,3219.324328019866,2363.731316237482,2363.731316237482,0.25654818893612125,0.24654818893612124,0.36322202136593895,33.16909145869585,14.215324910869652,7.107662455434826,0.00286551231679559,0.0003843767184627014,0.0023719609515683304,0.0022078118670965314,0,30,-30,-30,30,0
0.6108702538722501,3.0,0.4239232061196685,66.30645480828278,0.20228741315874577,4852.204898072751,81231.94030789676,5588.970268561236,5309.521755133173,3152.4117852591403,2005.9277727845235,2005.9277727845235,0.2670036997355167,0.2570036997355167,0.3208588798205372,46.414518365797946,19.891936442484834,9.945968221242417,0.004239232061196685,0.0005713826136599851,0.0035591415746796594,0.003155034588993208,0,45,-45,-45,45,0
0.5937521563496304,3.0,0.17900466403624812,26.751057488329096,0.26896336475398386,1972.4263202864145,80126.983823432,5330.589799584897,5064.060309605652,3019.416816524897,2045.1633165700484,2045.1633165700484,0.2485656458265293,0.23856564582652928,0.3221331251413188,18.725740241830366,8.025317246498728,4.012658623249364,0.0017900466403624814,0.0002337008002584304,0.001505521442884927,0.0013289515383528953,0,45,-45,-45,45,0
0.5072719244714595,3.0,0.3878368796700418,47.796227348514066,0.20579956109040531,3664.3343670754452,67549.61464606099,4391.5038477781545,4171.928655389246,2492.9683015998344,1839.9421461922648,1839.9421461922648,0.26090050812886306,0.25090050812886305,0.3633652700073038,33.45735914395984,14.338868204554219,7.169434102277109,0.0038783687967004184,0.0004953005182822436,0.0032651384813903446,0.002875862520063414,0,60,-60,-60,60,0
0.4893742017128735,3.0,0.43998373759385634,55.45960664710742,0.20906740931677922,4287.148685388815,67916.28092253607,4611.58340553082,4381.004235254279,2398.419828431701,1714.4077568236312,1714.4077568236312,0.27999659681500877,0.26999659681500876,0.3597071138786313,38.82172465297519,16.637881994132226,8.318940997066113,0.0043998373759385635,0.0005716114623127622,0.0036078458375441895,0.0034685090985533476,45,45,-45,-45,45,45
0.45345860488295664,3.0,0.35390087115096086,40.06337310526451,0.2021123998400186,3149.4501482909814,60092.06911212864,4023.708082307496,3822.522678192121,2309.8716393159766,1579.9356024639485,1579.9356024639485,0.2466801356309252,0.2366801356309252,0.34335569857546916,28.044361173685154,12.019011931579353,6.0095059657896766,0.0035390087115096083,0.00046668989082995045,0.002987048683881349,0.0026016623017066326,0,30,-30,-30,30,0
0.4747403963913361,3.0,0.4417184476184956,51.36182747469903,0.2577863201881707,3997.5139368841415,64474.77584561161,4115.182688862147,3909.4235544190396,2393.4502962871775,1633.384532023544,1633.384532023544,0.2663529772889414,0.2563529772889414,0.35667840949701224,35.95327923228932,15.408548242409708,7.704274121204854,0.004417184476184956,0.0005576332567387504,0.003744316937401919,0.003218898730905778,0,90,90,90,90,0
0.5219425315342857,3.0,0.14699420043058717,19.527498250346373,0.21576414570562882,1487.0553611853952,69721.86838013648,4828.183048116274,4586.77389571046,2568.8396447300947,1813.3599305452537,1813.3599305452537,0.24825110821842178,0.23825110821842177,0.31197513795825044,13.66924877524246,5.858249475103912,2.929124737551956,0.0014699420043058718,0.00019605396546052374,0.0012133445266515983,0.0011402520758977603,0,90,90,90,90,0
0.5266899358438826,3.0,0.31942862737727495,41.16961245250806,0.2587058462235481,3128.3568151043546,69359.44221093623,4627.493175174158,4396.118516415449,2561.0598704205445,1809.5881567138608,1809.5881567138608,0.2898903839234739,0.2798903839234739,0.37561324139677876,28.81872871675564,12.350883735752419,6.175441867876209,0.0031942862737727494,0.00041549827677552534,0.0026690225718782584,0.002411283679542469,0,45,-45,90,-45,45
0.6409546659095409,3.0,0.2863130054609414,45.47829680624226,0.20251093425845745,3284.6446803782073,88210.38650816248,5747.395633188111,5460.025851528705,3093.0853938431537,2164.941576756018,2164.941576756018,0.2512789872317328,0.2412789872317328,0.3328743622022925,31.834807764369582,13.643489041872678,6.821744520936339,0.002863130054609414,0.0003608963640741306,0.0023738559014606347,0.0022054821165025554,0,0,90,90,0,0
0.6246747505121321,3.0,0.41369336216030195,67.52655732858334,0.2880576895807105,4911.719457018983,84004.8275091924,5920.000372767313,5624.000354128947,3175.297442877115,2121.304850742341,2121.304850742341,0.29212953499652655,0.28212953499652654,0.3315420695333695,47.268590130008334,20.257967198575,10.1289835992875,0.00413693362160302,0.0005626889731406908,0.0034219537032065053,0.0031899322131251104,90,45,0,0,45,90
0.5651838552645532,3.0,0.13110642561065322,18.37221348171679,0.2814653571064805,1371.9716218434526,77917.4745753277,4999.357801707975,4749.389911622577,2823.868129932112,2011.8541585202506,2011.8541585202506,0.2636842982246409,0.2536842982246409,0.344583947697156,12.860549437201753,5.5116640445150376,2.7558320222575188,0.0013110642561065323,0.00016505346852288772,0.0011024744103396717,0.0009759067688206004,90,45,0,0,45,90
0.46400071209216937,3.0,0.35055004265045164,42.22385644469297,0.20047732312592326,3302.8662650986976,62299.82604239518,4346.855005893222,4129.512255598561,2369.787184945517,1546.0978635848764,1546.0978635848764,0.2898280759544439,0.27982807595444387,0.31341529715755656,29.55669951128508,12.66715693340789,6.333578466703945,0.0035055004265045165,0.00047442667803232187,0.002914096954288668,0.0026726359678789294,45,45,-45,-45,45,45
0.5875773731186904,3.0,0.2906883161803129,43.11598688098902,0.24164052688171805,3187.7639184896775,79303.11000725036,5350.482232828227,5082.958121186815,2915.243891123773,2088.0400639985996,2088.0400639985996,0.3123460947246778,0.30234609472467777,0.35242316922115097,30.18119081669231,12.934796064296705,6.467398032148353,0.002906883161803129,0.0003805801665777416,0.002417500984291553,0.0022184758029474127,0,45,-45,90,-45,45
0.5727891726276901,3.0,0.0697023244711923,10.258023937842276,0.28640815825994015,763.4312882212298,76459.02436744585,5250.927397241829,4988.381027379737,2977.3325338131986,2002.478496790395,2002.478496790395,0.2483844719905246,0.2383844719905246,0.3752859336197352,7.180616756489593,3.0774071813526827,1.5387035906763413,0.0006970232447119231,9.391457471365412e-05,0.0005860692690150624,0.0005168060917621644,45,45,-45,-45,45,45
0.5018877071461769,3.0,0.3702838898036648,48.08577585322965,0.2629328615483364,3695.6859704869667,67392.38403899033,4728.7522577421505,4492.314644855042,2502.075832339313,1690.076492134383,1690.076492134383,0.24698283118780356,0.23698283118780356,0.30342639992749515,33.660043097260754,14.425732755968895,7.212866377984447,0.003702838898036648,0.0004994636052315125,0.0030506425309869767,0.0028827529065099462,0,45,-45,-45,45,0
0.57739807629887,3.0,0.2678219730551656,38.53872465425115,0.19800285565317802,2862.2707057998496,77664.12474433785,5159.630612584568,4901.649081955339,2868.1958321913135,1953.9372355305627,1953.9372355305627,0.31666822505203346,0.30666822505203345,0.3722476603727032,26.977107257975803,11.561617396275343,5.780808698137672,0.002678219730551656,0.00034735609712697606,0.0022407839367562564,0.0020154860533777115,0,45,-45,90,-45,45
0.5296696416887293,3.0,0.4672271173444743,61.55748088545601,0.28754204015658513,4671.224579107521,69180.63294599458,4734.90254717441,4498.1574198156895,2615.787596098092,1924.1352164616392,1924.1352164616392,0.31577131734529756,0.30577131734529756,0.3532905091130377,43.0902366198192,18.4672442656368,9.2336221328184,0.004672271173444743,0.0006228656024794875,0.003900237456134609,0.003529958681122265,0,30,-30,-30,30,0
0.621456053269897,3.0,0.42564260832298567,65.19188264593319,0.24734117053967425,4748.5712543527525,86060.3627824538,5419.222790458139,5148.261650935231,3152.2642539275757,2233.3058748489984,2233.3058748489984,0.25082605140922093,0.24082605140922092,0.338330807397033,45.63431785215323,19.557564793779957,9.778782396889978,0.004256426083229857,0.0005302594176544334,0.0036089242959739193,0.003102145508488404,0,45,-45,-45,45,0
0.6404144758667994,3.0,0.38619578298302476,62.84196005317361,0.24711856003840915,4539.788313366762,86627.47790674881,5839.156779663401,5547.19894068023,3239.799163961668,2185.430418468724,2185.430418468724,0.2836393316539355,0.2736393316539355,0.365227418378337,43.98937203722152,18.852588015952083,9.426294007976042,0.0038619578298302475,0.0005077992930207942,0.0032286490545367485,0.0029095303538659626,45,-45,45,-45,45,-45
0.6180168745296265,3.0,0.41937807303182506,66.43871248047364,0.25054839696218084,4846.675063342716,81877.88612939641,5655.579046347689,5372.800094030304,3201.5101205934902,2164.0648082894095,2164.0648082894095,0.25927541391153425,0.24927541391153424,0.36111364054517037,46.50709873633154,19.93161374414209,9.965806872071045,0.004193780730318251,0.0005680056109757603,0.003524239265476045,0.0031128456561691584,0,45,-45,-45,45,0
0.5162044289660188,3.0,0.13539731937823668,18.05837293248161,0.25506995694461265,1378.7936576291172,69401.98027489748,4876.283660024703,4632.469477023467,2546.4589816692314,1930.8777704787992,1930.8777704787992,0.2789686597471193,0.2689686597471193,0.3309612703829893,12.640861052737126,5.417511879744483,2.7087559398722414,0.0013539731937823667,0.00018213977472497704,0.0011109919474448782,0.0010637343697154794,45,45,-45,-45,45,45
0.5959058074698211,3.0,0.2777144442097926,42.93663525175806,0.29545393277890575,3162.818410059613,78479.28398655917,5614.436049999917,5333.714247499921,3001.4481151789455,2072.0800113855867,2072.0800113855867,0.24008736594498734,0.23008736594498733,0.3692876938302788,30.055644676230642,12.880990575527418,6.440495287763709,0.0027771444420979256,0.0003829755210480533,0.002294262586805599,0.002145795976013308,45,45,-45,-45,45,45
0.5484176970107993,3.0,0.41293952533480477,56.710554131718496,0.19002010985111137,4266.997310324265,74901.40944765277,5014.851002857022,4764.10845271417,2622.3007451563753,1954.90052433761,1954.90052433761,0.3144921868373171,0.3044921868373171,0.3167451442736552,39.69738789220295,17.01316623951555,8.506583119757774,0.0041293952533480475,0.0005299952054967234,0.003392556674131084,0.003243938795147809,0,30,-30,-30,30,0
0.5930465659909543,3.0,0.2696994718548038,40.31230833762004,0.29735982282740725,2973.2613674913987,78947.88645304236,5371.920531595603,5103.324505015823,2966.3049786122147,2061.618056583531,2061.618056583531,0.2962444453640423,0.2862444453640423,0.37487429691047836,28.218615836334024,12.09369250128601,6.046846250643005,0.002696994718548038,0.00035743345520868703,0.0022512791151982777,0.002038511310954958,0,90,90,90,90,0
0.5654274880901926,3.0,0.3524618909555206,49.463077591470025,0.21655528657309864,3693.3237102370363,76259.8536589771,5055.749353885561,4802.961886191282,2764.2162313310364,2031.4221835590458,2031.4221835590458,0.3004749933561132,0.2904749933561132,0.3751490651898202,34.62415431402901,14.838923277441006,7.419461638720503,0.003524618909555206,0.0004540285963419647,0.0029350591255155197,0.002684110437752496,0,60,-60,-60,60,0
0.4813192099041108,3.0,0.24706928979137274,30.39287314027445,0.19529965091598728,2358.245886048077,64967.52352625173,4474.319150363407,4250.603192845237,2373.6893109389302,1715.7219524164675,1715.7219524164675,0.2581670225034217,0.2481670225034217,0.33593008988295436,21.275011198192114,9.117861942082335,4.558930971041168,0.0024706928979137273,0.0003274714818026798,0.0020378210931470495,0.00192060980770809,45,45,-45,-45,45,45
0.5477374302733939,3.0,0.16157652970796196,21.143669119229454,0.18105887109653834,1591.3738861278375,72213.45149752687,4634.401517798172,4402.681441908263,2689.3897716889246,1834.0043490748199,1834.0043490748199,0.24615266644043315,0.23615266644043315,0.34619533139557035,14.800568383460616,6.343100735768836,3.171550367884418,0.0016157652970796197,0.00020495583684941994,0.0013686990027533211,0.0011792825276838539,0,30,60,-60,-30,0
0.4751841402972875,3.0,0.4883159751438706,60.761147446665255,0.2782393828371189,4728.0874442101,63254.0024436443,4606.731096239397,4376.394541427427,2317.0802448749946,1583.8164571555083,1583.8164571555083,0.2452078203808421,0.2352078203808421,0.32116372224139417,42.53280321266568,18.228344233999575,9.114172116999788,0.004883159751438706,0.0006724128366510874,0.003956893478952978,0.003933472799295085,90,45,0,0,45,90
0.4589206534642804,3.0,0.09580908179329542,10.821831824403544,0.28307619955424046,848.5365998934719,61172.28446937485,3981.7017275967164,3782.6166412168805,2353.9125897958747,1640.7158021998173,1640.7158021998173,0.25437456123037083,0.24437456123037082,0.3598971270854266,7.57528227708248,3.246549547321063,1.6232747736605315,0.0009580908179329542,0.00012383520319361217,0.0008153673402554495,0.0006896070740678174,0,30,60,-60,-30,0
0.5951438946200708,3.0,0.059259747727996914,8.380985540815932,0.26390181245913585,617.5720227757133,80101.20014224664,5018.006232040267,4767.105920438253,2887.8712848532077,2054.326096416194,2054.326096416194,0.26367332843238495,0.25367332843238494,0.32081384708455585,5.866689878571152,2.514295662244779,1.2571478311223896,0.0005925974772799692,7.324097352040755e-05,0.0005010547109708339,0.0004353198972946231,0,30,60,-60,-30,0
0.5955510557706425,3.0,0.45005895905217913,64.06167926750513,0.1952239341362205,4719.681239646937,79154.43336356708,5024.970238940711,4773.7217269936755,2949.5711471164027,1988.565392124794,1988.565392124794,0.2701018121348867,0.2601018121348867,0.34629958392948856,44.84317548725359,19.218503780251538,9.609251890125769,0.004500589590521791,0.0005665276546328465,0.003824600518291407,0.0032578471278850445,0,30,60,-60,-30,0
0.592099899329681,3.0,0.42612048546992926,64.36246938047606,0.20344499967671573,4749.086688091472,77477.05745509063,5508.5334520685865,5233.106779465157,2902.210347645262,2137.759609675323,2137.759609675323,0.2752095869551343,0.2652095869551343,0.3519793632240633,45.053728566333234,19.308740814142816,9.654370407071408,0.0042612048546992925,0.0005815105793408391,0.003505241636844725,0.003326557778592644,0,30,60,-60,-30,0
0.6100567233290837,3.0,0.14539465630771914,22.714930804820302,0.2789110811945728,1662.8378385529084,83150.58273175817,5639.636231346437,5357.6544197791145,3066.3291477307666,2126.639044855935,2126.639044855935,0.2658770739532071,0.2558770739532071,0.3226076862432811,15.90045156337421,6.81447924144609,3.407239620723045,0.0014539465630771914,0.0001912247760748556,0.0012083189343967962,0.0011111786949697063,0,30,60,-60,-30,0
0.5018584018712293,3.0,0.1991637680893333,26.296403406554674,0.21400551185040773,2021.066744710245,65609.13380324599,4845.532879914042,4603.256235918339,2507.5101470653894,1775.5554972594764,1775.5554972594764,0.30610865520570857,0.29610865520570856,0.30741786701410934,18.40748238458827,7.888921021966402,3.944460510983201,0.001991637680893333,0.0002805628015116024,0.0016280812074700747,0.001573058643690641,0,60,-60,-60,60,0
0.5541121748378552,3.0,0.44378603791677396,59.76682856084361,0.24889641681739458,4485.42552158211,71516.33384130383,4678.677304624172,4444.743439392963,2934.7224440903396,1873.8404529061663,1873.8404529061663,0.2592946648180241,0.2492946648180241,0.32758193087321363,41.83677999259052,17.93004856825308,8.96502428412654,0.00443786037916774,0.0005849961504658107,0.003832290068505454,0.00305481164059635,0,60,-60,-60,60,0
0.5283028830160262,3.0,0.15258713757428125,20.364578675396462,0.24635941443692344,1546.3068480335248,73709.21191080213,4769.8716187579175,4531.378037820022,2678.382482784105,1833.0036700749442,1833.0036700749442,0.3180893392032232,0.3080893392032232,0.3161932347137451,14.255205072777523,6.1093736026189385,3.0546868013094692,0.0015258713757428123,0.00019339787664570613,0.0012808255841925216,0.001140496856197404,0,45,-45,-45,45,0
0.642935499587812,3.0,0.27876799762362003,43.862856125546884,0.26280104911986624,3165.2533616990863,87529.9639487192,5572.703081753834,5294.067927666142,3231.782274310047,2250.7162048283644,2250.7162048283644,0.28573339263424274,0.27573339263424274,0.3431600274657474,30.703999287882816,13.158856837664064,6.579428418832032,0.0027876799762362003,0.00035078272516907735,0.0023613059308235608,0.0020358513848946318,0,45,-45,90,-45,45
0.5283828414642223,3.0,0.39109635599939957,51.35031563889313,0.2105597629633071,3898.948934005179,71196.66820928459,4681.905648928735,4447.810366482298,2653.10093492231,1810.7050923829513,1810.7050923829513,0.269911564923269,0.259911564923269,0.3330586406340459,35.94522094722519,15.405094691667937,7.702547345833969,0.0039109635599939956,0.0005048722342113428,0.003290347103682615,0.002903224390918064,0,30,-30,-30,30,0
0.6103349607631765,3.0,0.3811562813204297,59.091557048916975,0.26021533412456543,4325.246290053259,80415.01772806258,5578.1991064658105,5299.28915114252,3071.5463290196058,2156.1885009515904,2156.1885009515904,0.2899793790229761,0.2799793790229761,0.31702504401611215,41.36408993424188,17.727467114675093,8.863733557337547,0.003811562813204297,0.000514382650192552,0.0031779911000535646,0.0028857561006305006,0,0,90,90,0,0
0.5395894875962778,3.0,0.058827367694260044,7.927895408213731,0.20432440331037746,598.8950552345877,70048.42777726929,4876.123990070885,4632.317790567341,2634.4282837548353,1877.3802610293412,1877.3802610293412,0.2696497296168348,0.2596497296168348,0.331820924686582,5.549526785749611,2.378368622464119,1.1891843112320595,0.0005882736769426004,7.922414480729334e-05,0.0004877580281607122,0.0004514012845083496,0,0,90,90,0,0
0.5774799518679872,3.0,0.2201314352654417,32.70425286635732,0.29531235245863274,2428.8559250280487,79691.891655996,5314.903155994609,5049.157998194878,2979.3360103535792,2114.7634594880324,2114.7634594880324,0.24503365647195047,0.23503365647195046,0.3681547816233463,22.892977006450124,9.811275859907196,4.905637929953598,0.002201314352654417,0.00028726858568336745,0.0018459933458695645,0.0016465541022918763,0,45,-45,90,-45,45
0.5647962127888538,3.0,0.3831465676461963,55.61501197979315,0.2297296634909858,4153.852949398175,74852.0385125363,5206.059888560573,4945.756894132544,2899.577185957806,2031.702847959781,2031.702847959781,0.2614373499565442,0.2514373499565442,0.3110043294059657,38.930508385855205,16.684503593937944,8.342251796968972,0.003831465676461963,0.0005200995077687174,0.00320482360001261,0.0028770580198275732,90,45,0,0,45,90
0.48256945061295414,3.0,0.38876519140313914,44.48916191100206,0.2939235660346783,3449.998005749897,66411.05156950836,4017.6834942065016,3816.7993194961764,2402.34537505786,1605.9622875146044,1605.9622875146044,0.3114988805337933,0.3014988805337933,0.308818016387666,31.142413337701438,13.346748573300617,6.673374286650309,0.0038876519140313916,0.0004689341999818598,0.0033220009969791363,0.0027778579865892854,0,0,90,90,0,0
0.6350784391158353,3.0,0.30737812208005866,48.44573092921057,0.24240591743929057,3507.898623491077,82634.00488298798,5611.283855613679,5330.719662832995,3204.5534483210045,2048.954853365987,2048.954853365987,0.2691637479008354,0.2591637479008354,0.3755094343801584,33.9120116504474,14.53371927876317,7.266859639381585,0.003073781220800587,0.00041038809263169244,0.002590088053418158,0.002267666854858978,0,45,-45,90,-45,45
0.48093688993171513,3.0,0.24356706055094976,29.130683095323473,0.18877342080110057,2260.7123341286783,65759.57250194502,4265.301267617313,4052.0362042364472,2413.949464292343,1645.3368915760536,1645.3368915760536,0.30666901194691265,0.29666901194691264,0.355025234223703,20.39147816672643,8.739204928597042,4.369602464298521,0.0024356706055094976,0.0003100914040480311,0.0020489068368853922,0.001810146620272966,0,45,-45,-45,45,0
0.4900988304872312,3.0,0.1743192315799346,20.999358736812294,0.27202178314895464,1622.7508866497374,66453.6045462704,4220.134666512063,4009.1279331864594,2552.652045296169,1747.9803388607938,1747.9803388607938,0.30620076078456204,0.29620076078456203,0.37517223366385805,14.699551115768605,6.299807621043688,3.149903810521844,0.0017431923157993458,0.00022120020751520831,0.0014927977704205521,0.001233973042399666,0,30,60,-60,-30,0
0.6429083133386878,3.0,0.11737098580282075,19.064217661686552,0.2920933702851589,1375.7378036168914,89239.19061658479,5927.879630870154,5631.485649326646,3103.9798427237492,2262.0189045421685,2262.0189045421685,0.3179823542446122,0.3079823542446122,0.35809099064611266,13.344952363180585,5.719265298505966,2.859632649252983,0.0011737098580282075,0.00014954138726467196,0.0009648079338052339,0.0009212793878015809,0,0,90,90,0,0
0.5033816619261936,3.0,0.2553630130745942,31.263970954821808,0.224576602820164,2401.17317072953,71676.7588467638,4383.861080690024,4164.668026655523,2437.7278467717024,1835.2833428917882,1835.2833428917882,0.2874566058267761,0.2774566058267761,0.33146751939202523,21.884779668375263,9.379191286446542,4.689595643223271,0.0025536301307459417,0.00030532602227679214,0.002139481866284469,0.0019237568498196918,0,45,-45,-45,45,0
0.4711415258040204,3.0,0.23223472159084696,29.56531852719105,0.2001209265264199,2304.955657490652,63000.45966669026,4483.274536052572,4259.1108092499435,2677.7735524382833,1690.4722662494464,1690.4722662494464,0.24068839644537465,0.23068839644537464,0.35505194651804944,20.695722969033735,8.869595558157314,4.434797779078657,0.0023223472159084697,0.0003285011423492204,0.001978374397291941,0.0016561511614902953,0,60,-60,-60,60,0
0.533012160323229,3.0,0.16257457257058006,23.092989254892075,0.26083746439394584,1749.7243212314158,71932.52489184563,5152.712658270519,4895.077025356993,2764.834155005684,1856.012598143206,1856.012598143206,0.2575339311722581,0.24753393117225808,0.33712054913072814,16.16509247842445,6.927896776467622,3.463948388233811,0.0016257457257058006,0.00022472577603426997,0.0013445144792515822,0.001252859373847937,45,45,-45,-45,45,45
0.4738866173584612,3.0,0.3898197317331161,44.9907667787336,0.26301024403759776,3503.048107117763,60335.830735990254,4100.06862779957,3895.0651964095914,2360.596765887689,1702.6738154331313,1702.6738154331313,0.24248728747150744,0.23248728747150743,0.3246643845396061,31.49353674511352,13.49723003362008,6.74861501681004,0.0038981973173311613,0.0005219707155921806,0.003291952222971397,0.002858859723241323,45,45,-45,-45,45,45
0.49094438850820865,3.0,0.5064654634953383,59.99474740614181,0.24567022968571112,4634.349895319696,64610.21896614628,4148.032892726598,3940.631248090268,2515.143475146675,1733.456554397763,1733.456554397763,0.28353308061193194,0.27353308061193193,0.3050694384040583,41.996323184299264,17.998424221842544,8.999212110921272,0.005064654634953383,0.0006499950604764861,0.004339026398127659,0.0035780114334815305,45,45,-45,-45,45,45
0.6233867669704545,3.0,0.3152593598106778,50.11313476171247,0.20570251517250035,3647.1590593792043,86137.97060223493,5782.4988055873055,5493.37386530794,3061.9092334914367,2132.862254193069,2132.862254193069,0.29118747200982653,0.2811874720098265,0.3064224261596756,35.07919433319873,15.033940428513741,7.516970214256871,0.003152593598106778,0.0004072442627559253,0.002599903767206538,0.0024549944629434404,0,30,60,-60,-30,0
0.5669175982336845,3.0,0.33027517711434884,48.00706050193556,0.2055245766557349,3582.213967056021,74959.51352174497,5237.482771163175,4975.608632605016,2870.932255627607,2074.804769092522,2074.804769092522,0.2530962449215087,0.24309624492150866,0.34532189360285703,33.60494235135489,14.402118150580668,7.201059075290334,0.0033027517711434885,0.0004483079034605321,0.0027498168070120735,0.002508265063090501,0,45,-45,90,-45,45
0.5209587214478765,3.0,0.2819378693225492,36.72535404127413,0.2798378729043121,2797.961832710212,70270.95324312203,4639.878503643832,4407.884578461641,2640.30453766472,1861.4183043373127,1861.4183043373127,0.31231361185585726,0.30231361185585726,0.3706113907398601,25.70774782889189,11.017606212382239,5.508803106191119,0.002819378693225492,0.00036583747113759426,0.0023745462739444127,0.00208642716308154,0,0,90,90,0,0
0.6115182878323685,3.0,0.2600054440442906,39.156038730730096,0.2039534509481833,2864.563933772765,81027.04806977064,5464.927082161392,5191.680728053322,2918.1274649452535,2142.4362442741362,2142.4362442741362,0.2537436554730668,0.2437436554730668,0.37208069033365665,27.409227111511065,11.746811619219029,5.8734058096095145,0.0026000544404429058,0.0003382725616254658,0.0021494910074030004,0.002012731068181665,0,30,-30,-30,30,0
0.5245783651912934,3.0,0.49633648995179946,64.63674990144334,0.24643880907576676,4916.287997744501,72433.98115639965,4714.897530302087,4479.152653786982,2532.166334802601,1754.3005475744596,1754.3005475744596,0.2737546684282351,0.2637546684282351,0.3439002302180217,45.245724931010336,19.391024970433,9.6955124852165,0.0049633648995179944,0.0006246477717870518,0.004112713976456367,0.00382893981013784,0,30,-30,-30,30,0
0.4911923275456294,3.0,0.3699009594874486,43.50945616484057,0.2286323350915923,3360.5421146253075,67038.7821401279,4173.171704018178,3964.513118817269,2401.3821340375034,1709.592821440354,1709.592821440354,0.2738373820369782,0.2638373820369782,0.33973537075641225,30.456619315388398,13.052836849452172,6.526418424726086,0.003699009594874486,0.0004543134338527572,0.003127797698063591,0.0027177758725776212,0,45,-45,-45,45,0
0.47166453484757837,3.0,0.14189304881275633,16.339156516695546,0.21751624250337287,1273.5130791966092,63487.020162055975,4002.3014787463653,3802.186404809047,2498.967049862969,1586.6328371516488,1586.6328371516488,0.28527495161789673,0.2752749516178967,0.35352612443417436,11.43740956168688,4.901746955008663,2.4508734775043317,0.0014189304881275632,0.00018015351063086483,0.001224732065047741,0.0009807546192490716,0,60,-60,-60,60,0
0.5369906926580802,3.0,0.3499377443160622,48.343461614192904,0.23372517651034647,3656.305082217689,71655.74716827553,5054.114688948313,4801.408954500897,2634.4655072868713,1889.2809049869968,1889.2809049869968,0.31861158018693264,0.30861158018693263,0.36366038294294467,33.84042312993503,14.503038484257871,7.251519242128936,0.003499377443160622,0.00047226390718478693,0.002869550727839882,0.002752558050986585,0,30,-30,-30,30,0
0.4838906359214357,3.0,0.43640067235134006,54.89527611851375,0.25059131659598044,4254.344990207086,64096.092384496376,4610.953326427155,4380.405660105797,2391.296025301218,1626.199889552026,1626.199889552026,0.3104123957988675,0.30041239579886747,0.354481357330158,38.42669328295962,16.468582835554123,8.234291417777062,0.0043640067235134,0.0005995169417262994,0.0035716221071174833,0.003443442940837839,0,60,-60,-60,60,0
0.587150408185643,3.0,0.320649393664961,45.523404138494215,0.24001947435012944,3366.3929995647727,80153.00663345832,5083.364185830729,4829.195976539192,2832.619748501934,2079.5275234162486,2079.5275234162486,0.30854578683015554,0.29854578683015554,0.32671308430246426,31.866382896945947,13.657021241548264,6.828510620774132,0.00320649393664961,0.0003975694017651977,0.002686610823520294,0.002410669707568577,0,90,90,90,90,0
0.5060276775262813,3.0,0.3337779704502024,44.98996376508687,0.281140245097188,3451.165284349472,66958.1391321285,4909.5129573446475,4664.037309477415,2602.619221837055,1745.846180581668,1745.846180581668,0.25871935541854496,0.24871935541854495,0.3771271979727733,31.492974635560806,13.49698912952606,6.74849456476303,0.0033377797045020243,0.00047033825975085293,0.0027491503224030644,0.002592962700090878,0,90,90,90,90,0
0.568479534498363,3.0,0.057224068350304066,8.223412312098928,0.18094770759835838,613.1897403260558,76598.54846900883,5165.918512628112,4907.622586996706,2848.6645892880647,1979.8637266229312,1979.8637266229312,0.2736367821000621,0.2636367821000621,0.36388889969138416,5.756388618469249,2.4670236936296783,1.2335118468148392,0.0005722406835030406,7.515010053745652e-05,0.00047755760908714057,0.0004330140696287158,0,30,-30,-30,30,0
0.48443422155392435,3.0,0.1950925367513786,24.329777510825874,0.2716963679450425,1885.0640342700426,63900.22813306501,4439.6843551749325,4217.7001374161855,2539.904971823292,1704.6647031322605,1704.6647031322605,0.2747140965448211,0.2647140965448211,0.35440381196554166,17.03084425757811,7.298933253247762,3.649466626623881,0.0019509253675137862,0.00026652243278558097,0.001644020761237241,0.0014368516409509924,0,30,60,-60,-30,0
0.4720830916565044,3.0,0.5133384102724153,60.80758602262664,0.27507043164209,4738.561690538088,65694.6321084328,4286.066653810145,4071.7633211196376,2306.8588812256785,1642.283092832193,1642.283092832193,0.24631517405625636,0.23631517405625635,0.376175402911672,42.56531021583864,18.24227580678799,9.121137903393995,0.005133384102724153,0.0006479267612851859,0.004256181081685074,0.003953921055867864,45,-45,45,-45,45,-45
0.5811450945466262,3.0,0.4312111050317881,62.532511066751574,0.24617171127450638,4636.547133362466,78745.15196299728,5285.192964798478,5020.933316558554,2781.3991670514815,2049.1696202398484,2049.1696202398484,0.2802941509630142,0.2702941509630142,0.3311777198318758,43.7727577467261,18.75975332002547,9.379876660012735,0.004312111050317881,0.000555878764032294,0.003549492600359724,0.0033723590526404733,90,45,0,0,45,90
0.5506267785582482,3.0,0.20548642736461678,28.25377478612998,0.24269743789046333,2123.743465032133,72565.35398723584,4887.21053992415,4642.850012927942,2806.4633831082674,1956.049277017543,1956.049277017543,0.2626415457419079,0.2526415457419079,0.31853934912733584,19.777642350290986,8.476132435838993,4.238066217919497,0.002054864273646168,0.000272549381537777,0.0017343497618112732,0.0015101092155443245,0,60,-60,-60,60,0
0.5398586116943618,3.0,0.3959943624695755,54.9182779612398,0.21363726516421597,4148.171977287311,72409.43643488838,5001.119539517937,4751.063562542039,2731.8392868581427,1913.700223166199,1913.700223166199,0.3018919819663584,0.2918919819663584,0.3670540811809662,38.44279457286786,16.47548338837194,8.23774169418597,0.003959943624695755,0.0005309086282895764,0.0032943590446470375,0.0030154561923956017,45,45,-45,-45,45,45
0.6383926977177079,3.0,0.3491020796427995,56.65683338645321,0.18761095191640056,4096.556344843124,84673.65171738373,5898.002791345661,5603.102651778378,3139.905790128041,2262.509741122441,2262.509741122441,0.31100884219638436,0.30100884219638435,0.34840909637319406,39.659783370517246,16.99705001593596,8.49852500796798,0.003491020796427995,0.00046838399627419146,0.0028818314635042745,0.0027066178337858417,0,0,90,90,0,0
0.4819047867791959,3.0,0.32471160889448564,38.738467211577266,0.28971931491447755,3004.978583130108,64947.86063205103,4283.826104088135,4069.6347988837283,2368.418855223502,1660.2833736381913,1660.2833736381913,0.2878990748502516,0.2778990748502516,0.3544865569547184,27.116927048104085,11.62154016347318,5.81077008173659,0.0032471160889448562,0.0004175184029806548,0.002712887937347066,0.0024534385330200565,0,60,-60,-60,60,0
0.5058731185896994,3.0,0.1690729516771409,20.610854835029937,0.24831765700936947,1581.1643569508362,69071.62516724908,4270.155425355756,4056.647654087968,2579.61293920171,1740.124416476097,1740.124416476097,0.28005062857231244,0.27005062857231243,0.37680186063600596,14.427598384520955,6.18325645050898,3.09162822525449,0.001690729516771409,0.00020887880297569615,0.00144801671943682,0.0011984853147043173,0,60,-60,-60,60,0
0.5624455109243134,3.0,0.11783290162267294,16.486287147022402,0.29144479138649243,1232.6497302945118,76612.07551013354,5157.933263048209,4900.036599895798,2617.493210748886,2089.483670062063,2089.483670062063,0.31741088585436805,0.30741088585436804,0.3332327344918821,11.540401002915681,4.94588614410672,2.47294307205336,0.0011783290162267295,0.0001506342299966697,0.0009588891309508386,0.0009447753529591127,0,45,-45,90,-45,45
0.47723752750834136,3.0,0.44377888249611763,53.947920232729004,0.2800799953114085,4193.900111403113,63579.28417127976,4403.92408641174,4183.727882091152,2368.6835519206884,1684.6137090261775,1684.6137090261775,0.2557512115112028,0.24575121151120277,0.3745823558042469,37.7635441629103,16.1843760698187,8.09218803490935,0.004437788824961176,0.0005939598826117166,0.0036749897937058944,0.003416322973302051,0,90,90,90,90,0
0.4961345081978516,3.0,0.4932552512072476,61.90115396035486,0.19336597074231457,4770.137501908257,68891.37708537173,4448.300902133936,4225.885857027239,2573.9962774490346,1730.700188795913,1730.700188795913,0.2651307819278435,0.2551307819278435,0.377934309727901,43.3308077722484,18.57034618810646,9.28517309405323,0.004932552512072476,0.0006289728788343409,0.0041747054879308874,0.0036072985712533056,45,45,-45,-45,45,45
0.5183806611618713,3.0,0.40916449732326327,50.56257675101491,0.24051658553613284,3856.711027648016,69102.08824198417,4301.19683347934,4086.136991805373,2667.509774018795,1718.1337760546987,1718.1337760546987,0.2919719125769396,0.2819719125769396,0.36393314896626006,35.393803725710434,15.168773025304471,7.584386512652236,0.004091644973232633,0.000512195863050725,0.003526640052190797,0.002843246006640048,0,60,-60,-60,60,0
0.6083549841410383,3.0,0.3298949291647788,48.45157013312724,0.19747171659402374,3549.5317971974314,80226.5149559471,5323.73192817458,5057.545331765851,2850.76354402592,1998.1816435539588,1998.1816435539588,0.3093677452384409,0.2993677452384409,0.3197615870493141,33.91609909318907,14.535471039938171,7.267735519969086,0.003298949291647788,0.00042275423669858544,0.002730316108332326,0.002549399628460734,45,45,-45,-45,45,45
0.53310049248636,3.0,0.4539209091434754,59.938527889584684,0.22415073960441825,4541.278201512226,73278.92778938815,4695.026628412831,4460.275296992189,2684.5131717951353,1865.0863606733851,1865.0863606733851,0.3154955598659932,0.3054955598659932,0.3642006023404807,41.95696952270928,17.981558366875404,8.990779183437702,0.004539209091434754,0.0005725652761090925,0.0038299161623613896,0.0033491283551518444,0,60,-60,-60,60,0
0.6401623686515366,3.0,0.05024464490898632,8.326701756898737,0.2429489799925601,601.5979532520315,86612.9707249298,6038.2538310975415,5736.341139542664,3187.3564796395267,2295.7565506918977,2295.7565506918977,0.2689278417846024,0.2589278417846024,0.3427508384046619,5.828691229829116,2.498010527069621,1.2490052635348106,0.0005024464490898632,6.729582395159025e-05,0.00041369750211636447,0.00039186243255604294,0,30,-30,-30,30,0
0.45037496957465056,3.0,0.23020591622759426,27.038830733342973,0.2818105625602438,2128.6646949898777,60656.306099738664,4344.712496355108,4127.476871537352,2189.073215451903,1563.5420648857366,1563.5420648857366,0.28196499522818236,0.27196499522818235,0.303481886565365,18.92718151334008,8.111649220002892,4.055824610001446,0.0023020591622759426,0.0003120397981739549,0.0018670163392417716,0.0018527587754364712,0,45,-45,90,-45,45
0.5413017863573922,3.0,0.3945065093701819,52.696175237363896,0.18923853270396107,3977.727064381333,71964.95304137252,4826.571438612603,4585.242866681972,2613.780684317553,1923.5669540234785,1923.5669540234785,0.2829070909109874,0.2729070909109874,0.30404755303192826,36.88732266615472,15.808852571209169,7.904426285604584,0.003945065093701819,0.0005125734278593675,0.003275379381052613,0.0030241352432629196,90,45,0,0,45,90
0.5097915528435841,3.0,0.3447254408032137,45.44270037677108,0.2985473008274848,3479.866201076341,68104.3535511468,4819.943264411094,4578.946101190539,2517.5387579595554,1822.18501494602,1822.18501494602,0.25236119201874296,0.24236119201874295,0.3583410623331786,31.809890263739753,13.632810113031324,6.816405056515662,0.003447254408032137,0.0004670757243125481,0.0028284171338056187,0.0027075670771560642,45,45,-45,-45,45,45
0.46396121987424616,3.0,0.36271651962402296,42.855162566886264,0.1938051378434643,3352.310903091097,63819.03879905545,4313.700274241986,4098.015260529887,2257.9423808903234,1568.9765452493436,1568.9765452493436,0.314887717386444,0.304887717386444,0.3480840251628353,29.998613796820383,12.85654877006588,6.42827438503294,0.0036271651962402297,0.0004700574367983802,0.0029803991823064394,0.002846961215413399,0,0,90,90,0,0
0.4892260039285568,3.0,0.21414022643792513,26.438154760041282,0.2615452626340928,2043.8675759572898,66680.46725666882,4460.62903409984,4237.597582394848,2416.209123743562,1726.23667059364,1726.23667059364,0.3091732270424874,0.2991732270424874,0.3406927474818233,18.506708332028897,7.931446428012384,3.965723214006192,0.0021414022643792513,0.00027754317108775225,0.001778100435472092,0.00164129966029674,0,45,-45,90,-45,45
0.45104326421297886,3.0,0.11000283223254964,12.517727950934418,0.25645248879467664,985.1623026368911,62693.43571531147,4075.2701409559536,3871.506633908156,2272.372648099777,1536.539194532368,1536.539194532368,0.24115712916815782,0.2311571291681578,0.3227666866617298,8.762409565654092,3.7553183852803254,1.8776591926401627,0.0011000283223254964,0.0001397659813292713,0.0009214894363786701,0.0008262989761869889,0,60,-60,-60,60,0
0.647922386858373,3.0,0.1669569599974943,26.903913289893172,0.18688789509846715,1937.2706967081576,88934.9963218983,5813.546745849846,5522.869408557353,3160.652625837662,2347.9114382502207,2347.9114382502207,0.2768215475308842,0.2668215475308842,0.35158908534819594,18.83273930292522,8.07117398696795,4.035586993483975,0.0016695695999749429,0.00021175847621065307,0.0013883390535613688,0.001276820793431683,0,45,-45,90,-45,45
0.6397545161006509,3.0,0.08482940864353983,14.371740139660933,0.29756071619312174,1038.5310545938,84375.32725743004,6159.752194700084,5851.76458496508,3284.025131661658,2208.569354035912,2208.569354035912,0.2851061686507903,0.2751061686507903,0.33405216324780795,10.060218097762652,4.31152204189828,2.15576102094914,0.0008482940864353982,0.00011923175203894401,0.0006999505671036505,0.0006564386490728112,0,45,-45,90,-45,45
0.5045109746194721,3.0,0.5278821800874808,64.67386762296911,0.21343458891043676,4964.576703533288,67259.31874163354,4317.377173038381,4101.508314386462,2553.420350527119,1733.7851398515343,1733.7851398515343,0.29510512777593295,0.28510512777593294,0.3477568564432443,45.27170733607838,19.402160286890734,9.701080143445367,0.005278821800874808,0.0006730919697534073,0.004493969257088636,0.0037992491684507453,45,-45,45,-45,45,-45
0.463397662857765,3.0,0.5394290025121926,63.067671863875084,0.22195174944692464,4934.723565990131,60806.2879318212,4173.731703670243,3965.045118486731,2361.870938050378,1646.2023284137306,1646.2023284137306,0.2937818838139728,0.2837818838139728,0.36209566630079404,44.14737030471256,18.920301559162525,9.460150779581262,0.005394290025121927,0.0007260329779415677,0.004533185863989444,0.004005363132750263,90,45,0,0,45,90
0.5887443144186344,3.0,0.2850290457088514,43.804572299014104,0.19629248187470122,3236.9985386532817,79785.28295366661,5707.490224010232,5422.11571280972,2840.7303070439248,2062.3885801749616,2062.3885801749616,0.3024872354866064,0.2924872354866064,0.32052386760285323,30.66320060930987,13.141371689704231,6.5706858448521155,0.002850290457088514,0.00038432151236609375,0.0023024781776096953,0.002313026980618092,0,45,-45,-45,45,0
0.6150427127298609,3.0,0.177179279645472,26.967738949046737,0.24071893605730318,1969.8490959278988,82854.2827303515,5465.357059773822,5192.08920678513,3021.678925006216,2043.6242728073041,2043.6242728073041,0.2519777639437168,0.24197776394371678,0.3286804501799214,18.877417264332713,8.09032168471402,4.04516084235701,0.00177179279645472,0.00022783876273202552,0.0014802915154913648,0.0013387129945808813,0,90,90,90,90,0
0.48306102950750457,3.0,0.17662897417048434,22.4868206073863,0.19354578638164638,1743.3851930336461,64846.73889660261,4544.477563234193,4317.253685072484,2576.000638760708,1779.9904794240751,1779.9904794240751,0.27360237913465213,0.2636023791346521,0.3102902239297032,15.74077442517041,6.746046182215889,3.3730230911079446,0.0017662897417048435,0.00024273810361179297,0.001484449221796772,0.0013094030491897226,0,60,-60,-60,60,0
0.4570917453897878,3.0,0.42549450402309275,47.58844818039656,0.22202148216334408,3734.6093534179527,61782.08567940426,4055.427256222755,3852.6558934116174,2167.903390571364,1597.581706121273,1597.581706121273,0.2421398298385476,0.23213982983854758,0.31560265724304415,33.31191372627759,14.276534454118968,7.138267227059484,0.0042549450402309275,0.0005391840265661747,0.0035203527401983787,0.0032927054121070177,0,90,90,90,90,0
0.461224182210117,3.0,0.081663774872856,8.660379696262439,0.24376117263243668,678.322676562871,63655.26984552971,3770.437327472391,3581.9154610987716,2147.2569917937076,1614.4817848023552,1614.4817848023552,0.2805411151736186,0.2705411151736186,0.3740290301002773,6.062265787383707,2.5981139088787315,1.2990569544393658,0.00081663774872856,9.523588230942735e-05,0.0006890749489318374,0.0006049843867799916,90,45,0,0,45,90
0.5218429372029092,3.0,0.21612666118340584,28.029185358108354,0.19510369682990802,2134.571803915401,72775.40362937629,4631.740984841144,4400.153935599087,2604.9598738771797,1974.9753685860587,1974.9753685860587,0.3010550060860801,0.2910550060860801,0.32192167796334814,19.620429750675846,8.408755607432505,4.204377803716253,0.0021612666118340585,0.0002696024861723464,0.0018154632642353816,0.001613989469042579,0,30,60,-60,-30,0
0.5574949449279452,3.0,0.385394041594314,53.81123999047917,0.2202193499194426,4032.323888542976,75552.57875688835,5037.521362318929,4785.645294202983,2741.395212461024,1970.7634354181641,1970.7634354181641,0.29795790321624316,0.28795790321624315,0.3453870933476366,37.66786799333542,16.143371997143753,8.071685998571876,0.00385394041594314,0.0004985649545403654,0.0032046260126850266,0.0029443715236249016,45,45,-45,-45,45,45
0.5888132858414517,3.0,0.355438984785192,54.19034239598021,0.2827911943042536,4004.3467123793293,80911.56835487206,5596.753011264703,5316.915360701468,2882.397135439628,2031.8312018796914,2031.8312018796914,0.30632415132982543,0.2963241513298254,0.3109835069501119,37.933239677186144,16.257102718794062,8.128551359397031,0.00355438984785192,0.00046882343833472376,0.002904738280583947,0.002820066416058678,0,30,-30,-30,30,0
0.49760627191878926,3.0,0.12453085115616827,16.197865405397135,0.212398648481899,1247.367735419412,66718.6103775467,4666.967475571149,4433.619101792592,2596.6535636182666,1679.5218179073104,1679.5218179073104,0.2615935322421405,0.2515935322421405,0.35324165167570853,11.338505783777993,4.859359621619141,2.4296798108095703,0.0012453085115616826,0.00016994517301268346,0.0010412242311640379,0.0009356965614712078,90,45,0,0,45,90
0.5342925483706815,3.0,0.487978562058936,65.10836158432835,0.2757510303550067,4930.301989809439,71455.03089403379,4851.106240933723,4608.550928887036,2574.7847581810693,1816.2950646686634,1816.2950646686634,0.29433879301987775,0.28433879301987774,0.3601975294667056,45.57585310902984,19.532508475298503,9.766254237649251,0.0048797856205893605,0.0006378256721576094,0.004026402949183599,0.0037930371486852065,0,45,-45,90,-45,45
0.5851527515371083,3.0,0.24664357246317542,34.01548499820241,0.2015541122034184,2517.629723711429,79678.21124287944,4872.846924495595,4629.204578270815,2844.837579320726,1936.2581375099398,1936.2581375099398,0.25256815221907625,0.24256815221907624,0.3766621498497401,23.810839498741686,10.204645499460723,5.102322749730361,0.0024664357246317542,0.00029883752568390617,0.002094185525952478,0.0017935374542361975,0,45,-45,-45,45,0
0.5953270257207793,3.0,0.30801524440579153,44.41075466712762,0.2077335533072225,3272.2427429534373,80816.76287475164,5160.148972210923,4902.141523600376,2881.184245747076,2076.836392759323,2076.836392759323,0.3084055944203196,0.2984055944203196,0.3264638575571774,31.08752826698933,13.323226400138285,6.661613200069143,0.003080152444057915,0.0003846668334782008,0.0025819460778919727,0.0023121094077556367,45,-45,45,-45,45,-45
0.5988680518025308,3.0,0.2926961672276446,43.0473453510994,0.24713889058430688,3166.8274602140523,79717.7682956918,5225.034157282527,4963.782449418401,3000.605914351768,2083.868503489258,2083.868503489258,0.25421374095903565,0.24421374095903564,0.32240844247771405,30.133141745769578,12.91420360532982,6.45710180266491,0.002926961672276446,0.00037799780889498466,0.0024716017573455117,0.0021519326385983817,45,45,-45,-45,45,45
0.492499121044404,3.0,0.30560493788657234,38.53157546832639,0.2738315106945259,2974.264079799516,67090.00376070171,4597.716798130189,4367.83095822368,2418.0135339642097,1720.1827598150535,1720.1827598150535,0.3058413506298657,0.2958413506298657,0.37937731542407493,26.97210282782847,11.559472640497916,5.779736320248958,0.0030560493788657234,0.0004020286378881902,0.0025141767420731416,0.002390282866106781,0,45,-45,-45,45,0
0.5672803911075865,3.0,0.4267142496091514,63.93287127335386,0.2955105154217886,4769.799046256424,75157.56780421016,5543.108919342155,5265.953473375047,2796.1339532301604,1955.4308994848411,1955.4308994848411,0.31170246170335375,0.30170246170335374,0.3307352007936246,44.7530098913477,19.17986138200616,9.58993069100308,0.004267142496091514,0.0005954558030394477,0.0034601270985456997,0.003429710754709932,0,90,90,90,90,0
0.5780104618407274,3.0,0.39879080268151884,60.051626728264715,0.268536544537721,4458.816961959265,78058.12228072816,5409.807916049025,5139.317520246574,2994.777185065989,2011.774132759038,2011.774132759038,0.3160271877744069,0.3060271877744069,0.3051353185626897,42.0361387097853,18.015488018479413,9.007744009239707,0.003987908026815188,0.0005385235704057365,0.0033301529921300355,0.0030078177615879037,0,30,-30,-30,30,0
0.5611243762383836,3.0,0.27910109479304657,40.848835221224185,0.19082363484097467,3056.0043883916137,75473.40777487571,5330.213875585009,5063.7031818057585,2820.1023241303856,2053.7246056950457,2053.7246056950457,0.2539348330895985,0.2439348330895985,0.3555549375447015,28.594184654856928,12.254650566367255,6.127325283183628,0.0027910109479304655,0.000378864364255931,0.0022990917160940873,0.002172731546211915,0,90,90,90,90,0
0.4774792898630553,3.0,0.34900927719118613,41.114253144605414,0.19768359198296948,3195.853110294507,64835.81506137946,4149.476701203134,3942.0028661429774,2457.821005482682,1775.0769101802173,1775.0769101802173,0.30378569978787895,0.29378569978787894,0.37812180009066404,28.779977201223787,12.334275943381623,6.167137971690812,0.0034900927719118614,0.0004438901118768701,0.0029724895044730146,0.002509189220017945,0,45,-45,-45,45,0
0.5281919615936449,3.0,0.11196006816411508,14.608351115839135,0.19799306123122737,1109.2856526723094,72140.18144873859,4662.449168377684,4429.3267099588,2619.4516502607307,1842.664694561562,1842.664694561562,0.31653986947633506,0.30653986947633505,0.3202572514482641,10.225845781087394,4.38250533475174,2.19125266737587,0.0011196006816411508,0.00014174965429430866,0.0009399577725105041,0.0008365310606736187,0,45,-45,90,-45,45
0.49278437046150947,3.0,0.4433117177071171,56.22591544372638,0.22649058356296314,4339.522288845259,64182.43478191753,4562.166532340387,4334.058205723367,2518.681724537039,1702.657104581652,1702.657104581652,0.2724971291206752,0.2624971291206752,0.3322816113842654,39.35814081060846,16.867774633117914,8.433887316558957,0.0044331171770711705,0.0006132229315441465,0.003697316727380568,0.0033485323827921122,45,-45,45,-45,45,-45
0.5796705331419292,3.0,0.41212523935278966,59.793855222952295,0.2459344760355721,4436.396520525886,78113.84075267318,5168.935006580884,4910.48825625184,2939.7850007638967,2004.2194705344111,2004.2194705344111,0.3103730510543651,0.30037305105436507,0.35523313373416976,41.85569865606661,17.938156566885688,8.969078283442844,0.004121252393527897,0.0005358294798048865,0.003470377658849944,0.0030509300105661633,0,0,90,90,0,0
0.5481569088223885,3.0,0.47042653142169016,62.69782306007724,0.2666285017173583,4718.044946027882,73823.3364615653,4893.8029452565415,4649.112797993715,2512.758615695833,1898.9590490649284,1898.9590490649284,0.28788085077452674,0.27788085077452673,0.36215375220083396,43.88847614205407,18.80934691802317,9.404673459011585,0.004704265314216902,0.0005945068083573243,0.003843503125979902,0.0037427683663149008,0,45,-45,-45,45,0
0.4572121110992809,3.0,0.3795283731864136,46.879256456971994,0.2740307125158623,3678.7454591517894,61684.23085389497,4570.992262278167,4342.442649164258,2304.6566711139967,1521.6294052244853,1521.6294052244853,0.25911127601875733,0.24911127601875732,0.3242231737181944,32.81547951988039,14.063776937091598,7.031888468545799,0.0037952837318641357,0.0005319913868685014,0.003076744857599531,0.0030511653022689974,0,30,60,-60,-30,0
0.4850079776193624,3.0,0.46847663251777205,58.82614098165197,0.2026454157685372,4556.616799064721,64803.895767130605,4527.354874910205,4300.987131164694,2476.34559917404,1767.5219497740059,1767.5219497740059,0.27254563627600403,0.262545636276004,0.36508202491476566,41.17829868715638,17.64784229449559,8.823921147247795,0.004684766325177721,0.0006354293704058847,0.0038980470455931768,0.00356328339234674,0,45,-45,90,-45,45
0.5385772740407253,3.0,0.20550628062607604,28.558918208639593,0.2081550387489775,2158.4096042966976,72721.74953444605,5087.671089682079,4833.287535197975,2644.715003752456,1856.4188548446723,1856.4188548446723,0.261115489024114,0.251115489024114,0.3428277838733929,19.991242746047714,8.567675462591877,4.283837731295939,0.0020550628062607603,0.0002749004647719384,0.0016840073407982943,0.0016197729151223523,0,30,60,-60,-30,0
0.6235052436216152,3.0,0.2066573797817498,32.239969926351556,0.26968404843195615,2346.2554478638285,85939.40051832105,5629.732394290232,5348.24577457572,3058.337857288243,2256.4369910393893,2256.4369910393893,0.2775838806036558,0.2675838806036558,0.3598985182168271,22.567978948446086,9.671990977905466,4.835995488952733,0.002066573797817498,0.0002626034020755697,0.0017180196678113794,0.0015812495919730392,45,-45,45,-45,45,-45
0.6425614855123427,3.0,0.17718488164644783,28.787290608883335,0.22559965565313636,2077.6993228754363,90180.0514671849,5860.508580863993,5567.483151820793,3186.8964655840664,2306.3328741797027,2306.3328741797027,0.30476239654472176,0.29476239654472175,0.37667996424193023,20.151103426218334,8.636187182665001,4.3180935913325005,0.0017718488164644784,0.00022345411316992877,0.0014736241852565976,0.0013549525809716312,0,30,60,-60,-30,0
0.45356184299393415,3.0,0.5212577588446475,59.806222714636114,0.23247138908857276,4701.240333462116,61196.43074974033,4138.25843804277,3931.345516140631,2256.101237062433,1572.4071212434678,1572.4071212434678,0.29563008445307715,0.28563008445307714,0.3042633476097869,41.86435590024528,17.941866814390835,8.970933407195417,0.005212577588446475,0.0006840980002812161,0.004335608102541952,0.003976299139340069,45,-45,45,-45,45,-45
0.5946576671630408,3.0,0.11138263525995581,16.42433646102206,0.23383545701540245,1210.5248987147224,80927.06050400088,5353.538566737138,5085.861638400281,2851.1606771460265,2003.2059940040074,2003.2059940040074,0.2779793393365759,0.2679793393365759,0.3297720408201715,11.497035522715443,4.927300938306618,2.463650469153309,0.0011138263525995581,0.00014206663940483853,0.0009203820756837654,0.0008640868572932866,45,-45,45,-45,45,-45
0.580109011371183,3.0,0.2998826603301521,44.258761931015705,0.18029271364863209,3283.131642353343,75578.91025257911,5220.512824703254,4959.487183468092,3058.184254094633,1988.4628880467556,1988.4628880467556,0.26949241153240777,0.25949241153240776,0.3133928281469699,30.98113335171099,13.27762857930471,6.638814289652355,0.0029988266033015207,0.00040991770386969515,0.002543357142324316,0.002170835285926144,0,0,90,90,0,0
0.5510964374495506,3.0,0.4266963828126865,61.31904478799456,0.21832392282086438,4608.175137836338,73362.86169361114,5243.482047870909,4981.307945477363,2759.126812936841,1994.3098365085968,1994.3098365085968,0.2445229521737663,0.23452295217376629,0.3238495220454412,42.92333135159619,18.395713436398367,9.197856718199183,0.004266963828126865,0.0005850825657654819,0.0035083010237191257,0.003333611443690367,45,45,-45,-45,45,45
0.4563300361429748,3.0,0.41714552029846164,47.460559587539734,0.29026346943877424,3725.909349798559,61602.03066355914,4018.4522776889,3817.5296638044547,2358.4138657264566,1584.971696476292,1584.971696476292,0.3061263835792083,0.2961263835792083,0.3477510844636423,33.222391711277815,14.23816787626192,7.11908393813096,0.004171455202984616,0.0005393067623488363,0.00354319695553299,0.003018589757119701,0,90,90,90,90,0
0.5997161526221765,3.0,0.44095707601299694,66.5694810282676,0.2137173662195682,4895.4278201741245,81411.80926775167,5424.760277097871,5153.522263242977,2993.4040755181004,2125.3108463805597,2125.3108463805597,0.2513070474346926,0.2413070474346926,0.3292344613519931,46.59863671978732,19.97084430848028,9.98542215424014,0.004409570760129969,0.0005723817851355096,0.003681424300497247,0.0033358082979531778,0,90,90,90,90,0
0.6366788121323456,3.0,0.2285420183463615,35.77192319215881,0.28033434416505854,2588.403369607314,83906.91386748877,5660.164249328555,5377.156036862128,3058.104875565088,2319.5689469698145,2319.5689469698145,0.2791171259439986,0.2691171259439986,0.30237737706851464,25.040346234511166,10.731576957647642,5.365788478823821,0.002285420183463615,0.0002984300706620732,0.0018959833116010175,0.001754612316175818,0,30,-30,-30,30,0
0.4517760386532898,3.0,0.1143318647536157,13.121481179109237,0.26465438651273576,1032.3213010952031,62726.8322631783,4157.320319836061,3949.4543038442575,2230.941929305316,1627.243625207568,1627.243625207568,0.2947321549588672,0.28473215495886717,0.371178479028388,9.185036825376466,3.936444353732771,1.9682221768663855,0.001143318647536157,0.000146429151512697,0.0009468705923261646,0.000882238193209835,0,90,90,90,90,0
0.6448433059368661,3.0,0.2903662104184277,47.541165274166865,0.2813449799591637,3427.8578243683446,86658.78128830496,5873.776368722734,5580.087550286597,3263.144449504219,2225.609589224554,2225.609589224554,0.3194264051925624,0.30942640519256237,0.37268954958037115,33.278815691916805,14.262349582250058,7.131174791125029,0.002903662104184277,0.00038402127513427134,0.0024281396987116547,0.0021853690210399644,45,-45,45,-45,45,-45
0.5471002880685846,3.0,0.28735840655049383,37.96220738635471,0.2667395898930474,2858.0400257845185,73725.89107459549,4673.238146812935,4439.576239472288,2721.7134025626365,1825.5153568039243,1825.5153568039243,0.26691739327013814,0.25691739327013813,0.37340909061058797,26.5735451704483,11.388662215906413,5.694331107953206,0.0028735840655049385,0.0003604370836774467,0.0024369959026533405,0.0020921861583926117,0,30,-30,-30,30,0
0.6275024430403848,3.0,0.15686676555282592,24.77479839886323,0.23549206951581034,1799.8381414020803,85019.08161163074,5787.423948655212,5498.052751222452,2994.9302890093445,2237.354830983468,2237.354830983468,0.2488746505958579,0.23887465059585788,0.31114482621132244,17.34235887920426,7.432439519658969,3.7162197598294844,0.0015686676555282592,0.00020398195970199468,0.001284239686879341,0.0012408368146220614,0,45,-45,90,-45,45
0.5229672580821213,3.0,0.1886871209467813,24.75366500954808,0.2528799546893213,1884.1555148986843,68125.29500313831,4733.375751058355,4496.706963505437,2581.740052008941,1740.1090895675886,1740.1090895675886,0.2714389523800751,0.2614389523800751,0.3071356334997955,17.327565506683655,7.426099502864424,3.713049751432212,0.001886871209467813,0.00025434848400855264,0.0015688802016624165,0.0014381965947899984,0,45,-45,90,-45,45
0.6339280145252579,3.0,0.37816097378843355,58.844367693225216,0.27440348386341,4262.982391342564,87234.45533190118,5674.697372634875,5390.9625040031315,2975.4554130426773,2242.1992321115163,2242.1992321115163,0.306787174091485,0.296787174091485,0.3685608535617809,41.19105738525765,17.653310307967566,8.826655153983783,0.0037816097378843357,0.00047218793570198746,0.0031108813648983683,0.0029664887987542435,0,60,-60,-60,60,0
0.633340078152393,3.0,0.36688386746149737,55.81980654961798,0.2373803349163019,4044.9016562927,88401.63214869157,5416.71479643871,5145.8790566167745,3074.8730925099344,2273.2433666032925,2273.2433666032925,0.294044840572664,0.284044840572664,0.3277654933396943,39.07386458473258,16.745941964885393,8.372970982442697,0.0036688386746149735,0.00044200388199858496,0.0030915310468063095,0.002723029774086732,0,0,90,90,0,0
0.514337581771867,3.0,0.35534749702672075,46.40218338638796,0.2596748694128931,3545.934051527647,72506.68338499195,4624.147872197481,4392.940478587607,2683.474153856894,1853.7995488781007,1853.7995488781007,0.2424404061352511,0.2324404061352511,0.32684782795480405,32.48152837047157,13.920655015916388,6.960327507958194,0.0035534749702672078,0.00044797978412559517,0.0030104260072680235,0.002593774752014764,45,-45,45,-45,45,-45
0.5433422511812954,3.0,0.10123785490630606,13.63632074480074,0.22327409884641777,1028.3759969378589,74175.87430094817,4865.837299686935,4622.545434702588,2634.0454028713966,1917.4026448175657,1917.4026448175657,0.30559762125085843,0.2955976212508584,0.34213100079497605,9.545424521360518,4.090896223440222,2.045448111720111,0.0010123785490630606,0.00012868637695637517,0.0008407383912535316,0.0007765424656273386,45,45,-45,-45,45,45
0.5824325887917098,3.0,0.096487522343476,14.73357038458426,0.2449812672390006,1091.812670400318,77105.04949402259,5556.529104900047,5278.702649655044,2951.625602630079,2146.1878424739075,2146.1878424739075,0.2710068050048683,0.2610068050048683,0.344531133830543,10.31349926920898,4.420071115375277,2.2100355576876387,0.0009648752234347601,0.00013375906424920346,0.0007954734028977587,0.000748751994737531,0,30,-30,-30,30,0
0.6440231571565115,3.0,0.25016029608724377,39.38634743366839,0.2177032147267052,2840.879451350828,88023.19733187502,5548.663252749147,5271.23009011169,3277.0193605660493,2289.0818740176665,2289.0818740176665,0.2561215663950996,0.24612156639509958,0.33592745090889503,27.570443203567873,11.815904230100516,5.907952115050258,0.0025016029608724375,0.00031321792481155467,0.002129504655782849,0.001802843213605476,0,45,-45,90,-45,45
0.5263060341081287,3.0,0.2221547966295318,28.178036993906062,0.29811061407479145,2141.5403380648963,68761.27118131443,4451.4516911983965,4228.8791066384765,2676.74041378135,1939.5702822690914,1939.5702822690914,0.2524220190038411,0.24242201900384108,0.34541317651311865,19.724625895734242,8.453411098171818,4.226705549085909,0.002221547966295318,0.0002868566208399929,0.0018990234387775721,0.001579049476491809,90,45,0,0,45,90
0.5737203154710847,3.0,0.3192689773583174,43.57195185740987,0.28214655696832447,3241.400719667488,78622.85902593943,4854.03657392196,4611.334745225861,2766.376069672812,2038.8626164464806,2038.8626164464806,0.31667822512747645,0.30667822512747644,0.3205757744739669,30.500366300186908,13.071585557222962,6.535792778611481,0.003192689773583174,0.00038793255139862263,0.002692930998387883,0.0023625828932884348,0,45,-45,90,-45,45
0.5063607824684271,3.0,0.09205357226372266,12.013268734161402,0.2579480734898661,921.3926204615985,69206.04274356461,4679.86618037086,4445.872871352317,2603.325864589356,1790.9867240842286,1790.9867240842286,0.2956353164168263,0.28563531641682627,0.3396793083308195,8.40928811391298,3.6039806202484206,1.8019903101242103,0.0009205357226372265,0.00012151089385464032,0.0007701033494002215,0.0006921877643652009,0,0,90,90,0,0
0.5750502015375685,3.0,0.10660208568086392,15.5511142516605,0.21788015668514088,1156.190780396365,76596.39143998617,5353.220569609002,5085.559541128552,2761.8018290014406,1953.0665492931046,1953.0665492931046,0.2439874835227633,0.2339874835227633,0.35744798282135426,10.88577997616235,4.66533427549815,2.332667137749075,0.0010660208568086392,0.0001421187052224443,0.0008715004761776339,0.0008446178553630968,0,30,-30,-30,30,0
0.5403034120458665,3.0,0.10661405634698878,13.344862293210038,0.22413037207137287,1007.7815449280997,71179.94813715802,4358.43905429351,4140.517101578834,2695.739330441553,1958.4074067185222,1958.4074067185222,0.2776014018008504,0.2676014018008504,0.3731540924506107,9.341403605247026,4.003458687963011,2.0017293439815056,0.0010661405634698879,0.0001312364486027286,0.00091855332564974,0.0007425530062855258,45,-45,45,-45,45,-45
0.5423115317125111,3.0,0.14330637145372824,20.35380825001428,0.19290519610499274,1535.688028741731,72586.24077736538,5111.271190397461,4855.707630877588,2815.421855837738,1955.3437803197926,1955.3437803197926,0.2862646761534939,0.27626467615349387,0.3392983640989352,14.247665775009994,6.106142475004283,3.0530712375021416,0.0014330637145372825,0.00019628604019748125,0.0011946426334168857,0.0010844098660282974,45,-45,45,-45,45,-45
0.5724384879664023,3.0,0.11692150508761541,16.543395751355554,0.19495285985332572,1231.3993469760753,78836.17981049548,5115.926531501772,4860.130204926683,2759.3778724356216,1991.044392159882,1991.044392159882,0.25281419933334,0.24281419933333998,0.3722086487599043,11.580377025948888,4.963018725406666,2.481509362703333,0.0011692150508761541,0.00014689165626474444,0.0009701114147840939,0.0008993003051492103,0,45,-45,90,-45,45
0.6495086296444175,3.0,0.23381085158307896,37.92735188188324,0.23851085733937116,2729.1653285979123,87180.59882448615,5786.558735619299,5497.230798838334,3276.3021397991415,2205.502920011041,2205.502920011041,0.27207411061251885,0.26207411061251884,0.37870574729031,26.549146317318268,11.378205564564972,5.689102782282486,0.0023381085158307897,0.0003045304422692436,0.0019663164385641087,0.0017364402120224676,45,-45,45,-45,45,-45
0.6470091751370436,3.0,0.2795497804793816,44.929206247414555,0.2695258350804722,3236.4953231296477,87435.07748492771,5864.563873313626,5571.335679647944,3074.1354867987125,2228.71200746839,2228.71200746839,0.2816142447467484,0.2716142447467484,0.32067947791211443,31.450444373190187,13.478761874224366,6.739380937112183,0.002795497804793816,0.00035970053756299007,0.0022983400241505985,0.002192284941913968,45,45,-45,-45,45,45
0.547335269288429,3.0,0.3058500272585292,40.4402235877435,0.1975362487105303,3044.2779453651838,75815.90435123598,4794.971199808193,4555.222639817783,2557.3108488312914,1855.8671974011922,1855.8671974011922,0.31699039069087354,0.3069903906908735,0.3357555452314301,28.30815651142045,12.13206707632305,6.066033538161525,0.003058500272585292,0.00037338018656713363,0.002530164743598117,0.0023720360553484312,0,45,-45,90,-45,45
0.4558393210185162,3.0,0.397828543056411,42.232596241480636,0.28119052357346797,3316.2526188787297,62882.78356176432,3774.194222456428,3585.4845113336064,2151.0374440360756,1681.6721710355207,1681.6721710355207,0.2704647764521616,0.2604647764521616,0.3107900854703385,29.56281736903644,12.66977887244419,6.334889436222095,0.00397828543056411,0.0004701257752052188,0.003356949358106453,0.0029450391269506193,0,45,-45,90,-45,45
0.47183894945454746,3.0,0.3821069921776385,49.37124483068868,0.1807634366800663,3847.7994834727488,65478.563849722384,4792.116687064561,4552.5108527113325,2397.910031565964,1613.3395399632236,1613.3395399632236,0.3182167564730497,0.3082167564730497,0.32622507544015605,34.559871381482075,14.811373449206604,7.405686724603302,0.0038210699217763847,0.0005278043583973414,0.003090778963957031,0.0030883922362037043,0,90,90,90,90,0
0.5874673905784877,3.0,0.3898906426040844,57.02008530565804,0.18588590244893416,4215.963784584017,81531.53242713853,5247.289130973622,4984.924674424941,2904.963603319156,2060.4331287353484,2060.4331287353484,0.24527371112125254,0.23527371112125253,0.3634133947387539,39.914059713960626,17.106025591697414,8.553012795848707,0.0038989064260408443,0.000489553655202424,0.0032599738959921635,0.002944275372702156,0,45,-45,90,-45,45
0.5694316173809602,3.0,0.09393948533917663,13.709514788201371,0.2891206426946501,1021.8330507507463,77531.54157138277,5355.113666047407,5087.357982745036,2761.45527276695,2024.5200982351769,2024.5200982351769,0.3168816326867536,0.3068816326867536,0.32363257266593237,9.59666035174096,4.112854436460411,2.0564272182302057,0.0009393948533917663,0.0001237774995471408,0.0007680237419677587,0.0007446896708812837,90,45,0,0,45,90
0.4557921860162597,3.0,0.23190682555311656,27.800167090109817,0.21035854537306653,2183.0157865383817,63673.91476585774,4337.578740712157,4120.699803676549,2340.1038254708997,1701.0743001207115,1701.0743001207115,0.30628925416936004,0.29628925416936003,0.3193344906387831,19.46011696307687,8.340050127032944,4.170025063516472,0.0023190682555311658,0.0003056214940550738,0.0019227432227924579,0.001781982926623923,0,30,-30,-30,30,0
0.5185751758520825,3.0,0.41948343727669524,52.45541090738944,0.26459083796244237,4000.732694413386,71857.47898829721,4436.46125633235,4214.638193515732,2551.8722890461936,1820.8650398323673,1820.8650398323673,0.2713560364073193,0.2613560364073193,0.33439064721772443,36.71878763517261,15.736623272216832,7.868311636108416,0.0041948343727669524,0.0005109946543094377,0.0035471116195943965,0.0030833485162571886,0,30,-30,-30,30,0
0.4726105292065011,3.0,0.48149938932289554,55.52487849996124,0.2646722387353963,4325.828571684013,63314.54057249924,4065.4447856527518,3862.172546370114,2400.456629390539,1681.2581503698073,1681.2581503698073,0.3125961853468725,0.3025961853468725,0.3697987922523659,38.86741494997287,16.65746354998837,8.328731774994186,0.004814993893228955,0.0006138781802494036,0.004097328688062315,0.0034696447638417854,0,30,60,-60,-30,0
0.46287702751580256,3.0,0.4882999201587929,59.37432846335846,0.27082263321779687,4646.874087436232,63826.48105528809,4421.4085519508635,4200.33812435332,2348.664855898472,1683.1243583525888,1683.1243583525888,0.24371228486633292,0.23371228486633291,0.3250807685107739,41.56202992435092,17.812298539007536,8.906149269503768,0.004882999201587929,0.0006511721974512249,0.004028647959064582,0.0037920051671641152,0,30,60,-60,-30,0
0.6399490285459024,3.0,0.24345998327712787,36.58952579484297,0.2990280648571107,2643.810285257988,87627.83030774778,5229.268360936841,4967.804942889999,3239.1056366325797,2303.40986540654,2303.40986540654,0.28484297866132036,0.27484297866132035,0.3323604719333404,25.612668056390078,10.97685773845289,5.488428869226445,0.0024345998327712785,0.00029228919586892345,0.002099119222958821,0.001694427253978754,0,30,60,-60,-30,0
0.4659061404961609,3.0,0.49504071145486245,56.272568507313714,0.22862888121799566,4397.862237755489,61873.06705528344,4045.619628908549,3843.3386474631216,2307.8503196897327,1613.685232797196,1613.685232797196,0.24811000661487348,0.23811000661487347,0.3747232953594617,39.390797955119595,16.881770552194112,8.440885276097056,0.0049504071145486245,0.00063663884513635,0.004172851652083904,0.0036574665194196165,0,45,-45,-45,45,0
0.468964600260789,3.0,0.24476564997949132,27.64993274023384,0.27456689548565527,2157.8266785737433,60953.17166348988,3979.281746416502,3780.3176590956764,2359.5187480847508,1705.9465202298368,1705.9465202298368,0.30750439944761354,0.29750439944761353,0.3742446076788455,19.354952918163686,8.294979822070152,4.147489911035076,0.0024476564997949132,0.0003175380770178534,0.0020845419728171056,0.0017577694241258488,0,0,90,90,0,0
0.518510940883288,3.0,0.15164219241414562,19.93806927920855,0.2570923905798053,1520.7054726597512,69328.6534168319,4657.095073509652,4424.240319834169,2708.972976127825,1842.2623489219825,1842.2623489219825,0.31529860454085945,0.30529860454085944,0.3709533981125833,13.956648495445982,5.981420783762564,2.990710391881282,0.0015164219241414563,0.0002013114031154329,0.0012843673340031002,0.0011040015600879746,90,45,0,0,45,90
0.6053325777849885,3.0,0.343506576090675,52.232682213762104,0.19146049568786333,3831.624089174408,81982.6221270521,5424.478548465713,5153.254621042427,3070.2370806987115,2168.544845308608,2168.544845308608,0.28241116813843553,0.2724111681384355,0.34164238273103364,36.56287754963347,15.66980466412863,7.834902332064315,0.0034350657609067497,0.0004459832657336863,0.0028887209201999254,0.0025518883806462532,0,45,-45,90,-45,45
0.4618895964212039,3.0,0.3574764010157007,40.93537789299146,0.18616562989112123,3205.2537677664363,57562.16549002133,4142.978177443405,3935.8292685712345,2243.7242669465445,1640.4788560387349,1640.4788560387349,0.30626206074212414,0.29626206074212413,0.33365858268775045,28.65476452509402,12.280613367897438,6.140306683948719,0.003574764010157007,0.0004978055339155275,0.0029641993855433956,0.0027366583204561866,90,45,0,0,45,90
0.5657120751217635,3.0,0.06839009260102391,9.941420698194532,0.21744543399603827,742.2143109872522,76321.91767676808,5210.440277379243,4949.918263510281,2904.784137458042,1985.5418076054086,1985.5418076054086,0.28616379829151356,0.27616379829151355,0.3319706461392415,6.958994488736172,2.98242620945836,1.49121310472918,0.0006839009260102392,9.117950256711706e-05,0.0005723942796938585,0.000513364516660481,0,60,-60,-60,60,0
0.6166986617401268,3.0,0.0538783686440329,8.252126851844812,0.26380819148320545,602.3365854762782,82675.4931873749,5529.615598997348,5253.13481904748,3002.7507063606836,2047.328654957717,2047.328654957717,0.29488525037170155,0.28488525037170154,0.32484705902951594,5.7764887962913685,2.4756380555534436,1.2378190277767218,0.000538783686440329,6.986942047263743e-05,0.00044770527195458874,0.00041222836952620396,45,45,-45,-45,45,45
0.5797416973423507,3.0,0.07741283339849217,10.977680583174015,0.2526935654944672,814.4616356679743,77640.12387320325,5028.976002131005,4777.527202024455,2905.186733059753,2043.9630442290402,2043.9630442290402,0.3010426346777113,0.2910426346777113,0.3210054169974321,7.6843764082218105,3.2933041749522043,1.6466520874761021,0.0007741283339849217,9.897429350797314e-05,0.0006548657566782347,0.0005667973313859389,0,30,60,-60,-30,0
0.5904313990564969,3.0,0.3549149290997127,53.3947003390551,0.2779916456269395,3942.7248901232897,80009.47206081958,5336.081320522723,5069.2772544965865,3086.4969543021725,2029.047169623335,2029.047169623335,0.3174942560893169,0.3074942560893169,0.34589205198996303,37.376290237338566,16.01841010171653,8.009205050858265,0.0035491492909971267,0.00046714831725082253,0.003001905169643735,0.0025949175293027526,90,45,0,0,45,90
0.6497507611548425,3.0,0.1754802325112041,27.936128135911588,0.20096127513857748,2010.0096381868668,88419.90658602289,5672.302362165469,5388.687244057195,3218.8212782230758,2342.0934024083476,2342.0934024083476,0.31423867200443434,0.30423867200443433,0.338265950866738,19.55528969513811,8.380838440773475,4.190419220386738,0.001754802325112041,0.00022116388096511905,0.0014775020627733233,0.0013018489869993728,45,-45,45,-45,45,-45
0.5529252652427288,3.0,0.39848475754503304,55.66618003151099,0.2864018527102162,4179.910973066745,78181.61039283047,5023.060135865624,4771.907129072342,2759.6813509414,2006.6894910050362,2006.6894910050362,0.284228009008832,0.274228009008832,0.31689415360102763,38.96632602205769,16.699854009453297,8.349927004726649,0.00398484757545033,0.0004984078202823902,0.0033246374834760783,0.0030256851943715416,0,45,-45,-45,45,0
0.583907856522254,3.0,0.41246784537879627,59.21278832094037,0.24780390448902634,4385.012783094427,77667.6170609953,5077.206381456556,4823.346062383728,2964.9349970409066,2006.295464132826,2006.295464132826,0.2820131795933251,0.2720131795933251,0.33711373157150776,41.44895182465826,17.76383649628211,8.881918248141055,0.004124678453787963,0.0005336709608601335,0.0034987422534488335,0.002995653617028864,45,45,-45,-45,45,45
0.5919200918997439,3.0,0.26044198199842,36.65567774480636,0.25325933777642773,2704.912530352444,79924.14578504585,4954.596197403119,4706.866387532963,2935.827626114934,1988.1945306744644,1988.1945306744644,0.2685058532972061,0.2585058532972061,0.3197377907308202,25.65897442136445,10.996703323441908,5.498351661720954,0.0026044198199842,0.0003210415847342763,0.002219495370622872,0.0018728455352118485,0,0,90,90,0,0
0.6220402725737446,3.0,0.20215268456660224,31.6863120975191,0.247325883529466,2307.439159513314,82534.83119946024,5536.499332752799,5259.674366115159,3254.4789091051875,2149.139641144517,2149.139641144517,0.242742858724278,0.232742858724278,0.3454888814378699,22.18041846826337,9.505893629255729,4.752946814627864,0.0020215268456660225,0.00026874009610149206,0.0017169501986608765,0.0014604325138904272,0,30,60,-60,-30,0
0.4906558445377814,3.0,0.4282244052727026,51.98806777058965,0.25251649962602307,4016.403628462298,66169.70987139731,4283.68713486985,4069.502778126357,2522.3628633074004,1789.4170929204633,1789.4170929204633,0.2797075272029086,0.2697075272029086,0.3164922869524817,36.39164743941275,15.596420331176894,7.798210165588447,0.004282244052727026,0.0005499744144283077,0.0036408868902258794,0.003091628995585192,45,45,-45,-45,45,45
0.540903413745,3.0,0.2925738130858674,39.73748385287208,0.2726310512405383,3000.092288913266,72407.91046106123,4861.428165572936,4618.356757294289,2721.190497674102,1837.9526870252084,1837.9526870252084,0.28504578585135953,0.2750457858513595,0.37586560478766984,27.816238697010455,11.921245155861625,5.960622577930812,0.002925738130858674,0.00038416021840554537,0.0024522104924400677,0.00219044663834655,0,60,-60,-60,60,0
0.5911032521875472,3.0,0.3337659808747545,50.10798768157068,0.21585640337495746,3698.9292888178616,79168.70667619309,5406.424250781608,5136.103038242527,2965.1730892719734,2187.322069256054,2187.322069256054,0.26783049599038544,0.25783049599038543,0.37537451638288366,35.07559137709947,15.032396304471202,7.516198152235601,0.0033376598087475453,0.0004430486848870943,0.002780469235705645,0.0025348261049006828,0,45,-45,90,-45,45
0.6102054087261972,3.0,0.26235395582590637,39.57428298267182,0.2600844696014568,2896.83109636594,82636.70710532175,5343.034835952078,5075.883094154474,3100.1214419793423,2022.986367414328,2022.986367414328,0.31787065573747825,0.30787065573747824,0.37017914102199956,27.701998087870273,11.872284894801545,5.936142447400773,0.002623539558259064,0.00033522630630191557,0.0022220115083127693,0.0019148096481054978,45,-45,45,-45,45,-45
0.45505037658591546,3.0,0.12029209531558857,15.373858561500118,0.21284719493548157,1207.6585652165995,63377.756479819334,4742.152121922942,4505.044515826794,2372.841548861608,1558.7567708973188,1558.7567708973188,0.2844949266859829,0.2744949266859829,0.3180681187024988,10.761700993050082,4.612157568450035,2.3060787842250177,0.0012029209531558857,0.00016980249208532348,0.0009725874349597639,0.0009718637914661347,0,60,-60,-60,60,0
0.4694014422589378,3.0,0.09667448394744384,11.161381692330172,0.18232428792370706,870.8665581785608,60951.48230355447,4080.433406799559,3876.411736459581,2392.8193480139216,1645.4084647025172,1645.4084647025172,0.2657196601785247,0.2557196601785247,0.35754712523866633,7.81296718463112,3.3484145076990517,1.6742072538495258,0.0009667448394744384,0.00012818338273908552,0.0008206026600309946,0.0006996797544449583,0,0,90,90,0,0
0.6432362396244715,3.0,0.44138184668368885,69.23842659887785,0.22293130683384638,4995.7674563076125,86748.5231800577,5562.234370971042,5284.122652422489,3213.0807449987674,2246.90322594837,2246.90322594837,0.280880500116991,0.270880500116991,0.37651221163819487,48.46689861921449,20.771527979663354,10.385763989831677,0.0044138184668368885,0.0005587057490144843,0.00373438560735029,0.003232338311446842,45,45,-45,-45,45,45
0.5293345197850154,3.0,0.46929821925600684,59.05033778126684,0.293624370184588,4481.656487375043,70013.18903667721,4426.468567696462,4205.145139311639,2632.9038444092075,1776.5185449657968,1776.5185449657968,0.24863944917192488,0.23863944917192487,0.37815618995144623,41.33523644688679,17.71510133438005,8.857550667190026,0.004692982192560069,0.0005903921391901296,0.0040020845203017005,0.00336417552277818,0,30,60,-60,-30,0
0.4924334598432305,3.0,0.3625601584200947,43.58416290515949,0.2629025498808796,3364.3771595724634,66412.75313229868,4224.947950478957,4013.700552955009,2523.3170829235873,1723.342813435463,1723.342813435463,0.2856324253316089,0.27563242533160887,0.3148929973820543,30.50891403361164,13.075248871547846,6.537624435773923,0.003625601584200947,0.00045938336531292157,0.0030947715864915173,0.002590885021948666,0,30,-30,-30,30,0
0.46464863238330223,3.0,0.2637999137593181,31.49871301365652,0.2509440014183546,2463.16699580591,62722.677889036604,4391.633544560871,4172.051867332827,2249.643973743025,1660.7502837704383,1660.7502837704383,0.310765202265695,0.300765202265695,0.3288470037729666,22.049099109559563,9.449613904096955,4.7248069520484774,0.002637999137593181,0.00035153312727761516,0.002151730969402148,0.0021002465310931855,45,45,-45,-45,45,45
0.5110305861717187,3.0,0.4735861184460295,60.41117507990204,0.19649840201026825,4623.475171702801,69052.12776389816,4573.36919835799,4344.70073844009,2542.8578853771933,1763.8514626063675,1763.8514626063675,0.2859000547962273,0.2759000547962273,0.340716937465665,42.28782255593142,18.12335252397061,9.061676261985305,0.004735861184460295,0.0006124043374958873,0.003962801107436847,0.003563579511892835,0,90,90,90,90,0
0.6131721186233545,3.0,0.2657600732405085,40.17093684236442,0.2114780612599533,2936.6796387501454,83056.65627568934,5412.320625938673,5141.704594641739,3020.152908487344,2184.251210913067,2184.251210913067,0.2683885873078159,0.2583885873078159,0.3685949761319996,28.11965578965509,12.051281052709326,6.025640526354663,0.002657600732405085,0.0003385599306612793,0.002226638421041296,0.001995144189362462,0,90,90,90,90,0
0.4971652453902834,3.0,0.08832344142149072,11.66851515287827,0.26489757149225013,898.7539718974842,70372.49434208452,4809.9710805154045,4569.472526489634,2542.3452474151877,1761.470901563719,1761.470901563719,0.28782198898544176,0.27782198898544175,0.3220030047751736,8.167960607014788,3.500554545863481,1.7502772729317404,0.0008832344142149072,0.00011606751591481022,0.0007277703934736307,0.0006884498770225067,45,-45,45,-45,45,-45
0.5897123893209032,3.0,0.11241217295501232,15.769830282462834,0.24300917907903308,1164.8331161834797,80915.12187727522,4920.220550365596,4674.209522847316,2954.5628603921946,2011.2475292123188,2011.2475292123188,0.2516880567306338,0.24168805673063382,0.3016430651223063,11.038881197723983,4.7309490847388505,2.3654745423694252,0.0011241217295501233,0.00013642544114889633,0.0009615319143340675,0.0008006174361967805,0,0,90,90,0,0
0.5226728167713519,3.0,0.28966016294673,37.397626971055416,0.25674990773064454,2846.948988797924,69569.94996636717,4609.940853739983,4379.443811052984,2600.9999325618055,1783.284667945939,1783.284667945939,0.2900286512347736,0.2800286512347736,0.3522579443980194,26.17833887973879,11.219288091316624,5.609644045658312,0.0028966016294673003,0.0003762880222336572,0.0024337162769050642,0.0021567259481368767,0,30,60,-60,-30,0
0.49915249326481415,3.0,0.09048620505429213,10.923357487312385,0.27729182603787045,840.5870697331569,67604.37723698697,4287.008412028626,4072.6579914271942,2460.8207377817844,1727.8290794005545,1727.8290794005545,0.2974482444350137,0.2874482444350137,0.30417537619815477,7.646350241118669,3.2770072461937154,1.6385036230968577,0.0009048620505429213,0.0001131043662204654,0.0007644042024734505,0.0006658362382681422,0,60,-60,-60,60,0
0.5610165976960736,3.0,0.35117190947658017,47.72656359056243,0.19738534786560955,3570.717342247132,80175.87657493458,4916.62634922986,4670.795031768367,2639.5888321695015,1867.5621736787275,1867.5621736787275,0.2579624654345213,0.24796246543452127,0.36597881577005376,33.408594513393695,14.317969077168728,7.158984538584364,0.003511719094765802,0.0004166913533170929,0.0029121531839431916,0.002712158973903648,0,30,60,-60,-30,0
0.6208251515561553,3.0,0.2506877144625317,39.475925180327884,0.21913198675064563,2876.216129375942,83420.72603442516,5623.600409288528,5342.420388824101,3174.3222235530675,2196.7257043822447,2196.7257043822447,0.3130600486901494,0.3030600486901494,0.35098481460093006,27.63314762622952,11.842777554098365,5.921388777049183,0.0025068771446253167,0.0003312503851240299,0.0021059066598219877,0.0018654025521143477,90,45,0,0,45,90
0.5486610625379512,3.0,0.12483787784460941,17.493945275250297,0.2381675105600597,1316.1292153020968,75373.23158294734,5045.926560291407,4793.630232276837,2765.1739322095723,1926.8356528837335,1926.8356528837335,0.25561967156364634,0.24561967156364634,0.35522898495629474,12.245761692675208,5.248183582575089,2.6240917912875443,0.0012483787784460941,0.00016246831183294686,0.0010400832275038107,0.000948978927047351,0,30,60,-60,-30,0
0.48655066768770683,3.0,0.27710332166189816,35.92334386612569,0.2932541701915595,2780.594360895223,65221.95627082281,4914.711204182575,4668.975643973446,2309.629233821908,1760.438108450423,1760.438108450423,0.2955940288908384,0.2855940288908384,0.350647650619584,25.146340706287983,10.777003159837706,5.388501579918853,0.002771033216618982,0.00038555023712984296,0.0021928049710563126,0.002333059133912206,0,45,-45,90,-45,45
0.49688366038849613,3.0,0.26233799653102585,32.06416987669996,0.18621068068653482,2470.0272722831246,67053.02354671957,4302.509551970193,4087.384074371683,2555.142810017705,1707.0210451959388,1707.0210451959388,0.2986000330139019,0.2886000330139019,0.37597806612758017,22.444918913689968,9.619250963009987,4.809625481504994,0.0026233799653102583,0.0003347338826272516,0.0022357302980548104,0.001882331376018731,90,45,0,0,45,90
0.6069430439150065,3.0,0.13878956050403418,20.616890259373225,0.2640855096322046,1511.3184820463803,79642.60569278339,5254.950057700919,4992.202554815874,3067.8048104130016,2089.1188166988027,2089.1188166988027,0.3174955695075742,0.3074955695075742,0.31851495364101323,14.431823181561256,6.185067077811968,3.092533538905984,0.001387895605040342,0.00018120732057952946,0.0011769982606681484,0.0010080607242054793,45,45,-45,-45,45,45
0.5143373334653107,3.0,0.06141960413833544,7.977353189808737,0.2573761983401399,609.608632028033,70501.00374576682,4721.506493322008,4485.431168655908,2505.542584308073,1780.6310340819891,1780.6310340819891,0.31158187754228134,0.30158187754228133,0.30807320248323644,5.5841472328661155,2.3932059569426207,1.1966029784713104,0.0006141960413833544,7.920663446158966e-05,0.0005068733804194735,0.00047758237515718076,90,45,0,0,45,90
0.5495618855472465,3.0,0.27783201266775065,36.60736965394358,0.2314376404185362,2752.977922589441,72450.87038933842,4686.4251675970945,4452.10390921724,2677.8551550100224,1865.2352063555074,1865.2352063555074,0.25304388275930634,0.24304388275930633,0.35387367825032495,25.625158757760502,10.982210896183073,5.4911054480915364,0.0027783201266775065,0.0003536901436801979,0.0023434089958624185,0.0020505610386798477,90,45,0,0,45,90
0.621367452993085,3.0,0.21824354417315173,33.15836428182784,0.2783721106342571,2415.3459948373165,82710.13031108891,5413.543978247382,5142.866779335013,3075.399755836044,2234.3564181975753,2234.3564181975753,0.30076119555830505,0.29076119555830504,0.3211177772393618,23.21085499727949,9.947509284548353,4.9737546422741765,0.002182435441731517,0.00028062892550137383,0.0018375225775424157,0.0016172709361882832,0,30,-30,-30,30,0
0.46521031216386316,3.0,0.5498298908244825,61.98712922534836,0.2688853440859453,4846.052706986892,63599.236826819,4014.5687076899294,3813.840272305433,2280.9018293132635,1578.718681999281,1578.718681999281,0.3142317275051482,0.3042317275051482,0.34274980056201493,43.390990457743854,18.596138767604508,9.298069383802254,0.005498298908244825,0.0006822564644273596,0.004632163532780868,0.004076488196163062,90,45,0,0,45,90
0.5304155308787359,3.0,0.3078194033338246,41.62838026927335,0.19311207042698258,3157.8533502130617,73570.31717932943,4908.011172898248,4662.610614253335,2618.2649287531044,1892.321811147351,1892.321811147351,0.24222272767257294,0.23222272767257293,0.3766292717109399,29.139866188491343,12.488514080782005,6.244257040391003,0.003078194033338246,0.0003960818344368723,0.002544516228842928,0.0023848835814199686,0,30,60,-60,-30,0
0.478178172353776,3.0,0.44293268393537566,56.05781832087965,0.18065860753615084,4356.01193623571,62403.427767004585,4671.26111671773,4437.698060881843,2375.998557172549,1589.254664689277,1589.254664689277,0.25485633384530526,0.24485633384530525,0.35886569094694054,39.24047282461575,16.817345496263894,8.408672748131947,0.0044293268393537566,0.0006288191887652028,0.003600172432253291,0.0035390058309371667,45,-45,45,-45,45,-45
0.4616079491411445,3.0,0.2513023947874387,28.381334269209578,0.24596511988630393,2222.562043012568,64018.39867930328,4020.068156557073,3819.0647487292194,2286.591450263771,1537.4258253990447,1537.4258253990447,0.2451846159128341,0.2351846159128341,0.3092228460239257,19.866933988446704,8.514400280762873,4.257200140381436,0.002513023947874387,0.00031033162962992936,0.0021179741111789765,0.0018618105739398021,45,-45,45,-45,45,-45
0.5059573623354504,3.0,0.11099915975576811,13.974037315854302,0.2168430647207477,1071.9784869445448,68499.32004357626,4469.802319589902,4246.312203610407,2572.191547338942,1713.6439187704518,1713.6439187704518,0.3050586332488461,0.29505863324884607,0.33233841863462865,9.78182612109801,4.192211194756291,2.0961055973781453,0.0011099915975576811,0.000142801798833554,0.0009378963307578488,0.0008149103823728326,0,30,60,-60,-30,0
0.6218994710161375,3.0,0.04516490978194513,6.972266399051555,0.2758222619565818,507.76089915343556,81214.56475910275,5618.995064257427,5338.045311044555,2974.685625113568,2218.249869135821,2218.249869135821,0.24063597474408976,0.23063597474408976,0.35841308016442885,4.880586479336088,2.0916799197154665,1.0458399598577333,0.0004516490978194513,6.009496564825287e-05,0.0003722516029637927,0.0003515799958921054,90,45,0,0,45,90
0.5464039533412471,3.0,0.297657813681073,42.8394918888994,0.22454886359297216,3226.2482951362103,71932.6457968228,5282.7831974466435,5018.644037574311,2731.1945939638235,1968.4189649453551,1968.4189649453551,0.31519038566834445,0.30519038566834444,0.3238751980607011,29.98764432222958,12.85184756666982,6.42592378333491,0.00297657813681073,0.00041688504558738345,0.002432779670549716,0.0023527887018877226,0,30,60,-60,-30,0
0.5253509326458026,3.0,0.12365378348115248,17.00566916102147,0.29919999617523474,1292.999743429321,69336.37514196835,5052.661221429506,4800.028160358031,2603.329423310108,1811.3970568277102,1811.3970568277102,0.28977673445523744,0.27977673445523743,0.35276099205530664,11.903968412715027,5.101700748306441,2.5508503741532205,0.0012365378348115248,0.00017168431993079084,0.0010097056827536638,0.0009798415641574239,45,-45,45,-45,45,-45
0.5267496092458767,3.0,0.33172587076157134,44.68299395235819,0.2491437101306218,3395.2358886495745,70556.8266079477,4833.378657438346,4591.709724566428,2684.877468072051,1829.7617370580924,1829.7617370580924,0.3070420202876335,0.2970420202876335,0.3106596806574352,31.27809576665073,13.404898185707456,6.702449092853728,0.0033172587076157134,0.0004433036074659214,0.002773401203540703,0.0024963705690698064,0,60,-60,-60,60,0
0.6413358882646967,3.0,0.17514884454244964,26.922927921578854,0.2870090762781504,1944.1723077858192,86929.42237935292,5463.586573276995,5190.407244613145,3124.461284524782,2123.554124523441,2123.554124523441,0.24611923482007572,0.2361192348200757,0.31957499362038205,18.846049545105195,8.076878376473656,4.038439188236828,0.0017514884454244964,0.00021679713299902728,0.001478310678918965,0.001292523356982821,0,60,-60,-60,60,0
0.45753793914301005,3.0,0.2058479521572198,23.116602911549027,0.26840036032779446,1813.7457857814454,60619.80371742432,3992.3277317399234,3792.711345152927,2287.7423523728908,1563.4091082848797,1563.4091082848797,0.2954753774478301,0.2854753774478301,0.306804758373662,16.181622038084317,6.934980873464708,3.467490436732354,0.002058479521572198,0.0002669362328112114,0.001737077048642579,0.0015156822328072938,90,45,0,0,45,90
0.5247854151702841,3.0,0.3641787298631517,49.27307783234166,0.269325276144755,3747.3690192850936,70150.02446761826,4842.886525765607,4600.742199477327,2715.373122931873,1998.8670291524272,1998.8670291524272,0.29259914402370757,0.28259914402370756,0.3554667094316103,34.49115448263916,14.781923349702499,7.390961674851249,0.0036417872986315167,0.0004916770128649138,0.003052296036890032,0.00272189542292847,0,45,-45,90,-45,45
0.48620737555465143,3.0,0.367368327961083,44.87115886571119,0.24201259913173262,3473.740837110121,61705.51481702167,4400.513026022172,4180.487374721063,2416.4480010290335,1777.999677456694,1777.999677456694,0.27004507282001133,0.2600450728200113,0.3173071048108566,31.40981120599783,13.461347659713356,6.730673829856678,0.00367368327961083,0.0005090276176957417,0.003059040520982548,0.0027853584380836877,90,45,0,0,45,90
0.6305885808857198,3.0,0.09087789639880997,14.386641165718514,0.208415865831599,1043.7558169360864,86082.71737180167,5625.829139980745,5344.537682981708,3226.743563588444,2089.046498047336,2089.046498047336,0.2414119899608898,0.2314119899608898,0.32293951398057175,10.07064881600296,4.315992349715554,2.157996174857777,0.0009087789639880997,0.00011698804502774476,0.0007671744452819138,0.0006687845291486012,0,30,60,-60,-30,0
0.5307317540598335,3.0,0.3115188960903462,42.63750145492295,0.1858292085395829,3233.937994793726,71096.65613414766,5043.601953598645,4791.421855918713,2570.122278228789,1792.7084742234758,1792.7084742234758,0.29522305338647414,0.28522305338647413,0.3045320175439856,29.84625101844606,12.791250436476885,6.395625218238442,0.0031151889609034623,0.00041979823864192863,0.002536134007829511,0.0024884517255910543,0,90,90,90,90,0
0.5381533417402854,3.0,0.18494601279296247,25.122019078594978,0.27213077920469775,1899.022670241034,72561.53518750619,4854.589864921674,4611.860371675591,2731.5079081354193,1843.7777230874121,1843.7777230874121,0.2539584808487782,0.2439584808487782,0.30213375997170083,17.585413355016485,7.536605723578493,3.7683028617892464,0.0018494601279296246,0.0002423517268422455,0.001552470122767022,0.0013795687175445755,45,45,-45,-45,45,45
0.5299108749998791,3.0,0.4275429918236052,55.207848888438946,0.28611040385704534,4188.92935648068,70873.44051487383,4674.793952342509,4441.0542547253835,2512.958837026396,1852.14688621015,1852.14688621015,0.24371344606330447,0.23371344606330446,0.37276170050441226,38.645494221907256,16.562354666531682,8.281177333265841,0.004275429918236052,0.0005452747029234023,0.0035429058126149908,0.0032953891688353412,0,90,90,90,90,0
0.5492352184569456,3.0,0.2638896504724271,37.4698420073532,0.23460809172618122,2818.253691563528,75580.50485130897,5089.363046488559,4834.894894164131,2835.212110660109,1981.3814239279632,1981.3814239279632,0.30796422258065465,0.29796422258065464,0.30069468787710957,26.22888940514724,11.24095260220596,5.62047630110298,0.0026388965047242706,0.0003470324716241027,0.002208715019841576,0.0019823830040689235,0,60,-60,-60,60,0
0.5442093704089511,3.0,0.44377327515427645,64.24397915470209,0.2820648464953774,4843.025877325928,75390.20053946297,5286.978824853473,5022.629883610799,2770.635170470878,1918.4614319476466,1918.4614319476466,0.25680553176475235,0.24680553176475234,0.34424699391367086,44.97078540829146,19.273193746410627,9.636596873205313,0.0044377327515427644,0.0005965070405238082,0.0036454077810581693,0.0034781182942854017,0,45,-45,-45,45,0
0.6169623858287805,3.0,0.19413515246508609,30.186719535004798,0.2267783578154508,2203.1248538386817,83997.52247016056,5533.1953305513225,5256.535564023756,3159.6135444025094,1995.9790916282282,1995.9790916282282,0.25266391338319377,0.24266391338319376,0.30846141870082616,21.13070367450336,9.05601586050144,4.52800793025072,0.0019413515246508607,0.0002515634158377691,0.0016366701913628462,0.0014330891631580776,0,60,-60,-60,60,0
0.5818266866235791,3.0,0.2581890390054989,38.22453799508761,0.2535145774552258,2833.344525209382,78550.89655807376,5342.323308257763,5075.207142844874,2908.8778904866103,1989.451955101485,1989.451955101485,0.31406867668821503,0.304068676688215,0.30464220432020855,26.757176596561326,11.467361398526283,5.733680699263141,0.002581890390054989,0.0003406348974868718,0.002146512057928223,0.001971097074241224,0,90,90,90,90,0
0.5347060389787837,3.0,0.38925002182087204,53.330591315589324,0.18006852676838067,4037.6769745246006,71335.28962687985,4913.365620048979,4667.697339046529,2735.9660493427236,1803.6402966354317,1803.6402966354317,0.26861423467016177,0.25861423467016176,0.36627223065402836,37.331413920912524,15.999177394676796,7.999588697338398,0.0038925002182087203,0.0005233232263606829,0.0032562562267689148,0.0029238625600855623,0,0,90,90,0,0
0.4850570759048652,3.0,0.15944179239987358,20.25259916147815,0.22241376476211966,1568.7112275601426,66589.51413310494,4507.27558620821,4281.9118068978,2605.4379755400423,1557.636025893402,1557.636025893402,0.3019008918957074,0.2919008918957074,0.3031356712946624,14.176819413034705,6.075779748443446,3.037889874221723,0.0015944179239987357,0.00021289867627952413,0.001347993845114484,0.001165980500300355,90,45,0,0,45,90
0.6330260898462132,3.0,0.24289410571301778,38.18105310692289,0.24896860535690823,2767.1126210803345,85656.13791974519,5642.299875766732,5360.184881978395,3123.329572526421,2182.764716672887,2182.764716672887,0.2924408768590635,0.2824408768590635,0.36373548908087044,26.726737174846022,11.454315932076867,5.727157966038433,0.0024289410571301778,0.00031202360769391004,0.002030079255672376,0.0018336707135922928,0,30,-30,-30,30,0
0.6341927804671654,3.0,0.12003905949520902,19.45768459292055,0.20705810236074595,1409.4504712980824,83066.81054288767,5706.8978730781355,5421.552979424228,3402.8679514205887,2295.6472583207533,2295.6472583207533,0.2837942557600002,0.2737942557600002,0.3630154758132957,13.620379215044384,5.837305377876165,2.9186526889380824,0.0012003905949520902,0.00016396896818389502,0.0010228508565771287,0.0008577037753462159,0,0,90,90,0,0
0.5137734711871705,3.0,0.10016482287841287,12.880430142612283,0.283078853231963,984.5435881652033,69108.28242003662,4605.825071762963,4375.533818174814,2570.7701286905613,1866.8795575135705,1866.8795575135705,0.2644353422794191,0.2544353422794191,0.3451410969420027,9.016301099828597,3.8641290427836847,1.9320645213918424,0.0010016482287841287,0.00013046628832457416,0.0008389656538355287,0.0007515508679011889,45,-45,45,-45,45,-45
0.4715918569989805,3.0,0.14808611403068214,18.231367337126507,0.28695446661077517,1421.0448312140336,64533.541550125476,4452.79792613588,4230.1580298290855,2407.587394211129,1795.1915688234362,1795.1915688234362,0.31773517683436414,0.30773517683436413,0.3531609872119506,12.761957135988554,5.4694102011379515,2.7347051005689758,0.0014808611403068215,0.00019775696218494212,0.0012283086481501943,0.001135869504527386,0,30,-30,-30,30,0
0.4567130354092854,3.0,0.3115579640137501,35.525535035353215,0.27530390647835984,2788.4426417486848,64234.52709941959,4004.2541276031734,3804.0414212230144,2396.1352991037857,1634.0839957651372,1634.0839957651372,0.3102161817671056,0.30021618176710557,0.32331038866402034,24.86787452474725,10.657660510605965,5.328830255302982,0.0031155796401375006,0.00038714186353793444,0.002661584447684723,0.0022239271118355036,0,45,-45,-45,45,0
0.5045547163584557,3.0,0.3972518040950379,47.90844296332931,0.27209469325068614,3677.5340167123945,67612.28002844773,4204.363451636457,3994.145279054634,2590.1294483948886,1691.8316689240662,1691.8316689240662,0.2646943687722134,0.2546943687722134,0.30283633059262005,33.535910074330516,14.372532888998792,7.186266444499396,0.003972518040950379,0.000496003241722071,0.003418480122931474,0.002774481580043325,45,-45,45,-45,45,-45
0.613789509970222,3.0,0.29370795912395126,45.739250872469334,0.20892856458160275,3342.8436629671373,83551.2008951532,5534.508811584463,5257.783371005239,3176.4735464649934,2098.954870900901,2098.954870900901,0.27891770165093455,0.26891770165093454,0.3544273096193906,32.01747561072853,13.7217752617408,6.8608876308704,0.0029370795912395126,0.0003832078446234022,0.0024793122079811852,0.0021599070574680797,0,0,90,90,0,0
0.5989172542557462,3.0,0.21605717940436378,34.100383985795496,0.19611942549826727,2508.579478553136,78958.9503978067,5857.454479091169,5564.58175513661,2927.5557437157977,2101.4310411426563,2101.4310411426563,0.3181190856567223,0.3081190856567223,0.30123937142305024,23.870268790056844,10.230115195738648,5.115057597869324,0.0021605717940436377,0.00030231238725685885,0.0017465121124297552,0.0017472109997731559,0,30,-30,-30,30,0
0.4520145889634798,3.0,0.37206559970363395,41.8442968224192,0.22481295822403893,3291.693572060679,60278.96375654173,3969.2387892101124,3770.7768497496068,2337.595815165691,1690.9063543730874,1690.9063543730874,0.3187537926412747,0.30875379264127467,0.32693605181914354,29.29100777569344,12.55328904672576,6.27664452336288,0.0037206559970363396,0.00048592420888314715,0.003162643950988873,0.002685085455167957,0,0,90,90,0,0
0.47214397163731514,3.0,0.46205539995690753,54.95101027035035,0.26513836664655915,4282.053561781187,62534.63418562369,4248.655443929574,4036.2226717330955,2396.3203830778566,1636.8478233268838,1636.8478233268838,0.3188841035469784,0.3088841035469784,0.347870725996212,38.465707189245244,16.485303081105105,8.242651540552552,0.004620553999569075,0.0006151104534339511,0.0038801223819312294,0.0034397118176517,0,0,90,90,0,0
0.5715178899927091,3.0,0.37390328741182394,56.99489941805519,0.2950754603581963,4244.131644437422,75950.31743259798,5491.169496531801,5216.611021705211,3019.3650545175915,2031.0720069163085,2031.0720069163085,0.2677356609421056,0.2577356609421056,0.32956070090878803,39.89642959263863,17.098469825416558,8.549234912708279,0.0037390328741182394,0.000525296416674554,0.0031138120642999413,0.002831467794832183,0,30,-30,-30,30,0
0.5211895725404188,3.0,0.2056880973117718,24.83737135691384,0.2336096442293673,1892.0630243599635,69920.00923315472,4183.433051823539,3974.2613992323622,2638.987289915914,1711.1637998178562,1711.1637998178562,0.2968990209179736,0.2868990209179736,0.3162156024866659,17.386159949839687,7.451211407074152,3.725605703537076,0.002056880973117718,0.0002486578611833979,0.0017811236166014903,0.0014117558344344224,0,45,-45,-45,45,0
0.45733107903364745,3.0,0.13884446573185924,15.383436483879343,0.2164559426168483,1207.1133718652786,62102.55826206471,3886.5278266541973,3692.201435321487,2336.4548050274298,1502.187662804301,1502.187662804301,0.29800914530556577,0.28800914530556576,0.3407346226289537,10.76840553871554,4.615030945163803,2.3075154725819016,0.0013884446573185923,0.00017339713274410162,0.0011874431757604971,0.0009876139986173674,0,90,90,90,90,0
0.48233800363226437,3.0,0.10176005032346173,12.432969393500034,0.2922299465727835,964.242467325628,65356.53797442485,4387.618388393625,4168.237468973944,2427.4687283538856,1748.35760484981,1748.35760484981,0.2535916143224144,0.24359161432241438,0.3227800219867032,8.703078575450023,3.72989081805001,1.864945409025005,0.0010176005032346174,0.00013316309041423965,0.000850094627170979,0.0007682675320351754,0,90,90,90,90,0
0.5123644061768415,3.0,0.14919363636441996,19.161205082115067,0.2995721988677068,1465.575328480808,69055.10671592144,4571.744879055193,4343.157635102433,2608.2068184080645,1794.4764357499557,1794.4764357499557,0.2920365302117352,0.2820365302117352,0.3461489198456415,13.412843557480546,5.74836152463452,2.87418076231726,0.0014919363636441995,0.00019423391252812387,0.0012573670834017511,0.0011019757873616534,0,45,-45,90,-45,45
0.59519979142961,3.0,0.455309583454502,67.8233888948755,0.19326314273019765,4997.597496830101,81689.89771355783,5426.460142574666,5155.1371354459325,2858.479006676281,2060.187602410327,2060.187602410327,0.28290228671053347,0.27290228671053346,0.3011949555382586,47.47637222641285,20.34701666846265,10.173508334231325,0.00455309583454502,0.0005811780104424507,0.003749592945283977,0.0035590635126128323,45,45,-45,-45,45,45
0.5498939003890886,3.0,0.35109002307557363,46.071361307591616,0.2548523481191904,3464.177939487268,71983.60876431175,4610.093403580759,4379.588733401721,2758.882556036161,1958.2465519754162,1958.2465519754162,0.31697081591868204,0.306970815918682,0.35643536878816,32.24995291531413,13.821408392277485,6.9107041961387425,0.0035109002307557365,0.00044801800672298486,0.0029980755664390877,0.002504892490265237,0,30,-30,-30,30,0
0.4546558962964506,3.0,0.27082920529645826,29.998508298712917,0.2628360244162049,2356.9029389547622,59396.523422031576,3922.8699612426713,3726.7264631805374,2280.393631117296,1584.2272717851217,1584.2272717851217,0.2988851283445959,0.2888851283445959,0.3777382186702055,20.99895580909904,8.999552489613874,4.499776244806937,0.0027082920529645825,0.00035353846655122634,0.002294124602275379,0.0019732454008838103,0,90,90,90,90,0
0.6267307758702111,3.0,0.3576642609506445,57.211245447983295,0.23808895343245665,4157.67777438365,84088.01496930572,5809.552988078527,5519.0753386746,3097.6805562136215,2182.0785395423695,2182.0785395423695,0.31680805037304927,0.30680805037304926,0.31765480773832844,40.0478718135883,17.163373634394986,8.581686817197493,0.003576642609506445,0.00047626135339509207,0.0029543363610961167,0.002770358873830141,45,-45,45,-45,45,-45
0.5549524672163402,3.0,0.1859717028445493,25.336541846922913,0.2888696246377469,1900.7564843513487,74566.68830963937,4944.136952150792,4696.930104543252,2637.097283402737,1974.7177062925716,1974.7177062925716,0.2540013580315498,0.24400135803154976,0.3574469799550087,17.735579292846037,7.600962554076873,3.8004812770384366,0.001859717028445493,0.00023784855804778079,0.0015373689336761417,0.0014411608175996242,0,45,-45,-45,45,0
0.5927512226912854,3.0,0.1371351799805916,20.53274524502452,0.24185222749721283,1514.604369392036,79996.3671436941,5404.501403825297,5134.276333634031,2938.5145133566893,2040.7869748567398,2040.7869748567398,0.29575764232401935,0.28575764232401935,0.36635789321538315,14.372921671517162,6.159823573507356,3.079911786753678,0.001371351799805916,0.000179669679820581,0.0011397579745556997,0.0010481186234589902,45,45,-45,-45,45,45
0.5493900449094089,3.0,0.09426485635883194,12.834352937171586,0.2600549724602752,965.2545495284808,74489.16767582567,4974.741850520487,4726.004757994462,2595.834430383631,1927.7300582476255,1927.7300582476255,0.24289638507648603,0.23289638507648602,0.37763463336722586,8.98404705602011,3.8503058811514754,1.9251529405757377,0.0009426485635883194,0.00012060877220589144,0.0007739709912281446,0.0007416316379975069,0,45,-45,-45,45,0
0.477901380181249,3.0,0.550141340559285,62.887563486909706,0.20790746802629875,4887.352768571259,65133.22032578249,4060.4485557571456,3857.4261279692882,2326.485857693583,1686.5282831920429,1686.5282831920429,0.26276423990904046,0.25276423990904046,0.326150515335962,44.02129444083679,18.86626904607291,9.433134523036456,0.00550141340559285,0.0006758654680461316,0.004646350960246299,0.004054670907128667,0,45,-45,-45,45,0
0.6221251232311289,3.0,0.18220745198016655,29.933323193632088,0.22313885381307919,2179.703379293167,82640.78392189786,5900.741545988979,5605.70446868953,3275.2497949224767,2191.513359402778,2191.513359402778,0.274884209688762,0.264884209688762,0.3754271742822326,20.95332623554246,8.979996958089625,4.489998479044813,0.0018220745198016654,0.0002535470410753246,0.0015218421088437207,0.0013708873399535893,0,30,60,-60,-30,0
0.5585272710365617,3.0,0.18809993481951257,25.442833498064438,0.23405349481726842,1905.6641211481465,77553.5212016112,4817.603425463383,4576.723254190214,2732.714363241885,1955.6370679868526,1955.6370679868526,0.2530813235301016,0.2430813235301016,0.32416235456674225,17.809983448645106,7.632850049419331,3.8164250247096656,0.0018809993481951257,0.0002296476442680864,0.0015843666186959261,0.0013965693143948453,45,-45,45,-45,45,-45
0.6400287771186496,3.0,0.18575007341973598,30.782895801766163,0.19485829112123693,2224.169925618142,86341.93893800685,6065.749463263748,5762.461990100561,3156.2106169294,2160.639537949543,2160.639537949543,0.2845570099227312,0.2745570099227312,0.3168274876338208,21.54802706123631,9.234868740529848,4.617434370264924,0.0018575007341973598,0.00024956617058029826,0.0015224612880006616,0.001462967758076016,0,90,90,90,90,0
0.5971019062825162,3.0,0.19172561457296092,28.92874268461054,0.26176092754410096,2129.836579461159,78436.16728843744,5362.243307488971,5094.131142114523,3084.161925517888,2015.8096470964535,2015.8096470964535,0.25102159188847234,0.24102159188847233,0.3414840980930386,20.250119879227377,8.678622805383162,4.339311402691581,0.0019172561457296091,0.000258173245573825,0.0016184686721064105,0.0014069661410410317,45,-45,45,-45,45,-45
0.45169617290447955,3.0,0.28259369547448354,30.208305684444557,0.18673722488116973,2376.7021966328257,59513.76869668205,3736.068817273579,3549.2653764099,2279.471939444856,1550.5814626767194,1550.5814626767194,0.2672112695714995,0.2572112695714995,0.32810783115109765,21.14581397911119,9.062491705333366,4.531245852666683,0.0028259369547448355,0.0003553096105689924,0.0024256757968250647,0.0019878489286295955,0,30,60,-60,-30,0
0.5180254451972683,3.0,0.40136409426661834,53.18759706594061,0.23852230945480687,4057.596703375747,71239.86387750845,4813.899853484295,4573.20486081008,2561.775390450833,1889.8389523683586,1889.8389523683586,0.2700070420532436,0.2600070420532436,0.34313686418364564,37.23131794615842,15.956279119782181,7.9781395598910905,0.004013640942666184,0.0005226191617964746,0.0033146263124341994,0.0031143009608219636,0,90,90,90,90,0
0.6406925693521817,3.0,0.3617789325569486,58.40549263161082,0.2887456940162133,4218.78336930783,86846.16741225145,5802.420439502389,5512.299417527269,3199.8057609635734,2289.619976812263,2289.619976812263,0.31099087530433267,0.30099087530433266,0.3151550145999573,40.88384484212757,17.521647789483247,8.760823894741623,0.003617789325569486,0.00047076164740874975,0.0030197135785261864,0.0027379236582483783,0,45,-45,-45,45,0
0.4939890710283945,3.0,0.09342157847726984,11.668169292231623,0.2624057347626013,900.0484658945068,65155.15958761936,4502.568115126935,4277.4397093705875,2462.223850894384,1601.00076681901,1601.00076681901,0.28876890985879927,0.27876890985879926,0.3170146986628887,8.167718504562135,3.500450787669487,1.7502253938347434,0.0009342157847726984,0.00012535796944182677,0.0007774342770982829,0.0007108311428300831,45,-45,45,-45,45,-45
0.4589227943390132,3.0,0.3774418258301483,39.65304917231147,0.19065742584168094,3109.1806061137218,63487.203867244345,3575.794427040378,3397.004705688359,2433.295814770435,1644.4138063122218,1644.4138063122218,0.24950532607136594,0.23950532607136593,0.32438515286181235,27.757134420618026,11.895914751693441,5.947957375846721,0.003774418258301483,0.0004372083306528967,0.003326789331549879,0.002444403734121357,0,90,90,90,90,0
0.5442954524038386,3.0,0.43812175902105693,61.61008685275525,0.18005394312891065,4644.28934364076,74460.38204994044,5113.644740551818,4857.962503524227,2714.4937304288333,1890.5916006646717,1890.5916006646717,0.2921110184449722,0.2821110184449722,0.36155099337727836,43.127060796928674,18.483026055826574,9.241513027913287,0.004381217590210569,0.0005791947289231397,0.003614452507671085,0.0034045070446537084,45,-45,45,-45,45,-45
0.5477408989103246,3.0,0.31586887551946813,40.62889034940251,0.2641994522597303,3057.92024474773,73692.67678380552,4501.710292642285,4276.62477801017,2726.848007640195,1871.6143454255132,1871.6143454255132,0.24074275083388025,0.23074275083388024,0.333389075966419,28.440223244581755,12.188667104820754,6.094333552410377,0.0031586887551946813,0.00038593011525443315,0.002707563639699835,0.002234937017147645,0,30,-30,-30,30,0
0.4505536951527826,3.0,0.42652959349851366,46.59743029978167,0.2478018523105604,3668.12946037557,62658.78606948198,3861.0517337015126,3667.999147016437,2252.7950057844214,1634.208823830909,1634.208823830909,0.2958769952700444,0.2858769952700444,0.36423201183654164,32.618201209847165,13.9792290899345,6.98961454496725,0.004265295934985137,0.0005205686744980507,0.0036205754426742415,0.00310264117552652,45,-45,45,-45,45,-45
0.5826024485107103,3.0,0.3568561121902479,51.663300351252516,0.26488591965738717,3828.154666082746,75895.52702872461,5137.715395366374,4880.829625598055,2968.7218482913186,2001.4828137649217,2001.4828137649217,0.2688895954583551,0.2588895954583551,0.3422077371639036,36.164310245876756,15.498990105375754,7.749495052687877,0.0035685611219024786,0.00047650120714214745,0.0030167085781657066,0.0026103809816834765,45,45,-45,-45,45,45
0.6025238107843456,3.0,0.15487106195289413,23.663483795345563,0.2201649382549215,1738.0268448513568,81605.13000947893,5602.538993858932,5322.412044165985,2894.837404655033,2091.7154480019567,2091.7154480019567,0.26396083578461144,0.2539608357846114,0.300268553110961,16.564438656741892,7.099045138603668,3.549522569301834,0.0015487106195289412,0.00020298281069851653,0.0012671121336924366,0.0012261561093531669,45,-45,45,-45,45,-45
0.5175307117757748,3.0,0.4080356723343649,52.87941504804462,0.21763498734319953,4034.9997341474323,71165.35691212877,4619.126404615607,4388.170084384826,2619.685110882532,1856.0699098730963,1856.0699098730963,0.3032167549624877,0.29321675496248767,0.37857292793904107,37.01559053363123,15.863824514413386,7.931912257206693,0.004080356723343649,0.0005201349665025376,0.0034343776560350568,0.003027811329024408,45,-45,45,-45,45,-45
0.6320321063392037,3.0,0.31511194159015815,49.81912873561659,0.2178975326539301,3612.125355487611,85027.41290788997,5639.441630711945,5357.469549176348,3193.5972600994396,2211.5904699866833,2211.5904699866833,0.3131254995386667,0.3031254995386667,0.36693922300958837,34.87339011493161,14.945738620684976,7.472869310342488,0.0031511194159015814,0.0004101429047677822,0.0026502160319014007,0.002339953570134828,0,45,-45,-45,45,0
0.46329761711488937,3.0,0.20040936508004914,23.691931802650295,0.20920066536466317,1853.8598654017055,63319.29242501864,4233.798945304976,4022.108998039727,2364.449444779708,1654.600597058853,1654.600597058853,0.25785953155880453,0.24785953155880452,0.35572138506392903,16.584352261855205,7.107579540795088,3.553789770397544,0.0020040936508004914,0.0002619162600639298,0.0016787711539011456,0.0015030094122941357,0,30,60,-60,-30,0
0.6203536631184194,3.0,0.1825573380139037,28.73021490363199,0.25244378869915035,2093.7151665176934,82286.25411606126,5601.915137594746,5321.819380715008,3201.980708036659,2263.617365292663,2263.617365292663,0.2437055640933894,0.23370556409338938,0.37870716055540965,20.11115043254239,8.619064471089596,4.309532235544798,0.001825573380139037,0.00024440473865995247,0.0015385924740713409,0.0013458957528158406,0,0,90,90,0,0
0.6188365102853954,3.0,0.41881622314569333,65.815275618321,0.23258264055804137,4799.473793636112,82410.42435447869,5673.551039053119,5389.873487100463,3085.992033023075,2154.470620226594,2154.470620226594,0.27992155883992337,0.26992155883992336,0.3100629084283183,46.07069293282469,19.744582685496297,9.872291342748149,0.004188162231456933,0.0005590396274949036,0.0034801101725510427,0.0031990657257391342,0,0,90,90,0,0
0.5110432916406544,3.0,0.4488275618218093,56.2759049478719,0.2704982805641361,4306.963586005865,67119.53668059235,4437.470708174774,4215.597172766035,2586.6031583964204,1809.2676564838732,1809.2676564838732,0.28664780892942954,0.27664780892942953,0.37898971980192664,39.39313346351033,16.88277148436157,8.441385742180785,0.004488275618218093,0.0005869100922280483,0.003804593335852309,0.0032635024490629905,90,45,0,0,45,90
0.5645955387598502,3.0,0.28846057627102895,39.77424421314164,0.2533152496275171,2970.982382110084,75086.23326938816,4883.779758104691,4639.590770199456,2835.2314463800176,2117.546339461058,2117.546339461058,0.296256735943474,0.286256735943474,0.310568588919576,27.841970949199148,11.932273263942493,5.9661366319712466,0.002884605762710289,0.00037079994210536616,0.0024432455710437684,0.0021042855741420065,45,-45,45,-45,45,-45
0.45531397867284473,3.0,0.31960456106548657,39.16332221238566,0.23862373956761546,3076.0037246647953,57700.993823263336,4443.800586970927,4221.61055762238,2398.7607756966836,1617.168036927851,1617.168036927851,0.2807131746063974,0.2707131746063974,0.37794151925294844,27.41432554866996,11.748996663715698,5.874498331857849,0.003196045610654866,0.0004751101104538916,0.002643907266712948,0.002448972149026278,0,45,-45,-45,45,0
0.6114580849604768,3.0,0.1300145823240383,20.610126264435255,0.2431186941293395,1507.8283318852884,79909.73547965895,5779.1839101904525,5490.2247146809295,3051.6837207201716,2034.699266159899,2034.699266159899,0.2554515065884072,0.2454515065884072,0.3296736941759547,14.427088385104678,6.183037879330576,3.091518939665288,0.0013001458232403831,0.0001805423118785958,0.0010698807955268575,0.0010130535214624783,0,30,-30,-30,30,0
0.6277193807618576,3.0,0.3724758153061859,59.241199041598335,0.2265423688318411,4303.34432370946,85907.6862975811,5665.234874951207,5381.973131203646,3223.5818946310583,2175.586187981659,2175.586187981659,0.2883338756958175,0.27833387569581747,0.3743637486857819,41.46883932911883,17.7723597124795,8.88617985623975,0.003724758153061859,0.00048271395862614993,0.0031370914189383136,0.0027566167532581893,0,90,90,90,90,0
0.5933124756565485,3.0,0.46906712058707184,66.31657771360821,0.2726430191876712,4890.648212313149,80539.02847937577,4958.751526995976,4710.813950646177,2979.4960522073216,1995.5185601521384,1995.5185601521384,0.2835770334576867,0.2735770334576867,0.3451719634426692,46.42160439952575,19.894973314082463,9.947486657041232,0.0046906712058707185,0.0005763864461242324,0.004012093206479916,0.0033386473694676532,0,45,-45,90,-45,45
0.5218755776372901,3.0,0.17493908167951167,22.16635775981148,0.27941671084538366,1688.0610687702504,69367.56496887085,4522.906134223452,4296.760827512279,2552.1800217888867,1876.0085102687317,1876.0085102687317,0.2944226319071595,0.2844226319071595,0.338823527707838,15.516450431868034,6.649907327943444,3.324953663971722,0.0017493908167951168,0.00022368451939795122,0.001470273123208466,0.0013027896290956696,0,45,-45,90,-45,45
0.5848286952416296,3.0,0.3933665094815766,56.80318910381257,0.26513298726350926,4204.849072371468,78401.81608440238,5103.088859166669,4847.934416208335,2988.148968443885,1948.5736539517886,1948.5736539517886,0.2575164017968947,0.24751640179689471,0.3633726022931839,39.7622323726688,17.04095673114377,8.520478365571885,0.003933665094815766,0.0005071595832660729,0.003339341563792904,0.0028514235587153566,0,0,90,90,0,0
0.5370140288660132,3.0,0.48294984063776725,65.36054534504451,0.23976530011814604,4943.286133175885,73291.59617683309,4816.548352522515,4575.72093489639,2748.6402093151855,1810.8790639851436,1810.8790639851436,0.29807360195171756,0.28807360195171755,0.362065762558781,45.75238174153116,19.608163603513354,9.804081801756677,0.004829498406377673,0.0006242514030004593,0.004070999015974623,0.003566884370144367,45,45,-45,-45,45,45
0.5010092797396323,3.0,0.057107887024450646,7.378452463024329,0.24260902734321882,567.309001702704,69042.94007263794,4675.498555315037,4441.723627549285,2520.6464040715764,1727.0115622605485,1727.0115622605485,0.30107412281296975,0.29107412281296974,0.32465789964546504,5.16491672411703,2.2135357389072987,1.1067678694536494,0.0005710788702445065,7.480731148880944e-05,0.00047343309226156947,0.0004390809705264085,0,60,-60,-60,60,0
0.5770753301264612,3.0,0.10764709639981702,15.405235341954562,0.2521791556157968,1144.3112565209162,78580.53709262858,5052.5818413320785,4799.952749265474,2966.9825239466954,2065.3800008024195,2065.3800008024195,0.2854250516447636,0.2754250516447636,0.3517345355763071,10.783664739368193,4.6215706025863685,2.3107853012931843,0.0010764709639981703,0.0001372307334404791,0.0009146948525959796,0.0007788334722711362,0,60,-60,-60,60,0
0.46083440870026876,3.0,0.5218843828024504,58.0952669445371,0.22758046160696366,4551.1349455305035,63554.50165970842,3966.68461699047,3768.3503861409467,2246.735221052118,1609.7224098778465,1609.7224098778465,0.2867782523850355,0.2767782523850355,0.31679404079943796,40.66668686117597,17.42858008336113,8.714290041680565,0.005218843828024504,0.0006398710681254132,0.0043937398019266325,0.0038786457612035707,0,30,-30,-30,30,0
0.49019404785379406,3.0,0.3731369830719591,45.5960393019208,0.2738439519171363,3523.3336267349296,65468.959928009564,4369.090511548193,4150.635985970783,2454.113184994614,1695.0599709028968,1695.0599709028968,0.2503956842080342,0.2403956842080342,0.3414600690208633,31.917227511344556,13.678811790576239,6.839405895288119,0.0037313698307195908,0.00048751694767170756,0.0031308144691488972,0.00278691542717217,0,45,-45,90,-45,45
0.6431339513793033,3.0,0.07588376424944719,12.14084843412559,0.23657816679204127,876.038703605828,86514.51069769172,5694.425668036886,5409.704384635042,3249.1730758346353,2163.711262036421,2163.711262036421,0.27390457781125366,0.26390457781125365,0.3211248471322772,8.498593903887913,3.642254530237677,1.8211272651188386,0.000758837642494472,9.823316152806564e-05,0.0006396175387242027,0.0005604894607379554,0,45,-45,90,-45,45
0.573315415949238,3.0,0.09236517480832099,13.460424708803261,0.23828310086685164,1001.5277066475353,76666.36607506614,5337.04901407528,5070.196563371515,2770.515090472344,2001.8852997199906,2001.8852997199906,0.290112002674923,0.280112002674923,0.32262798856247477,9.422297296162283,4.0381274126409785,2.0190637063204893,0.0009236517480832099,0.00012290001181139396,0.000756621758951682,0.0007287683482627268,0,45,-45,-45,45,0
0.5095441207642579,3.0,0.15352460007559343,20.09239382000868,0.2995512893570691,1538.7904162023058,67639.0046228459,4691.4466852782025,4456.874351014292,2617.383611569445,1748.1265804701368,1748.1265804701368,0.2704828437519033,0.2604828437519033,0.37914712699134384,14.064675674006075,6.027718146002604,3.013859073001302,0.0015352460007559343,0.00020793735437755925,0.0012848314284200717,0.0011514777809715562,0,30,-30,-30,30,0
0.5737592454675212,3.0,0.059510758974814205,8.89400424207154,0.2453736285384766,661.6304660274229,73837.07964535325,5516.904440506415,5241.059218481094,2804.6286014925977,1993.3749765114424,1993.3749765114424,0.2780630884046015,0.26806308840460147,0.37162311680035204,6.225802969450078,2.668201272621462,1.334100636310731,0.000595107589748142,8.431810953728427e-05,0.0004836410166960476,0.0004756781827015295,0,45,-45,90,-45,45
0.4895264289011686,3.0,0.42027352954052566,51.891993415995415,0.2246495434112732,4011.0811907849725,66630.28256277011,4466.842941752672,4243.5007946650385,2409.1312580683057,1714.5579691149067,1714.5579691149067,0.3178580539847068,0.3078580539847068,0.35294496438851275,36.32439539119679,15.567598024798624,7.783799012399312,0.004202735295405257,0.0005451634601275602,0.0034851456001025872,0.0032309567967004557,45,45,-45,-45,45,45
0.4532390324462794,3.0,0.18315903357122565,20.71857994329612,0.26460099319590336,1628.8916335575373,59773.2653520286,4069.006665198751,3865.556331938813,2239.9711782301297,1612.4190856882017,1612.4190856882017,0.26041583794520046,0.25041583794520045,0.318865719079828,14.503005960307283,6.215573982988836,3.107786991494418,0.0018315903357122565,0.00024263365695170402,0.0015275408703920705,0.0013874227586936974,0,45,-45,90,-45,45
0.6034692541701759,3.0,0.2003046177738074,31.18505351742349,0.28019452489918506,2289.5144171167594,82688.29534385406,5633.785118372303,5352.095862453688,3038.6896185144533,2063.2729003239315,2063.2729003239315,0.31169159209152963,0.3016915920915296,0.3779318602416551,21.82953746219644,9.355516055227048,4.677758027613524,0.002003046177738074,0.0002639979137484899,0.001660609316588563,0.0015393997462302103,0,60,-60,-60,60,0
0.4603494376066163,3.0,0.3779832458915511,43.46418528633411,0.2754895655828919,3405.724510736924,61843.64343727498,4119.399476279473,3913.429502465499,2297.6401478301377,1681.3005305838983,1681.3005305838983,0.3194791260041808,0.3094791260041808,0.3509095886766928,30.42492970043387,13.039255585900232,6.519627792950116,0.003779832458915511,0.0004919653501865945,0.003165329233298084,0.0028375321518938333,0,30,60,-60,-30,0
0.5400067911807532,3.0,0.22788179793058988,32.759340393481864,0.2940105818757408,2474.2628077406434,72365.36783537196,5229.817502177588,4968.326627068708,2780.8318478668907,1924.4929854813433,1924.4929854813433,0.2928398803026074,0.28283988030260737,0.3616969496495874,22.931538275437305,9.82780211804456,4.91390105902228,0.0022788179793058988,0.0003168855346331625,0.0018791864369937317,0.0017670615585015019,45,-45,45,-45,45,-45
0.5231858328534971,3.0,0.12511360466279728,16.682426659549627,0.18626837981977593,1269.6765850062995,68529.93401789562,4822.040096079327,4580.93809127536,2611.45963387721,1745.4141249704696,1745.4141249704696,0.2467806516571914,0.2367806516571914,0.301383090174865,11.677698661684738,5.0047279978648875,2.5023639989324438,0.0012511360466279729,0.00017040288786262763,0.0010378860188106067,0.0009582242690909249,0,60,-60,-60,60,0
0.5598752868379726,3.0,0.1191642818116004,16.465920014332916,0.2739254523277809,1232.54807665725,74836.30609917395,4952.301206905559,4704.6861465602815,2756.794721660153,2027.4219696012804,2027.4219696012804,0.2922773907025399,0.2822773907025399,0.3475629072497405,11.52614401003304,4.939776004299874,2.469888002149937,0.001191642818116004,0.00015401807773299847,0.0009974708318249666,0.000895927427147191,45,45,-45,-45,45,45
0.6404061011715467,3.0,0.32629633940383274,53.60396030955725,0.2887762105265851,3872.4367559925695,86097.18086619962,5972.556819198176,5673.928978238267,3174.6727540689226,2189.4501693124944,2189.4501693124944,0.31697165756903956,0.30697165756903955,0.3521990384515186,37.52277221669007,16.081188092867176,8.040594046433588,0.0032629633940383274,0.0004358188251831706,0.002692513203252556,0.0025327316134011292,0,45,-45,-45,45,0
0.5518544150373367,3.0,0.07685726321113123,10.571169206190913,0.2634740562774177,794.1603750782931,74036.49994411472,4888.618294694179,4644.18737995947,2804.200775246651,1980.7159903906409,1980.7159903906409,0.2951928257973787,0.2851928257973787,0.3620432721491291,7.399818444333638,3.1713507618572736,1.5856753809286368,0.0007685726321113123,9.994824782261822e-05,0.0006487212890601978,0.000565464283059106,0,45,-45,-45,45,0
0.5537023587650841,3.0,0.4587393055544688,62.13465845943848,0.29482290332400113,4663.988864595484,73047.40838258222,4822.067015545332,4580.9636647680645,2749.228958421582,1977.6906840310123,1977.6906840310123,0.3074257047999284,0.2974257047999284,0.34697154729240787,43.49426092160693,18.640397537831543,9.320198768915771,0.004587393055544688,0.0005954251065802071,0.003865644645281539,0.0033901137045591096,0,90,90,90,90,0
0.5612766717165089,3.0,0.45931531797277136,62.310644377934125,0.24393705221495127,4661.297806549629,75127.75217930748,4769.091530018535,4530.636953517608,2845.055943860405,1954.7844065319878,1954.7844065319878,0.3135734504569252,0.3035734504569252,0.33152417527892236,43.61745106455388,18.693193313380238,9.346596656690119,0.004593153179727714,0.0005805770810292855,0.003919654969026687,0.0032852066325303577,0,45,-45,90,-45,45
0.4646134373990535,3.0,0.466430897458168,54.89612994070169,0.2765601037792452,4292.891850612808,64601.19272007065,4196.675902195253,3986.84210708549,2376.6475147322208,1650.2521454970283,1650.2521454970283,0.2903180605113016,0.2803180605113016,0.3344504527612655,38.427290958491184,16.468838982210507,8.234419491105253,0.00466430897458168,0.0005948387226378931,0.003924257999907919,0.003464720552821664,90,45,0,0,45,90
0.6162880414501919,3.0,0.42273565995313195,64.4466816276437,0.2189616998639912,4704.917520447573,85156.2521225424,5475.005322212198,5201.255056101588,3021.0378442473725,2146.848483269563,2146.848483269563,0.30543730198696833,0.2954373019869683,0.3542000679588901,45.11267713935059,19.334004488293107,9.667002244146554,0.004227356599531319,0.0005297635348539305,0.003531321587917859,0.003199894454336067,0,45,-45,-45,45,0
0.6047380262246845,3.0,0.15296021168235563,22.84761703400372,0.23053009915334502,1676.4675111623096,80780.17634202335,5301.0351794304615,5035.983420458938,3056.5089186771525,2111.63202763746,2111.63202763746,0.27754745881576365,0.26754745881576364,0.3344910285095392,15.993331923802602,6.854285110201116,3.427142555100558,0.0015296021168235562,0.00019798585058897146,0.0012930087951118887,0.0011212604465698122,45,-45,45,-45,45,-45
0.5717468231517218,3.0,0.10866279614543345,15.110198747559417,0.29664645583731664,1125.0675844215425,76135.8545988236,4950.636904290029,4703.105059075527,2819.7908584179386,2107.347937573245,2107.347937573245,0.27427030527940305,0.26427030527940304,0.3641788523715157,10.577139123291591,4.533059624267825,2.2665298121339124,0.0010866279614543345,0.00013892454716670405,0.0009156518064048794,0.0008037935882257463,0,0,90,90,0,0
0.5410005216983157,3.0,0.26329410989341545,34.78736108817578,0.20733433143761365,2626.253424996516,72084.53845306463,4824.194554037945,4582.984826336047,2523.2279044567103,1888.000930241313,1888.000930241313,0.30995946432147536,0.29995946432147536,0.3633258071052067,24.351152761723043,10.436208326452734,5.218104163226367,0.0026329410989341545,0.0003378138125636812,0.0021633058554235596,0.002068027289175809,90,45,0,0,45,90
0.4737272803050899,3.0,0.5121782371806812,60.402532093579666,0.2248037735977143,4703.38121470875,62671.83204972534,4292.68980825094,4078.0553178383925,2271.0546040953336,1758.9812759914157,1758.9812759914157,0.3103817208704576,0.3003817208704576,0.31135327384088995,42.28177246550576,18.1207596280739,9.06037981403695,0.005121782371806812,0.0006746535258767988,0.004221306555447857,0.003989503289660496,0,30,-30,-30,30,0
0.5668274954664978,3.0,0.18304645056597016,24.913057712292986,0.22539020187348813,1859.0495358252945,75395.51447803913,4827.347046187603,4585.979693878223,2785.308546812151,2115.114784469432,2115.114784469432,0.2752569206561773,0.2652569206561773,0.37261313506579097,17.43914039860509,7.473917313687895,3.7369586568439477,0.0018304645056597016,0.0002313020942868516,0.001548245287148025,0.0013416677520775866,0,60,-60,-60,60,0
0.549327804613239,3.0,0.14121069330777308,20.83733519909254,0.26194030434377075,1567.192177082869,73320.9229384648,5334.848423911441,5068.106002715869,2898.470561657604,1895.573100451304,1895.573100451304,0.2638438341200598,0.2538438341200598,0.37919468100716247,14.586134639364776,6.251200559727762,3.125600279863881,0.0014121069330777307,0.00019893550237503571,0.0011717672299196202,0.001078361919976301,0,60,-60,-60,60,0
0.576884726492731,3.0,0.07675294133258517,11.102032131918365,0.2563334569160547,824.7364844392491,79245.49934650645,5152.4781549016525,4894.85424715657,2928.905862444422,1977.0582106537665,1977.0582106537665,0.29584441827088737,0.28584441827088736,0.3666699515577495,7.771422492342856,3.3306096395755094,1.6653048197877547,0.0007675294133258517,9.80676827886688e-05,0.0006464092693740071,0.0005685757405661087,90,45,0,0,45,90
0.6454094744095757,3.0,0.17148985689814,26.989065141011366,0.2564226478400331,1945.5144420148938,84774.6804382517,5595.702026041993,5315.916924739893,3205.442598163636,2172.337357173116,2172.337357173116,0.29798676642611766,0.28798676642611765,0.3355541941212329,18.892345598707955,8.09671954230341,4.048359771151705,0.0017148985689814,0.00022285363390392004,0.001446953305344327,0.0012629643636329557,45,45,-45,-45,45,45
0.6133140790379445,3.0,0.18100617376406453,27.505241991422025,0.19724203033907867,2010.6340841723302,83249.9127483371,5412.6932570950885,5142.058594240334,3077.2677398094434,2190.364856668736,2190.364856668736,0.27824235011191484,0.26824235011191483,0.3105625506231304,19.253669393995416,8.251572597426607,4.125786298713304,0.0018100617376406454,0.00023127555042848984,0.0015244855389893465,0.0013407303645827024,0,45,-45,90,-45,45
0.6484635267198495,3.0,0.1271167784958701,20.891810630223333,0.2733506208998171,1504.0054543443264,90235.23280578494,5955.558386758593,5657.780467420663,3191.464272839468,2203.0434878789456,2203.0434878789456,0.2482074857811073,0.2382074857811073,0.3156746042854555,14.624267441156332,6.267543189066999,3.1337715945334996,0.001271167784958701,0.00016206826298805513,0.0010523854829468323,0.000981922818689542,45,45,-45,-45,45,45
0.6091208842898007,3.0,0.33610956048928636,53.344639243184076,0.2151398560836518,3906.6797792530037,83162.5155378442,5720.622405291339,5434.591285026772,3129.2021253647395,2131.969517568387,2131.969517568387,0.2477672111914472,0.2377672111914472,0.3342569669987908,37.34124747022885,16.003391772955222,8.001695886477611,0.003361095604892864,0.000449015367425198,0.0027974913635538585,0.002557104196503425,0,0,90,90,0,0
0.6162102620796756,3.0,0.38537485636692215,59.133737111557394,0.2777061192277559,4317.194119324915,81749.32328689337,5453.6704432011375,5180.986921041081,3130.6526875258637,2259.6513434386184,2259.6513434386184,0.2784387674127051,0.2684387674127051,0.37885295263110175,41.393615978090175,17.740121133467216,8.870060566733608,0.0038537485636692217,0.000506348117804257,0.003252877363644714,0.0028332943485160486,0,30,-30,-30,30,0
0.6249636249958357,3.0,0.07190406879156465,11.161992788002344,0.24125635985056895,811.7941790619786,85518.7021905927,5583.683136367911,5304.498979549516,3066.8893871308883,2230.3766679477503,2230.3766679477503,0.2883881753683782,0.2783881753683782,0.3702677462696412,7.81339495160164,3.348597836400703,1.6742989182003516,0.0007190406879156465,9.136475123521152e-05,0.0005997112935349888,0.0005459273898908621,0,45,-45,-45,45,0
0.6028555842119465,3.0,0.10008974352533,15.525188645955668,0.22892330911334388,1140.1216445403368,80616.90354071003,5610.6969073719365,5330.162062003339,3034.268339165876,2172.1365976551906,2172.1365976551906,0.284024782064582,0.274024782064582,0.3516445493808358,10.867632052168966,4.6575565937867,2.32877829689335,0.0010008974352533,0.00013480587289836822,0.0008301208692394526,0.0007674925341420311,90,45,0,0,45,90
0.5855150943832348,3.0,0.22279127889593592,33.20724512347867,0.2796466029210606,2457.41305148172,82949.58940694816,5331.65642714805,5065.073605790647,2983.3905150373007,2066.7282638190836,2066.7282638190836,0.280609979911096,0.270609979911096,0.36132457548079183,23.245071586435067,9.9621735370436,4.9810867685218,0.002227912788959359,0.0002802313037668632,0.0018684950302344321,0.0016696060215434193,0,90,90,90,90,0
0.5627831053168746,3.0,0.16984418519611072,23.505869641732666,0.20081340207728277,1757.2250290273414,75281.38545464023,4999.677148532074,4749.69329110547,2708.0805711521184,2069.4136992233994,2069.4136992233994,0.2975878335911718,0.2875878335911718,0.3489485483816955,16.454108749212864,7.051760892519799,3.5258804462598996,0.001698441851961107,0.0002185680915653055,0.0014104432512387776,0.0013019850604961353,0,90,90,90,90,0
0.605401390619853,3.0,0.2582040666998469,38.67340799315716,0.2875865126622194,2836.8727680443367,80547.48940074015,5254.905435480282,4992.160163706268,3165.28418420366,2125.7425318997202,2125.7425318997202,0.277077245236888,0.267077245236888,0.3289019520841025,27.071385595210014,11.602022397947149,5.801011198973574,0.0025820406669984693,0.000336092233247946,0.0022078460859851342,0.0018326983807405038,90,45,0,0,45,90
0.5942799987750714,3.0,0.4259733982960579,64.2318474109389,0.225408526770726,4734.87856456427,79949.57987077825,5466.021307023489,5192.720241672314,2931.4776534744888,2060.489403990438,2060.489403990438,0.2813194982704987,0.27131949827049867,0.3397453917397131,44.962293187657224,19.26955422328167,9.634777111640835,0.004259733982960579,0.0005623831077077497,0.003525334633899345,0.003286662308416837,0,45,-45,90,-45,45
0.6171053806933907,3.0,0.1080095713654119,16.684058482013924,0.23097423469956418,1217.580544819843,82348.2440308541,5498.373284809264,5223.4546205688,3138.9170029736274,2203.340248068101,2203.340248068101,0.29158179491462455,0.28158179491462454,0.33727735578110096,11.678840937409745,5.005217544604177,2.5026087723020884,0.001080095713654119,0.00014182258619909293,0.0009103087923172545,0.0007972841492563398,0,60,-60,-60,60,0
0.5469997486434937,3.0,0.4569770454649572,60.46113243937729,0.29157647214832594,4552.111075485145,74593.76705557949,4759.871451062132,4521.877878509025,2609.443631693128,1793.1325829697546,1793.1325829697546,0.29085785236292555,0.28085785236292554,0.32352941554253206,42.3227927075641,18.138339731813186,9.069169865906593,0.004569770454649572,0.0005673770661834194,0.003810678485396017,0.003475518595518423,90,45,0,0,45,90
0.49982472567670133,3.0,0.4245930381911189,53.33797866072801,0.23154931860545158,4103.25337157509,69500.51688872771,4572.52970508703,4343.903219832679,2413.816942633174,1776.8834126658637,1776.8834126658637,0.28684656107553946,0.27684656107553945,0.3119621607051759,37.336585062509606,16.001393598218403,8.000696799109202,0.004245930381911189,0.0005372130558724698,0.003499461923761049,0.0033145416530142653,0,90,90,90,90,0
0.6271194041135918,3.0,0.3289837626303438,52.9678031095668,0.23718570160963792,3848.6445171954774,84050.35453469501,5988.994858320986,5689.545115404937,2965.6643271664525,2203.00565064628,2203.00565064628,0.25998416794449997,0.24998416794449996,0.37914830839132874,37.077462176696756,15.89034093287004,7.94517046643502,0.003289837626303438,0.0004411339176611279,0.0026532567331882624,0.0026790525123341394,0,45,-45,90,-45,45
0.6237984018638445,3.0,0.09963856903030416,15.352764158844801,0.2685305875739573,1117.1504257498996,83608.23068007294,5477.432088344144,5203.560483926936,3138.561820608365,2105.5691104635093,2105.5691104635093,0.2818460809990861,0.2718460809990861,0.3775024473094702,10.74693491119136,4.60582924765344,2.30291462382672,0.0009963856903030415,0.00012853919792077083,0.0008408738206822397,0.0007337483712142822,0,45,-45,-45,45,0
0.5618300880012074,3.0,0.18640348246255578,25.123119350286228,0.20198665516784517,1878.9287216193766,74285.28112320737,4797.6492790063585,4557.76681505604,2732.9964867265307,1999.1216979334588,1999.1216979334588,0.284006771788115,0.274006771788115,0.34675931486352085,17.58618354520036,7.536935805085868,3.768467902542934,0.0018640348246255578,0.00023673846661537748,0.0015709643133077964,0.0013788776973718863,0,45,-45,-45,45,0
0.5081934362660919,3.0,0.15812179847781452,19.97639508433828,0.2151747576150148,1530.8567094653185,67775.94112574565,4611.050537565623,4380.498010687342,2416.9731942012295,1744.4884014719537,1744.4884014719537,0.29621312035319236,0.28621312035319235,0.30811530168469137,13.983476559036795,5.992918525301484,2.996459262650742,0.001581217984778145,0.00020631917944293913,0.0012996861510143867,0.0012397569281445934,0,0,90,90,0,0
0.5988567521163772,3.0,0.15716808635120433,23.00647204830676,0.267200154997842,1692.5060126329802,83459.47199072453,5155.898193044504,4898.103283392279,3047.9632242176535,2159.414539282248,2159.414539282248,0.2744030691978587,0.26440306919785866,0.322567912484442,16.104530433814734,6.901941614492029,3.4509708072460143,0.0015716808635120433,0.00019296228516284586,0.0013386497087554989,0.0011322219309689355,0,90,90,90,90,0
0.5798017097264414,3.0,0.2623435558886584,38.66728810174938,0.2628722067536021,2868.7463775054284,80187.39887448921,5322.7463497108565,5056.609032225313,2886.4684454735475,2036.0903257527339,2036.0903257527339,0.26503130693247046,0.25503130693247045,0.3547544033115915,27.067101671224563,11.600186430524813,5.8000932152624065,0.0026234355588865836,0.00033754806928692734,0.0021793611170584826,0.002009408148686987,0,0,90,90,0,0
0.4657070560885899,3.0,0.42127554130861655,47.360785559742894,0.22140161141601303,3701.7264730489846,61606.01277319081,3987.3187234431907,3787.952787271031,2302.406976715222,1633.6206021687294,1633.6206021687294,0.25953872388465155,0.24953872388465154,0.3644236285756049,33.15254989182002,14.208235667922867,7.104117833961434,0.004212755413086165,0.0005381382173502238,0.0035633558923660745,0.0030855178540575286,0,45,-45,90,-45,45
0.4928885003556931,3.0,0.38258646631790627,47.68175551365018,0.28869851426056203,3679.9056461393693,65348.34245191783,4495.966972036053,4271.168623434251,2452.1782045514115,1751.6922217002802,1751.6922217002802,0.27364089541587894,0.26364089541587893,0.34853040531527335,33.377228859555125,14.304526654095055,7.152263327047527,0.0038258646631790624,0.0005107586146368366,0.0031816351728262532,0.0029166980253606508,45,-45,45,-45,45,-45
0.6291953231449121,3.0,0.2815848949492758,45.988318233786266,0.21275337755366702,3338.4932280969065,86237.98190356625,5857.383082914458,5564.513928768735,3257.8521077552527,2227.719046029288,2227.719046029288,0.3009903053653673,0.2909903053653673,0.3240007843232641,32.191822763650386,13.796495470135879,6.898247735067939,0.002815848949492758,0.000373290539192443,0.002355402621757694,0.002117422002873242,45,45,-45,-45,45,45
0.49161063247964865,3.0,0.17736792284542244,22.06944975306746,0.24549950325121483,1704.2488594797962,67126.28097475693,4560.294997465324,4332.280247592057,2358.427921674232,1665.236430131192,1665.236430131192,0.276375070690086,0.266375070690086,0.3117648900467787,15.448614827147221,6.620834925920238,3.310417462960119,0.0017736792284542243,0.00023014257013518634,0.0014518435604714587,0.0014036542870515525,0,0,90,90,0,0
0.502287179394744,3.0,0.29613448130785147,39.492598966301934,0.29947517539246565,3034.6887462217705,65609.64657493097,4847.441383287074,4605.06931412272,2588.7277394536145,1748.8566129211088,1748.8566129211088,0.24846527086464446,0.23846527086464445,0.36856021736260386,27.64481927641135,11.84777968989058,5.92388984494529,0.0029613448130785145,0.00042135296743046717,0.002444130573860914,0.002288340235499468,90,45,0,0,45,90
0.603467378852827,3.0,0.4013428567459996,61.66780801879618,0.2833636564681785,4527.471857187492,79281.398578015,5384.790794603768,5115.551254873579,3267.430729687534,2113.1259314297595,2113.1259314297595,0.2448326061436506,0.2348326061436506,0.3233307485230813,43.167465613157326,18.500342405638854,9.250171202819427,0.004013428567459996,0.0005444841587989822,0.003435665954595396,0.002831022894769685,0,90,90,90,90,0
0.6240125237378209,3.0,0.3202608575889716,49.14811270307115,0.2356615619290978,3575.9490685084093,86122.719557605,5446.448635730806,5174.126203944265,3133.069897162309,2201.267043980737,2201.267043980737,0.24832929402492224,0.23832929402492223,0.31294920720026226,34.4036788921498,14.744433810921343,7.372216905460672,0.003202608575889716,0.00039947274155849397,0.002707164759471367,0.002353033014723946,45,-45,45,-45,45,-45
0.5124836673745017,3.0,0.2637372755323247,34.603663118191214,0.2283584658155254,2646.5715082951447,65703.84199565233,4778.621280392173,4539.690216372564,2532.438825968001,1778.0077978719398,1778.0077978719398,0.304757650788698,0.294757650788698,0.3743323860120961,24.222564182733848,10.381098935457365,5.190549467728682,0.002637372755323247,0.00036866282772834915,0.0021724046176359486,0.0020496248179833697,45,-45,45,-45,45,-45
0.5691921034549664,3.0,0.33232783217419304,46.08103865127388,0.2588422235194359,3434.999209779174,77201.51720017736,4865.629818667975,4622.348327734576,2922.4404057260417,1845.4444008914652,1845.4444008914652,0.3042245642987338,0.2942245642987338,0.300083052573771,32.256727055891716,13.824311595382163,6.9121557976910815,0.0033232783217419307,0.0004178250405656226,0.0028412172957224136,0.0023651999144782723,45,45,-45,-45,45,45
0.5554031833655432,3.0,0.36486907054170425,49.69558591589475,0.2583451607781237,3727.424523819117,76635.46558302085,4861.463114128541,4618.3899584221135,2739.4505959499256,1867.2909048662905,1867.2909048662905,0.31354427458016976,0.30354427458016975,0.3716782520579239,34.78691014112633,14.908675774768426,7.454337887384213,0.0036486907054170425,0.00045392704117444056,0.0030667055215209496,0.002721106888514397,90,45,0,0,45,90
0.5015710279876405,3.0,0.38712347438252476,48.946796176524764,0.27465525872049323,3762.410082098847,67602.05658646631,4439.605019331489,4217.624768364914,2666.756314377365,1755.893767322715,1755.893767322715,0.31350303808534397,0.30350303808534396,0.352773816512949,34.262757323567335,14.684038852957428,7.342019426478714,0.0038712347438252474,0.0005068301033082271,0.0033075101926901902,0.002753164729336333,0,45,-45,90,-45,45
0.6358477733687493,3.0,0.22198421952088165,35.17017414443258,0.23692949524075727,2545.7802082876847,84027.03804564208,5601.63529594485,5321.553531147608,3279.2764700622324,2188.727653432401,2188.727653432401,0.2769924915859471,0.26699249158594707,0.3168239435415247,24.619121901102805,10.551052243329773,5.275526121664886,0.0022198421952088166,0.0002929904763241816,0.0018835664383520141,0.0016087469811792874,0,90,90,90,90,0
0.6376594983035577,3.0,0.32488776395602137,53.99352018010798,0.223626515409636,3905.228420705919,87209.50565495568,6106.9231027303895,5801.57694759387,3137.3159785171047,2174.2561900518876,2174.2561900518876,0.2793504059720696,0.2693504059720696,0.3790112407014389,37.79546412607558,16.198056054032392,8.099028027016196,0.0032488776395602137,0.00043338697819952443,0.0026524087141019154,0.002581514926285593,0,45,-45,90,-45,45
0.4936358409160614,3.0,0.4978110389216412,62.66156611589796,0.2025036314021715,4834.320339856258,65628.70341378365,4552.293403805952,4324.678733615654,2462.8413534616802,1738.546308011537,1738.546308011537,0.3155376922817244,0.3055376922817244,0.34823130586789375,43.86309628112857,18.79846983476939,9.399234917384694,0.004978110389216412,0.0006683523214617743,0.004129450403845433,0.0038164191551248203,0,30,-30,-30,30,0
0.5602206002930257,3.0,0.4483790848059625,61.5665604247526,0.2863374104421341,4607.818975108974,76317.63857182991,4856.370477010075,4613.551953159571,2830.9480490951387,2008.262591342381,2008.262591342381,0.25759061094265145,0.24759061094265145,0.342517780949246,43.09659229732682,18.46996812742578,9.23498406371289,0.004483790848059625,0.0005647002855934078,0.0038032452867552227,0.0032621524321736267,0,30,-30,-30,30,0
0.5656480269929324,3.0,0.16479200014912002,23.09819346607083,0.22054040833569277,1724.5323528739168,76646.67950625066,5066.385022674873,4813.065771541129,2738.341569714189,1911.9848924163603,1911.9848924163603,0.24943816168852484,0.23943816168852483,0.3799097351811431,16.16873542624958,6.929458039821248,3.464729019910624,0.0016479200014912002,0.0002109515445470928,0.001367732221062571,0.00126526546513781,0,45,-45,90,-45,45
0.6292096630856264,3.0,0.32687220494296354,51.21387108151922,0.25310231445023007,3717.8157506306675,83475.95739837512,5692.86762724876,5408.224245886322,3028.8819546241184,2123.5072489482054,2123.5072489482054,0.2679748372280214,0.2579748372280214,0.3611080557129171,35.84970975706345,15.364161324455766,7.682080662227883,0.0032687220494296357,0.0004294614985483386,0.0026988439448188844,0.0025362760177892844,45,-45,45,-45,45,-45
0.5586080516688856,3.0,0.39500992557583436,54.91145312661821,0.28908589686720776,4112.7096708678555,74906.76559020682,5034.712859152496,4782.977216194871,2705.535257809211,1874.458359385669,1874.458359385669,0.24959308246776543,0.23959308246776542,0.3645900711869696,38.43801718863275,16.473435937985464,8.236717968992732,0.003950099255758344,0.0005131447992150133,0.003271971291875913,0.003044394984400373,0,60,-60,-60,60,0
0.5177652635043961,3.0,0.3107397637039882,39.91022797876514,0.28608366614312,3045.0500980392776,72388.87880155293,4544.123027222199,4316.9168758610895,2643.34679638751,1877.5162039084857,1877.5162039084857,0.28568044383516467,0.27568044383516466,0.3413404193461167,27.9371595851356,11.973068393629543,5.986534196814771,0.0031073976370398822,0.0003859316520390184,0.0026348468828645737,0.0022647555004875553,0,0,90,90,0,0
0.530701925650651,3.0,0.3512926616557571,47.30439679329893,0.19636130436932248,3587.9579601627274,69650.31587249915,4887.124574798764,4642.768346058826,2614.616492719438,1878.4238131743268,1878.4238131743268,0.2593995810962028,0.2493995810962028,0.3572783744643173,33.11307775530925,14.191319037989677,7.095659518994839,0.003512926616557571,0.00047541891720815114,0.0029038177400202716,0.0027138433260683326,0,60,-60,-60,60,0
0.6152801005616786,3.0,0.41363104432469466,64.56077072801808,0.23923422805086347,4715.3284244833385,83011.73752663245,5570.312303743585,5291.796688556406,3150.965847526482,2124.0570953800643,2124.0570953800643,0.3090546033928351,0.29905460339283507,0.37288457312168066,45.19253950961266,19.368231218405423,9.684115609202712,0.004136310443246947,0.0005444114393475218,0.003477045839133437,0.0030733800611659353,0,90,90,90,90,0
0.5536937425562847,3.0,0.29833503866000766,39.806445517051706,0.2346856710623025,2987.986796475576,76895.3547676423,4657.295173748745,4424.430415061307,2850.2547123987415,1785.7040480022556,1785.7040480022556,0.26282995818319677,0.25282995818319676,0.34887624330652045,27.864511861936194,11.94193365511551,5.970966827557755,0.0029833503866000767,0.00036236924774110836,0.0025641350203498533,0.0020948888538220006,0,60,-60,-60,60,0
0.6272972649322587,3.0,0.1865027681353052,29.78345917616399,0.2338459421135096,2163.900571546512,84793.27296711455,5658.5179987825895,5375.59209884346,3285.4720025211927,2121.395977403036,2121.395977403036,0.2735047612968511,0.2635047612968511,0.32538345326489776,20.848421423314793,8.935037752849198,4.467518876424599,0.0018650276813530519,0.0002458735309273939,0.001579042030929572,0.0013597799259882086,90,45,0,0,45,90
0.597826448917283,3.0,0.15246675136737098,22.463191242658116,0.20587013659511263,1653.2906111945708,79873.21980919341,5276.86886002704,5013.025417025688,2944.074078430783,2063.964380566029,2063.964380566029,0.25842085724916847,0.24842085724916846,0.32248099873877756,15.72423386986068,6.738957372797435,3.3694786863987174,0.0015246675136737099,0.00019686490550179146,0.0012770750139056712,0.0011444952119529135,0,45,-45,90,-45,45
0.5190371144121283,3.0,0.24278032031705915,32.0268079154576,0.2878206906094138,2442.143059572493,69235.03962419977,4642.507199555904,4410.381839578108,2767.87547021271,1943.8558959585773,1943.8558959585773,0.3097500336751493,0.2997500336751493,0.326172885418238,22.41876554082032,9.60804237463728,4.80402118731864,0.0024278032031705915,0.00032380663985327274,0.00206958050071659,0.0017356348719508878,45,-45,45,-45,45,-45
0.6413023183410707,3.0,0.07174815587880595,12.088236376315226,0.21782726954923906,872.9346346534421,86935.32434143899,6171.114331725812,5862.558615139521,3205.674408160516,2286.9330374991864,2286.9330374991864,0.29491753263379017,0.28491753263379016,0.31547915908885094,8.461765463420658,3.626470912894568,1.813235456447284,0.0007174815587880595,9.733402995296855e-05,0.0005876525239940564,0.0005656330698561981,0,0,90,90,0,0
0.5122662053960675,3.0,0.4024585080854362,49.58755924236915,0.2998408833672085,3792.9544838330285,68438.98614766497,4392.698283839249,4173.063369647286,2487.3902741150055,1767.325859546524,1767.325859546524,0.25898524822443036,0.24898524822443036,0.354248959626034,34.711291469658406,14.876267772710746,7.438133886355373,0.004024585080854362,0.0005071859392359321,0.003386589929802505,0.0029903364838884416,45,45,-45,-45,45,45
0.5249288856498923,3.0,0.42712011971515135,54.863676547125905,0.18516991533745564,4172.278083664809,71499.8706702707,4582.832484629171,4353.690860397712,2587.9603674953887,1823.174017463369,1823.174017463369,0.30872733268373764,0.29872733268373763,0.30755356392913175,38.40457358298813,16.45910296413777,8.229551482068885,0.0042712011971515135,0.0005371278748194515,0.0035914694720659405,0.003179937214430139,90,45,0,0,45,90
0.5725237484972171,3.0,0.11452236464606941,17.160800487793914,0.2841035695627551,1277.3069209583005,77595.06104373412,5409.2661070420245,5138.802801689923,2945.93146310424,2147.6601226121684,2147.6601226121684,0.27084593169567345,0.26084593169567344,0.341596770114018,12.012560341455739,5.148240146338174,2.574120073169087,0.0011452236464606941,0.0001548108884750438,0.0009517446626698517,0.0008737881737603762,0,0,90,90,0,0
0.47135996458469315,3.0,0.38604061174580095,44.05081631732183,0.23100790438475494,3433.915467767853,64610.4946764496,4014.4148374145584,3813.6940955438304,2384.928158045602,1662.0718531236623,1662.0718531236623,0.31206130580299984,0.30206130580299984,0.3440300410070255,30.83557142212528,13.21524489519655,6.607622447598275,0.0038604061174580093,0.00047725329416746883,0.003291947999999843,0.0027705750486895515,0,45,-45,90,-45,45
0.4654379250878809,3.0,0.2101475696456552,24.54187696909823,0.29453604352171114,1918.439106599853,58517.344659853334,4322.6633156874195,4106.530149903048,2177.5772561160643,1597.5346969336276,1597.5346969336276,0.2592392065364938,0.24923920653649378,0.32261501882762506,17.17931387836876,7.362563090729468,3.681281545364734,0.002101475696456552,0.0002935764426466684,0.001703246945930283,0.001690540041702439,0,0,90,90,0,0
0.4863592553212545,3.0,0.4034407163183211,51.86195820791488,0.2969862336358656,4014.65658775642,64888.44631514528,4693.443034665665,4458.770882932382,2466.3371572342953,1631.6243668279853,1631.6243668279853,0.253643314988568,0.243643314988568,0.32615042674860356,36.30337074554041,15.558587462374463,7.779293731187232,0.004034407163183211,0.0005594735705217067,0.003314962458787522,0.003154189080908462,0,45,-45,-45,45,0
0.5934267675202713,3.0,0.10929418636825677,15.448054590025045,0.18308072235688108,1139.189967130897,79305.64072450293,4998.798476418104,4748.8585525971985,2912.9241003701595,2160.345644672872,2160.345644672872,0.2952539322434477,0.2852539322434477,0.311146020752376,10.81363821301753,4.634416377007513,2.3172081885037565,0.0010929418636825678,0.0001363539606291392,0.0009271060633611121,0.0007954921270380157,45,-45,45,-45,45,-45
0.4792608722272963,3.0,0.42445574713290424,49.945581520092446,0.2076360236110919,3879.0981688843517,66341.13578106026,4193.711815635427,3984.0262248536555,2375.552420296282,1678.1662161821541,1678.1662161821541,0.2547855200717178,0.24478552007171778,0.32122740718187637,34.96190706406471,14.983674456027734,7.491837228013867,0.004244557471329042,0.0005270019370703326,0.0035728908219596917,0.0031537242302064105,45,45,-45,-45,45,45
0.593906907792346,3.0,0.415145871920961,63.63320982496175,0.21000106610270783,4691.523908203259,78940.73347874758,5564.244928654105,5286.032682221399,2975.365217338636,2068.766823472854,2068.766823472854,0.29822093172260433,0.2882209317226043,0.3630325917232805,44.54324687747322,19.089962947488527,9.544981473744263,0.00415145871920961,0.0005642618824851071,0.003430827217756221,0.003208003312709936,0,45,-45,-45,45,0
0.46436504091439823,3.0,0.4720906704791381,52.68744847947644,0.26502722042622506,4120.652631308647,64378.60487111128,3937.4644535051966,3740.5912308299366,2311.6794049197547,1698.5224297401257,1698.5224297401257,0.2961030144771715,0.2861030144771715,0.3736657043771691,36.881213935633504,15.80623454384293,7.903117271921465,0.004720906704791381,0.0005728799810041127,0.00401431802889597,0.003418777385437582,90,45,0,0,45,90
0.495456728301668,3.0,0.33498198125179784,42.62854202763151,0.18210887403710121,3286.009032203874,69549.72726188015,4585.483058259818,4356.208905346827,2504.5329314823757,1709.3275641637028,1709.3275641637028,0.28013415966854444,0.2701341596685444,0.3176526583830874,29.839979419342054,12.788562608289453,6.394281304144727,0.0033498198125179782,0.00042904523991853515,0.002788923750411301,0.002553083340916623,0,60,-60,-60,60,0
0.5207312823537698,3.0,0.10805367318446694,13.489282615537451,0.22897674794337675,1027.8028148755648,69125.01582897628,4393.262148086526,4173.5990406822,2610.3988798707283,1717.7264479987084,1717.7264479987084,0.24133376546306717,0.23133376546306716,0.31395702796530556,9.442497830876215,4.046784784661235,2.0233923923306176,0.0010805367318446695,0.00013660029900373704,0.0009211343753806728,0.0007751276664778601,0,30,-30,-30,30,0
0.4695902972595979,3.0,0.11359189406165333,13.338157840301083,0.26825709278379317,1040.6174651532126,63045.07739136718,4295.8744117708975,4081.0806911823524,2234.7649136880923,1703.378334622172,1703.378334622172,0.2806722765230416,0.2706722765230416,0.35163860078862047,9.336710488210757,4.001447352090325,2.0007236760451623,0.0011359189406165333,0.00014809578914862657,0.0009314628335330686,0.0008952725469200761,0,45,-45,-45,45,0
0.6123849720115273,3.0,0.2805562208311734,44.75383315779408,0.19542746465575567,3272.8403632362356,82317.55326833141,5746.304617232576,5458.989386370947,3152.5564738089456,2104.8816790758947,2104.8816790758947,0.24732469180483654,0.23732469180483654,0.3709769544818142,31.327683210455852,13.426149947338223,6.713074973669111,0.0028055622083117335,0.0003805711171751749,0.002336484200137003,0.0021294067305187136,0,30,60,-60,-30,0
0.5546697210271572,3.0,0.21395145798609216,28.94502916482678,0.27224257821651776,2171.7428995432574,74602.15274138164,4719.238194911924,4483.276285166328,2903.45546131304,2036.5090030983222,2036.5090030983222,0.2598627312544182,0.2498627312544182,0.3234672662076375,20.261520415378747,8.683508749448034,4.341754374724017,0.0021395145798609218,0.0002715943129096827,0.0018400234086107822,0.0014953748843664128,0,45,-45,90,-45,45
0.5935167607773894,3.0,0.3733301152826328,52.37107725366869,0.26089250235471045,3861.860400189796,79086.46662516761,4870.531776119291,4627.005187313326,3049.9970445657787,2167.3388495379363,2167.3388495379363,0.2992215146784428,0.2892215146784428,0.3473409432393456,36.65975407756808,15.711323176100606,7.855661588050303,0.003733301152826328,0.00046354016865259577,0.0032257921513077505,0.002575629245951842,0,30,60,-60,-30,0
0.6014264706540365,3.0,0.10121836214476061,15.204876927426684,0.26878293639226153,1117.3025097041204,82124.93269692406,5385.784224573079,5116.4950133444245,2992.6654637710135,2047.1455649480286,2047.1455649480286,0.2770488174474443,0.2670488174474443,0.31894864620521163,10.643413849198678,4.561463078228005,2.2807315391140026,0.001012183621447606,0.00012960027484561117,0.0008469450107963773,0.000762107080368444,0,30,-30,-30,30,0
0.5481319230913213,3.0,0.26949313065534836,38.26194195816892,0.2100249732524544,2879.2642165526677,72526.52253177285,5061.702277809783,4808.6171639192935,2881.4315491857424,1826.707884022943,1826.707884022943,0.2779348271653568,0.26793482716535677,0.30404034921526807,26.78335937071824,11.478582587450676,5.739291293725338,0.002694931306553484,0.0003692905496604339,0.002267731675521916,0.001991819411898642,45,45,-45,-45,45,45
0.5207409828375384,3.0,0.17249401658676783,22.47515687468627,0.23851556550730924,1712.4652005141384,71309.79319130223,4703.515586683058,4468.339807348905,2553.135690752517,1838.8422893442455,1838.8422893442455,0.24495847776018517,0.23495847776018516,0.3109333043798659,15.732609812280389,6.7425470624058805,3.3712735312029403,0.0017249401658676784,0.00022062341100996657,0.0014335122182853777,0.0013204443239792257,45,-45,45,-45,45,-45
0.5622434737094382,3.0,0.06778250949877332,9.675775763189302,0.2620450605725256,723.5057459933175,74639.20301837809,5122.899179706077,4866.754220720773,2844.666336250637,2026.6232140362654,2026.6232140362654,0.2563016478353938,0.24630164783539377,0.3050016279583287,6.7730430342325105,2.9027327289567904,1.4513663644783952,0.0006778250949877331,9.074377485736033e-05,0.0005666191402820722,0.0005102061869200953,90,45,0,0,45,90
0.47688839420593593,3.0,0.2390422554963014,30.012274203342525,0.19518983581629468,2333.5279750270774,66079.47944588382,4526.357283996429,4300.039419796607,2473.4986190767877,1670.7034364022286,1670.7034364022286,0.24616797351610442,0.2361679735161044,0.36901955792113156,21.008591942339766,9.003682261002757,4.501841130501378,0.002390422554963014,0.0003179291380396675,0.0019891673803207137,0.0018200297731242124,0,45,-45,90,-45,45
0.5069426116424666,3.0,0.45545355174671526,61.190455235278854,0.29536569419366154,4691.923846503465,67633.83919884435,4844.62418541993,4602.3929761489335,2652.975825363092,1719.0101744477695,1719.0101744477695,0.25308405557370384,0.24308405557370383,0.3441286172655153,42.8333186646952,18.357136570583656,9.178568285291828,0.004554535517467153,0.0006333119511190943,0.0037891765940958055,0.003459725564606541,0,30,60,-60,-30,0
0.6200035757627913,3.0,0.3930946011959375,60.952947231997925,0.2675137655807198,4442.627690765392,81838.43645260597,5556.034747898265,5278.233010503352,3100.215059701933,2106.479103582852,2106.479103582852,0.31673318592001376,0.30673318592001375,0.36790823852286,42.66706306239855,18.285884169599377,9.142942084799689,0.003930946011959375,0.000521357260864921,0.003291175271449941,0.002949131563046703,0,30,-30,-30,30,0
0.6050638427571056,3.0,0.14778292600726584,22.747611647155203,0.24930714601422144,1668.8901223679306,81676.80373701909,5489.03891031016,5214.586964794651,3114.10567476473,2134.039834853035,2134.039834853035,0.2868925724187258,0.2768925724187258,0.34487034562882846,15.923328153008642,6.82428349414656,3.41214174707328,0.0014778292600726585,0.0001949553291076151,0.0012432565346418636,0.001095705189044706,0,30,-30,-30,30,0
0.47095963996270634,3.0,0.22256184569777077,26.5389240933339,0.20667947131023356,2069.189550034176,63775.47299133431,4391.298594764856,4171.7336650266125,2238.4412770612944,1674.1516342591613,1674.1516342591613,0.26679213524671197,0.25679213524671196,0.34094638407028177,18.57724686533373,7.96167722800017,3.980838614000085,0.002225618456977708,0.0002912914008157646,0.00181305758562895,0.0017783976085476193,0,45,-45,-45,45,0
0.6219599444189222,3.0,0.1825097949352352,27.920402571662112,0.19792679442066494,2033.272009540715,84576.27600549135,5494.224462452429,5219.513239329807,3032.940193042007,2303.048177469658,2303.048177469658,0.2886109762065593,0.2786109762065593,0.3765206696824577,19.54428180016348,8.376120771498634,4.188060385749317,0.0018250979493523519,0.00023108468146427387,0.0015245319569196902,0.0013808582165112646,0,0,90,90,0,0
0.5330063461310274,3.0,0.060939562912559524,8.704254028638541,0.19274986912961248,659.5112074989636,67331.64901326547,5281.244818311014,5017.182577395462,2679.6767192129196,1886.124351802685,1886.124351802685,0.2890244539729142,0.2790244539729142,0.31449646998707104,6.092977820046978,2.6112762085915624,1.3056381042957812,0.0006093956291255952,9.049203323160196e-05,0.0004944433175182116,0.00048723717116118246,0,30,-30,-30,30,0
0.51524222805382,3.0,0.35541622014076185,47.58725233121632,0.2034851418227193,3634.9861999556188,69978.0499594755,4923.502982939298,4677.327833792333,2524.3869355984507,1759.6663584991834,1759.6663584991834,0.31735668631851366,0.30735668631851365,0.30428956117650907,33.31107663185142,14.276175699364895,7.138087849682448,0.0035541622014076185,0.0004760217904205957,0.002899597247901354,0.00282765203266679,0,60,-60,-60,60,0
0.45807964377112415,3.0,0.2835052544198983,32.90852596072594,0.197598398516496,2581.369032078732,61031.74174028932,4168.790397768062,3960.3508778796586,2308.257253749607,1672.7583363537096,1672.7583363537096,0.24857492077697582,0.2385749207769758,0.3660221249586362,23.035968172508156,9.872557788217781,4.936278894108891,0.002835052544198983,0.0003774424179230208,0.0023682068049052005,0.002138530653847287,0,30,-30,-30,30,0
0.5420539694827511,3.0,0.17869377068139944,24.88196453805248,0.2859133318612965,1877.5548259942425,73204.103528934,4995.601479299339,4745.821405334372,2776.024871273409,1934.5740372005798,1934.5740372005798,0.2905213399876102,0.2805213399876102,0.3650357395701643,17.417375176636735,7.464589361415744,3.732294680707872,0.0017869377068139944,0.00023792894574212628,0.001494232354671873,0.001344474510776197,45,-45,45,-45,45,-45
0.5368172940674025,3.0,0.4818793475707751,63.729641082406864,0.1954604674172343,4820.369485934141,71183.98355501718,4695.112121888186,4460.356515793776,2704.652486231007,1910.0487544492469,1910.0487544492469,0.287761602627772,0.277761602627772,0.32299804231258455,44.6107487576848,19.118892324722058,9.559446162361029,0.004818793475707751,0.0006266964354868638,0.004072084292852458,0.003534445260907559,0,45,-45,-45,45,0
0.5797516751255063,3.0,0.24231637509799447,34.57119973586299,0.20309632431240326,2564.9125612316116,77805.3337055685,5073.081021795705,4819.426970705919,2903.0148102234434,2052.667682714018,2052.667682714018,0.2964915469046336,0.2864915469046336,0.3134626172795538,24.19983981510409,10.371359920758897,5.185679960379448,0.0024231637509799448,0.0003110306024350631,0.0020443907511431335,0.001786308475629275,0,30,-30,-30,30,0
0.5173817529233035,3.0,0.386374334261242,47.98213482222393,0.2345240156375604,3661.559147975301,69219.46034856052,4392.752121048704,4173.114514996269,2559.0910130024176,1910.732706301923,1910.732706301923,0.29730831690647525,0.28730831690647524,0.31189054398696797,33.587494375556744,14.394640446667177,7.1973202233335885,0.0038637433426124204,0.00048523195942909756,0.003276907061906027,0.0028124518380803635,45,-45,45,-45,45,-45
0.645585460372818,3.0,0.2578581054869099,42.69223882971535,0.27439035189220384,3077.247958853056,86918.71319855157,5896.141645034018,5601.334562782317,3363.5890563142852,2227.6978948562287,2227.6978948562287,0.2940687600412117,0.2840687600412117,0.3297942179919762,29.884567180800744,12.807671648914605,6.403835824457302,0.0025785810548690988,0.00034382201577851644,0.0021722123415575966,0.001903869859617876,0,45,-45,90,-45,45
0.4875916075927924,3.0,0.08990469442937118,10.862650491529001,0.19862413731525919,840.4014366432077,67436.05229037814,4286.64519086177,4072.3129313186814,2469.7124642044114,1610.3251064734598,1610.3251064734598,0.28072467473576124,0.27072467473576123,0.36523631492205205,7.6038553440703005,3.2587951474587,1.62939757372935,0.0008990469442937118,0.00011275653134807282,0.0007602204060195532,0.0006597519336139566,0,60,-60,-60,60,0
0.6384126890627634,3.0,0.07898776567020686,13.48679203865126,0.2666088302802525,975.150233991506,85993.09414922609,6385.50258352151,6066.227454345434,3118.8494700839515,2304.3573946441934,2304.3573946441934,0.3067828345539231,0.29678283455392307,0.3127073192583493,9.44075442705588,4.046037611595378,2.023018805797689,0.0007898776567020686,0.00010978503007082278,0.0006336286860233401,0.0006486426565958101,45,-45,45,-45,45,-45
0.6273045788384088,3.0,0.05819952393557265,9.055048970976397,0.19586512043890425,657.8874218468172,86324.20368087465,5532.321414945121,5255.705344197865,3162.67103401663,2244.799322350711,2244.799322350711,0.2669488410181903,0.25694884101819027,0.3190770559092986,6.338534279683477,2.716514691292919,1.3582573456464595,0.0005819952393557265,7.342708081172599e-05,0.0004910261872989652,0.00042946526244351643,0,90,90,90,90,0
0.6010464140351173,3.0,0.17816461128437408,26.472394627453987,0.2819141289745251,1945.6014117433851,80817.44619664895,5346.123517786079,5078.817341896774,2935.424387758493,2123.4614946535326,2123.4614946535326,0.24205207335752038,0.23205207335752037,0.3630726097974698,18.53067623921779,7.941718388236196,3.970859194118098,0.0017816461128437409,0.00022929054444665383,0.0014855097084485241,0.0013527376861341227,90,45,0,0,45,90
0.5880310378702728,3.0,0.4289722753136431,57.74623086546542,0.2451826062648667,4268.586334897394,80031.77639168799,4687.134360455938,4452.7776424331405,2891.860935458429,1989.0300625815128,1989.0300625815128,0.2578370667588997,0.24783706675889972,0.30426005347785107,40.42236160582579,17.323869259639626,8.661934629819813,0.004289722753136431,0.000505078900260722,0.0036960470785297604,0.002995280486558628,45,-45,45,-45,45,-45
0.6296296743239631,3.0,0.2371486072776363,37.43890384853139,0.18063564980418867,2717.339742568543,84396.03379650471,5686.089151000301,5401.784693450286,3114.385136859314,2177.950812997549,2177.950812997549,0.2686420999610033,0.2586420999610033,0.3652710597998068,26.20723269397197,11.231671154559416,5.615835577279708,0.002371486072776363,0.00031052682827682065,0.001975289316838012,0.0018031923896679551,0,45,-45,90,-45,45
0.5298000116048095,3.0,0.06488948991010834,8.895636718740395,0.22096462351321525,674.9959534814396,72669.07302638641,4963.13793209901,4714.981035494059,2672.9911848032953,1892.524966634173,1892.524966634173,0.308571345414446,0.29857134541444597,0.3638527448604692,6.226945703118276,2.668691015622118,1.334345507811059,0.0006488948991010834,8.568907574832074e-05,0.0005377023673596505,0.0004991956260077428,45,45,-45,-45,45,45
0.6191147695656394,3.0,0.3005027638437364,45.37208430874103,0.2548560433710566,3308.283955583015,86233.6747794093,5387.112977703909,5117.757328818713,3037.3881828139124,2147.4622312278675,2147.4622312278675,0.3163778083040686,0.3063778083040686,0.3696492315454742,31.76045901611872,13.611625292622309,6.805812646311154,0.003005027638437364,0.00036830691835137264,0.0025267012867481843,0.002240679240414401,0,30,-30,-30,30,0
0.5973301231400587,3.0,0.0562440957889703,8.426702720070606,0.19249088999510533,620.3411858481467,80331.90761610794,5469.128093004134,5195.671688353927,2865.5141450330148,2040.200196978592,2040.200196978592,0.24127539511733534,0.23127539511733533,0.37904181051014735,5.898691904049424,2.528010816021182,1.264005408010591,0.000562440957889703,7.342900323291507e-05,0.00046223287753214285,0.0004411094637943334,45,-45,45,-45,45,-45
0.5566756806463986,3.0,0.28285128168466006,37.81671251808636,0.2272656258133581,2834.824527719741,74324.59417553234,4810.902740642688,4570.357603610553,2637.6158552103198,1957.04970509244,1957.04970509244,0.2641370953661669,0.2541370953661669,0.338957489827677,26.471698762660452,11.345013755425908,5.672506877712954,0.002828512816846601,0.00035616338112983516,0.002358188133711955,0.0021506190397314836,0,30,-30,-30,30,0
0.6219628562636406,3.0,0.15043785936697499,23.630137025621547,0.21670846666957394,1720.83604247766,80729.6432653803,5734.219208834344,5447.508248392626,3011.1701981094725,2180.6662122132166,2180.6662122132166,0.2682581270613049,0.2582581270613049,0.37888480382965234,16.54109591793508,7.089041107686464,3.544520553843232,0.0015043785936697499,0.00020489494625363324,0.001236269638378113,0.0011771239487122372,0,90,90,90,90,0
0.5361243355829716,3.0,0.302493282085401,40.493325722187166,0.2076160785951371,3063.789353357677,72872.36354563353,4904.3477371149,4659.1303502591545,2538.1305578967635,1857.3836749084073,1857.3836749084073,0.31187869085963815,0.30187869085963814,0.36334869628814415,28.345328005531012,12.14799771665615,6.073998858328075,0.00302493282085401,0.00038897226090081236,0.002476985394963551,0.0023930994563815225,90,45,0,0,45,90
0.5947222155626108,3.0,0.28991504255898204,43.5595306742592,0.27251300185671823,3210.3818304290803,80086.88297749327,5518.057329802127,5242.15446331202,2837.221867082052,1984.6865884925014,1984.6865884925014,0.2593475280565182,0.24934752805651816,0.3399069275058687,30.491671471981437,13.06785920227776,6.53392960113888,0.0028991504255898204,0.00038073240383884686,0.002368199244995224,0.0023029322017240465,0,90,90,90,90,0
0.48283273472253635,3.0,0.44878911148234907,53.30587983198222,0.27478074726600304,4133.201107005899,64166.37643398312,4232.785080995894,4021.1458269460986,2404.4798621996965,1776.5365297057367,1776.5365297057367,0.2690575512245359,0.2590575512245359,0.3556656302658418,37.31411588238755,15.991763949594665,7.995881974797332,0.004487891114823491,0.0005815213193591783,0.0037780713274088813,0.0033254102479704025,45,45,-45,-45,45,45
0.5194417233414357,3.0,0.35706230443020887,45.08643822429961,0.21316857949085083,3437.3439144473305,69931.09947017311,4479.2326361890055,4255.271004379555,2583.2078675574494,1751.0015490679884,1751.0015490679884,0.2962822116154691,0.2862822116154691,0.3344890039905935,31.560506757009726,13.525931467289883,6.762965733644942,0.0035706230443020887,0.00045130860226887836,0.003019698364851605,0.002618049371318948,0,60,-60,-60,60,0
0.49081628307263514,3.0,0.41127692029265156,48.39340015084741,0.2953283151509839,3738.4150325649152,63901.48509411558,4177.684932637076,3968.800686005222,2404.4156916141287,1796.3202322724148,1796.3202322724148,0.25515574878885666,0.24515574878885665,0.3122712340094543,33.87538010559319,14.518020045254223,7.259010022627112,0.0041127692029265155,0.0005301188236188994,0.0034751352194695136,0.003019032876862488,0,0,90,90,0,0
0.5411949158055032,3.0,0.24606468984021976,32.97727251329207,0.26799750062768724,2489.382545165944,75089.98919938145,4950.117867645753,4702.6119742634655,2494.606382343073,1819.507229358374,1819.507229358374,0.3121563570982695,0.3021563570982695,0.3644840697482879,23.08409075930445,9.893181753987621,4.9465908769938105,0.0024606468984021976,0.00030741901823971233,0.001998574987203842,0.00198291438361017,0,30,-30,-30,30,0
0.46360133806391063,3.0,0.16158776173564923,18.989549657101875,0.22009907170246695,1485.6933192547253,63270.4695947494,4272.65028715682,4059.017772798979,2267.3185104167483,1633.1819487576759,1633.1819487576759,0.26666469566495865,0.25666469566495864,0.33062018364426127,13.292684759971312,5.696864897130562,2.848432448565281,0.0016158776173564923,0.00021009303147442464,0.0013333328295682884,0.0012563000899426875,0,30,60,-60,-30,0
0.6444417018520013,3.0,0.13050854754823146,20.478537857550116,0.27316288089213986,1476.8193864975183,84298.51513988287,5551.25919816004,5273.696238252038,3239.550492995432,2361.711330842881,2361.711330842881,0.31208329184576095,0.30208329184576094,0.35365783214139523,14.33497650028508,6.1435613572650345,3.0717806786325172,0.0013050854754823146,0.00017005016608534533,0.001106696902083281,0.0009482120082012405,90,45,0,0,45,90
0.5333458489566029,3.0,0.21710853137727773,29.211429885905897,0.21285740794338728,2212.9745231343395,71014.25552320223,4944.966508352974,4697.718182935326,2538.2274928673673,1920.1096933021201,1920.1096933021201,0.2502048024904144,0.24020480249041437,0.32099600655779503,20.448000920134128,8.76342896577177,4.381714482885885,0.0021710853137727774,0.0002879421993440912,0.0017721917733858655,0.0017262891112789815,0,30,60,-60,-30,0
0.4880417268088503,3.0,0.3665550808674361,43.60471126748662,0.19213706253436147,3372.8238586345924,66303.23081800401,4216.469138616583,4005.645681685754,2437.8842631462153,1625.8169209437772,1625.8169209437772,0.2818188463017525,0.2718188463017525,0.31847143561047536,30.523297887240634,13.081413380245985,6.540706690122993,0.003665550808674361,0.00046035913349417543,0.0031024568069145113,0.0026829438907333006,0,30,60,-60,-30,0
0.60551042686379,3.0,0.10410929002853601,15.701860442060104,0.28290103596860916,1151.7485797188247,82549.69884558409,5407.30632271849,5136.941006582566,3004.567703731741,2233.494550540798,2233.494550540798,0.30294919207497495,0.29294919207497494,0.3276383742411253,10.991302309442073,4.710558132618031,2.3552790663090155,0.0010410929002853601,0.00013314769724359862,0.0008711468985633177,0.0007838994819067335,0,0,90,90,0,0
0.5847790210945963,3.0,0.1814400478897885,25.06454656635016,0.2786707978982624,1855.440906451033,77118.95256847734,4868.924549090683,4625.478321636149,2874.686024758955,2078.2996927082263,2078.2996927082263,0.2942272832542243,0.2842272832542243,0.3411223556479633,17.54518259644511,7.519363969905047,3.7596819849525236,0.0018144004788978852,0.0002275080510315018,0.0015443582857141128,0.0013078583026359465,0,30,-30,-30,30,0
0.4956894890969114,3.0,0.28844769638708917,34.920832157913836,0.19697489051450115,2691.57265211494,66801.11027524139,4360.989507950697,4142.9400325531615,2383.218154585549,1695.3808031658534,1695.3808031658534,0.31766884495101055,0.30766884495101054,0.3582281060959633,24.444582510539682,10.47624964737415,5.238124823687075,0.0028844769638708915,0.000365930781836116,0.002402264354975969,0.002197920829701805,0,60,-60,-60,60,0
0.5310236618434205,3.0,0.31573658883695116,41.61385299794734,0.25305628438088196,3155.877821524809,73060.26191958916,4626.941229939309,4395.594168442343,2774.937819467793,1807.1830931542765,1807.1830931542765,0.3067205604240989,0.2967205604240989,0.3337546526934576,29.129697098563135,12.484155899384202,6.242077949692101,0.0031573658883695117,0.00039870781096601547,0.002698144471471481,0.0022494478636243005,0,90,90,90,90,0
0.5554791908128905,3.0,0.2946518559985768,40.44508354972186,0.24754474332413745,3033.485509332273,76744.7972453201,4838.390426049619,4596.470904747138,2855.450075176629,1918.3600845362203,1918.3600845362203,0.25165580791725817,0.24165580791725816,0.37952924757069356,28.3115584848053,12.133525064916556,6.066762532458278,0.0029465185599857682,0.00036890524831677425,0.0025077606386599864,0.0021246256711677956,90,45,0,0,45,90
0.5334502866968616,3.0,0.226393339041297,29.63701630658421,0.21616222210371394,2245.109156680306,72709.76354844477,4702.948079653219,4467.800675670558,2592.8330277807413,1878.039748571674,1878.039748571674,0.27650361810483276,0.26650361810483275,0.35356169187581316,20.745911414608948,8.891104891975264,4.445552445987632,0.00226393339041297,0.0002853249742833567,0.0018905386028907356,0.0017145540797868773,45,45,-45,-45,45,45
0.5383015909919737,3.0,0.26262026122318527,34.883123055187795,0.2565717693743852,2636.7063663332624,73363.97821804177,4829.44141904142,4587.969348089348,2558.863817613053,1820.369774508542,1820.369774508542,0.31563156050008934,0.3056315605000893,0.34056369703735345,24.418186138631455,10.464936916556338,5.232468458278169,0.0026262026122318527,0.0003328361783498063,0.002166904204551567,0.002044840535186861,90,45,0,0,45,90
0.5308624231227344,3.0,0.4321930578689801,58.083815505894066,0.23421867401190435,4405.236755512869,69949.11803311837,4977.747702368347,4728.86031724993,2497.0722458532437,1807.7665564632007,1807.7665564632007,0.2614942457409804,0.2514942457409804,0.3476839344446479,40.658670854125845,17.425144651768218,8.712572325884109,0.004321930578689801,0.000581260664857496,0.0035006082456685308,0.0034891150387629426,0,45,-45,90,-45,45
0.5812274826882622,3.0,0.3530968068533344,52.03787414701125,0.20432464481352974,3858.268427359328,76433.02506335793,5284.114577265391,5019.908848402121,2945.160185101488,1981.4292544168911,1981.4292544168911,0.29856671174967064,0.28856671174967063,0.3424548348579345,36.426511902907876,15.611362244103375,7.805681122051688,0.003530968068533344,0.00047658079570594915,0.00295439510552447,0.00265034179177684,0,30,-30,-30,30,0
0.6125856494671847,3.0,0.35442777545491894,54.92726112871607,0.2267799715138468,4016.4677936933895,84423.61835252168,5504.474699250472,5229.250964287949,3162.866610033533,2174.5065390371296,2174.5065390371296,0.28162926158137525,0.27162926158137524,0.3063934686332856,38.449082790101244,16.47817833861482,8.23908916930741,0.0035442777545491894,0.00045543040609266654,0.002993596889610303,0.0026049436113336627,90,45,0,0,45,90
0.5425225523463499,3.0,0.3096634317966562,43.2567695655009,0.25820046515521594,3263.3970563513203,71766.70383061064,5159.524140418334,4901.547933397417,2612.1370932969285,1951.7766022161732,1951.7766022161732,0.309580484253389,0.299580484253389,0.32476902957663406,30.27973869585063,12.977030869650271,6.4885154348251355,0.003096634317966562,0.00042191903876927694,0.0025151604133396093,0.0024839873264980925,0,30,-30,-30,30,0
0.5654781184703286,3.0,0.089129554584729,12.400425067495743,0.2980106710511319,925.8976053036126,75148.15997659546,4889.786584170992,4645.297254962442,2924.573350475605,1964.5984719486437,1964.5984719486437,0.24416836285502608,0.23416836285502607,0.33628944433605107,8.680297547247019,3.7201275202487225,1.8600637601243613,0.0008912955458472901,0.00011550911625714398,0.0007607954777190809,0.0006360120049038506,45,45,-45,-45,45,45
0.5884947578887838,3.0,0.12185628686494755,17.78462232437323,0.26402109429637527,1314.3643237482088,81184.04726230577,5299.810453747397,5034.819931060028,2818.54866785543,1952.7447113971305,1952.7447113971305,0.30691637589083853,0.2969163758908385,0.3726670522596358,12.449235627061261,5.335386697311969,2.6676933486559844,0.0012185628686494756,0.00015334583636656798,0.0010067127388564275,0.0009464776603221728,0,90,90,90,90,0
0.6117682282399368,3.0,0.3305689802156771,50.71856199736187,0.2233572018485934,3710.0439802443784,81210.08996992568,5413.377796482518,5142.708906658391,3194.273944809901,2125.1782025138823,2125.1782025138823,0.27305152177502273,0.2630515217750227,0.37222888298704937,35.50299339815331,15.21556859920856,7.60778429960428,0.0033056898021567712,0.0004371746591008708,0.0028107346598080164,0.0023816943790827675,90,45,0,0,45,90
0.5078016558192548,3.0,0.1779643659352158,24.723690129599007,0.19832173705542452,1894.9988735126828,68737.10638399827,5123.508119257085,4867.33271329423,2611.8983466198224,1712.402476284988,1712.402476284988,0.28538295244757944,0.27538295244757943,0.3535038228410692,17.306583090719304,7.417107038879702,3.708553519439851,0.001779643659352158,0.0002517793372627075,0.0014476618102744788,0.0014198690099250072,45,45,-45,-45,45,45
0.6418934940533056,3.0,0.15610621740261174,25.6104897537237,0.22158350501120871,1848.9511478110046,88152.1253675933,5877.5703162303535,5583.691800418836,3277.796857029346,2269.0563427124007,2269.0563427124007,0.25185937415628745,0.24185937415628744,0.37482999492742897,17.92734282760659,7.68314692611711,3.841573463058555,0.0015610621740261173,0.0002033682427150768,0.0013071977896888494,0.0011719986413496525,0,0,90,90,0,0
0.46365829033402434,3.0,0.40708239055298656,49.79320530965305,0.2508174711216745,3895.587630580506,62418.4801324253,4491.205775350667,4266.645486583134,2316.657709284824,1627.3451683910432,1627.3451683910432,0.2673276235804528,0.2573276235804528,0.351919940651924,34.85524371675713,14.937961592895913,7.468980796447957,0.004070823905529866,0.0005584122465463629,0.0033260470216886417,0.00322403295338512,0,30,-30,-30,30,0
0.4550965872858038,3.0,0.23223020677367134,26.158846412213272,0.1801885260981905,2054.804053773354,62620.71210902208,3976.7728282836338,3777.934186869452,2333.807753964249,1611.3100055841721,1611.3100055841721,0.2862250651411077,0.2762250651411077,0.35594200095181755,18.31119248854929,7.847653923663981,3.9238269618319905,0.0023223020677367134,0.00029241431264259135,0.0019733724460823704,0.0016812982796748813,45,-45,45,-45,45,-45
0.5777469200281321,3.0,0.3049268634394882,45.023289330611256,0.18097673924687313,3343.3595303405523,76668.0357802919,5314.904613835824,5049.159383144033,2922.1717422086203,2099.22763711377,2099.22763711377,0.2900396266951249,0.2800396266951249,0.352183270826198,31.516302531427876,13.506986799183377,6.753493399591688,0.003049268634394882,0.00041107486595514655,0.002541341337344385,0.0023111213150282875,90,45,0,0,45,90
0.5838348002664925,3.0,0.2474736457193091,36.48980419369068,0.2684374090370298,2702.3461755701255,80703.61638767809,5329.837799334331,5063.345909367615,2880.254290724641,2049.9730645110453,2049.9730645110453,0.27275205796370044,0.26275205796370044,0.3562170593594606,25.542862935583475,10.946941258107204,5.473470629053602,0.002474736457193091,0.0003165020860141205,0.002053897636336029,0.0019003428435745982,0,45,-45,-45,45,0
0.5980182649996973,3.0,0.32149429006744307,47.97856740835248,0.26090042689491477,3530.922906573268,83556.7762896578,5401.642240031311,5131.560128029745,2902.563081570488,2043.2486801341042,2043.2486801341042,0.31714113379900766,0.30714113379900765,0.3373187252480133,33.58499718584674,14.393570222505744,7.196785111252872,0.0032149429006744306,0.0004019422323022735,0.0026646655929627636,0.0024794586401749837,90,45,0,0,45,90
0.6495989075446567,3.0,0.3148101732257048,52.249380946858714,0.23834350951029848,3759.599181874856,88189.41520024503,5954.362806797231,5656.64466645737,3306.875773174747,2229.1002960147143,2229.1002960147143,0.30297639979170177,0.29297639979170176,0.3260107730151757,36.5745666628011,15.674814284057614,7.837407142028807,0.0031481017322570483,0.0004147273976106316,0.002632492307348816,0.0023700337356502964,0,30,60,-60,-30,0
0.6068877442386369,3.0,0.33423163836941094,49.51714315929757,0.25857620183555463,3629.9360831791428,80955.35914660378,5198.625974822231,4938.694676081119,3126.2562444015985,2097.0500292338234,2097.0500292338234,0.2501418725036966,0.24014187250369662,0.3168410783436669,34.66200021150829,14.85514294778927,7.427571473894635,0.0033423163836941096,0.00042816189782739574,0.0028575133159675424,0.0023758677770562464,90,45,0,0,45,90
0.5382422239095279,3.0,0.4210118840569812,57.87893790039305,0.21203274150786744,4375.006011039601,72142.30552049897,4958.210555175694,4710.300027416909,2706.3019758740206,1890.393666350467,1890.393666350467,0.31307805528125565,0.30307805528125564,0.36859706685446614,40.51525653027513,17.363681370117913,8.681840685058956,0.004210118840569812,0.0005616019094200264,0.003502005648387119,0.0032080088484046907,0,60,-60,-60,60,0
0.5770542445561798,3.0,0.2372397747089334,34.1696346861285,0.24417282668769813,2538.1673299336326,81733.09918054726,5136.716337142367,4879.880520285248,2901.5586634116175,2053.677787433802,2053.677787433802,0.24465420537383942,0.2346542053738394,0.310094902102921,23.918744280289946,10.250890405838549,5.125445202919274,0.002372397747089334,0.00029264452859488146,0.001995611541115637,0.0017664454858523652,0,45,-45,90,-45,45
0.5235468242879413,3.0,0.1530883398873434,20.709246672788986,0.287089921461025,1575.892544898506,73307.88394249699,4870.5155955871505,4626.989815807793,2668.8639100519767,1728.2153582618,1728.2153582618,0.28257020255177284,0.27257020255177283,0.3761485320973552,14.496472670952288,6.212774001836696,3.106387000918348,0.001530883398873434,0.00019774779861772278,0.0012755885655033475,0.0011639360812735673,45,-45,45,-45,45,-45
0.6490756035308249,3.0,0.3419662248562995,57.29840152483051,0.28048751877666755,4123.83265200636,89417.24517424691,6049.069113827614,5746.615658136233,3287.3759559032596,2220.9147806152773,2220.9147806152773,0.2537464911273469,0.24374649112734686,0.31733373714357144,40.108881067381354,17.189520457449152,8.594760228724576,0.0034196622485629952,0.0004485586755577337,0.0028416802873280937,0.002614474384437428,0,30,60,-60,-30,0
0.5717879346675985,3.0,0.04868568906118399,6.918574581314879,0.26262459105467484,515.1302880412046,77342.65832998235,5143.01062459825,4885.860093368337,2768.882350042134,1961.0139169755505,1961.0139169755505,0.24388525510544629,0.23388525510544628,0.3496167278980704,4.843002206920415,2.0755723743944636,1.0377861871972318,0.0004868568906118399,6.261747800622203e-05,0.0004035714731887412,0.00037480328016877994,0,90,90,90,90,0
0.5683277709159528,3.0,0.30942036274907475,42.44523978918659,0.27973080275976125,3165.201001208125,77715.70566960386,4856.2221137155975,4613.411008029818,2817.908313439924,2100.510791084837,2100.510791084837,0.24860193946974224,0.23860193946974223,0.36367238825570236,29.711667852430608,12.733571936755975,6.366785968377988,0.0030942036274907475,0.00038231227004159374,0.002622114812416035,0.0022594013928742126,0,45,-45,-45,45,0
0.5473026498806705,3.0,0.31266468699519673,42.440166746190364,0.19840828048424092,3194.8776667762927,74497.59504841779,4839.464753341284,4597.49151567422,2741.8543791211832,1920.4414712195708,1920.4414712195708,0.2706575911845004,0.2606575911845004,0.37614946398539617,29.70811672233325,12.73205002385711,6.366025011928555,0.0031266468699519675,0.000398779540507653,0.0026308797920403474,0.0023217954463245374,0,90,90,90,90,0
0.4702412254880481,3.0,0.2831895649896928,32.78330198091396,0.23079385303989264,2556.9111722341227,63031.476992610864,4187.153895521589,3977.7962007455094,2258.6846234002737,1533.8365131424323,1533.8365131424323,0.30502656157865227,0.29502656157865226,0.33240585779824416,22.948311386639773,9.834990594274188,4.917495297137094,0.002831895649896928,0.00036407700535606973,0.0023488486068766897,0.0021771500306821,0,90,90,90,90,0
0.628717628136517,3.0,0.42303098548422713,63.90494852630022,0.2821594166059662,4640.105266249815,84686.85131869173,5290.376313924414,5025.8574982281925,3200.844327935309,2209.2952286216832,2209.2952286216832,0.2934062880766927,0.2834062880766927,0.37866143786976525,44.73346396841015,19.171484557890064,9.585742278945032,0.004230309854842271,0.0005282220707447269,0.0036238413716298775,0.002994754288824872,0,0,90,90,0,0
0.5383126456092961,3.0,0.3604542280397529,48.21827763321735,0.26898471657148926,3644.6507959483465,73401.2747596567,4850.1989908332735,4607.68904129161,2594.312337678586,1798.9112166419507,1798.9112166419507,0.2713803196660724,0.2613803196660724,0.359839985118397,33.75279434325214,14.465483289965203,7.232741644982601,0.003604542280397529,0.00045983934820984304,0.0029824515071040425,0.002787922464052468,0,60,-60,-60,60,0
0.6166732410471438,3.0,0.2809762483289542,43.595614188443115,0.2746222989468403,3182.1524572523485,83645.5716312353,5558.581014176302,5280.651963467487,3099.5227868247266,2169.164110293352,2169.164110293352,0.31165011428621936,0.30165011428621935,0.37992424145095194,30.516929931910177,13.078684256532934,6.539342128266467,0.0028097624832895416,0.0003648361692887805,0.002352881827786223,0.002109789983175322,45,45,-45,-45,45,45
0.5218404466047066,3.0,0.28128334170256836,38.471510664413344,0.2667947633217421,2929.813846702274,69856.44793392699,5109.603067060024,4854.122913707022,2501.295327390188,1801.3029729174598,1801.3029729174598,0.2905186805199153,0.2805186805199153,0.3113642477314482,26.93005746508934,11.541453199324003,5.770726599662002,0.0028128334170256838,0.00038550568002771715,0.0022587768654140786,0.0023070952623907414,90,45,0,0,45,90
0.5546666478544389,3.0,0.4010771817026202,57.93925200943046,0.23258813726267635,4347.182810632625,77596.06495472681,5273.499505479615,5009.824530205635,2762.400928543463,1938.3624147865917,1938.3624147865917,0.2502552559803875,0.2402552559803875,0.361273183528254,40.55747640660132,17.381775602829137,8.690887801414569,0.004010771817026202,0.0005226743963146127,0.0032960609145346446,0.0031461355633112358,0,30,-30,-30,30,0
0.491549788342419,3.0,0.14237444516300218,16.84603474998553,0.2386771355488771,1300.922551959276,66291.9371430036,4169.7190197699565,3961.2330687814583,2462.731838391344,1606.8315210052183,1606.8315210052183,0.2976485165571097,0.2876485165571097,0.32366757046247024,11.79222432498987,5.0538104249956595,2.5269052124978297,0.0014237444516300218,0.00017788323638140077,0.001212026614031772,0.0010260578001656908,90,45,0,0,45,90
0.5164487114734079,3.0,0.14618357012397132,19.89922487593533,0.272964151058668,1519.1764542230057,70688.39430856543,4873.049101198194,4629.396646138284,2730.813745602488,1763.6602802187922,1763.6602802187922,0.245915274325374,0.23591527432537399,0.33749909847939397,13.929457413154731,5.9697674627806,2.9848837313903,0.001461835701239713,0.00019705437574873413,0.0012250579337098702,0.0010930381964705388,0,60,-60,-60,60,0
0.5000502441446938,3.0,0.28254948057705126,36.75287654781358,0.2863255253333852,2827.078790990659,66612.39488399659,4824.605131057249,4583.374874504387,2412.262331617876,1791.359390060921,1791.359390060921,0.2640525176106755,0.2540525176106755,0.3086641171815157,25.727013583469503,11.025862964344073,5.5129314821720365,0.0028254948057705124,0.00038621961615810835,0.002285339973911585,0.0022853780908955196,0,60,-60,-60,60,0
0.6376093745990844,3.0,0.4106010291368618,64.21964769546474,0.2600163161636954,4644.961985557696,85948.88086096018,5446.954899994815,5174.607154995074,3374.119810332647,2235.904548221165,2235.904548221165,0.30437656800033575,0.29437656800033574,0.30477201054902,44.95375338682532,19.26589430863942,9.63294715431971,0.004106010291368618,0.0005230289555433208,0.0035370027221370533,0.002854951126756231,0,45,-45,-45,45,0
0.5309705677869933,3.0,0.33760949253573946,43.214323166389356,0.2783177602213972,3277.3321645092915,72098.99725389025,4536.434331861361,4309.612615268293,2622.4527465832057,1820.1113191940353,1820.1113191940353,0.25398189813800387,0.24398189813800386,0.3204246779980835,30.25002621647255,12.964296949916806,6.482148474958403,0.0033760949253573945,0.0004195623707490654,0.002857816514363028,0.002471788474893969,0,60,-60,-60,60,0
0.6315882813371406,3.0,0.2261745217448341,35.27339765364961,0.27164260712682364,2557.9840974770145,87534.24606268806,5565.402857074803,5287.132714221063,3138.942667288516,2175.02583484511,2175.02583484511,0.2712904556747651,0.2612904556747651,0.30432039027011915,24.691378357554726,10.582019296094883,5.291009648047441,0.002261745217448341,0.0002820767810106216,0.0019013932266633493,0.0016856025129690965,45,-45,45,-45,45,-45
0.649793798351537,3.0,0.26242835988251684,43.52530020997441,0.28972674030007217,3131.59529860804,90296.80399967312,5897.9184005171255,5603.022480491269,3374.589061646635,2321.822362173804,2321.822362173804,0.24170511243479526,0.23170511243479525,0.3525004806493708,30.467710146982085,13.057590062992324,6.528795031496162,0.0026242835988251685,0.00033741737024371737,0.0022139319631562624,0.001934693354428888,0,60,-60,-60,60,0
0.6308621406437682,3.0,0.1837452567670167,28.27601320841775,0.23722248481265404,2051.1903280927454,85455.70702044656,5454.943546753903,5182.196369416208,3153.741603114571,2216.3235634141806,2216.3235634141806,0.2522769370700554,0.24227693707005538,0.3254706574108263,19.793209245892424,8.482803962525326,4.241401981262663,0.001837452567670167,0.00023161951303213256,0.0015550672321023788,0.0013448793576093681,0,0,90,90,0,0
0.6235601958732797,3.0,0.2533661917001244,39.75739810463011,0.24066380983605862,2893.2649100489602,82385.96702197228,5576.37625150032,5297.557438925303,3205.5845380280084,2240.671343465001,2240.671343465001,0.31382688297987743,0.3038268829798774,0.30426217863926497,27.83017867324108,11.927219431389034,5.963609715694517,0.002533661917001244,0.00033780241562035427,0.002138883549721026,0.0018603813578921158,0,0,90,90,0,0
0.5903950404414962,3.0,0.20748815766772716,30.082025830145103,0.25253687190174307,2221.3264953728562,80653.03805687625,5156.5447912132495,4898.717551652587,2944.7266995945865,2053.1527370873555,2053.1527370873555,0.2471548823306632,0.2371548823306632,0.33510869881507055,21.05741808110157,9.02460774904353,4.512303874521765,0.0020748815766772717,0.0002610864833913876,0.0017501268997840297,0.0015323336712853503,0,45,-45,-45,45,0
0.6345769515697668,3.0,0.183634421012056,29.16122534400088,0.24693350096501926,2111.990310580321,86461.66594908897,5684.170404861806,5399.961884618715,3177.269546634698,2297.4977998659074,2297.4977998659074,0.2989920756415505,0.2889920756415505,0.35602423657149723,20.412857740800614,8.748367603200263,4.3741838016001315,0.0018363442101205598,0.00023609142290665868,0.0015390755343501978,0.001376711587543204,0,45,-45,90,-45,45
0.5150382626855528,3.0,0.12162470833912978,16.461457218127563,0.23232638628794303,1257.5377018723925,66940.59060971843,4927.872832725255,4681.479191088992,2616.3868411935164,1750.7220547094753,1750.7220547094753,0.25261891789207835,0.24261891789207835,0.3292258564664392,11.523020052689294,4.938437165438269,2.4692185827191344,0.0012162470833912977,0.00017213800995380494,0.0010021437916666312,0.0009437513382358825,45,45,-45,-45,45,45
0.4586253133524967,3.0,0.5291740128821584,63.46829544012913,0.24679299091039691,4977.221642706309,63079.47065315172,4382.987258111365,4163.8378952057965,2290.9377275589254,1586.8497837629563,1586.8497837629563,0.3121571976038777,0.3021571976038777,0.3701356385325978,44.42780680809039,19.040488632038738,9.520244316019369,0.005291740128821584,0.0007043148325131131,0.004344180694753676,0.004155610255789677,45,-45,45,-45,45,-45
0.5857221167536664,3.0,0.365826474047874,53.39443383183708,0.28633922058693484,3950.948597689525,79086.49083855966,5313.57292678042,5047.894280441399,2806.624345105618,2089.940473282928,2089.940473282928,0.28002205325512863,0.2700220532551286,0.31904293277851875,37.37610368228595,16.018330149551122,8.009165074775561,0.00365826474047874,0.00047259782658181537,0.0030146062489927825,0.00285366479085186,0,45,-45,90,-45,45
0.5085539589918049,3.0,0.2822956648832173,35.62807568245528,0.2270504612641692,2729.8438345512754,68945.92190814843,4563.459523071041,4335.2865469174885,2463.816043378972,1871.6348385038564,1871.6348385038564,0.28873232654224756,0.27873232654224755,0.31168817476816096,24.939652977718698,10.688422704736585,5.344211352368292,0.002822956648832173,0.00036172774672509213,0.0023421754155373044,0.0021690788834376755,0,30,60,-60,-30,0
0.5333431824059092,3.0,0.32846918754836146,42.767046761096516,0.2520745054186947,3239.9132803219923,71584.63366592032,4557.070709874575,4329.217174380846,2766.931159792753,1836.452929638444,1836.452929638444,0.24138782553381377,0.23138782553381376,0.33637132096643063,29.93693273276756,12.830114028328955,6.415057014164478,0.0032846918754836146,0.00041820333777889813,0.0028154300964713538,0.0023184736604162474,0,30,-30,-30,30,0
0.5358860155660574,3.0,0.12434978078784135,16.545922779635735,0.26811923162153745,1252.026259735375,72193.69145742005,4757.16840073385,4519.309980697157,2670.7040819122694,1778.999086844736,1778.999086844736,0.24572384388588603,0.23572384388588602,0.327422631114493,11.582145945745014,4.96377683389072,2.48188841694536,0.0012434978078784136,0.00016043155173158283,0.0010434309689614936,0.0009293011658439845,0,0,90,90,0,0
0.5931498623703337,3.0,0.4153472716471218,64.58589724719667,0.20390692980848407,4763.358471607084,78845.81168020547,5628.666235702201,5347.232923917091,3041.4975721328806,2050.259933746736,2050.259933746736,0.24665184253583464,0.23665184253583463,0.36970234525652085,45.210128073037666,19.375769174159,9.6878845870795,0.004153472716471218,0.0005733992346531685,0.0034423375561442905,0.0031852350223267726,0,45,-45,90,-45,45
0.5531985742520548,3.0,0.19402901884259457,26.283752999306042,0.20117269995837428,1973.3745180276615,73662.52177928499,4798.652972258098,4558.720323645193,2784.6829793598185,1895.0321984526263,1895.0321984526263,0.30005877972426076,0.29005877972426075,0.3660951698014844,18.39862709951423,7.885125899791812,3.942562949895906,0.0019402901884259457,0.00024976917237020524,0.0016431956937451376,0.0014158031557338269,0,0,90,90,0,0
0.5268856100468415,3.0,0.4284953371881929,57.358578856406126,0.2570310913931183,4358.119587219175,71717.31398121934,4773.956805766753,4535.258965478415,2705.8598363928813,1880.4482832321726,1880.4482832321726,0.3017825667134919,0.2917825667134919,0.315762275474047,40.15100519948429,17.207573656921838,8.603786828460919,0.004284953371881929,0.0005598509337647343,0.00360446781507025,0.0031796868088815817,45,45,-45,-45,45,45
0.5583774302248767,3.0,0.43167205576442785,60.6025242403847,0.18439028801061924,4539.424958292462,76073.58978774319,4950.098915496338,4702.593969721521,2923.6912798397093,2075.362770020607,2075.362770020607,0.30761675971178964,0.29761675971178964,0.3572209224857417,42.42176696826929,18.18075727211541,9.090378636057705,0.004316720557644278,0.000557641187784518,0.003672806863555868,0.003109212897661371,0,60,-60,-60,60,0
0.6461378570237555,3.0,0.2947710479239584,46.18622825828594,0.1827036533047736,3328.298881667481,86931.29957105749,5486.813663287209,5212.472980122849,3322.816621624669,2390.73439358456,2390.73439358456,0.2773033392450506,0.26730333924505056,0.37952075723215306,32.33035978080015,13.85586847748578,6.92793423874289,0.0029477104792395843,0.00037190701094228293,0.0025253032684883596,0.002084958343369404,0,45,-45,-45,45,0
0.5053032479541303,3.0,0.29542710120584786,36.92821260072027,0.2535033792907827,2833.6958346840597,71374.32052906984,4477.331609085762,4253.465028631474,2490.1196599447358,1834.9995873856908,1834.9995873856908,0.2666068646668846,0.2566068646668846,0.33515244650481446,25.84974882050419,11.078463780216081,5.539231890108041,0.002954271012058479,0.0003621715573456972,0.0024743451563281065,0.0022244842202607143,0,90,90,90,90,0
0.5164997714468915,3.0,0.1828493554683051,24.47593268634396,0.22568085175605784,1868.5346399496423,68521.42786363822,4866.430905469411,4623.10936019594,2590.6309571481625,1947.3207282429769,1947.3207282429769,0.271200289577054,0.261200289577054,0.3009986999657197,17.133152880440772,7.342779805903188,3.671389902951594,0.001828493554683051,0.00025004080350655826,0.0015088634665809378,0.0014171798159137111,90,45,0,0,45,90
0.4847875197647147,3.0,0.11102419571398282,13.185862701566492,0.19769260255082813,1021.4690126586653,65085.53340682984,4311.828956068587,4096.237508265158,2296.5522019795885,1692.3742077888319,1692.3742077888319,0.2599218130374319,0.24992181303743188,0.31166884365087055,9.230103891096544,3.9557588104699475,1.9778794052349737,0.0011102419571398282,0.00014181498419014218,0.000917420159930626,0.0008612386008600526,0,60,-60,-60,60,0
0.5012411413565532,3.0,0.4042627359679307,50.8777204320482,0.24442197160512497,3911.4302004106307,66491.45742691793,4513.333576093485,4287.666897288811,2510.8526193101075,1700.3289960738457,1700.3289960738457,0.28157894421874,0.27157894421874,0.3506685472682953,35.61440430243374,15.26331612961446,7.63165806480723,0.004042627359679307,0.0005356237580079852,0.003381827616390282,0.00303946874703627,0,45,-45,-45,45,0
0.5323241100663737,3.0,0.1991792765458369,26.291613206562143,0.21928610410568952,1992.7030075756404,71451.12751610414,4735.0701415227595,4498.316634446622,2627.8291015952495,1804.878031847724,1804.878031847724,0.3091568154269629,0.2991568154269629,0.33979426775882937,18.4041292445935,7.887483961968643,3.9437419809843215,0.001991792765458369,0.00025757647058047403,0.0016657586321270615,0.0015007604484592373,0,45,-45,-45,45,0
0.5356834923273782,3.0,0.4725605453943292,65.21062274393971,0.22118719234588197,4934.926936847438,71622.86166345727,4995.818493488862,4746.027568814419,2694.1758460741103,1968.5267393571112,1968.5267393571112,0.2978056781377735,0.28780567813777347,0.3053087104596884,45.64743592075779,19.563186823181912,9.781593411590956,0.004725605453943292,0.0006373305235309746,0.003915912247148081,0.003630644015254039,0,90,90,90,90,0
0.4945213048954541,3.0,0.2788419348898688,36.23188401935152,0.18155610665146632,2794.1333266785737,66743.1795283961,4759.449090295797,4521.476635781007,2472.8077497939976,1691.9279246894632,1691.9279246894632,0.2537774808817403,0.24377748088174028,0.30596834465261485,25.36231881354606,10.869565205805456,5.434782602902728,0.002788419348898688,0.0003799986604287496,0.0022837864214091045,0.0021978184933120998,0,45,-45,90,-45,45
0.6305563509837626,3.0,0.13995462016923135,22.14853186474554,0.2619566983455539,1606.9062294322339,82893.42248734542,5707.599583118861,5422.219603962918,3115.7605241454744,2378.68304308024,2378.68304308024,0.28104713373064927,0.27104713373064926,0.36580609930375996,15.503972305321877,6.644559559423661,3.3222797797118306,0.0013995462016923135,0.0001870350124304341,0.0011641600751173943,0.001066282133676816,0,30,60,-60,-30,0
0.6220520449464573,3.0,0.24775473257835381,39.172413550622906,0.24737161389615214,2852.5722967366887,82789.9979671586,5665.7282473199275,5382.441834953931,3162.237731244739,2215.219333305172,2215.219333305172,0.2500839740572464,0.2400839740572464,0.3608220374560534,27.420689485436032,11.751724065186872,5.875862032593436,0.0024775473257835382,0.0003312077564769763,0.002074177149379838,0.0018581341859710669,0,30,60,-60,-30,0
0.46046100515952176,3.0,0.41739644150647104,46.81366002018952,0.2885572293703701,3667.987010546082,62246.857989574215,3980.788393269623,3781.748973606142,2290.761689549286,1656.840367182426,1656.840367182426,0.2775038258286489,0.2675038258286489,0.33670392488368445,32.76956201413267,14.044098006056856,7.022049003028428,0.0041739644150647105,0.000526445238723877,0.0035279689897110373,0.0030653773524604547,0,90,90,90,90,0
0.4904268806518082,3.0,0.10288041507916852,12.47052649627164,0.26656697254779127,963.5284873461635,66358.31779424344,4333.93290328287,4117.236258118726,2431.267994279711,1734.8259428067136,1734.8259428067136,0.30954679490493936,0.29954679490493935,0.3140918131824369,8.729368547390148,3.741157948881492,1.870578974440746,0.0010288041507916853,0.000131548972872658,0.000863224704297484,0.0007693841151373874,0,30,60,-60,-30,0
0.47761895764408124,3.0,0.2719639039951345,32.22245350708362,0.268265412198931,2504.521252654257,63852.217822284416,4214.207097583361,4003.496742704193,2410.7074914387986,1663.9318551902343,1663.9318551902343,0.24323403065677313,0.23323403065677312,0.37605282081029523,22.555717454958533,9.666736052125087,4.833368026062543,0.002719639039951345,0.00035324877074334904,0.002293844566316753,0.0020049583133695792,45,-45,45,-45,45,-45
0.6412859220834497,3.0,0.2962616921862964,46.07591478546987,0.21313678422666354,3327.3296723441013,84712.46556511943,5494.022586410995,5219.321457090446,3221.0134330042874,2199.0338932531763,2199.0338932531763,0.26713735386125376,0.25713735386125375,0.3554804210434209,32.253140349828904,13.82277443564096,6.91138721782048,0.002962616921862964,0.0003807366499684223,0.0025159660737162667,0.0021457182224086926,0,90,90,90,90,0
0.4942297602329483,3.0,0.3990779023285128,44.722722372533596,0.25548385577920707,3449.395801344995,66403.76801230274,3917.0353931873956,3721.1836235280257,2380.2058818804453,1722.2615932321955,1722.2615932321955,0.2523547241936562,0.24235472419365617,0.3363398928497572,31.305905660773515,13.41681671176008,6.70840835588004,0.003990779023285128,0.00047144772951699694,0.0034252477613796743,0.0028184151660780553,45,45,-45,-45,45,45
0.6257073113225875,3.0,0.299464685777352,48.25211279133861,0.2338467922881306,3508.1617902548596,84441.38584999957,5780.066122389202,5491.062816269742,3213.882391027939,2217.514983585498,2217.514983585498,0.26807162304660287,0.25807162304660286,0.3731328208997732,33.77647895393702,14.475633837401583,7.2378169187007915,0.0029946468577735203,0.00039999910723797285,0.002504406269909253,0.0022520478468366803,90,45,0,0,45,90
0.4876549494598577,3.0,0.36306351728046793,45.70799360364916,0.23798662349612174,3536.147470700641,67185.45605120114,4539.4388061109175,4312.4668658053715,2477.2658688306765,1747.3114425890883,1747.3114425890883,0.3086969138610975,0.2986969138610975,0.33703342451729223,31.995595522554407,13.712398081094747,6.856199040547374,0.003630635172804679,0.0004762280023547208,0.0030207253950940683,0.002767647642028689,0,30,-30,-30,30,0
0.5328820283701633,3.0,0.2128838133874744,28.126246640845228,0.19244596744001952,2131.2134548563436,72323.92658519383,4683.2377995025,4449.075909527374,2710.179753977321,1884.1113264437022,1884.1113264437022,0.2578951830883113,0.24789518308831127,0.34488735885801125,19.68837264859166,8.437873992253568,4.218936996126784,0.002128838133874744,0.00027222488570777167,0.001801718032159273,0.0015567000638740983,0,0,90,90,0,0
0.5779336620256706,3.0,0.17845448463967703,24.993267962424497,0.26286157595048454,1855.8068477299264,78246.75825647847,4946.168500553316,4698.86007552565,2898.274614893695,2179.432390794403,2179.432390794403,0.28962638331766427,0.27962638331766426,0.3358614112969614,17.495287573697148,7.497980388727349,3.7489901943636745,0.0017845448463967703,0.00022359121276757326,0.0015159168936295978,0.001293524835465318,45,-45,45,-45,45,-45
0.6391717095795095,3.0,0.3875870506050182,61.70432876512242,0.19220966796986044,4460.006781103691,87686.3600811168,5716.0799837019895,5430.275984516889,3159.0512742860374,2221.083130623274,2221.083130623274,0.31374446085942376,0.30374446085942375,0.3186963731422608,43.193030135585694,18.511298629536725,9.255649314768363,0.003875870506050182,0.0004925855069776956,0.0032384603928421554,0.002929882585353158,45,45,-45,-45,45,45
0.5506590439860578,3.0,0.3233050615277768,43.74075019658014,0.235408156407284,3287.800704127193,72021.27458045035,4844.889376474204,4602.644907650494,2707.5612147074758,2055.9431702453703,2055.9431702453703,0.3137266847103801,0.3037266847103801,0.3795367757287343,30.618525137606095,13.12222505897404,6.56111252948702,0.0032330506152777683,0.00042513167554961975,0.0027084674260454515,0.0024232554720635857,90,45,0,0,45,90
0.46038143761509936,3.0,0.13405409315932718,16.248778036542284,0.2437654947109646,1273.1868486215985,65566.30361820257,4424.81245273307,4203.571830096416,2316.940995588709,1557.8501035983613,1557.8501035983613,0.2570679850649679,0.2470679850649679,0.3433855679111441,11.374144625579598,4.8746334109626845,2.4373167054813423,0.0013405409315932718,0.00017347545915981605,0.0011016587624977808,0.001051954585862057,0,60,-60,-60,60,0
0.6298849415155303,3.0,0.10246917118401756,16.436168697504495,0.20293847916890959,1192.8151058413991,84684.80460962898,5815.095794802197,5524.341005062087,3118.37764076957,2128.549740794045,2128.549740794045,0.3094192882730527,0.2994192882730527,0.36239982469568993,11.505318088253146,4.930850609251348,2.465425304625674,0.0010246917118401757,0.00013586047864536194,0.0008479397043912453,0.0007906115258116214,45,-45,45,-45,45,-45
0.5008962994694514,3.0,0.24014300426950658,31.209531304222565,0.2739909243973443,2399.7404605855922,68203.73082757469,4786.175945962932,4546.867148664785,2442.0699306157376,1758.4712183160057,1758.4712183160057,0.25501406536187754,0.24501406536187753,0.34685063072016004,21.846671912955795,9.362859391266769,4.681429695633384,0.0024014300426950658,0.0003203149101650494,0.001956229669986161,0.001916992481232108,45,45,-45,-45,45,45
0.6006214249188297,3.0,0.2546418434790919,38.555727692494756,0.22275473019830921,2834.202957826226,81131.20938194866,5516.6096741886795,5240.779190479246,2908.156206621292,2102.7732103315775,2102.7732103315775,0.25787772808231735,0.24787772808231734,0.3299716815640176,26.98900938474633,11.566718307748426,5.783359153874213,0.002546418434790919,0.0003326587831038947,0.002096707759091099,0.0019886686762927855,45,45,-45,-45,45,45
0.46875061597192474,3.0,0.388940121927867,45.136301568531664,0.2510409636810345,3522.832276974595,63957.91217927528,4122.1262287551,3916.0199173173446,2366.465127310017,1594.2941535551213,1594.2941535551213,0.2981065612822392,0.2881065612822392,0.34221449966614204,31.595411097972164,13.540890470559498,6.770445235279749,0.0038894012192786697,0.0004940031658539699,0.0032849286312731153,0.0028609951429860187,0,30,60,-60,-30,0
0.5797949973472432,3.0,0.3272781812306377,48.18640044710606,0.2510064630103147,3574.9849952189593,78879.1158541464,5324.057327942529,5057.854461545402,2877.000472419846,2034.255924400528,2034.255924400528,0.31727648286026744,0.30727648286026743,0.3729137919200454,33.73048031297424,14.455920134131818,7.227960067065909,0.003272781812306377,0.0004276224441377425,0.0027152074524558656,0.00251232494966762,45,-45,45,-45,45,-45
0.4505228714030442,3.0,0.14617430963096983,16.553614933095318,0.2565140959495209,1303.112344253286,60167.55369382976,4096.441547500484,3891.61947012546,2212.1571408584887,1568.0991541420217,1568.0991541420217,0.2588637126419725,0.2488637126419725,0.30232967655678694,11.587530453166721,4.966084479928595,2.4830422399642975,0.0014617430963096982,0.00019258769455928593,0.0012122922840089683,0.001122452918964285,90,45,0,0,45,90
0.6278575157385666,3.0,0.2245305479491846,34.672637702436546,0.29973463917983184,2518.506013019439,84941.04038884614,5452.0713516444075,5179.467784062187,3201.149198078695,2113.5957930420327,2113.5957930420327,0.29718699637745616,0.28718699637745615,0.34031477322939313,24.270846391705582,10.401791310730964,5.200895655365482,0.002245305479491846,0.00028573756903138494,0.00190786045153163,0.0016246964241738622,0,0,90,90,0,0
0.46933010746484666,3.0,0.32968639105791914,37.81220378766303,0.18218351228517257,2950.3948886687263,62524.2905700196,4076.4258148923764,3872.6045241477573,2336.4732740554437,1613.5440552569348,1613.5440552569348,0.2580805648080955,0.24808056480809548,0.3384337767049605,26.46854265136412,11.343661136298909,5.6718305681494545,0.003296863910579191,0.00042333215475228104,0.002782746859971595,0.0024275178454341113,90,45,0,0,45,90
0.583402532494637,3.0,0.38285016147172224,55.96355673015102,0.2526874886958912,4145.321156567912,76811.69393313122,5277.420252823326,5013.549240182159,2870.320742323299,2010.3836840974895,2010.3836840974895,0.296536733124748,0.286536733124748,0.3422467657125077,39.174489711105714,16.789067019045305,8.394533509522653,0.003828501614717222,0.0005100068453796795,0.0031813018889415624,0.0029245977237818857,0,45,-45,-45,45,0
0.6251957229773746,3.0,0.2015078707737554,31.732403987342213,0.2073340208965843,2307.6141140881427,83223.0338800211,5608.574626308889,5328.145894993444,3197.0549693645066,2088.427317003867,2088.427317003867,0.2500402959224293,0.24004029592242931,0.30633195884281833,22.21268279113955,9.519721196202664,4.759860598101332,0.002015078707737554,0.00026690546781991357,0.001697351257759367,0.0014888266369243789,0,0,90,90,0,0
0.6057231091251272,3.0,0.09115271762687575,13.956516053399257,0.21456496144674198,1023.6298515686519,83759.04451999714,5635.52588499251,5353.749590742885,2874.0310691169025,2031.565194257821,2031.565194257821,0.25728788174141,0.24728788174140998,0.30258145059990843,9.76956123737948,4.186954816019777,2.0934774080098886,0.0009115271762687575,0.00011663888113058686,0.0007429572503907223,0.0007284115438087964,90,45,0,0,45,90
0.5693719376619036,3.0,0.3224428509120476,46.16132354846052,0.2626775457907329,3440.7071102663776,75332.41754661883,5222.635497930028,4961.503723033526,2744.798571929481,2071.116453821267,2071.116453821267,0.2916807928301871,0.2816807928301871,0.30673295525502686,32.31292648392236,13.848397064538156,6.924198532269078,0.003224428509120476,0.0004289378668078159,0.0026516108715660736,0.0025226618095336773,45,45,-45,-45,45,45
0.5668777083379637,3.0,0.12481991593795412,17.56937445161131,0.25842307911905216,1311.0234603073336,75880.74664608859,5118.969818565342,4863.021327637075,2713.8097768873026,1984.040208372521,1984.040208372521,0.260600696969398,0.250600696969398,0.33900339593411294,12.298562116127917,5.2708123354833925,2.6354061677416962,0.0012481991593795412,0.00016207750529246892,0.001029662709939674,0.000971109393954821,90,45,0,0,45,90
0.6142556086603843,3.0,0.41601131983615885,63.44319997314304,0.2571949080688021,4635.785610307291,82561.84992545375,5494.032171346459,5219.330562779136,3004.6173213113475,2093.93830749558,2093.93830749558,0.2988887917606448,0.2888887917606448,0.30642872984362474,44.41023998120012,19.03295999194291,9.516479995971455,0.0041601131983615884,0.0005379026756461823,0.0034642971497704893,0.0031672852074945915,0,45,-45,-45,45,0
0.627179051908026,3.0,0.06238076814096775,9.766886420924765,0.24923049817195836,709.6442408074952,83990.86391799703,5634.97843071416,5353.229509178452,3093.613479027743,2131.4195162818633,2131.4195162818633,0.24035572703822308,0.23035572703822307,0.31645912697399364,6.836820494647335,2.9300659262774293,1.4650329631387147,0.0006238076814096775,8.139957342649007e-05,0.000519978197308926,0.0004735669058434357,45,-45,45,-45,45,-45
0.501592740112989,3.0,0.2911113140816309,36.32156015230349,0.264267874699398,2791.913799515424,64639.070759718714,4486.4541111091285,4262.131405553672,2475.9353510377073,1699.566968915071,1699.566968915071,0.2562097678934989,0.2462097678934989,0.3320624064276545,25.425092106612443,10.896468045691046,5.448234022845523,0.0029111131408163086,0.0003933393813955732,0.0024287483557916636,0.0022004750732130683,90,45,0,0,45,90
0.6377274806381246,3.0,0.29611490515691985,48.35608281577209,0.20876642124798014,3497.382227510077,85354.32495021394,5901.4564288531465,5606.383607410489,3200.2779274011523,2237.6135739918986,2237.6135739918986,0.25305741253716196,0.24305741253716195,0.31442595571046583,33.84925797104046,14.506824844731627,7.253412422365813,0.0029611490515691983,0.00039657343656322383,0.0024581770652080874,0.002266494531697154,0,60,-60,-60,60,0
0.5617815266629155,3.0,0.24146715757676754,35.04288058379107,0.22504938550904546,2620.873177478763,75496.04573379683,5302.419404807813,5037.298434567422,2774.8962624358755,2023.2088112628942,2023.2088112628942,0.3083484444432676,0.2983484444432676,0.3531344649808657,24.530016408653747,10.51286417513732,5.25643208756866,0.0024146715757676755,0.0003249178969604305,0.0019826542135850454,0.001894280574998659,0,45,-45,-45,45,0
0.5604873366733639,3.0,0.2827182314779986,39.49530873170383,0.18995893514792728,2955.588812184615,74355.39954920273,5030.097481261409,4778.592607198338,2758.5347401220565,1982.6442717569173,1982.6442717569173,0.24652287243686105,0.23652287243686104,0.33124455849958684,27.646716112192678,11.848592619511148,5.924296309755574,0.002827182314779986,0.00037181854014378863,0.0023555393635313507,0.0021476243251855667,0,45,-45,90,-45,45
0.5568300816401094,3.0,0.3248925523526556,44.405790680225856,0.2252162337978027,3328.52526949136,74924.25334031747,4839.987245490674,4597.987883216139,2810.961604143143,1931.5807807452195,1931.5807807452195,0.26415480169131816,0.25415480169131816,0.34847150898905954,31.084053476158097,13.321737204067757,6.6608686020338785,0.0032489255235265556,0.00041487304965148665,0.0027524322954527148,0.0023696049751146604,0,30,-30,-30,30,0
0.5037976903611268,3.0,0.40776059225549166,50.23719481279416,0.2207486980826821,3857.6380095907484,69921.91940434575,4358.141623422897,4140.234542251752,2535.9110549588754,1728.008091016701,1728.008091016701,0.2681471754383701,0.25814717543837007,0.3792019931298541,35.16603636895591,15.071158443838247,7.535579221919123,0.004077605922554917,0.0005029329381763265,0.003458161699665307,0.002971547131822148,45,-45,45,-45,45,-45
0.5427736517035985,3.0,0.43736426033612796,61.14024627116114,0.26151400233742367,4612.046299901839,73359.92985747954,5231.064232802957,4969.511021162809,2544.8162227217094,1922.335187438808,1922.335187438808,0.2737879895551046,0.2637879895551046,0.3783459665096324,42.7981723898128,18.34207388134834,9.17103694067417,0.00437364260336128,0.0005833998542931981,0.0035063751972932897,0.003603811095979907,0,45,-45,90,-45,45
0.5437870292956621,3.0,0.12655300985198503,17.287280552565203,0.19918404548390403,1303.4488940846995,75209.25725050944,4891.543903137055,4646.966707980202,2728.571595951214,1800.2767281423507,1800.2767281423507,0.24476945380520157,0.23476945380520156,0.33762110897189535,12.101096386795641,5.186184165769561,2.5930920828847803,0.0012655300985198504,0.00016089902798120868,0.0010602346147692851,0.0009503478254822176,45,-45,45,-45,45,-45
0.5508539306187928,3.0,0.3252699626952704,44.988654692307506,0.2724781929551782,3381.3030303137966,77653.28654998168,4871.581409331415,4628.002338864844,2882.7024565328693,1935.998950498179,1935.998950498179,0.29978292235641013,0.2897829223564101,0.37655042953381956,31.49205828461525,13.496596407692252,6.748298203846126,0.003252699626952704,0.0004055470113856073,0.002770475390566151,0.0023409624495073795,90,45,0,0,45,90
0.5796563984622272,3.0,0.3448972754747348,51.48878151541242,0.2271196602337961,3820.2268049140416,78821.82820043758,5460.984124165431,5187.934917957159,2844.6643048492206,1979.4273271663722,1979.4273271663722,0.3003943560631839,0.29039435606318387,0.35048079087539213,36.04214706078869,15.446634454623725,7.723317227311862,0.003448972754747348,0.0004572609882777193,0.0028285441054975305,0.002715018856230641,0,30,-30,-30,30,0
0.6310214573709909,3.0,0.36329052572545173,59.50222273321681,0.21765606712986424,4316.093650158184,84643.64094413354,5964.408740781455,5666.188303742382,3156.126756071279,2247.4808366473108,2247.4808366473108,0.2526769210179414,0.24267692101794142,0.36354632317945185,41.65155591325176,17.850666819965042,8.925333409982521,0.0036329052572545172,0.0004920813359238954,0.002992864439003262,0.002827938831294819,0,45,-45,-45,45,0
0.545373412492558,3.0,0.47286388041926536,65.3963792047848,0.21306348431057034,4927.305177161869,74665.31845338362,4969.770644106019,4721.282111900718,2741.7853598807696,1941.645877271231,1941.645877271231,0.31517590735671025,0.30517590735671024,0.34670572027061414,45.77746544334935,19.618913761435437,9.809456880717718,0.004728638804192654,0.0006131021254791801,0.003947649734038091,0.0035777625135266955,0,60,-60,-60,60,0
0.5540091170208299,3.0,0.1749673949075238,23.55441898492029,0.21284525309074406,1767.8116392875306,76735.1773663549,4839.452803574698,4597.480163395963,2658.4640602793493,1986.7748830960559,1986.7748830960559,0.2751445949423007,0.2651445949423007,0.30778605143037135,16.4880932894442,7.0663256954760865,3.5331628477380432,0.001749673949075238,0.0002148700746559234,0.0014601497281379605,0.0013290241160404408,0,60,-60,-60,60,0
0.4519046063390971,3.0,0.3362690043131842,36.42382083876976,0.2744404225526756,2865.439026674233,58930.51265836458,3829.9840143283404,3638.484813611923,2237.747919740983,1505.3219507117574,1505.3219507117574,0.26252071277433936,0.25252071277433935,0.3332237968499116,25.496674587138827,10.927146251630926,5.463573125815463,0.0033626900431318416,0.00043265658887017735,0.002853052704855011,0.002441549862527798,0,0,90,90,0,0
0.6289818563831133,3.0,0.17239349361226342,27.016670470654475,0.19624445517454114,1961.4406850896248,85661.7744026538,5592.056589292171,5312.453759827563,3159.626823246273,2215.596985046107,2215.596985046107,0.24827739140676597,0.23827739140676596,0.35322096748938164,18.91166932945813,8.105001141196341,4.052500570598171,0.0017239349361226342,0.00022077139379069702,0.0014493775253841363,0.0012825883553028389,0,45,-45,-45,45,0
0.5444379993715326,3.0,0.36487784973876053,50.22754059150392,0.20399855540610495,3786.006557640736,71861.83573030852,5048.862269586369,4796.41915610705,2609.7806734921837,1849.8137108850246,1849.8137108850246,0.2846277733641521,0.2746277733641521,0.35612719608684607,35.15927841405274,15.068262177451174,7.534131088725587,0.003648778497387605,0.0004892621800812685,0.002984486676972801,0.0028868828577246156,45,-45,45,-45,45,-45
0.48985372321303877,3.0,0.08273663041641294,10.418887485886396,0.23337167249191532,805.2236629882254,67213.35942257172,4578.425443705408,4349.504171520137,2430.7422737501493,1702.212452767439,1702.212452767439,0.31388810594591415,0.30388810594591414,0.3112831875746276,7.293221240120476,3.1256662457659186,1.5628331228829593,0.0008273663041641294,0.00010850850638587858,0.0006826945822746121,0.000642944807337316,45,-45,45,-45,45,-45
0.5115616359744358,3.0,0.08986440995044737,12.059333272859385,0.20181379331439447,922.7172727362447,69658.21123795398,4962.917896818436,4714.772001977514,2501.366934109559,1680.1872475579698,1680.1872475579698,0.26527694562236254,0.2552769456223625,0.3027955422173383,8.44153329100157,3.6177999818578153,1.8088999909289076,0.0008986440995044737,0.00012118504252377522,0.000728966317209694,0.0007231645890341325,0,0,90,90,0,0
0.47856452287928414,3.0,0.28224434728403486,33.26965091705321,0.1943186411293405,2584.775872423561,62352.869463834504,4220.220053229496,4009.209050568021,2361.258494885785,1680.373454770387,1680.373454770387,0.2640944167079394,0.25409441670793936,0.3460136279449786,23.288755641937247,9.980895275115964,4.990447637557982,0.0028224434728403485,0.00037349934080331353,0.002365017735859093,0.002113469426734396,45,-45,45,-45,45,-45
0.5082693909853052,3.0,0.4220250448376407,53.90344488584837,0.2414989937383522,4130.653611340473,69818.54572140684,4569.884612880302,4341.390382236286,2557.7111491734263,1737.4296609877545,1737.4296609877545,0.2828849686321812,0.2728849686321812,0.35751116643587577,37.73241142009386,16.171033465754512,8.085516732877256,0.004220250448376407,0.0005404353675691765,0.003538608703636885,0.003161231374969862,0,30,60,-60,-30,0
0.5895296540227112,3.0,0.21366558790007933,30.047202895409363,0.2604069196835622,2219.606114641986,77890.65360793148,4961.210261913532,4713.149748817856,2920.0908959475705,2150.2711021533246,2150.2711021533246,0.26030649923239646,0.25030649923239645,0.3530546009762525,21.033042026786553,9.014160868622808,4.507080434311404,0.0021366558790007935,0.0002700329378754217,0.0018169278044559349,0.0015434726503090086,0,30,-30,-30,30,0
0.5812979676701738,3.0,0.11010917776048433,15.996857664467063,0.24158673538089462,1186.0253063386683,78745.30134257703,5265.706032463157,5002.420730839998,2821.7308040822345,2054.454110452403,2054.454110452403,0.2586266113742432,0.2486266113742432,0.3236062567275031,11.197800365126943,4.799057299340118,2.399528649670059,0.0011010917776048434,0.00014220277494921937,0.0009113796459114615,0.0008503747580026522,45,-45,45,-45,45,-45
0.46902343785467937,3.0,0.5252617633399037,62.52124164895041,0.18301794013082795,4879.081903985843,61478.68585143581,4336.922592448951,4120.076462826503,2290.8760325917583,1656.105817374162,1656.105817374162,0.3147987858824328,0.3047987858824328,0.3079501849148565,43.764869154265284,18.75637249468512,9.37818624734256,0.005252617633399037,0.0007118706027650585,0.00432481145209785,0.004093711800167837,0,45,-45,90,-45,45
0.6220600806941482,3.0,0.45702468705544963,68.30689295610529,0.27367672143613286,4974.155247007358,85006.39378341925,5332.321322439498,5065.705256317522,3007.7739627575083,2132.112759830735,2132.112759830735,0.31061943580972695,0.30061943580972694,0.3136625676206689,47.814825069273695,20.492067886831585,10.246033943415792,0.004570246870554497,0.0005624850430791963,0.003842991944352036,0.0034065172683462866,45,-45,45,-45,45,-45
0.4911277310070401,3.0,0.4300629776524612,55.634992950846396,0.2497150377638816,4297.211465159813,66031.12347377808,4817.088670521575,4576.234236995497,2380.9836897853247,1660.329588536493,1660.329588536493,0.2671888876550045,0.25718888765500447,0.372918392368615,38.94449506559248,16.69049788525392,8.34524894262696,0.004300629776524612,0.0005897899810997143,0.0034648517033519207,0.003504958466716497,0,45,-45,-45,45,0
0.5648548962352686,3.0,0.41076147851349537,62.6433960754986,0.197772969675095,4678.675835426786,76699.24791354513,5620.569387476685,5339.54091810285,2868.3436336317222,1971.4128259169984,1971.4128259169984,0.2724334140236349,0.2624334140236349,0.3653874286905644,43.850377252849015,18.79301882264958,9.39650941132479,0.0041076147851349535,0.0005717184776345769,0.0033436147705111015,0.0032759357355755525,0,45,-45,-45,45,0
0.5629066710618381,3.0,0.35145940028638445,49.998194890251646,0.23135391778700737,3737.500956213588,77812.40156776206,5070.38142733356,4816.862355966882,2876.5142141408014,1987.945168838414,1987.945168838414,0.2882296190092138,0.2782296190092138,0.31078730621185874,34.99873642317615,14.999458467075494,7.499729233537747,0.0035145940028638444,0.0004497835270216906,0.0029582505146882984,0.0026072282892500406,0,60,-60,-60,60,0
0.5039219289617467,3.0,0.06644178649578354,8.168126601972503,0.263449609872995,627.1821552936678,68689.07250324058,4318.75018425092,4102.8126750383735,2582.0143116991626,1782.503231555511,1782.503231555511,0.2775279008462345,0.2675279008462345,0.36136126947824093,5.717688621380752,2.450437980591751,1.2252189902958754,0.0006644178649578354,8.324014887682471e-05,0.0005673951666682882,0.000474520603834139,0,60,-60,-60,60,0
0.4700440075491889,3.0,0.32103244029860845,40.11305112425686,0.26822672303928324,3128.87870191549,63351.69558696076,4657.062214029139,4424.209103327682,2296.4137910227846,1674.870466397291,1674.870466397291,0.30237326735366177,0.29237326735366176,0.36225790924695017,28.0791357869798,12.033915337277058,6.016957668638529,0.0032103244029860847,0.00044322627084915996,0.0025840142957561448,0.0026201539514177346,0,90,90,90,90,0
0.5807814019379705,3.0,0.24657312927340788,36.80495025641014,0.19777148708943315,2729.388261183202,78368.83490932654,5406.851318766245,5136.508752827932,2908.501071672227,2098.1653724322423,2098.1653724322423,0.2846842233739464,0.2746842233739464,0.35094200160840244,25.763465179487095,11.04148507692304,5.52074253846152,0.002465731292734079,0.0003287463085204171,0.0020421284821722317,0.0018981401080548333,45,-45,45,-45,45,-45
0.6364781962365493,3.0,0.08211980033579104,13.316514052685594,0.25861725535739477,963.6471611183226,85523.93815678667,5757.503517841775,5469.628341949686,3319.624669006685,2259.3729062246553,2259.3729062246553,0.3136549760628709,0.3036549760628709,0.3758924688125771,9.321559836879915,3.994954215805678,1.997477107902839,0.0008211980033579104,0.00010899357580787704,0.0006938691749689463,0.000601717756393386,90,45,0,0,45,90
0.5933899815920634,3.0,0.05982429921127731,8.9527671380969,0.2595616688321819,660.2170160199744,79835.95934105027,5483.90992127169,5209.714425208105,2839.169266143864,2173.1158627809878,2173.1158627809878,0.30764813111666706,0.29764813111666705,0.32347396730946215,6.26693699666783,2.68583014142907,1.342915070714535,0.0005982429921127731,7.849767258255366e-05,0.0004897655468429431,0.00047299577616887595,45,-45,45,-45,45,-45
0.5560063062198646,3.0,0.1653353363928687,23.31743490243678,0.2030719345903994,1748.452965331722,74699.1984807265,5055.17767298908,4802.418789339626,2816.6334945617946,2009.5237624789102,2009.5237624789102,0.30972414507418033,0.2997241450741803,0.31280475193549784,16.322204431705746,6.995230470731034,3.497615235365517,0.001653353363928687,0.00021850575057933344,0.0013837753929220097,0.0012417715127362242,0,45,-45,90,-45,45
0.47694152656546646,3.0,0.29990378244408783,36.268751884735465,0.2248458014094973,2819.914572016495,63563.29913919992,4328.720569965167,4112.284541466908,2424.9613830280623,1667.3634550949762,1667.3634550949762,0.31472770177650666,0.30472770177650665,0.3230655350469693,25.388126319314825,10.880625565420639,5.440312782710319,0.0029990378244408784,0.00039941486145513483,0.0025135892672111648,0.0022434636777254454,45,45,-45,-45,45,45
0.5502343329017827,3.0,0.3037207456010296,40.567852354654796,0.2995841085510823,3049.8920461905977,73835.24779641017,4787.4529519495845,4548.0803043521055,2661.2428408566884,1905.6334110162209,1905.6334110162209,0.28282914952326266,0.27282914952326265,0.33418413902651123,28.397496648258354,12.170355706396439,6.0851778531982195,0.0030372074560102956,0.00038460623476960855,0.0025421358347637295,0.0022865924746797335,0,30,-30,-30,30,0
0.45840200826087346,3.0,0.4146620868683712,47.15173960619164,0.2541270989293464,3698.056143040444,63568.16839234978,4050.136068058513,3847.629264655587,2300.3832705484137,1629.9959731668744,1629.9959731668744,0.2461875201804623,0.2361875201804623,0.36283524485021346,33.00621772433415,14.145521881857492,7.072760940928746,0.004146620868683712,0.0005192255583111365,0.003492604111110355,0.0030746011029903694,45,45,-45,-45,45,45
0.5634948996912832,3.0,0.4307838216237931,59.671033313408174,0.24784985779426486,4459.395394900785,74279.07568715513,5012.335700578017,4761.718915549116,2702.168007695946,1976.7442935095748,1976.7442935095748,0.26122005157340944,0.25122005157340943,0.3545035491833082,41.76972331938572,17.90130999402245,8.950654997011226,0.004307838216237931,0.0005623349904798135,0.00357145072943899,0.0033123976642159894,0,30,-30,-30,30,0
0.48438173916582977,3.0,0.10652596317995815,13.304352401907217,0.28818120694352845,1030.8424770786892,65011.63829911798,4441.404248145722,4219.334035738436,2548.2056375336288,1679.0205420660825,1679.0205420660825,0.30398860359265567,0.29398860359265566,0.3143948633261878,9.31304668133505,3.9913057205721647,1.9956528602860824,0.0010652596317995814,0.00014325199187391346,0.0008986585092402989,0.0007831600522702107,0,45,-45,-45,45,0
0.5800653883042072,3.0,0.08709710618930251,13.065305072071434,0.21762339946051612,969.2080729107986,80379.40452215975,5312.274928534971,5046.661182108222,3089.1379214936387,1993.3118722988647,1993.3118722988647,0.3079241409536762,0.2979241409536762,0.32578813979483695,9.145713550450003,3.91959152162143,1.959795760810715,0.0008709710618930251,0.00011378180274934267,0.0007378367223743035,0.0006344151056431719,0,30,-30,-30,30,0
0.62856012848156,3.0,0.3284707116864968,50.745106177975906,0.23435363806517534,3684.8287560110707,83224.57937942479,5624.375899970955,5343.157104972407,2971.500427349305,2189.2604710745104,2189.2604710745104,0.2867765377108274,0.2767765377108274,0.36322858035826744,35.521574324583135,15.223531853392771,7.6117659266963855,0.0032847071168649678,0.0004268159069046009,0.002706705974874721,0.002561590049470859,45,-45,45,-45,45,-45
0.5200021964688255,3.0,0.3706817458693711,49.3641212368639,0.20907812627106864,3762.5054612430026,71033.90397569055,4839.805985631277,4597.815686349712,2572.9792154077604,1830.7061438304022,1830.7061438304022,0.3012079048951922,0.2912079048951922,0.356151992634471,34.55488486580473,14.80923637105917,7.404618185529585,0.003706817458693711,0.0004864562262779505,0.0030598822380537094,0.0028778383211137274,45,-45,45,-45,45,-45
0.45443859023763084,3.0,0.19831117826629643,22.72928279231802,0.24090605929433306,1785.9621941857229,60157.645472299395,4071.9914622044366,3868.3918890942145,2343.085027426816,1585.9459195748957,1585.9459195748957,0.30706234208487493,0.2970623420848749,0.3226870057153528,15.910497954622613,6.818784837695406,3.409392418847703,0.0019831117826629645,0.00026448006449901484,0.001674557744284648,0.0014550869383480759,0,45,-45,90,-45,45
0.5767841328169471,3.0,0.4191003792360585,62.710023506773105,0.24679060748681,4658.747402380252,76693.47610695005,5576.536746151274,5297.70990884371,2748.671671838655,2121.6732792401294,2121.6732792401294,0.2907745975235197,0.2807745975235197,0.3048451290572202,43.89701645474117,18.81300705203193,9.406503526015966,0.004191003792360585,0.0005723696288524751,0.003373600481520362,0.003422199756482272,0,30,60,-60,-30,0
0.5694297485803443,3.0,0.2917863551439862,41.30451862538035,0.24616415545848702,3078.6178943911673,79674.22701729841,4947.409394790934,4700.038925051387,3016.62302379724,2016.1462691893191,2016.1462691893191,0.2658751733851959,0.2558751733851959,0.3258439633874572,28.91316303776624,12.391355587614104,6.195677793807052,0.0029178635514398622,0.0003628922942859399,0.0025046149608441153,0.0020538455567471296,0,90,90,90,90,0
0.6026537892611705,3.0,0.326792741922521,48.272759678031576,0.22176186013484736,3545.316804121928,80963.8706844746,5209.001373528051,4948.551304851648,3073.0965618982013,2096.1622851467337,2096.1622851467337,0.27801385606773643,0.2680138560677364,0.32135796668842426,33.7909317746221,14.481827903409473,7.240913951704736,0.00326792741922521,0.00041735815603862614,0.002780154364520919,0.002356227279507333,45,45,-45,-45,45,45
0.5024824545819208,3.0,0.24150635588951813,29.282057041849534,0.28122842468615505,2249.888120877127,67759.11743220993,4294.449246607524,4079.726784277148,2489.3318974290232,1793.448887261976,1793.448887261976,0.2640449198859824,0.2540449198859824,0.3211508963279449,20.49743992929467,8.78461711255486,4.39230855627743,0.0024150635588951813,0.00030250452936907683,0.0020455747892455414,0.0017644527677541902,0,60,-60,-60,60,0
0.5313119669620271,3.0,0.40769964084488347,56.75385510097979,0.29613053739505757,4303.488535076092,71350.23309493314,5081.320929875671,4827.254883381887,2669.6199649331916,1843.0699357871483,1843.0699357871483,0.27910763934036925,0.26910763934036924,0.35854651085392336,39.72769857068585,17.026156530293935,8.513078265146968,0.004076996408448835,0.0005567984412584501,0.003350734339606164,0.0031888727148322816,90,45,0,0,45,90
0.49028899657044056,3.0,0.2310779031680553,27.989716530830915,0.18672643687638102,2162.7485602265174,65939.47157473165,4362.784116966562,4144.644911118234,2386.82738474426,1872.1299326860483,1872.1299326860483,0.24272591370720142,0.23272591370720142,0.3055628374007595,19.59280157158164,8.396914959249274,4.198457479624637,0.002310779031680553,0.0002971331298792164,0.001924668911898313,0.001759011777081017,0,60,-60,-60,60,0
0.5839734175182489,3.0,0.106744866751711,15.828023863442908,0.23999984339306396,1172.1127672867588,77969.90728784591,5460.87242880778,5187.828807367391,2785.799745784064,1975.335092946449,1975.335092946449,0.2715554190985059,0.2615554190985059,0.3554180963026828,11.079616704410036,4.7484071590328725,2.3742035795164362,0.00106744866751711,0.00014210119121351253,0.0008695327021344732,0.0008522520626651203,0,45,-45,-45,45,0
0.45683648855332953,3.0,0.16117264976533985,18.879040942275687,0.25532153252104023,1481.752836570019,59295.8414273801,4258.721037724521,4045.7849858382947,2268.2705283872397,1654.4207615718178,1654.4207615718178,0.3042119949155986,0.2942119949155986,0.33036164679421604,13.21532865959298,5.663712282682706,2.831856141341353,0.0016117264976533985,0.00022287108744005018,0.001329909198680195,0.001248464901298536,0,30,60,-60,-30,0
0.627439252187296,3.0,0.37502637059516025,58.894884319127684,0.22256019275357888,4278.71005105619,83833.68200249026,5672.939495484664,5389.292520710431,3076.6432829921205,2176.232968873867,2176.232968873867,0.27861526322195856,0.26861526322195856,0.33403363427068294,41.226419023389376,17.668465295738304,8.834232647869152,0.0037502637059516025,0.0004917643844172889,0.003114516787954709,0.002871386714444717,90,45,0,0,45,90
0.5670326757011437,3.0,0.372485374233401,52.39565700657663,0.23105750590256247,3909.4829529918698,76914.89030717565,4937.642002191462,4690.759902081889,2965.1184731690305,2108.6801153448373,2108.6801153448373,0.26085488888112823,0.2508548888811282,0.318556223992922,36.676959904603635,15.718697101972987,7.8593485509864935,0.00372485374233401,0.0004768512281318552,0.003183442034679022,0.0026506018636707814,0,60,-60,-60,60,0
0.4853774533025966,3.0,0.2504058752687638,32.55086215159013,0.262733305716976,2520.925868382835,65196.72079823805,4830.810389963962,4589.269870465763,2404.394536320506,1647.2417377908466,1647.2417377908466,0.28861546491890633,0.2786154649189063,0.3090023662634023,22.78560350611309,9.765258645477038,4.882629322738519,0.002504058752687638,0.0003494900238407217,0.0020214535154938853,0.002030710538134272,0,60,-60,-60,60,0
0.4634709083327992,3.0,0.2819803889311826,33.58787776615442,0.22408152970059522,2627.989709863602,65150.438381177206,4308.999751905087,4093.549764309832,2322.5914517086603,1734.2781695538608,1734.2781695538608,0.2495337067864678,0.2395337067864678,0.31027075826991113,23.511514436308094,10.076363329846325,5.0381816649231626,0.002819803889311826,0.0003608803719592602,0.0023384460222796214,0.002169207012803188,0,45,-45,-45,45,0
0.4509012195120007,3.0,0.566004930390711,59.59823220538464,0.26356566792781283,4690.776983222228,58642.177170419905,3760.0337003711943,3572.0320153526345,2116.6933880475317,1643.214488707169,1643.214488707169,0.2774587628525991,0.26745876285259906,0.30862953747250366,41.718762543769245,17.879469661615392,8.939734830807696,0.00566004930390711,0.0007114122387122572,0.0047551354818576,0.004223443452551168,90,45,0,0,45,90
0.6422936408966875,3.0,0.27710233295039277,45.840890529637726,0.2734439524966431,3308.9128455694145,88635.30986815102,6061.015893596832,5757.96509891699,3138.9841244620766,2228.128607142559,2228.128607142559,0.3064649155791745,0.2964649155791745,0.31160904642558074,32.088623370746404,13.752267158891318,6.876133579445659,0.0027710233295039277,0.0003620297984909137,0.00226897064787768,0.002190560164309213,45,45,-45,-45,45,45
0.526659297385806,3.0,0.15600953385016297,20.99672556142029,0.21377991072657004,1595.5012239817695,70227.68617444877,4880.6374291830625,4636.605557723909,2616.5845235213565,1823.6611031966186,1823.6611031966186,0.2643606565198003,0.2543606565198003,0.375316868404341,14.697707892994202,6.299017668426087,3.1495088342130435,0.0015600953385016298,0.00020928651780559063,0.0012906137281909174,0.0012036717353867423,45,-45,45,-45,45,-45
0.6422414093064535,3.0,0.04477065792465055,7.06945517218682,0.22200071451103903,510.3029180584494,87069.80625105332,5633.701427555157,5352.016356177399,3183.064857248434,2247.5017217622694,2247.5017217622694,0.2928814293632096,0.2828814293632096,0.31165870936380524,4.948618620530774,2.120836551656046,1.060418275828023,0.0004477065792465055,5.6835071003398596e-05,0.00037645526283710417,0.00033314378543473666,0,60,-60,-60,60,0
0.5605049105705162,3.0,0.05299770481096466,7.670815407616035,0.20918386568159322,574.0326644203227,72799.79894374144,5277.148011302382,5013.290610737263,2786.2149015216855,2082.4827087730177,2082.4827087730177,0.3194964208811623,0.3094964208811623,0.33503627231209543,5.3695707853312244,2.3012446222848104,1.1506223111424052,0.0005299770481096466,7.375804415999481e-05,0.0004360773314214606,0.00041296969250792363,0,30,-30,-30,30,0
0.5063511134102341,3.0,0.2682095846562857,35.039993224486125,0.25501766560838574,2687.506252498779,70026.90061945138,4736.201186469355,4499.391127145887,2537.7547376041966,1921.2343309406924,1921.2343309406924,0.3062437553571748,0.2962437553571748,0.32808001496925954,24.527995257140287,10.511997967345836,5.255998983672918,0.002682095846562857,0.00035026532718381004,0.002219499880490107,0.0020711217304769645,0,30,-30,-30,30,0
0.5880703435023998,3.0,0.3662858347215062,53.090593710408655,0.23908834875307342,3924.374437089951,79628.08261990512,5184.128315536731,4924.921899759895,2904.135519168064,2011.0204506014418,2011.0204506014418,0.30254124862200826,0.29254124862200825,0.3305252385738302,37.163415597286054,15.927178113122595,7.963589056561298,0.0036628583472150624,0.00046671242574910485,0.0030722962750341564,0.0027421547665387857,0,30,60,-60,-30,0
0.48352725714238937,3.0,0.35809060334718407,48.12919658574644,0.22939176385027374,3730.6089815754735,62957.48032022353,4957.075632620517,4709.221850989491,2535.890161265812,1772.7563540118356,1772.7563540118356,0.304030045668354,0.294030045668354,0.31015045327441515,33.69043761002251,14.438758975723932,7.219379487861966,0.0035809060334718408,0.0005351300185245865,0.0029127574493131147,0.0028468817767163656,0,90,90,90,90,0
0.5330567050143319,3.0,0.07154914772804033,9.71894031976317,0.1917074875537911,736.3759495764907,73951.93262207917,4965.659418513781,4717.376447588092,2587.6796849418974,1846.809504540713,1846.809504540713,0.31579105502216087,0.30579105502216086,0.34304002410500106,6.803258223834219,2.915682095928951,1.4578410479644754,0.0007154914772804033,9.199567857950788e-05,0.0005871691652992208,0.0005633777072362839,90,45,0,0,45,90
0.4868967922280986,3.0,0.24315890745079524,28.86457459917456,0.244869722476045,2233.8614696149707,64750.52119011956,4271.876212549124,4058.2824019216673,2343.7919730188432,1610.458577188209,1610.458577188209,0.2910540642376782,0.2810540642376782,0.34500280635664143,20.20520221942219,8.659372379752368,4.329686189876184,0.0024315890745079524,0.00031204694337665583,0.0020270653803859,0.0018472996920027315,0,0,90,90,0,0
0.4748659415990299,3.0,0.43957190005822755,52.6288120749595,0.25848183826090343,4095.883782158901,61351.80146263702,4219.677254364025,4008.693391645824,2506.0265240318195,1695.1472566620469,1695.1472566620469,0.2487630282537856,0.2387630282537856,0.31667016853345975,36.840168452471644,15.788643622487848,7.894321811243924,0.004395719000582276,0.0006004741111784166,0.003741670907688284,0.003150134978836197,0,45,-45,-45,45,0
0.6151580478364044,3.0,0.047349397114547165,7.277628529342596,0.2640787104602826,531.5649710139614,82240.02230507016,5537.0539750753405,5260.2012763215735,3030.407825269141,2139.6408729341465,2139.6408729341465,0.317113350265602,0.307113350265602,0.31209863303524493,5.094339970539817,2.183288558802779,1.0916442794013894,0.00047349397114547167,6.194477856100663e-05,0.0003943050887043361,0.0003602301546012001,45,-45,45,-45,45,-45
0.5520933280093655,3.0,0.3630434827902525,50.83550045948591,0.2097979317173812,3818.611941014118,74268.1673417826,5001.192431331471,4751.1328097648975,2821.6315738091625,1952.0211825743784,1952.0211825743784,0.3051847294794085,0.2951847294794085,0.33319181741159315,35.58485032164013,15.25065013784577,7.625325068922885,0.0036304348279025253,0.00047914000836830157,0.0030494027868840827,0.0027024524178501466,0,30,-30,-30,30,0
0.6273756548054041,3.0,0.05192857507967759,8.295056196711645,0.18412473605116114,602.6520754122187,86556.80888669385,5790.663367960496,5501.130199562471,3101.442635602233,2157.3387691789235,2157.3387691789235,0.2903254952112141,0.2803254952112141,0.31473942480491046,5.806539337698151,2.4885168590134934,1.2442584295067467,0.0005192857507967759,6.708356526058085e-05,0.0004297464212446463,0.00040118698802408723,0,30,-30,-30,30,0
0.5106232682487147,3.0,0.15635618402018048,19.941691090180726,0.23602952725478304,1526.4917769557217,71912.25075524377,4464.309364312478,4241.093896096853,2705.393165229265,1811.3707149398363,1811.3707149398363,0.25032989437761505,0.24032989437761504,0.3094788925730064,13.959183763126507,5.9825073270542175,2.9912536635271088,0.0015635618402018048,0.00019411412682155017,0.001340074542073217,0.0011056631997048824,0,90,90,90,90,0
0.520704034293842,3.0,0.501959500777776,63.19610716418068,0.20815227589355922,4815.22611724587,68572.04208081115,4494.903239594749,4270.158077615011,2535.312823997813,1899.1534156702091,1899.1534156702091,0.2876822152753961,0.2776822152753961,0.3215900514093458,44.237275014926475,18.958832149254203,9.479416074627101,0.005019595007777759,0.0006451211553944024,0.00421785100561219,0.0037389532308993194,0,60,-60,-60,60,0
0.4869875711222521,3.0,0.08862799297950924,10.896000326169426,0.19136224624959733,843.2180163822372,65821.05709290458,4475.481340009495,4251.70727300902,2365.9138070371487,1666.301645644404,1666.301645644404,0.2683557320019078,0.2583557320019078,0.3299926895585867,7.627200228318598,3.268800097850828,1.634400048925414,0.0008862799297950924,0.00011587781426167342,0.00073037956132868,0.0006908113237532458,90,45,0,0,45,90
0.6241271737958907,3.0,0.048546781270869706,7.48819485963019,0.28017242519570246,544.803488887079,83854.84058188107,5497.176349164357,5222.317531706139,3120.77557405548,2151.43180319941,2151.43180319941,0.26075804970665617,0.25075804970665616,0.33302148393936803,5.241736401741133,2.246458457889057,1.1232292289445285,0.00048546781270869706,6.250964601885775e-05,0.0004086567930880639,0.0003599198988490161,0,60,-60,-60,60,0
0.5340609399757617,3.0,0.44785934599896976,59.601542777784466,0.22701053288610173,4513.775549950684,71621.88174463861,4718.2588843786125,4482.345940159682,2731.280428113753,1762.9691281765793,1762.9691281765793,0.2794850945239164,0.2694850945239164,0.33118868305642335,41.72107994444912,17.88046283333534,8.94023141666767,0.004478593459989698,0.0005825186231939826,0.0037896315720476136,0.0032732748071723546,0,45,-45,-45,45,0
0.48751956239419275,3.0,0.329475244509004,40.221804905414054,0.2923694738713862,3111.9102241336227,64266.73699623528,4338.2624555820175,4121.349332802916,2493.534187295046,1671.2927468664252,1671.2927468664252,0.29240282040806875,0.28240282040806874,0.3171317671095971,28.155263433789834,12.066541471624216,6.033270735812108,0.00329475244509004,0.00043810009267218836,0.0027814226536935923,0.0024195660787618566,90,45,0,0,45,90
0.5664880321746149,3.0,0.3318327573589645,45.109319055639766,0.2225551728826131,3366.6363761129546,75232.16888932376,4967.023645144015,4718.672462886814,2590.198355827617,1921.9999943864368,1921.9999943864368,0.284115324182891,0.274115324182891,0.353811429193985,31.576523338947833,13.532795716691929,6.7663978583459645,0.0033183275735896452,0.000419721028984303,0.0027245281447214765,0.0026123087612662673,0,30,-30,-30,30,0
0.5997857640180089,3.0,0.09367005805669032,13.554662252872474,0.2048102074371741,996.7605518181063,81897.01926342354,5138.584069874194,4881.654866380484,2948.4830287641867,2097.499833483104,2097.499833483104,0.2650240099119611,0.2550240099119611,0.3793429638439396,9.48826357701073,4.066398675861742,2.033199337930871,0.0009367005805669032,0.00011585603068765573,0.0007913461413819582,0.0006895747128593976,0,0,90,90,0,0
0.481452065337417,3.0,0.5220015942063816,59.8462057250682,0.21582438747581612,4643.303683469643,66308.88489886452,4022.357135680788,3821.239278896748,2411.89247947324,1668.9751468272123,1668.9751468272123,0.3009229129040413,0.29092291290404126,0.3010406528517897,41.89234400754774,17.95386171752046,8.97693085876023,0.005220015942063816,0.0006317757276636861,0.0044635175624408475,0.003721944877377287,0,60,-60,-60,60,0
0.49946704134347764,3.0,0.05877051896190177,7.437453762445445,0.26448096169909474,572.2525910983311,65201.61590006472,4589.82970268985,4360.338217555357,2461.5508221572704,1722.9963057171078,1722.9963057171078,0.2688957925917159,0.2588957925917159,0.3132212665793794,5.206217633711812,2.2312361287336335,1.1156180643668168,0.0005877051896190176,7.984798477527677e-05,0.0004861261252080937,0.0004532175628163972,0,30,-30,-30,30,0
0.4950928992060922,3.0,0.1451934221424409,18.063939095491985,0.22066871145365557,1392.6879582003146,66569.21927817236,4426.338814856388,4205.021874113569,2530.8616256525943,1692.769945170552,1692.769945170552,0.3025359615494962,0.2925359615494962,0.3240813370366308,12.64475736684439,5.419181728647596,2.709590864323798,0.0014519342214244092,0.00018994901102874326,0.0012243034153777087,0.0010706199172880965,0,60,-60,-60,60,0
0.6285843170086945,3.0,0.2878132835310931,45.30210248100825,0.20658172381152146,3289.5532851100575,85678.87778644863,5740.168524473257,5453.160098249594,3014.364893159108,2193.841385820002,2193.841385820002,0.2648828600960762,0.2548828600960762,0.30029755400539204,31.71147173670577,13.590630744302475,6.795315372151237,0.002878132835310931,0.00037012006408096773,0.002367636191578471,0.002254310812726334,0,0,90,90,0,0
0.6494616200891317,3.0,0.4222472080533577,67.80176877570287,0.20880720816447318,4878.958933565293,88230.89847604262,5774.391411306251,5485.671840740938,3174.6086346307607,2208.060435256735,2208.060435256735,0.31997530754410064,0.30997530754410063,0.3613863927420296,47.461238142992,20.34053063271086,10.17026531635543,0.004222472080533577,0.0005379208300352871,0.0035225410236105793,0.0032036280647042134,0,60,-60,-60,60,0
0.5809886568381772,3.0,0.05299196152619375,7.412499288955166,0.20331256287919192,549.6467964815745,78521.54941152073,4951.19721793252,4703.637357035894,2876.087346176715,2044.0797832376995,2044.0797832376995,0.2926355313779733,0.2826355313779733,0.352463507928003,5.188749502268616,2.22374978668655,1.111874893343275,0.0005299196152619375,6.60805796772436e-05,0.0004491337526674255,0.00038659288106160253,0,60,-60,-60,60,0
0.6287528861066257,3.0,0.38446459464732224,62.088264887366705,0.29595829157798514,4508.1275601194975,86597.91904960418,5783.0964504633885,5493.9416279402185,3230.512700506557,2164.051905972392,2164.051905972392,0.25211419060083723,0.24211419060083722,0.3254055462324348,43.46178542115669,18.62647946621001,9.313239733105005,0.0038446459464732225,0.0005018802518367829,0.0032208488351802445,0.0028828983497401674,45,45,-45,-45,45,45
0.5862945263971608,3.0,0.35652749235133757,54.08594118833834,0.1815951212814763,4001.100222738876,78304.76384814465,5453.726248154273,5181.039935746559,3012.7373873606734,2092.6806231455425,2092.6806231455425,0.3008294081767577,0.2908294081767577,0.30327554897617437,37.860158831836834,16.2257823565015,8.11289117825075,0.003565274923513376,0.0004834975162591451,0.002975173600250445,0.002692863710022232,0,60,-60,-60,60,0
0.48930356367846395,3.0,0.42091438247891305,51.77365308307302,0.18267830773829377,4002.347555202948,64061.707601865404,4498.64892369408,4273.716477509375,2346.6123203377747,1686.887375000058,1686.887375000058,0.2603963189090786,0.2503963189090786,0.3053169844110404,36.24155715815111,15.532095924921906,7.766047962460953,0.0042091438247891305,0.0005657288654150049,0.003452613482042443,0.0033094720824371608,45,45,-45,-45,45,45
0.5020697406347657,3.0,0.24735653383000186,33.225249884184585,0.23412979376170823,2553.349327618142,66633.18023073403,4976.222540659831,4727.411413626839,2501.5903973073805,1686.9664435222783,1686.9664435222783,0.24330470919998723,0.23330470919998722,0.30926291402170447,23.257674918929208,9.967574965255375,4.983787482627688,0.0024735653383000187,0.00034904044559172623,0.0020030404355536936,0.0019922476069591777,0,60,-60,-60,60,0
0.46930289414240484,3.0,0.08086666287285556,9.813782522410444,0.1874092256410593,765.7554912824646,62732.52987755753,4354.409949505513,4136.689452030238,2421.3597527645147,1659.0279418269297,1659.0279418269297,0.28917652052308584,0.27917652052308584,0.35787948425709076,6.8696477656873105,2.944134756723133,1.4720673783615665,0.0008086666287285555,0.00010950694606284191,0.0006761271425666912,0.0006079507089687428,45,-45,45,-45,45,-45
0.6278625740615335,3.0,0.3415553050707219,52.50892797741976,0.2678811635562919,3814.0668860943447,86694.48379939789,5491.938378404619,5217.341459484387,3085.111691126033,2147.80540710694,2147.80540710694,0.2735234848305519,0.2635234848305519,0.307334853734885,36.75624958419383,15.752678393225928,7.876339196612964,0.0034155530507072192,0.00042397449034063125,0.0028683275936176845,0.002553015898668545,45,45,-45,-45,45,45
0.48386080631086625,3.0,0.19862470175307032,23.882833082669592,0.1828608014114922,1850.9283096642944,62825.91689091598,4365.276421051624,4147.012599999043,2331.5542932604976,1675.847926854533,1675.847926854533,0.2641070816165342,0.25410708161653417,0.35391014583426883,16.717983157868712,7.164849924800877,3.5824249624004385,0.001986247017530703,0.0002661001062172476,0.0016413278871065893,0.001536496479089361,0,60,-60,-60,60,0
0.45546858155409925,3.0,0.07237759738721437,8.440562840809253,0.2413587786968142,662.8985945394671,60185.336698523075,4235.534407794778,4023.757687405039,2260.8469859978877,1565.1202217110736,1565.1202217110736,0.2994116118177115,0.28941161181771147,0.3634452776832452,5.908393988566477,2.532168852242776,1.266084426121388,0.0007237759738721437,9.816999144097946e-05,0.0005978392827083995,0.0005600044735281218,0,0,90,90,0,0
0.6228735066218769,3.0,0.22440585678867178,34.73814178689919,0.2111518404960625,2528.7568068747205,85466.15199413095,5511.475872438541,5235.9020788166135,3137.068253457582,2143.7176401509746,2143.7176401509746,0.2598493504450854,0.24984935044508538,0.36776831578396896,24.316699250829434,10.421442536069756,5.210721268034878,0.002244058567886718,0.0002845184752497022,0.0018908624073244488,0.0016610162250348802,0,30,60,-60,-30,0
0.6489315354425181,3.0,0.3583191632747378,61.29087967309247,0.275202939232676,4411.450398811639,87858.01862191195,6294.677007343789,5979.943156976599,3223.1264412735495,2286.6829452264537,2286.6829452264537,0.28879288092447447,0.27879288092447446,0.31695186799215963,42.90361577116472,18.38726390192774,9.19363195096387,0.003583191632747378,0.0004883289703560932,0.0029210813963092834,0.0028523956842757933,0,30,-30,-30,30,0
0.4950570087415554,3.0,0.21999526424767302,27.549368542008253,0.23594896107496516,2124.027911569672,65639.43391429586,4618.1876165686635,4387.27823574023,2346.496949041222,1768.522473989165,1768.522473989165,0.28853800072005986,0.27853800072005985,0.30929706334082746,19.284557979405776,8.264810562602475,4.132405281301238,0.00219995264247673,0.00029379531219884145,0.0017896220874506763,0.0017610955270961413,0,45,-45,90,-45,45
0.6107777965686627,3.0,0.3521657249781279,52.15521851143009,0.20822003880456164,3816.794024572215,81764.89745482866,5268.079013708192,5004.6750630227825,3008.339734547867,2135.3178555174923,2135.3178555174923,0.27177325274693825,0.26177325274693825,0.3195008423907179,36.508652958001065,15.646565553429028,7.823282776714514,0.003521657249781279,0.000446507659086473,0.0029700704018893287,0.0026005316776132998,0,45,-45,-45,45,0
0.5573278947393826,3.0,0.38777089580313107,54.121648317253815,0.22627696941421627,4055.8888389724843,77679.46711357617,5053.081759743498,4800.4276717563225,2713.8744435970957,1841.5628685717509,1841.5628685717509,0.317867098581611,0.307867098581611,0.33866266208037454,37.88515382207767,16.236494495176142,8.118247247588071,0.0038777089580313106,0.0004877112991350119,0.003213186579431149,0.002991386453688612,45,-45,45,-45,45,-45
0.6438431810769352,3.0,0.20950242146285147,34.11369920010815,0.2953058551199228,2460.7627355078444,88857.76306089526,5998.396494748473,5698.476670011049,3051.5055504318393,2202.232011081651,2202.232011081651,0.26646503928424264,0.25646503928424264,0.32411152086904105,23.879589440075705,10.234109760032444,5.117054880016222,0.0020950242146285146,0.0002687394845142652,0.0017061409276616325,0.0016768951573075373,0,45,-45,-45,45,0
0.5153197454428836,3.0,0.4029096597252236,52.417317968911256,0.1941639528146892,4003.7919635984395,70769.24538030094,4667.472907230776,4434.099261869237,2588.300080774407,1781.71948784697,1781.71948784697,0.3158602979042614,0.3058602979042614,0.31012350028264085,36.69212257823788,15.725195390673376,7.862597695336688,0.004029096597252236,0.0005184755380824134,0.0033691026607379224,0.003037745798386807,0,45,-45,-45,45,0
0.4624153597473609,3.0,0.37809292838380093,42.70186659337287,0.22962352954230839,3342.744749740402,64068.43611277097,4086.7533040990943,3882.415638894139,2196.5548331464256,1647.0769792808555,1647.0769792808555,0.25076469735193907,0.24076469735193906,0.3636877052871661,29.891306615361007,12.810559978011861,6.405279989005931,0.0037809292838380092,0.00046655277432942796,0.0031346545839120304,0.002916057406056544,90,45,0,0,45,90
0.5667579826884259,3.0,0.07161264741382914,9.996816519566663,0.2378318537782623,746.000581248866,76080.33232643882,4913.731215002905,4668.044654252759,2919.9621862767094,1917.5467524856595,1917.5467524856595,0.2990038813859388,0.2890038813859388,0.3117777775140819,6.997771563696664,2.9990449558699988,1.4995224779349994,0.0007161264741382913,9.197871972576617e-05,0.0006103396430625125,0.0005135417455001582,90,45,0,0,45,90
0.5801710695808768,3.0,0.06599172795166391,9.864089216820632,0.26746100445733345,731.7016458054441,78351.34896123843,5382.489492262005,5113.3650176489045,2953.82151884005,2096.644453552542,2096.644453552542,0.2917655994249406,0.2817655994249406,0.36047943252175674,6.904862451774442,2.9592267650461896,1.4796133825230948,0.0006599172795166392,8.812691221424127e-05,0.0005497877458563448,0.0005009149581604143,45,-45,45,-45,45,-45
0.6399087695015805,3.0,0.10576379974175946,17.07748952747111,0.22198568557553366,1233.9714582700974,86058.94352304674,5800.353746830746,5510.336059489208,3206.307864821058,2192.383704208434,2192.383704208434,0.2677647917555485,0.2577647917555485,0.3119058161778077,11.954242669229775,5.123246858241332,2.561623429120666,0.0010576379974175946,0.0001389076158717706,0.0008832645527939778,0.0007989324597385874,0,45,-45,-45,45,0
0.648388763332028,3.0,0.3442362299772571,55.56740432495412,0.20258174624025113,4000.437282905248,86387.76377574453,5670.694251608662,5387.159539028228,3399.8486994825726,2208.767545497766,2208.767545497766,0.26098615492319777,0.25098615492319776,0.3340895040057888,38.89718302746788,16.670221297486236,8.335110648743118,0.0034423622997725714,0.0004502626451639811,0.002939714355567174,0.0024516122291005625,0,60,-60,-60,60,0
0.4690580273260143,3.0,0.466592109143488,54.222230992886736,0.2648347336393071,4231.368642331869,62503.07618555589,4079.623672114573,3875.642488508844,2451.507768084546,1641.1555360326925,1641.1555360326925,0.29308948520897277,0.28308948520897276,0.310728607720633,37.95556169502071,16.26666929786602,8.13333464893301,0.00466592109143488,0.0006072590984536538,0.003987296526651095,0.0033176866721853736,0,45,-45,90,-45,45
0.5043509097501848,3.0,0.22219674078214074,28.11386024502451,0.2782216071603193,2158.2705847569214,69844.32826444956,4537.367719797219,4310.499333807358,2517.913560610786,1723.6473246577557,1723.6473246577557,0.3080326838442748,0.2980326838442748,0.3272122567388608,19.679702171517157,8.434158073507353,4.217079036753677,0.0022219674078214073,0.00028176521502224877,0.001858821809109244,0.001674830741898349,45,45,-45,-45,45,45
0.4705553521676803,3.0,0.3467967715674571,39.532126448314045,0.2299201253907453,3082.827934263555,61202.30026405038,4053.1851073415655,3850.525851974487,2321.9900954380564,1626.2136592271397,1626.2136592271397,0.26093330645887264,0.25093330645887263,0.3080672470635522,27.67248851381983,11.859637934494213,5.929818967247106,0.003467967715674571,0.0004521478505616622,0.0029260045175367785,0.0025537658316877585,0,0,90,90,0,0
0.4711883092999516,3.0,0.3481585957793423,40.87061276022702,0.25269751587297545,3186.2632732097595,64658.149491083095,4149.888540594559,3942.394113564831,2424.8044640876965,1661.5858883567203,1661.5858883567203,0.285778946356961,0.275778946356961,0.33661521704880626,28.60942893215891,12.261183828068106,6.130591914034053,0.003481585957793423,0.00044247212698384435,0.002954581480473071,0.002528283003776395,45,45,-45,-45,45,45
0.5995352530924564,3.0,0.1569736511127293,22.891495251873252,0.28830365413069897,1683.5433662729702,80479.37898113058,5094.638849102126,4839.906906647019,3115.417805901924,2143.09662435419,2143.09662435419,0.2612989094881835,0.2512989094881835,0.30772751520733127,16.024046676311276,6.867448575561975,3.4337242877809877,0.001569736511127293,0.0001991074841676937,0.0013479755442865763,0.0011021713624657522,0,0,90,90,0,0
0.6468464124083357,3.0,0.16679370676726163,27.279842522730657,0.21563718102837215,1965.2538218080724,87030.60247668935,5862.842319831773,5569.700203840184,3265.0692896207793,2314.866506801403,2314.866506801403,0.31742193043794265,0.30742193043794264,0.3741852419607239,19.09588976591146,8.183952756819197,4.091976378409599,0.0016679370676726164,0.00021941580573369215,0.0013959019039512606,0.001253258664806118,90,45,0,0,45,90
0.4736878170568493,3.0,0.5648455026042094,63.7975175940961,0.2435428621452579,4967.831113899516,66291.0618503539,3982.6773887479985,3783.5435193105986,2340.723898183739,1578.7749053573657,1578.7749053573657,0.3035213678754154,0.2935213678754154,0.3301155883352775,44.65826231586727,19.13925527822883,9.569627639114415,0.005648455026042094,0.0006736694370151932,0.004805625314342993,0.004088319705942196,45,-45,45,-45,45,-45
0.5978363254086316,3.0,0.09988273822211555,15.560095869940458,0.23066210130301068,1145.2178781535079,80507.5310352042,5624.467020088872,5343.243669084429,3061.8912977059153,2024.100885289286,2024.100885289286,0.31673051337478253,0.3067305133747825,0.3544541527179095,10.89206710895832,4.668028760982137,2.3340143804910687,0.0009988273822211554,0.00013529252442477034,0.000829950419179163,0.0007622786551043796,0,0,90,90,0,0
0.5581713503875132,3.0,0.2154036259214742,31.373193560363795,0.27949288160174857,2350.223051436931,74016.82109203468,5284.307508258887,5020.092132845942,2833.2126844375357,1885.684259317553,1885.684259317553,0.26205943713587565,0.25205943713587564,0.3527472674278591,21.961235492254655,9.411958068109138,4.705979034054569,0.002154036259214742,0.00029670600774582594,0.001781114754090127,0.0016610045055579104,45,-45,45,-45,45,-45
0.5545011747025435,3.0,0.24917783001515187,34.98657594819647,0.2959008449487397,2625.2387967996037,75681.19358644015,5047.757945235723,4795.370047973936,2780.9488780891197,1956.9980229965297,1956.9980229965297,0.2925996019056105,0.2825996019056105,0.35140760674209803,24.490603163737525,10.49597278445894,5.24798639222947,0.0024917783001515187,0.00032360223198336983,0.0020793336166932217,0.0018871207714668714,0,0,90,90,0,0
0.47497479891850963,3.0,0.2844484840260634,33.42853951555438,0.2755097970432799,2601.4733755026896,65883.44853511952,4217.091500074619,4006.236925070888,2333.0042548244487,1490.7854323652896,1490.7854323652896,0.28943318411651936,0.27943318411651935,0.3042244786058613,23.399977660888062,10.028561854666313,5.014280927333156,0.0028444848402606336,0.00035517232599648426,0.0023780754708520938,0.00214928066117499,0,30,60,-60,-30,0
0.4945557499863913,3.0,0.3523606462164824,44.70266177533201,0.2039484794281267,3447.328498822444,66631.01514766907,4589.320153398978,4359.8541457290285,2479.6942010014113,1788.9506548793586,1788.9506548793586,0.3135979519949966,0.3035979519949966,0.3389337713685476,31.291863242732404,13.410798532599603,6.705399266299802,0.0035236064621648236,0.0004696290934992168,0.00292217541691163,0.002704123461510642,0,30,-30,-30,30,0
0.5728650502970556,3.0,0.3958173682700115,59.41053115907269,0.26350208983643536,4421.350730680086,77320.49734610035,5371.699209653549,5103.114249170871,3014.767629570697,1995.1735290964818,1995.1735290964818,0.2966555802892021,0.28665558028920207,0.34888522895668966,41.58737181135088,17.823159347721806,8.911579673860903,0.003958173682700115,0.0005378570138419878,0.0033179741925407104,0.0029559756401954973,0,0,90,90,0,0
0.6071655918360187,3.0,0.0629577853732547,9.699980096748904,0.29909675371625505,710.9861967226733,85125.26754315352,5614.163803241661,5333.455613079578,2953.566807234384,2139.0081987446806,2139.0081987446806,0.27655942731597694,0.2665594273159769,0.3131582769561557,6.789986067724232,2.9099940290246713,1.4549970145123357,0.0006295778537325469,7.976463703073952e-05,0.0005183308024152089,0.0004926237019418374,0,60,-60,-60,60,0
0.6208815632040601,3.0,0.08612228751502055,13.009064424336211,0.2931510744509572,947.8171326593463,83794.30098047685,5352.946050975315,5085.2987484265495,3098.264985982282,2183.649351037161,2183.649351037161,0.30839278681765975,0.29839278681765974,0.3112947101426986,9.106345097035348,3.902719327300863,1.9513596636504316,0.0008612228751502055,0.00010867499329288547,0.0007290787708554958,0.0006298233600028139,0,90,90,90,90,0
0.5978095412400313,3.0,0.10433437555187146,15.871994442143183,0.22876315662775656,1168.187326405709,83599.42986764436,5424.309540395755,5153.094063375967,3071.9313263053245,2085.2644760706703,2085.2644760706703,0.247821859119043,0.237821859119043,0.336648342627977,11.110396109500227,4.761598332642955,2.3807991663214776,0.0010433437555187146,0.00013290038134339364,0.0008778257024571557,0.0007750170539082051,0,45,-45,-45,45,0
0.6094212501562665,3.0,0.10892854312830476,17.225665848140032,0.2118951301042117,1261.3503576921287,82381.02056697801,5697.826923730889,5412.935577544344,3121.7252994593023,2228.1457460140423,2228.1457460140423,0.2786478723644352,0.2686478723644352,0.34864610848879396,12.057966093698022,5.167699754442009,2.5838498772210046,0.0010892854312830476,0.00014636825339999968,0.0009069597626630335,0.0008276993102719639,0,45,-45,90,-45,45
0.5720070176263026,3.0,0.4405947764574994,63.04573391894968,0.24663872318501562,4693.681974978646,76487.17688178495,5104.743672251232,4849.50648863867,2890.640743178773,1912.9052988116716,1912.9052988116716,0.3141576317795358,0.3041576317795358,0.3500057048607117,44.13201374326477,18.913720175684904,9.456860087842452,0.004405947764574994,0.0005769857843161498,0.003705126327595565,0.003271544590990216,0,45,-45,-45,45,0
0.5922317367533017,3.0,0.41800046164077964,63.218564862892975,0.2851181430243108,4664.409634889598,76728.97144118928,5520.620747791771,5244.5897104021815,2902.2841518152695,2003.9648636914526,2003.9648636914526,0.2792121858648624,0.2692121858648624,0.3264723970482742,44.25299540402508,18.965569458867893,9.482784729433947,0.0041800046164077965,0.00057674428019596,0.0034354052425090162,0.0032673522761383724,45,-45,45,-45,45,-45
0.4628791548231404,3.0,0.12268000959663172,14.95122448182844,0.2012648124371897,1170.1418780592949,62119.01429124681,4610.310851245169,4379.79530868291,2178.040324804289,1629.7658076997343,1629.7658076997343,0.2809795016420499,0.27097950164204987,0.3258755524777652,10.465857137279908,4.485367344548532,2.242683672274266,0.0012268000959663173,0.0001684807342275335,0.0009728991144571322,0.0010296795916649457,0,60,-60,-60,60,0
0.5286035541596158,3.0,0.05544251097119078,6.821922704525655,0.21786381804741733,517.9258146147447,73438.17413877789,4321.894463817474,4105.7997406266,2575.639097773861,1938.615802392512,1938.615802392512,0.26650938363989657,0.25650938363989656,0.31281581435970846,4.775345893167959,2.0465768113576965,1.0232884056788483,0.0005544251097119078,6.502538971276536e-05,0.0004735369705325894,0.0003972949496547408,0,0,90,90,0,0
0.49865286916154683,3.0,0.42481262376926837,57.39222819161889,0.1873458135806893,4417.533397264231,66330.08708754522,5013.723246032167,4763.037083730558,2508.972262932699,1613.7188995149015,1613.7188995149015,0.30184745611654773,0.2918474561165477,0.3049262354591872,40.17455973413322,17.217668457485665,8.608834228742833,0.004248126237692684,0.0006056762699724659,0.0034341082689619204,0.003431219370548202,0,45,-45,90,-45,45
0.5429271899888463,3.0,0.11602516921050449,16.11272176773976,0.29325915961389337,1215.360741462861,75548.84852588858,5074.234971095479,4820.523222540704,2648.4023509296635,1891.122460127311,1891.122460127311,0.2918916074221765,0.2818916074221765,0.3121853650225307,11.278905237417831,4.833816530321928,2.416908265160964,0.0011602516921050449,0.0001492928807982143,0.0009526197659069685,0.0009125910435446342,0,45,-45,-45,45,0
0.5005324129909786,3.0,0.10026986494274868,11.689552430096537,0.2535945128989597,898.9754363762424,67930.57804728017,4107.01172705977,3901.6611407067817,2423.2189687033156,1645.5685039315108,1645.5685039315108,0.2767483823722586,0.26674838237225856,0.35364755337658593,8.182686701067576,3.506865729028961,1.7534328645144805,0.0010026986494274868,0.00012045660343670809,0.0008538728306820647,0.0007235965412786269,0,0,90,90,0,0
0.45368474325042435,3.0,0.36118061191490924,41.612034092495556,0.2886104439967453,3270.8441548786054,60263.66670554945,4158.453721095857,3950.531035041064,2264.2567350276017,1637.2570450390044,1637.2570450390044,0.30463229410518816,0.29463229410518815,0.3408467722437619,29.128423864746885,12.483610227748667,6.241805113874333,0.0036118061191490925,0.0004833496774610391,0.003001983685526966,0.0027566684542944483,0,45,-45,90,-45,45
0.6391078722831072,3.0,0.24976636694399768,40.762962705596046,0.25610394297242517,2946.440340473952,84697.62644121885,5765.921307392662,5477.6252420230285,3389.9636096341983,2207.586269268693,2207.586269268693,0.3100284283565983,0.30002842835659826,0.3687771371418973,28.53407389391723,12.228888811678813,6.114444405839406,0.0024976636694399768,0.0003368934301095228,0.0021208906885357218,0.0018036902781086784,0,45,-45,90,-45,45
0.5384515489305675,3.0,0.3075030078330966,40.94839314804344,0.20022433345506438,3094.9507119699538,74730.65282258372,4760.595669436146,4522.565885964338,2668.064319065187,1987.173133170185,1987.173133170185,0.262993480386816,0.252993480386816,0.36926318770580946,28.663875203630408,12.284517944413032,6.142258972206516,0.003075030078330966,0.0003835624890321865,0.002580458160578891,0.0023021405174964396,90,45,0,0,45,90
0.5351850149405137,3.0,0.2331688616638202,31.594141680248022,0.20311727782091255,2391.4827342947065,69639.16287093515,4870.4311685637185,4626.909610135533,2692.775292882697,1894.9553014796852,1894.9553014796852,0.29244701050768734,0.28244701050768733,0.34974353207973113,22.115899176173613,9.478242504074407,4.7391212520372035,0.002331688616638202,0.0003175784754501118,0.0019460787302060412,0.001759939369825334,0,30,60,-60,-30,0
0.5824205030230669,3.0,0.1811589763949698,27.17872199193011,0.22527419798370973,2014.0557732495147,81990.87899349869,5424.79867804122,5153.558744139159,2928.599005259982,2064.4235935668694,2064.4235935668694,0.28182745497332307,0.27182745497332306,0.37009774527955935,19.025105394351076,8.153616597579033,4.0768082987895164,0.001811589763949698,0.0002320392905637667,0.0015030265787712386,0.0013920677742044114,45,45,-45,-45,45,45
0.5368288888712341,3.0,0.12144573825768674,16.186560119525524,0.2811353146538652,1224.3092631345762,70251.27124240852,4793.796451123806,4554.106628567615,2640.402377655858,1913.555750154379,1913.555750154379,0.24084450102449026,0.23084450102449025,0.3671579120357315,11.330592083667867,4.855968035857657,2.4279840179288286,0.0012144573825768675,0.00016128664838776523,0.001012969174925914,0.0009195507618366812,0,45,-45,90,-45,45
0.5906359312362623,3.0,0.14215954262484143,21.163270189127044,0.24731530986991718,1562.578141479427,80091.29771299759,5308.576767470223,5043.147929096712,3009.4644947908014,2032.5772580716641,2032.5772580716641,0.2609898856222137,0.2509898856222137,0.3510015984676999,14.814289132388929,6.348981056738113,3.1744905283690565,0.0014215954262484143,0.00018496752525442968,0.0011959855409162125,0.0010548356805218687,45,-45,45,-45,45,-45
0.5772634158186577,3.0,0.20494720060635985,30.463820368622308,0.1858013570658856,2262.6834206647304,78476.23855399372,5449.877369165244,5177.383500706982,2818.41547184945,2000.2284624575407,2000.2284624575407,0.24916754883440145,0.23916754883440144,0.34449704535353937,21.324674258035614,9.139146110586692,4.569573055293346,0.0020494720060635985,0.00027173415355991704,0.0016769452762909658,0.0016213269835248182,45,-45,45,-45,45,-45
0.568735572588331,3.0,0.06349365763919973,8.878155260407453,0.18265249196640793,661.9356988272438,77259.97094660194,4907.2487534783295,4661.886315804413,2947.210688855027,2047.2392424477807,2047.2392424477807,0.2962530218568645,0.28625302185686446,0.3554172897698221,6.214708682285217,2.663446578122236,1.331723289061118,0.0006349365763919973,8.043892077801192e-05,0.0005427576044997406,0.00045185886916638597,0,45,-45,90,-45,45
0.5532294683064404,3.0,0.2639196597184902,36.73468304994804,0.29601911407321724,2757.988123199066,75503.59620309157,5016.528319384197,4765.701903414987,2739.153257350426,1814.7535335228583,1814.7535335228583,0.3128068790219008,0.3028068790219008,0.32432573750015564,25.714278134963624,11.020404914984411,5.5102024574922055,0.0026391965971849017,0.00034057024338015213,0.002196819037660136,0.0020116444535207226,0,0,90,90,0,0
0.6192314951696799,3.0,0.31123816649438707,48.68529703462501,0.19143085476344637,3549.6840182587366,85130.73413452278,5614.051788894433,5333.349199449712,3109.2489036386464,2159.0235918880912,2159.0235918880912,0.25850212432383607,0.24850212432383606,0.30339089862866525,34.0797079242375,14.605589110387502,7.302794555193751,0.003112381664943871,0.00040032202553762865,0.002601612820758064,0.002348732694461207,0,30,60,-60,-30,0
0.6180142573456366,3.0,0.36263520875403454,55.51918358311869,0.2685596110770094,4050.1048380982957,82726.87136907146,5458.740989679293,5185.803940195328,3095.0890400131743,2088.0043256301797,2088.0043256301797,0.28785136977026193,0.2778513697702619,0.35761438232002685,38.86342850818308,16.655755074935605,8.327877537467803,0.0036263520875403454,0.0004697799864182061,0.0030512081643782386,0.002690674623510138,0,30,-30,-30,30,0
0.5721935638226588,3.0,0.09362291567378489,13.903465854311973,0.2695159121651427,1035.0107065618554,76999.7954101564,5409.640663748028,5139.158630560626,2859.027305549837,2098.631942923978,2098.631942923978,0.2793593906952352,0.2693593906952352,0.3389813037325307,9.732426098018381,4.171039756293592,2.085519878146796,0.000936229156737849,0.00012639547996428388,0.0007710382288874099,0.0007294508429837177,0,0,90,90,0,0
0.522341916883919,3.0,0.2988829207267433,40.261819396725144,0.20227160988907103,3065.4531385634723,71009.51053325615,4895.3022196457805,4650.537108663491,2604.860269306437,1985.7801142142591,1985.7801142142591,0.2761999237556378,0.2661999237556378,0.36650082627663355,28.1832735777076,12.078545819017544,6.039272909508772,0.0029888292072674325,0.000396894350715295,0.0024673748988456807,0.0023184632898242837,45,-45,45,-45,45,-45
0.539278133033974,3.0,0.11724329875546112,15.983126674717335,0.2328290960053048,1207.579829807039,74329.69593080554,4882.460774826614,4638.337736085284,2723.4364033080515,1789.3154243966474,1789.3154243966474,0.2740205765216657,0.2640205765216657,0.3715562721614503,11.188188672302134,4.794938002415201,2.3974690012076003,0.0011724329875546112,0.0001505211145047245,0.000982074044944166,0.0008803102573996179,0,0,90,90,0,0
0.5549717753823145,3.0,0.12157198689872122,16.97857354535388,0.2132117933344009,1273.7276255217912,74558.3613791538,4901.9053427771705,4656.810075638312,2949.301241795028,1997.113457568716,1997.113457568716,0.2556160657823678,0.24561606578236778,0.33828029061511194,11.885001481747715,5.093572063606163,2.5467860318030815,0.0012157198689872121,0.0001594053471924976,0.0010391004532781132,0.000863521838906166,90,45,0,0,45,90
0.5204212432117644,3.0,0.3119541238326954,40.217316016354204,0.24043347879842766,3064.7538091407946,67301.88501774178,4636.386019517686,4404.5667185418015,2556.2395079814487,1833.7791560138237,1833.7791560138237,0.3135222845071375,0.3035222845071375,0.37140688565664,28.15212121144794,12.06519480490626,6.03259740245313,0.0031195412383269536,0.00041829617705398033,0.002602284355555317,0.0023599499904517203,0,30,-30,-30,30,0
0.5458033728706112,3.0,0.35873550255696873,51.70296191154401,0.20048480532732682,3894.8144673601473,73905.26122472272,5279.408155341544,5015.437747574467,2742.8307825117845,1879.444894749197,1879.444894749197,0.2666815064595327,0.2566815064595327,0.3551936488798495,36.1920733380808,15.510888573463202,7.755444286731601,0.0035873550255696874,0.0004897090239358204,0.0029379976158444496,0.002827532903662926,90,45,0,0,45,90
0.5795447591487325,3.0,0.07041426289125212,10.011987099350012,0.24106351365922804,742.8795425847288,78765.2584506476,5102.201223436931,4847.091162265085,2824.564654132828,2065.1652871420083,2065.1652871420083,0.2692022366590775,0.2592022366590775,0.35396703284944075,7.008390969545008,3.0035961298050036,1.5017980649025018,0.0007041426289125212,8.897820063570662e-05,0.000588686333264945,0.0005316918707118673,0,45,-45,90,-45,45
0.6247016658621358,3.0,0.44154034616104776,68.72333592932792,0.19229268303234723,4998.711537971679,84408.3050059644,5504.561827163788,5229.333735805598,3214.3011639008546,2139.733468735147,2139.733468735147,0.3162434578500987,0.3062434578500987,0.3604376803825508,48.10633515052954,20.617000778798374,10.308500389399187,0.004415403461610477,0.000569924193444357,0.003745439042406257,0.003207073595085552,0,90,90,90,90,0
0.5514029337296873,3.0,0.47923977120193034,66.29468314529117,0.23157328794089693,4981.409896052914,74041.35099383471,4985.343400050801,4736.076230048261,2724.872305631601,1956.3085617829763,1956.3085617829763,0.29643355390413034,0.28643355390413033,0.3470308411924822,46.40627820170382,19.88840494358735,9.944202471793675,0.004792397712019303,0.0006267616349351592,0.003989375123764731,0.0036494196264689536,0,60,-60,-60,60,0
0.5607121446606749,3.0,0.2510128256420662,35.389987469688144,0.24987976681581725,2648.104226794312,75558.3206201519,5009.0011472896385,4758.551089925157,2878.417894960494,2019.7740566757393,2019.7740566757393,0.2954100037104772,0.2854100037104772,0.37143767192797217,24.7729912287817,10.616996240906444,5.308498120453222,0.002510128256420662,0.0003278658263637291,0.002119583511505339,0.001844241633484592,90,45,0,0,45,90
0.6038147727392242,3.0,0.338689159668712,50.11214341367888,0.22111297710191413,3678.5255132784782,80923.61691202018,5214.121168403775,4953.415109983586,3084.2043089307813,2034.7504468925476,2034.7504468925476,0.2418344751132478,0.23183447511324778,0.3758236011095979,35.07850038957521,15.033643024103663,7.516821512051831,0.00338689159668712,0.00043347667501951145,0.0028832554017355115,0.002437199601299348,90,45,0,0,45,90
0.6310544294870779,3.0,0.3883328657021222,62.76832979008827,0.2745809430773888,4552.940875139206,86547.28070892644,5849.532875806997,5557.056232016647,3152.5969384058258,2106.9128324483418,2106.9128324483418,0.271165050458639,0.26116505045863897,0.3601503398895265,43.93783085306179,18.83049893702648,9.41524946851324,0.0038833286570212223,0.0005076743081141088,0.00321914575690433,0.002986505935412806,0,30,-30,-30,30,0
0.48139385576061233,3.0,0.15729538541346275,18.34987288951464,0.29158108034148233,1423.7551113301915,65008.59965515515,4148.445232283086,3941.022970668931,2370.311051703727,1800.5910544001529,1800.5910544001529,0.27377179616605796,0.26377179616605795,0.35572836327343227,12.844911022660247,5.504961866854392,2.752480933427196,0.0015729538541346274,0.0001975878743858106,0.0013269939841593981,0.001161231953691805,0,90,90,90,90,0
0.6101571433357077,3.0,0.16567664162415013,24.980477546062296,0.2783910779139729,1828.6056681475823,82110.21160369221,5393.515407769965,5123.839637381467,3021.660149278262,2087.907890474473,2087.907890474473,0.2608877822413725,0.2508877822413725,0.37549542340372216,17.486334282243607,7.494143263818689,3.7470716319093444,0.0016567664162415014,0.00021296174910182924,0.001389472857168913,0.001240070506540701,45,-45,45,-45,45,-45
0.6443617922153779,3.0,0.2761448172606999,44.347690679736004,0.28906031088845535,3198.2651496777844,86714.06130122766,5693.4809241092225,5408.806877903761,3295.747479952937,2196.2129601416923,2196.2129601416923,0.2701801605852991,0.2601801605852991,0.3047014399334176,31.0433834758152,13.304307203920802,6.652153601960401,0.002761448172606999,0.0003579971115408442,0.0023367615315234127,0.0020184051243074584,0,45,-45,-45,45,0
0.6176527278877751,3.0,0.31965715259913086,51.607234980864014,0.2065787625958259,3765.3253965484423,83365.6124948559,5781.880475866117,5492.786452072811,3236.6040719732455,2167.3963046438053,2167.3963046438053,0.25956158449376604,0.24956158449376603,0.3219876172506675,36.125064486604806,15.482170494259204,7.741085247129602,0.0031965715259913083,0.0004333329223585314,0.0026777050405802443,0.002391730676656453,0,30,60,-60,-30,0
0.5409337327712302,3.0,0.24308486164740248,34.42505254992828,0.20977740425733304,2598.9797609124707,71452.4006401944,5144.957777224626,4887.709888363394,2747.6132741971314,1834.7072975844642,1834.7072975844642,0.24313516723424905,0.23313516723424904,0.36661454928745046,24.097536784949796,10.327515764978484,5.163757882489242,0.002430848616474025,0.0003372530043643364,0.0020073081669777114,0.001879361237253493,0,30,-30,-30,30,0
0.6457779039466544,3.0,0.2776106977650536,46.51014844156842,0.2951653868683425,3352.163120118428,86931.74643934358,6051.948612648435,5749.351182016013,3288.056650647016,2158.6881677215847,2158.6881677215847,0.30370228457661314,0.2937022845766131,0.33326122927614404,32.55710390909789,13.953044532470525,6.976522266235262,0.002776106977650536,0.000374513399794798,0.002305545771375021,0.0021217767841264046,90,45,0,0,45,90
0.525551849413353,3.0,0.2195817222604333,28.303108821855812,0.2149851305024787,2151.7858594122235,72416.18911612169,4580.018096582718,4351.017191753582,2623.0702896515913,1812.5201893753026,1812.5201893753026,0.2696295418215477,0.2596295418215477,0.34173034823086723,19.81217617529907,8.490932646556743,4.245466323278372,0.002195817222604333,0.0002735876661989159,0.0018539080998156035,0.001618510315955839,0,30,60,-60,-30,0
0.5962261301240999,3.0,0.21269239031066167,30.68040797704586,0.2703819095161314,2259.674579705882,80922.13077439996,5173.490179638113,4914.815670656207,2867.121803356503,2004.0755960266722,2004.0755960266722,0.29491857498176205,0.28491857498176204,0.37295967934034,21.4762855839321,9.204122393113758,4.602061196556879,0.0021269239031066166,0.0002653944647577941,0.001779093430840839,0.0016051153429091519,45,45,-45,-45,45,45
0.5109537273079582,3.0,0.18591637353533147,24.825645120285593,0.28143430975739514,1900.059134041988,69492.35258350075,4811.345881096725,4570.778587041888,2636.02625149813,1708.4434641552327,1708.4434641552327,0.3051904954013099,0.29519049540130987,0.32210778095476295,17.377951584199913,7.447693536085677,3.7238467680428387,0.0018591637353533147,0.0002500699852306609,0.0015479439059550648,0.00141267438665547,0,90,90,90,90,0
0.6373996864414145,3.0,0.060957796494192314,9.849090700354813,0.23162095454859477,712.442640599943,86978.44501061353,5872.647978833278,5579.015579891614,3119.2899630202887,2198.976014328887,2198.976014328887,0.2717394589283677,0.2617394589283677,0.3045229199749065,6.894363490248368,2.954727210106444,1.477363605053222,0.0006095779649419232,7.926519598513268e-05,0.0005031337176612893,0.00047362176090316,0,30,60,-60,-30,0
0.5535165688019081,3.0,0.09966717437423206,14.032122982240756,0.22516590106357887,1053.3757423013815,77519.57703609596,5012.5017086455155,4761.876623213239,2853.80322637408,1939.1018232907345,1939.1018232907345,0.2705362776400566,0.2605362776400566,0.3349550504156143,9.822486087568528,4.209636894672227,2.1048184473361133,0.0009966717437423205,0.00012670974820973052,0.0008398275231331063,0.0007375485555149524,45,-45,45,-45,45,-45
0.6420266954864033,3.0,0.2974954539436134,47.17639557566221,0.2707762858680406,3405.7067624654046,84800.02326236384,5597.627423818906,5317.746052627961,3295.1176375228156,2351.5020604528977,2351.5020604528977,0.2853477664111983,0.2753477664111983,0.33691931731591573,33.023476902963544,14.152918672698663,7.076459336349331,0.0029749545394361335,0.000389427686839092,0.0025283781147125766,0.0021475589386451255,0,60,-60,-60,60,0
0.5289916994093996,3.0,0.20043192080885616,27.644999699723765,0.21249216861075035,2098.459405680756,70734.07695123482,5009.067822088094,4758.614430983689,2675.472362410362,1850.4575885910094,1850.4575885910094,0.29655407720904736,0.28655407720904735,0.32663136674843635,19.351499789806635,8.293499909917129,4.1467499549585645,0.0020043192080885616,0.000273581004006709,0.0016556972683312318,0.0015499132090539378,45,45,-45,-45,45,45
0.46686732466600833,3.0,0.14517263826151391,17.258964244617424,0.23963981015642757,1348.2297692256677,57195.38231748163,4289.841247141757,4075.349184784669,2351.305998775639,1631.9438410859,1631.9438410859,0.30347655766252307,0.29347655766252306,0.32084499647919423,12.081274971232196,5.177689273385227,2.5888446366926137,0.0014517263826151392,0.0002112281530731124,0.0012069652406916055,0.001101024127884956,0,90,90,90,90,0
0.6349946143000482,3.0,0.07805796960942825,12.65013220801183,0.24348128502763652,916.0146131999261,86892.68921816576,5823.456846803402,5532.284004463232,3214.46949019679,2291.9180284997824,2291.9180284997824,0.2656541347721537,0.2556541347721537,0.3615055210008079,8.85509254560828,3.7950396624035485,1.8975198312017743,0.0007805796960942825,0.0001019083725602664,0.0006516815977586771,0.0005903057524697825,0,60,-60,-60,60,0
0.5269044574896256,3.0,0.464209530756884,63.965271366842515,0.2636601754320837,4860.056026330528,70193.6877832569,5208.282255296683,4947.868142531848,2466.3591005689414,1882.406885653832,1882.406885653832,0.24504148861565153,0.23504148861565152,0.36868687165014713,44.775689956789755,19.189581410052753,9.594790705026377,0.00464209530756884,0.0006378876986068535,0.0036844357639291662,0.003890265088653572,45,-45,45,-45,45,-45
0.4546669178428401,3.0,0.19568140652964028,22.01304877894049,0.2620229501512022,1729.4976565437516,60309.13672078502,4030.8468648715448,3829.3045216279675,2247.0427799430404,1546.264860327877,1546.264860327877,0.29127147291457556,0.28127147291457555,0.3752228914479293,15.409134145258342,6.603914633682147,3.3019573168410736,0.0019568140652964027,0.0002555024824281346,0.0016383442127843278,0.0014694679363980662,90,45,0,0,45,90
0.5669715025947504,3.0,0.1655221041215278,24.204281300418376,0.2882066576649893,1806.0431357765415,77636.47799323314,5212.978399671579,4952.329479687999,2960.674855032711,2044.224332297502,2044.224332297502,0.2977692431994636,0.28776924319946356,0.3384852694840835,16.942996910292862,7.261284390125512,3.630642195062756,0.0016552210412152778,0.00021823500174453597,0.0013929243195373643,0.0012262887256569896,0,45,-45,90,-45,45
0.5694511608899471,3.0,0.15250280011063663,21.86980259977418,0.29693688803739265,1630.0425026999524,77632.25536496333,5109.883446208379,4854.389273897959,2903.5422401343562,1976.8645385909122,1976.8645385909122,0.3033941525228061,0.2933941525228061,0.34550046554586955,15.308861819841924,6.560940779932253,3.2804703899661267,0.0015250280011063664,0.00019719717980460808,0.0012839707302522887,0.0011298166579503004,90,45,0,0,45,90
0.5231737228173975,3.0,0.34084170457897545,44.90189475559116,0.2896521958784931,3417.4404499384727,71483.77784641519,4668.80422584754,4435.364014555163,2705.2054581386183,1775.9376559267876,1775.9376559267876,0.24407164404015053,0.23407164404015052,0.33231853708505443,31.43132632891381,13.470568426677348,6.735284213338674,0.0034084170457897543,0.000439698729919463,0.0028852288027202515,0.002489749602225425,90,45,0,0,45,90
0.6060637316107672,3.0,0.390613727787547,59.07693676946097,0.2692577628213602,4332.302738462148,84706.00898210892,5329.002741928762,5062.552604832324,3149.302711872331,1978.295130317642,1978.295130317642,0.29613527598850775,0.28613527598850774,0.30816453750989353,41.35385573862268,17.72308103083829,8.861540515419145,0.0039061372778754697,0.0004882045115283047,0.003325778178230709,0.002813810333955087,0,0,90,90,0,0
0.5605181596663744,3.0,0.2670606438893634,39.36844139570474,0.27056610526338826,2946.05405968358,75349.13050828742,5410.648242783459,5140.115830644286,2793.9557746043997,2088.4316562678605,2088.4316562678605,0.28456883019846263,0.2745688301984626,0.3181853802123894,27.557908976993318,11.810532418711423,5.905266209355712,0.002670606438893634,0.0003657362572214726,0.0021828313149840992,0.0021135861429989336,0,45,-45,90,-45,45
0.5479756178473663,3.0,0.4090610361537803,55.51704396170103,0.24582819414824608,4178.029438426391,76283.26681059015,4968.830317833511,4720.3888019418355,2572.8314356650317,1839.3068831823682,1839.3068831823682,0.28570043618620367,0.27570043618620366,0.3255092182161774,38.861930773190714,16.655113188510306,8.327556594255153,0.004090610361537803,0.0005094424032689124,0.0033519182832091963,0.0032367284070060447,0,45,-45,-45,45,0
0.4811302769252124,3.0,0.258725115424123,31.793057747524863,0.21922531829919625,2467.10610783311,63258.30274625573,4421.706287916982,4200.620973521132,2435.4528243756804,1667.4805936542375,1667.4805936542375,0.3120354392660434,0.30203543926604337,0.3622020446928359,22.255140423267402,9.537917324257458,4.768958662128729,0.00258725115424123,0.0003518137455021221,0.0021570671372545345,0.001958140438770862,0,30,60,-60,-30,0
0.4880405368527374,3.0,0.4896302317014243,60.93648120801961,0.21766458079872608,4713.438644818241,67425.37446937295,4456.555115787525,4233.727359998149,2488.299952343007,1701.5467199399952,1701.5467199399952,0.24910679817563872,0.2391067981756387,0.3606035173279927,42.655536845613724,18.280944362405883,9.140472181202941,0.004896302317014243,0.0006326332954218803,0.004102034842482909,0.0036733803626030634,0,45,-45,-45,45,0
0.4597953584562809,3.0,0.4566925617093266,51.96466403326864,0.2067654782148761,4072.857749894385,61496.03911652745,4048.5330761655855,3846.106422357306,2312.7358922755006,1566.7264631479034,1566.7264631479034,0.2656850177476759,0.2556850177476759,0.3702138199575066,36.37526482328805,15.589399209980591,7.794699604990296,0.004566925617093266,0.0005915058164048807,0.003850629083842264,0.003370337110702723,0,30,60,-60,-30,0
0.5824072914716083,3.0,0.0493931303911309,7.571265479694126,0.2681900734042814,561.0653999984822,79571.18574880384,5524.98336914336,5248.734200686192,3024.0507402215912,2073.2126473820003,2073.2126473820003,0.2738672679669604,0.2638672679669604,0.3778448491657039,5.299885835785887,2.2713796439082374,1.1356898219541187,0.000493931303911309,6.660559077901587e-05,0.00041111067529971796,0.00037555250209555,45,45,-45,-45,45,45
0.5151438808417211,3.0,0.20948481579289704,27.758499284481264,0.272991741351594,2120.4483371376487,70849.51714587206,4822.5947585306385,4581.465020604106,2551.6216287105008,1862.3052834612354,1862.3052834612354,0.255768393413827,0.245768393413827,0.33565994867066196,19.430949499136883,8.32754978534438,4.16377489267219,0.0020948481579289705,0.0002742566256186405,0.0017267778451867351,0.001631815174249175,0,90,90,90,90,0
0.6389881176660666,3.0,0.29510030444717267,46.449463424394466,0.25025459542828177,3357.648026931111,86027.89241576086,5585.805428556843,5306.515157129001,3219.2440977422502,2315.080545805616,2315.080545805616,0.25894816974066687,0.24894816974066686,0.3263070547710994,32.514624397076126,13.93483902731834,6.96741951365917,0.0029510030444717264,0.00037795444575042546,0.0024946875084617052,0.0021643029550153167,0,45,-45,90,-45,45
0.5667908635306639,3.0,0.046543431079516875,6.959689434439563,0.22926353970821284,519.3509271567732,75769.64683539215,5482.182411266941,5208.073290703594,2842.4231299070107,2016.3127868287727,2016.3127868287727,0.31600313661246326,0.30600313661246326,0.30019691867396475,4.871782604107693,2.087906830331869,1.0439534151659344,0.00046543431079516876,6.429728535876023e-05,0.0003808532211625826,0.00036727586550426333,0,0,90,90,0,0
0.5415636827613025,3.0,0.39794198114857504,56.81964523321644,0.22965863282864027,4288.4751016377795,71696.85859535208,5186.6048021371835,4927.274562030324,2771.9852837440044,1862.8237749014434,1862.8237749014434,0.29538648777461,0.28538648777461,0.34965407935755427,39.77375166325151,17.04589356996493,8.522946784982466,0.003979419811485751,0.0005547488752293805,0.0032865225364656723,0.0030746724504507033,0,30,60,-60,-30,0
0.6189366894884112,3.0,0.26244932957259326,40.07978582824286,0.2557242328767524,2922.6262232762965,84006.79456380151,5445.607938520887,5173.327541594842,3083.1519147373356,2095.2202125515387,2095.2202125515387,0.272280463021321,0.26228046302132096,0.35735477298326007,28.05585007977,12.023935748472859,6.011967874236429,0.0026244932957259328,0.0003339712010849567,0.002208006137096008,0.0019499421502714406,90,45,0,0,45,90
0.5876135630463157,3.0,0.2982259039365813,45.506731624705736,0.200897125599936,3364.4686986186944,81655.7869788681,5466.983764962751,5193.634576714613,3049.151519364147,2143.724672930326,2143.724672930326,0.29583527917426045,0.28583527917426044,0.3425832111201731,31.854712137294012,13.652019487411721,6.8260097437058604,0.0029822590393658133,0.00039010967031078607,0.002497175787297173,0.002238658754855619,0,30,60,-60,-30,0
0.5613729570714254,3.0,0.19355904185878717,27.099745549911407,0.19201601065764243,2027.1741176401542,73836.38173564982,5030.736595938851,4779.199766141908,2780.199420620199,1878.6651120522747,1878.6651120522747,0.3099823190323187,0.2999823190323187,0.33406075510045036,18.969821884937986,8.129923664973422,4.064961832486711,0.0019355904185878717,0.00025691700268918975,0.001616050355635086,0.0014621116033395585,0,45,-45,-45,45,0
0.6267407040141464,3.0,0.18617755406841405,29.47203972791641,0.19637535750319676,2141.7942072198193,87629.46366060844,5731.956404210164,5445.358583999655,3077.973078361433,2232.395926690336,2232.395926690336,0.2900860493878999,0.2800860493878999,0.32225269057945105,20.630427809541487,8.841611918374923,4.4208059591874616,0.0018617755406841404,0.00023542798218466516,0.0015425120665399155,0.0014362718083099314,0,45,-45,90,-45,45
0.5443069569551389,3.0,0.45433243325656786,65.59494320017255,0.21204024636549829,4944.649911948534,74247.97755955555,5263.8778411819485,5000.683949122851,2775.481830683412,1930.5320448167276,1930.5320448167276,0.30473530840578245,0.29473530840578244,0.338615608368172,45.916460240120784,19.678482960051763,9.839241480025882,0.004543324332565679,0.0006184203496087205,0.003738400387276686,0.003545057067659905,0,30,60,-60,-30,0
0.6409749453850387,3.0,0.2706839648742178,45.30009623157796,0.19006629638682976,3271.745490792943,85018.66995311897,6089.216460738544,5784.755637701616,3234.362743961913,2220.82087752693,2220.82087752693,0.29516396731011363,0.2851639673101136,0.3690610834910023,31.71006736210457,13.590028869473388,6.795014434736694,0.002706839648742178,0.00037297769277724706,0.002231818979847054,0.0021008819890168478,0,45,-45,90,-45,45
0.5419308160883336,3.0,0.17966307916457172,25.363159604705743,0.2563091503940605,1913.9717854690139,72539.74936975999,5133.229743791627,4876.568256602045,2730.344452993482,1811.6592506215536,1811.6592506215536,0.2894948880386074,0.2794948880386074,0.3061894647937202,17.75421172329402,7.608947881411723,3.8044739407058614,0.001796630791645717,0.00024475148973557536,0.0014822924866385238,0.0013934043876898867,0,45,-45,90,-45,45
0.4568095307630413,3.0,0.11335033163617496,13.437608873820238,0.18768163245664182,1054.6864060359576,60991.05997940784,4238.515808836588,4026.5900183947583,2387.2901694327747,1575.663267348697,1575.663267348697,0.28802008742686935,0.27802008742686934,0.3241715540499009,9.406326211674166,4.031282662146071,2.0156413310730357,0.0011335033163617496,0.00015422467185928536,0.0009511071431517441,0.0008443218829791253,0,60,-60,-60,60,0
0.5272623373728722,3.0,0.22286744594485283,29.588677078550745,0.2210260249980024,2247.7692626691687,71327.64182717157,4709.030810631136,4473.579270099579,2721.9311850273307,1979.1257508474055,1979.1257508474055,0.24045938192433933,0.23045938192433932,0.36007084373556975,20.71207395498552,8.876603123565223,4.438301561782612,0.002228674459448528,0.00029037934557224433,0.0018850169983015085,0.0016305708190554593,0,30,-30,-30,30,0
0.5646200345173427,3.0,0.44599518618054607,62.893717010393416,0.19130098932093004,4697.866106958189,76885.46927346295,4997.486269047547,4747.611955595169,2895.2655181101113,1977.3095069114224,1977.3095069114224,0.2763743902807427,0.26637439028074267,0.31271805861273383,44.02560190727539,18.868115103118026,9.434057551559013,0.0044599518618054605,0.0005726127748623996,0.0037755211494986327,0.0032584429623287565,0,30,60,-60,-30,0
0.6435611476749221,3.0,0.14267045070636167,23.097017241144556,0.2486547337670808,1666.2871296185112,86172.62453149419,5792.399079085859,5502.779125131566,3246.8704487481027,2281.4892795281303,2281.4892795281303,0.31244654638042363,0.3024465463804236,0.3511145916741256,16.16791206880119,6.929105172343367,3.4645525861716835,0.0014267045070636166,0.00018762237029106818,0.0011962409836990893,0.0010670436781693932,0,45,-45,-45,45,0
0.5184933299614114,3.0,0.10952835194548755,13.782691833115654,0.29106812129266585,1051.234376001737,71141.20511502118,4440.9428890187,4218.895744567765,2607.28499628197,1861.087665946868,1861.087665946868,0.31242415383716987,0.30242415383716986,0.3392825061097958,9.647884283180957,4.134807549934696,2.067403774967348,0.0010952835194548754,0.0001356159804656422,0.0009310652384562304,0.0007929335603570377,0,30,60,-60,-30,0
0.5346267457962185,3.0,0.09499263877889612,12.588310027567355,0.2649082991971126,953.0995093079623,72979.86280289039,4767.130868796601,4528.7743253567705,2617.471297812709,1841.5096814474127,1841.5096814474127,0.2667194113503338,0.25671941135033377,0.30414459552345,8.811817019297148,3.776493008270206,1.888246504135103,0.0009499263877889612,0.00012074312941772417,0.0007921941126033177,0.0007214010353095436,0,60,-60,-60,60,0
0.5861112324827996,3.0,0.23829467081679245,33.84176366038829,0.23057610429848607,2503.706177838275,78740.07508199662,5134.070430418329,4877.366908897412,2771.401088436084,2073.4348644418674,2073.4348644418674,0.25058042548029263,0.24058042548029263,0.31552510942817147,23.6892345622718,10.152529098116487,5.076264549058243,0.0023829467081679244,0.0003008535937716953,0.0019774814614861545,0.0018316600113348464,0,30,-30,-30,30,0
0.47517808364997954,3.0,0.47875894162132254,58.36018735305954,0.21362327416451735,4541.271205925927,66606.13957348546,4417.557653370822,4196.679770702281,2367.3077710759744,1707.4200181407223,1707.4200181407223,0.2905901947584829,0.2805901947584829,0.33029565424974183,40.85213114714168,17.50805620591786,8.75402810295893,0.004787589416213225,0.0006133388214470859,0.003963288672091992,0.0036978833972990772,45,45,-45,-45,45,45
