Sl.No,Fiber Volume Fraction,Fiber_Thickness,ModelingPly.1.ply_angle, ModelingPly.2.ply_angle, ModelingPly.3.ply_angle,ModelingPly.4.ply_angle,ModelingPly.5.ply_angle, ModelingPly.6.ply_angle, E1, E2, E3, G12, G23, G31, nu12, nu13,nu23,Inverse Reserve Factor Maximum,Total Deformation Maximum [mm],Equivalent Stress Maximum [MPa],Shear Stress Maximum-XY [MPa],Normal Stress Maximum-X [MPa], Normal Stress  Maximum-Y[MPa],Equivalent Elastic Strain Maximum [mm mm^-1],Shear Elastic Strain Maximum-XY [mm mm^-1],Normal Elastic Strain Maximum-X [mm mm^-1],Normal Elastic Strain Maximum-Y[mm mm^-1]
1,0.6048,0.2327,0,90,90,90,90,0,79305.57,5247.79,4985.4,3031.63,2100.96,2100.96,0.2502,0.2402,0.336,3.0,0.40204,59.472,8.921,41.63,17.841,0.0040204,0.00294256,0.00052493,0.00339981
2,0.5242,0.2912,0,0,90,90,0,0,72114.24,4787.56,4548.18,2569.24,1853.0,1853.0,0.2451,0.2351,0.3662,3.0,0.337906,44.659,6.699,31.261,13.398,0.00337906,0.0026073,0.00043349,0.00279841
3,0.5763,0.271,0,90,90,90,90,0,77619.5,5122.75,4866.61,2860.54,2043.78,2043.78,0.2435,0.2335,0.3123,3.0,0.197109,28.199,4.23,19.74,8.46,0.00197109,0.00147871,0.00025431,0.00165143
4,0.5866,0.2694,45,45,-45,-45,45,45,78577.63,5157.42,4899.55,2970.01,2109.58,2109.58,0.2504,0.2404,0.3381,3.0,0.451709,65.622,9.843,45.935,19.686,0.00451709,0.00331422,0.00058458,0.00381712
5,0.4954,0.2604,0,45,-45,-45,45,0,65471.12,4539.91,4312.91,2436.98,1745.44,1745.44,0.271,0.261,0.3231,3.0,0.255545,32.005,4.801,22.404,9.602,0.00255545,0.00196996,0.00034219,0.00211491
6,0.5865,0.1968,90,45,0,0,45,90,79258.47,5321.86,5055.77,2970.37,1979.89,1979.89,0.3025,0.2925,0.3367,3.0,0.127359,18.921,2.838,13.245,5.676,0.00127359,0.00095549,0.00016711,0.0010666
7,0.5637,0.1968,0,30,-30,-30,30,0,77267.95,4821.3,4580.24,2798.65,1981.26,1981.26,0.2843,0.2743,0.3447,3.0,0.099763,13.588,2.038,9.512,4.077,0.00099763,0.0007283,0.0001231,0.00084552
8,0.5108,0.1837,0,0,90,90,0,0,69986.22,4568.41,4339.99,2477.41,1731.1,1731.1,0.2447,0.2347,0.3225,3.0,0.254528,32.208,4.831,22.545,9.662,0.00254528,0.00195008,0.00032214,0.00211502
9,0.5087,0.2594,0,60,-60,-60,60,0,69427.74,4532.07,4305.46,2571.0,1747.42,1747.42,0.2418,0.2318,0.3072,3.0,0.308641,39.244,5.887,27.471,11.773,0.00308641,0.0022896,0.00039567,0.00259773
10,0.5945,0.2354,90,45,0,0,45,90,80268.7,5422.36,5151.24,2999.15,2113.92,2113.92,0.2705,0.2605,0.3241,3.0,0.110152,16.629,2.494,11.64,4.989,0.00110152,0.00083169,0.00014502,0.00092003
11,0.5761,0.2234,45,-45,45,-45,45,-45,76570.93,5244.47,4982.25,2825.95,1997.29,1997.29,0.3175,0.3075,0.3623,3.0,0.083077,12.036,1.805,8.425,3.611,0.00083077,0.00063885,0.00011003,0.00068848
12,0.5934,0.2339,0,90,90,90,90,0,78966.01,5289.55,5025.07,3017.31,1990.46,1990.46,0.2645,0.2545,0.3463,3.0,0.157461,23.393,3.509,16.375,7.018,0.00157461,0.00116292,0.00020737,0.00132673
13,0.4854,0.2828,0,30,-30,-30,30,0,65802.08,4371.47,4152.9,2522.88,1686.77,1686.77,0.2468,0.2368,0.3333,3.0,0.410202,50.53,7.579,35.371,15.159,0.00410202,0.00300428,0.00053753,0.00346768
14,0.4583,0.2393,0,0,90,90,0,0,62301.83,4344.4,4127.18,2220.29,1572.14,1572.14,0.314,0.304,0.3465,3.0,0.214338,25.301,3.795,17.71,7.59,0.00214338,0.00170928,0.00028427,0.00174712
15,0.5194,0.2509,0,45,-45,-45,45,0,68896.79,4721.39,4485.32,2647.16,1917.65,1917.65,0.2793,0.2693,0.375,3.0,0.059915,7.904,1.186,5.533,2.371,0.00059915,0.00044788,8.031e-05,0.00050223
16,0.5643,0.2368,45,45,-45,-45,45,45,75211.13,5016.81,4765.97,2785.0,1968.17,1968.17,0.3061,0.2961,0.3717,3.0,0.162853,22.775,3.416,15.942,6.832,0.00162853,0.00122666,0.00021197,0.00136192
17,0.478,0.2465,0,0,90,90,0,0,64472.19,4567.64,4339.26,2398.07,1722.31,1722.31,0.3133,0.3033,0.3184,3.0,0.101676,12.721,1.908,8.905,3.816,0.00101676,0.00079573,0.00013812,0.00083554
18,0.4575,0.2466,0,0,90,90,0,0,60774.48,4243.12,4030.96,2233.24,1647.77,1647.77,0.2633,0.2533,0.3412,3.0,0.237611,27.646,4.147,19.352,8.294,0.00237611,0.00185687,0.00031842,0.00195462
19,0.5012,0.2923,0,60,-60,-60,60,0,66190.33,4319.05,4103.09,2516.32,1833.13,1833.13,0.3113,0.3013,0.3715,3.0,0.132229,16.138,2.421,11.297,4.842,0.00132229,0.00096203,0.00017067,0.00112097
20,0.5538,0.2179,0,90,90,90,90,0,74266.06,5149.89,4892.39,2794.58,2014.99,2014.99,0.261,0.251,0.3749,3.0,0.371477,52.945,7.942,37.061,15.883,0.00371477,0.00284183,0.00049904,0.00308423
21,0.4982,0.1947,45,45,-45,-45,45,45,66796.38,4702.96,4467.82,2424.55,1698.94,1698.94,0.3022,0.2922,0.3777,3.0,0.429886,55.074,8.261,38.552,16.522,0.00429886,0.00340728,0.00057716,0.00351316
22,0.5501,0.1973,0,45,-45,-45,45,0,75958.99,4964.92,4716.68,2789.38,1823.01,1823.01,0.2805,0.2705,0.3555,3.0,0.053878,7.485,1.123,5.239,2.245,0.00053878,0.00040249,6.897e-05,0.00045225
23,0.5662,0.204,0,90,90,90,90,0,74848.48,5100.6,4845.57,2802.07,1965.4,1965.4,0.2791,0.2691,0.353,3.0,0.389372,55.178,8.277,38.624,16.553,0.00389372,0.00295377,0.00051603,0.00324537
24,0.6411,0.2144,0,0,90,90,0,0,86283.2,5806.5,5516.17,3216.22,2189.72,2189.72,0.2512,0.2412,0.3335,3.0,0.399096,64.549,9.682,45.184,19.365,0.00399096,0.00301046,0.00052367,0.00333498
25,0.6432,0.2515,0,0,90,90,0,0,85082.13,5700.61,5415.58,3235.17,2311.66,2311.66,0.3064,0.2964,0.3637,3.0,0.407304,65.12,9.768,45.584,19.536,0.00407304,0.00301933,0.00053577,0.00342701
26,0.4965,0.2437,90,45,0,0,45,90,66395.97,4337.22,4120.36,2476.98,1649.96,1649.96,0.2763,0.2663,0.3198,3.0,0.343584,41.885,6.283,29.319,12.565,0.00343584,0.00253643,0.00044158,0.00289711
27,0.4973,0.2695,45,45,-45,-45,45,45,65734.0,4420.75,4199.72,2507.16,1827.1,1827.1,0.2648,0.2548,0.3115,3.0,0.437275,54.202,8.13,37.942,16.261,0.00437275,0.00324287,0.0005772,0.00367827
28,0.6342,0.1999,0,90,90,90,90,0,85455.62,5501.51,5226.44,3156.68,2206.36,2206.36,0.254,0.244,0.3043,3.0,0.158787,24.59,3.689,17.213,7.377,0.00158787,0.00116849,0.00020143,0.00134092
29,0.5682,0.2617,90,45,0,0,45,90,76774.67,5114.07,4858.37,2797.85,2004.63,2004.63,0.2545,0.2445,0.3189,3.0,0.214534,30.457,4.569,21.32,9.137,0.00214534,0.00163289,0.0002777,0.00178667
30,0.4999,0.2485,45,-45,45,-45,45,-45,66567.8,4332.04,4115.43,2570.86,1762.71,1762.71,0.314,0.304,0.3079,3.0,0.250785,30.85,4.627,21.595,9.255,0.00250785,0.00179996,0.0003244,0.00213638
31,0.6187,0.2883,45,-45,45,-45,45,-45,83842.98,5576.3,5297.49,3076.04,2160.33,2160.33,0.2829,0.2729,0.3411,3.0,0.433712,67.301,10.095,47.111,20.19,0.00433712,0.00328185,0.00056189,0.00362072
32,0.6215,0.2355,90,45,0,0,45,90,84116.26,5638.03,5356.13,3085.26,2087.46,2087.46,0.2734,0.2634,0.3186,3.0,0.195871,30.656,4.598,21.459,9.197,0.00195871,0.00149043,0.00025511,0.00163119
33,0.5235,0.224,0,30,-30,-30,30,0,69409.34,4661.35,4428.29,2695.51,1861.39,1861.39,0.2785,0.2685,0.3263,3.0,0.197395,25.937,3.891,18.156,7.781,0.00197395,0.00144333,0.00026158,0.00166927
34,0.5571,0.2818,0,30,-30,-30,30,0,76200.33,4969.3,4720.83,2789.43,1914.93,1914.93,0.2988,0.2888,0.3162,3.0,0.329854,45.853,6.878,32.097,13.756,0.00329854,0.00246575,0.00042122,0.00276821
35,0.589,0.2833,45,45,-45,-45,45,45,80410.59,5573.73,5295.05,2988.64,1982.76,1982.76,0.251,0.241,0.3767,3.0,0.096363,14.812,2.222,10.369,4.444,0.00096363,0.00074342,0.00012894,0.00079725
36,0.6102,0.2512,0,60,-60,-60,60,0,81535.16,5339.53,5072.56,3052.85,2074.79,2074.79,0.2476,0.2376,0.3493,3.0,0.365996,54.942,8.241,38.46,16.483,0.00365996,0.00269955,0.00047169,0.00308691
37,0.4843,0.2478,0,30,-30,-30,30,0,65740.11,4369.13,4150.67,2446.12,1775.71,1775.71,0.288,0.278,0.3745,3.0,0.325131,39.697,5.954,27.788,11.909,0.00325131,0.00243426,0.00042269,0.00272571
38,0.4739,0.1941,0,30,-30,-30,30,0,64424.83,4392.51,4172.88,2335.48,1699.5,1699.5,0.2667,0.2567,0.3719,3.0,0.095073,11.491,1.724,8.044,3.447,0.00095073,0.00073804,0.00012486,0.00078482
39,0.6025,0.2125,0,60,-60,-60,60,0,81155.34,5480.07,5206.06,3072.52,2055.85,2055.85,0.2707,0.2607,0.3584,3.0,0.190133,29.121,4.368,20.385,8.736,0.00190133,0.00142167,0.00025118,0.00159418
40,0.5606,0.2923,45,-45,45,-45,45,-45,76694.07,5047.1,4794.75,2882.73,2004.93,2004.93,0.3161,0.3061,0.3095,3.0,0.377921,53.606,8.041,37.524,16.082,0.00377921,0.00278934,0.00048927,0.00318635
41,0.6201,0.2564,0,30,-30,-30,30,0,83165.17,5597.14,5317.29,3179.11,2090.26,2090.26,0.2636,0.2536,0.3367,3.0,0.091642,14.388,2.158,10.072,4.316,0.00091642,0.00067888,0.0001211,0.00077119
42,0.5385,0.2162,0,60,-60,-60,60,0,73024.01,4634.25,4402.54,2553.71,1887.34,1887.34,0.2627,0.2527,0.367,3.0,0.475115,61.298,9.195,42.909,18.389,0.00475115,0.00360053,0.0005876,0.00396815
43,0.4713,0.2999,0,45,-45,-45,45,0,64535.49,4275.94,4062.14,2388.22,1614.26,1614.26,0.2514,0.2414,0.3621,3.0,0.375496,44.84,6.726,31.388,13.452,0.00375496,0.00281634,0.00048637,0.003146
44,0.4896,0.2893,0,0,90,90,0,0,65782.51,4389.14,4169.68,2497.98,1614.09,1614.09,0.3041,0.2941,0.3191,3.0,0.362627,44.677,6.702,31.274,13.403,0.00362627,0.0026828,0.00047541,0.00305371
45,0.6199,0.1869,45,45,-45,-45,45,45,83921.39,5742.32,5455.2,3179.07,2166.13,2166.13,0.25,0.24,0.3404,3.0,0.352193,56.309,8.446,39.416,16.893,0.00352193,0.00265684,0.00046968,0.00294177
46,0.599,0.2556,45,45,-45,-45,45,45,80156.8,5169.26,4910.8,2941.9,2078.73,2078.73,0.2968,0.2868,0.3784,3.0,0.405447,58.864,8.83,41.205,17.659,0.00405447,0.00300134,0.00051405,0.00341621
47,0.5723,0.1865,0,90,90,90,90,0,77104.37,4876.14,4632.34,2917.24,1972.83,1972.83,0.2547,0.2447,0.3784,3.0,0.316784,43.974,6.596,30.782,13.192,0.00316784,0.00226109,0.00039922,0.00270547
48,0.5417,0.2741,0,90,90,90,90,0,73525.53,4929.7,4683.21,2787.8,1878.85,1878.85,0.2862,0.2762,0.356,3.0,0.322694,44.572,6.686,31.2,13.372,0.00322694,0.00239822,0.00042435,0.00271244
49,0.5798,0.2929,0,30,-30,-30,30,0,78697.83,5511.27,5235.71,3023.85,2032.93,2032.93,0.2622,0.2522,0.3244,3.0,0.102905,15.743,2.361,11.02,4.723,0.00102905,0.00078095,0.00014003,0.00085697
50,0.5356,0.2533,0,60,-60,-60,60,0,72680.08,4695.22,4460.46,2582.53,1770.88,1770.88,0.2654,0.2554,0.3029,3.0,0.339503,44.342,6.651,31.04,13.303,0.00339503,0.00257551,0.00042707,0.00283324
51,0.5337,0.2369,0,90,90,90,90,0,72464.05,4742.06,4504.96,2651.34,1877.15,1877.15,0.2653,0.2553,0.363,3.0,0.150969,20.003,3.001,14.002,6.001,0.00150969,0.00113169,0.00019323,0.00126549
52,0.5598,0.2318,0,60,-60,-60,60,0,78694.11,5071.92,4818.33,2885.14,1963.98,1963.98,0.3137,0.3037,0.3403,3.0,0.311112,44.312,6.647,31.019,13.294,0.00311112,0.00230383,0.00039417,0.00262105
53,0.5541,0.276,0,60,-60,-60,60,0,75596.13,5149.29,4891.82,2792.27,1924.88,1924.88,0.2667,0.2567,0.3138,3.0,0.179033,25.516,3.827,17.862,7.655,0.00179033,0.00137074,0.00023628,0.0014866
54,0.5128,0.2691,90,45,0,0,45,90,66836.15,4390.75,4171.21,2645.73,1839.48,1839.48,0.2881,0.2781,0.3096,3.0,0.05915,7.402,1.11,5.182,2.221,0.0005915,0.00041968,7.753e-05,0.00050577
55,0.523,0.295,0,30,-30,-30,30,0,69931.34,4776.62,4537.79,2521.26,1815.58,1815.58,0.2913,0.2813,0.3009,3.0,0.498859,65.421,9.813,45.795,19.626,0.00498859,0.00389218,0.00065486,0.00410885
56,0.4918,0.243,90,45,0,0,45,90,65568.51,4560.98,4332.93,2556.79,1672.83,1672.83,0.3071,0.2971,0.3792,3.0,0.125737,16.019,2.403,11.213,4.806,0.00125737,0.00093977,0.00017101,0.00105364
57,0.4783,0.2338,45,-45,45,-45,45,-45,64730.87,4343.61,4126.43,2485.48,1656.03,1656.03,0.2545,0.2445,0.3726,3.0,0.23892,29.171,4.376,20.419,8.751,0.0023892,0.00176046,0.00031545,0.00201473
58,0.4589,0.2079,0,90,90,90,90,0,61309.0,4302.54,4087.41,2150.99,1566.93,1566.93,0.2595,0.2495,0.3675,3.0,0.199361,23.138,3.471,16.197,6.942,0.00199361,0.00161356,0.00026418,0.00161335
59,0.5775,0.2579,90,45,0,0,45,90,78208.96,5046.38,4794.06,2930.0,2054.45,2054.45,0.3076,0.2976,0.3386,3.0,0.332229,47.342,7.101,33.14,14.203,0.00332229,0.00242366,0.00042373,0.00281442
60,0.6037,0.2822,90,45,0,0,45,90,81134.45,5320.5,5054.48,2956.69,2050.82,2050.82,0.2799,0.2699,0.3425,3.0,0.254411,37.755,5.663,26.429,11.327,0.00254411,0.00191541,0.00032574,0.00212885
61,0.471,0.2278,0,0,90,90,0,0,62665.81,4373.99,4155.29,2399.34,1640.5,1640.5,0.3142,0.3042,0.3359,3.0,0.48888,59.359,8.904,41.551,17.808,0.0048888,0.00371094,0.00066306,0.00407126
62,0.5115,0.2518,0,0,90,90,0,0,69367.89,4468.61,4245.18,2568.93,1717.53,1717.53,0.2896,0.2796,0.3382,3.0,0.05534,6.965,1.045,4.875,2.089,0.0005534,0.00040667,7.028e-05,0.00046757
63,0.6023,0.2884,45,-45,45,-45,45,-45,80956.14,5259.76,4996.77,3054.3,2207.87,2207.87,0.2752,0.2652,0.3442,3.0,0.343122,50.958,7.644,35.671,15.287,0.00343122,0.0025026,0.00044062,0.00290648
64,0.5808,0.2964,45,45,-45,-45,45,45,78709.61,5500.58,5225.55,2805.0,1968.82,1968.82,0.3022,0.2922,0.3392,3.0,0.445203,66.489,9.973,46.542,19.947,0.00445203,0.00355555,0.00059131,0.00362628
65,0.6471,0.2358,0,45,-45,-45,45,0,86666.54,6015.14,5714.38,3197.88,2233.05,2233.05,0.314,0.304,0.3658,3.0,0.411182,68.034,10.205,47.624,20.41,0.00411182,0.00319119,0.0005495,0.00339312
66,0.4574,0.2247,0,30,-30,-30,30,0,60507.04,4151.84,3944.25,2201.55,1623.2,1623.2,0.3092,0.2992,0.3592,3.0,0.080298,9.165,1.375,6.416,2.75,0.00080298,0.00062445,0.00010603,0.00066224
67,0.6102,0.1859,0,90,90,90,90,0,81844.75,5496.39,5221.57,3067.01,2104.63,2104.63,0.2424,0.2324,0.3321,3.0,0.138495,21.249,3.187,14.874,6.375,0.00138495,0.00103921,0.00018173,0.00115977
68,0.6291,0.2606,0,60,-60,-60,60,0,82036.81,5903.78,5608.59,3298.59,2181.68,2181.68,0.2872,0.2772,0.3318,3.0,0.131306,21.619,3.243,15.133,6.486,0.00131306,0.0009831,0.00018447,0.00109857
69,0.505,0.2864,0,0,90,90,0,0,68799.69,4320.52,4104.5,2566.78,1870.01,1870.01,0.2637,0.2537,0.3326,3.0,0.142636,17.514,2.627,12.26,5.254,0.00142636,0.00102352,0.0001782,0.00121612
70,0.4774,0.249,0,90,90,90,90,0,62919.24,4036.68,3834.84,2396.68,1651.25,1651.25,0.2798,0.2698,0.3107,3.0,0.55972,64.181,9.627,44.927,19.254,0.0055972,0.00401685,0.00071404,0.00476983
71,0.5231,0.1881,0,60,-60,-60,60,0,69572.36,4734.29,4497.58,2688.13,1814.58,1814.58,0.3167,0.3067,0.3602,3.0,0.139429,18.511,2.777,12.958,5.553,0.00139429,0.00103292,0.00018625,0.00117299
72,0.5582,0.2141,0,90,90,90,90,0,73306.35,4781.19,4542.13,2819.78,1927.46,1927.46,0.2994,0.2894,0.3473,3.0,0.446779,60.558,9.084,42.39,18.167,0.00446779,0.0032214,0.00057826,0.00379974
73,0.5807,0.2159,45,-45,45,-45,45,-45,78812.08,5583.58,5304.4,2928.65,2051.79,2051.79,0.3027,0.2927,0.3351,3.0,0.139882,21.388,3.208,14.972,6.416,0.00139882,0.00109546,0.00018997,0.00114916
74,0.5453,0.2994,45,-45,45,-45,45,-45,73086.46,4835.4,4593.63,2773.71,1983.3,1983.3,0.2922,0.2822,0.3764,3.0,0.344924,46.924,7.039,32.847,14.077,0.00344924,0.00253761,0.00044942,0.00291128
75,0.5525,0.232,45,45,-45,-45,45,45,73601.72,4855.56,4612.78,2623.51,1885.73,1885.73,0.2764,0.2664,0.3413,3.0,0.065553,8.805,1.321,6.164,2.642,0.00065553,0.00050345,8.374e-05,0.00054403
76,0.5125,0.1861,45,45,-45,-45,45,45,69121.04,4770.0,4531.5,2504.01,1748.27,1748.27,0.2642,0.2542,0.3315,3.0,0.100245,13.104,1.966,9.173,3.931,0.00100245,0.00078497,0.00013271,0.00082414
77,0.5333,0.1802,0,30,-30,-30,30,0,71983.96,4768.29,4529.88,2593.66,1788.45,1788.45,0.2745,0.2645,0.3624,3.0,0.100309,13.257,1.989,9.28,3.977,0.00100309,0.00076669,0.00012892,0.00083407
78,0.6182,0.2112,90,45,0,0,45,90,80725.61,5339.67,5072.69,3035.83,2236.9,2236.9,0.2665,0.2565,0.3744,3.0,0.178493,26.75,4.012,18.725,8.025,0.00178493,0.00132171,0.00023196,0.0015029
79,0.4597,0.2353,0,45,-45,-45,45,0,62719.86,4109.27,3903.81,2315.26,1616.9,1616.9,0.2551,0.2451,0.3025,3.0,0.41048,47.231,7.085,33.062,14.169,0.0041048,0.00306,0.00052714,0.00344815
80,0.4721,0.2544,0,45,-45,-45,45,0,65162.27,4096.04,3891.24,2249.04,1657.39,1657.39,0.3083,0.2983,0.3495,3.0,0.178794,20.37,3.056,14.259,6.111,0.00178794,0.00135861,0.00021883,0.00149196
81,0.4825,0.2728,45,-45,45,-45,45,-45,64784.96,4190.68,3981.14,2535.67,1778.18,1778.18,0.2689,0.2589,0.3651,3.0,0.468995,56.091,8.414,39.264,16.827,0.00468995,0.00331811,0.00060606,0.0040154
82,0.5137,0.2759,45,-45,45,-45,45,-45,70846.37,4718.42,4482.5,2612.8,1829.72,1829.72,0.2424,0.2324,0.3277,3.0,0.318816,41.906,6.286,29.334,12.572,0.00318816,0.0024058,0.00041405,0.0026644
83,0.4538,0.1999,90,45,0,0,45,90,63338.72,4288.14,4073.74,2284.35,1655.86,1655.86,0.2501,0.2401,0.3115,3.0,0.4055,47.88,7.182,33.516,14.364,0.004055,0.00314402,0.00052916,0.00334971
84,0.5886,0.2008,0,0,90,90,0,0,77900.39,5289.89,5025.4,2938.31,2150.04,2150.04,0.2868,0.2768,0.3102,3.0,0.255398,37.656,5.648,26.359,11.297,0.00255398,0.00192234,0.00033837,0.00213556
85,0.6295,0.2856,0,45,-45,-45,45,0,84795.9,5553.23,5275.57,3072.28,2228.67,2228.67,0.2931,0.2831,0.3669,3.0,0.259407,40.13,6.02,28.091,12.039,0.00259407,0.00195931,0.00033128,0.00216795
86,0.4536,0.2515,0,60,-60,-60,60,0,62471.34,4088.53,3884.1,2217.46,1533.53,1533.53,0.2717,0.2617,0.3542,3.0,0.173086,19.601,2.94,13.721,5.88,0.00173086,0.00132593,0.00021963,0.00143826
87,0.5952,0.248,0,0,90,90,0,0,79962.85,5388.97,5119.52,2963.64,2054.14,2054.14,0.2816,0.2716,0.3326,3.0,0.354493,53.102,7.965,37.171,15.931,0.00354493,0.00268765,0.00046486,0.00295613
88,0.4688,0.2868,45,45,-45,-45,45,45,63582.87,4260.31,4047.29,2275.71,1616.79,1616.79,0.256,0.246,0.3687,3.0,0.24851,29.182,4.377,20.427,8.755,0.0024851,0.00192348,0.00032127,0.0020549
89,0.6325,0.2055,45,45,-45,-45,45,45,85424.67,5697.29,5412.42,3155.53,2274.52,2274.52,0.2985,0.2885,0.3626,3.0,0.227209,36.062,5.409,25.243,10.819,0.00227209,0.00171422,0.0002955,0.00189889
90,0.564,0.1926,0,0,90,90,0,0,75234.74,4941.73,4694.64,2800.36,2045.33,2045.33,0.2995,0.2895,0.3019,3.0,0.441137,61.136,9.17,42.795,18.341,0.00441137,0.00327473,0.00056882,0.00371142
91,0.6458,0.2253,45,45,-45,-45,45,45,87346.33,5867.43,5574.05,3419.96,2303.02,2303.02,0.2727,0.2627,0.3481,3.0,0.312837,51.85,7.777,36.295,15.555,0.00312837,0.00227414,0.00041553,0.00265107
92,0.6371,0.2361,45,45,-45,-45,45,45,86042.6,5775.47,5486.7,3186.22,2246.6,2246.6,0.2948,0.2848,0.3272,3.0,0.119162,19.149,2.872,13.404,5.745,0.00119162,0.00090148,0.00015579,0.00099466
93,0.641,0.2092,0,30,-30,-30,30,0,86633.03,5664.79,5381.55,3254.76,2176.32,2176.32,0.2818,0.2718,0.3375,3.0,0.082059,13.087,1.963,9.161,3.926,0.00082059,0.00060311,0.00010574,0.00069305
94,0.5019,0.1854,90,45,0,0,45,90,68624.01,4526.44,4300.12,2395.92,1658.68,1658.68,0.2602,0.2502,0.3236,3.0,0.278802,34.697,5.205,24.288,10.409,0.00278802,0.00217228,0.00035393,0.00229965
95,0.603,0.2852,0,90,90,90,90,0,80066.37,5250.85,4988.31,2949.2,2124.81,2124.81,0.2644,0.2544,0.3442,3.0,0.422479,62.061,9.309,43.443,18.618,0.00422479,0.00315652,0.00054259,0.00354579
96,0.4694,0.2815,45,45,-45,-45,45,45,62699.13,4163.3,3955.14,2349.29,1627.3,1627.3,0.3082,0.2982,0.3467,3.0,0.360025,41.979,6.297,29.385,12.594,0.00360025,0.0026803,0.00046867,0.00302492
97,0.597,0.2155,90,45,0,0,45,90,80721.56,5351.12,5083.56,3080.43,2058.48,2058.48,0.2497,0.2397,0.3717,3.0,0.195646,29.482,4.422,20.637,8.845,0.00195646,0.00143561,0.00025566,0.00165285
98,0.4701,0.2117,0,30,-30,-30,30,0,62558.58,4290.27,4075.75,2383.73,1614.17,1614.17,0.2968,0.2868,0.3681,3.0,0.462041,55.245,8.287,38.672,16.574,0.00462041,0.0034764,0.00061817,0.00386307
99,0.6249,0.2207,0,0,90,90,0,0,82106.57,5576.55,5297.72,3072.55,2193.16,2193.16,0.3022,0.2922,0.3414,3.0,0.256137,39.72,5.958,27.804,11.916,0.00256137,0.0019391,0.00033863,0.0021368
100,0.5481,0.2436,0,45,-45,-45,45,0,73717.69,4944.45,4697.23,2740.97,1940.84,1940.84,0.2786,0.2686,0.3763,3.0,0.281137,38.731,5.81,27.112,11.619,0.00281137,0.00211955,0.00036777,0.00234995
101,0.4827,0.2465,0,45,-45,-45,45,0,66294.92,4474.33,4250.62,2426.27,1733.82,1733.82,0.2887,0.2787,0.3372,3.0,0.149381,18.503,2.775,12.952,5.551,0.00149381,0.00114389,0.00019537,0.00124059
102,0.5301,0.2438,45,-45,45,-45,45,-45,68045.47,4828.25,4586.83,2431.55,1769.14,1769.14,0.2522,0.2422,0.3737,3.0,0.13557,17.696,2.654,12.387,5.309,0.0013557,0.00109164,0.00018204,0.00109952
103,0.5183,0.186,0,90,90,90,90,0,72658.96,4664.21,4431.0,2615.87,1894.81,1894.81,0.3139,0.3039,0.335,3.0,0.205049,26.754,4.013,18.728,8.026,0.00205049,0.00153416,0.00025775,0.00172083
104,0.5778,0.1803,90,45,0,0,45,90,77696.37,5088.9,4834.45,2944.48,2024.04,2024.04,0.2522,0.2422,0.3506,3.0,0.466325,66.932,10.04,46.853,20.08,0.00466325,0.00340972,0.00060302,0.00394578
105,0.5286,0.2906,0,30,-30,-30,30,0,72684.65,4695.42,4460.65,2557.92,1872.24,1872.24,0.316,0.306,0.3274,3.0,0.195797,25.503,3.825,17.852,7.651,0.00195797,0.00149552,0.00024561,0.00162942
106,0.4854,0.2614,0,0,90,90,0,0,66293.74,4158.38,3950.46,2447.1,1683.93,1683.93,0.2928,0.2828,0.3242,3.0,0.471743,55.615,8.342,38.931,16.685,0.00471743,0.00340906,0.00058725,0.00401228
107,0.6395,0.224,0,30,-30,-30,30,0,86756.73,5870.59,5577.06,3204.81,2244.81,2244.81,0.2735,0.2635,0.3518,3.0,0.324908,52.903,7.935,37.032,15.871,0.00324908,0.00247612,0.00042685,0.00270347
108,0.5185,0.229,0,30,-30,-30,30,0,69997.38,4717.28,4481.42,2632.57,1795.91,1795.91,0.293,0.283,0.3016,3.0,0.246958,32.518,4.878,22.762,9.755,0.00246958,0.00185282,0.00032519,0.002068
109,0.5153,0.2037,45,45,-45,-45,45,45,68312.71,4484.63,4260.4,2579.68,1789.89,1789.89,0.2511,0.2411,0.3227,3.0,0.414853,52.389,7.858,36.673,15.717,0.00414853,0.00304628,0.00053683,0.0035046
110,0.5849,0.2892,90,45,0,0,45,90,79707.25,4948.33,4700.92,2902.87,1938.31,1938.31,0.2604,0.2504,0.35,3.0,0.136001,19.067,2.86,13.347,5.72,0.00136001,0.00098524,0.00016745,0.00115596
111,0.5141,0.2971,0,30,-30,-30,30,0,69985.45,4547.7,4320.31,2570.41,1848.65,1848.65,0.2755,0.2655,0.3749,3.0,0.235944,30.075,4.511,21.053,9.023,0.00235944,0.0017551,0.00030082,0.001984
112,0.6208,0.2187,0,0,90,90,0,0,84645.86,5602.46,5322.34,3058.24,2129.83,2129.83,0.313,0.303,0.3739,3.0,0.260509,40.495,6.074,28.346,12.148,0.00260509,0.00198616,0.00033488,0.0021684
113,0.6187,0.2974,45,45,-45,-45,45,45,83651.3,5934.75,5638.01,3010.68,2238.93,2238.93,0.2916,0.2816,0.3231,3.0,0.328469,52.825,7.924,36.977,15.847,0.00328469,0.00263187,0.00044204,0.00267028
114,0.5016,0.2503,90,45,0,0,45,90,69455.69,4445.58,4223.31,2575.74,1723.25,1723.25,0.2406,0.2306,0.3269,3.0,0.243115,30.506,4.576,21.354,9.152,0.00243115,0.00177653,0.00030745,0.00205862
115,0.6095,0.2807,0,0,90,90,0,0,80945.25,5451.13,5178.57,2951.94,2087.61,2087.61,0.2523,0.2423,0.3338,3.0,0.101624,15.33,2.299,10.731,4.599,0.00101624,0.00077896,0.00013257,0.00084366
116,0.5739,0.2919,90,45,0,0,45,90,77773.55,5142.72,4885.58,2895.62,2011.86,2011.86,0.3108,0.3008,0.3531,3.0,0.458886,66.058,9.909,46.24,19.817,0.00458886,0.00342194,0.00059455,0.00385348
117,0.4724,0.2799,0,45,-45,-45,45,0,63054.5,4252.6,4039.97,2409.54,1662.31,1662.31,0.3194,0.3094,0.38,3.0,0.139278,16.602,2.49,11.622,4.981,0.00139278,0.00103354,0.00018431,0.00117122
118,0.5533,0.1914,0,30,-30,-30,30,0,75862.8,5165.92,4907.62,2834.27,1967.23,1967.23,0.2441,0.2341,0.3538,3.0,0.350492,50.286,7.543,35.2,15.086,0.00350492,0.00266132,0.000464,0.00292025
119,0.5207,0.2745,45,45,-45,-45,45,45,71854.4,4812.04,4571.44,2692.58,1808.75,1808.75,0.2793,0.2693,0.3714,3.0,0.414373,55.705,8.356,38.994,16.712,0.00414373,0.00310327,0.00054268,0.00347287
120,0.4788,0.2855,90,45,0,0,45,90,64202.01,4361.84,4143.75,2334.59,1698.25,1698.25,0.24,0.23,0.3349,3.0,0.0998,12.003,1.8,8.402,3.601,0.000998,0.0007712,0.00013087,0.00082554
121,0.6049,0.1842,0,0,90,90,0,0,81546.71,5407.74,5137.35,2898.78,2072.53,2072.53,0.2831,0.2731,0.3655,3.0,0.31373,46.82,7.023,32.774,14.046,0.0031373,0.00242273,0.0004019,0.00259737
122,0.4686,0.2273,90,45,0,0,45,90,63328.46,4222.55,4011.42,2337.43,1640.12,1640.12,0.2772,0.2672,0.3294,3.0,0.416107,48.94,7.341,34.258,14.682,0.00416107,0.00314065,0.00054096,0.00347707
123,0.4938,0.205,45,45,-45,-45,45,45,67235.81,4386.9,4167.56,2530.33,1779.94,1779.94,0.2719,0.2619,0.3792,3.0,0.406993,50.319,7.548,35.223,15.096,0.00406993,0.00298293,0.00052387,0.00344106
124,0.4774,0.2584,0,90,90,90,90,0,64587.44,4297.18,4082.32,2475.59,1548.5,1548.5,0.2554,0.2454,0.3177,3.0,0.267788,32.41,4.861,22.687,9.723,0.00267788,0.00196376,0.00035126,0.00226263
125,0.5812,0.2147,0,90,90,90,90,0,77430.98,5599.55,5319.57,3014.18,2013.66,2013.66,0.244,0.234,0.3481,3.0,0.332314,51.336,7.7,35.935,15.401,0.00332314,0.00255473,0.00046409,0.00275037
126,0.5472,0.2112,0,60,-60,-60,60,0,73775.37,4685.11,4450.86,2690.47,1922.77,1922.77,0.2617,0.2517,0.3418,3.0,0.24001,31.667,4.75,22.167,9.5,0.0024001,0.00176551,0.00030047,0.00202772
127,0.5129,0.2477,90,45,0,0,45,90,69235.47,4410.09,4189.59,2545.78,1813.59,1813.59,0.2538,0.2438,0.3712,3.0,0.372772,46.36,6.954,32.452,13.908,0.00372772,0.00273156,0.00046872,0.00315365
128,0.544,0.2371,0,90,90,90,90,0,74338.96,5185.99,4926.69,2837.59,1842.57,1842.57,0.2944,0.2844,0.3171,3.0,0.434274,62.472,9.371,43.731,18.742,0.00434274,0.00330241,0.00058826,0.00361391
129,0.4698,0.2048,0,60,-60,-60,60,0,63304.36,4130.9,3924.35,2308.7,1608.79,1608.79,0.2444,0.2344,0.3286,3.0,0.266819,30.795,4.619,21.557,9.239,0.00266819,0.0020008,0.00034052,0.00223645
130,0.503,0.2533,0,45,-45,-45,45,0,67676.65,4419.62,4198.64,2355.7,1691.46,1691.46,0.2492,0.2392,0.3496,3.0,0.152235,18.541,2.781,12.978,5.562,0.00152235,0.00118058,0.00019177,0.00125852
131,0.4744,0.2823,0,90,90,90,90,0,64536.34,4386.93,4167.58,2317.92,1686.58,1686.58,0.2659,0.2559,0.3759,3.0,0.415192,50.027,7.504,35.019,15.008,0.00415192,0.00323739,0.00054262,0.00342107
132,0.5654,0.2767,90,45,0,0,45,90,74977.92,4910.73,4665.19,2832.05,1995.15,1995.15,0.2868,0.2768,0.3102,3.0,0.12257,16.962,2.544,11.873,5.089,0.0012257,0.00089838,0.00015836,0.0010362
133,0.5142,0.2032,90,45,0,0,45,90,68217.76,4880.49,4636.47,2539.23,1852.0,1852.0,0.2907,0.2807,0.3741,3.0,0.094713,12.624,1.894,8.837,3.787,0.00094713,0.00074576,0.00012954,0.00077601
134,0.6366,0.227,90,45,0,0,45,90,87095.81,5956.52,5658.7,3134.96,2243.04,2243.04,0.2844,0.2744,0.3257,3.0,0.16761,27.386,4.108,19.17,8.216,0.0016761,0.00131033,0.0002201,0.00137927
135,0.5191,0.2254,45,-45,45,-45,45,-45,71283.94,4686.93,4452.58,2643.48,1794.65,1794.65,0.3004,0.2904,0.3206,3.0,0.092503,12.143,1.821,8.5,3.643,0.00092503,0.00068902,0.00011924,0.00077723
136,0.6154,0.2913,0,45,-45,-45,45,0,83785.59,5768.77,5480.33,3163.75,2135.01,2135.01,0.3139,0.3039,0.3463,3.0,0.272558,43.654,6.548,30.558,13.096,0.00272558,0.00206974,0.00036472,0.00227021
137,0.4509,0.1846,45,45,-45,-45,45,45,60613.07,4237.36,4025.49,2124.38,1477.53,1477.53,0.2773,0.2673,0.3004,3.0,0.395532,45.256,6.788,31.679,13.577,0.00395532,0.00319545,0.00052264,0.00320405
138,0.6073,0.2197,0,60,-60,-60,60,0,84393.75,5589.6,5310.12,3046.83,2103.7,2103.7,0.302,0.292,0.3397,3.0,0.392054,60.776,9.116,42.543,18.233,0.00392054,0.0029921,0.00050411,0.00326193
139,0.5573,0.2958,90,45,0,0,45,90,73846.22,4870.88,4627.33,2789.7,1846.32,1846.32,0.3049,0.2949,0.3385,3.0,0.471076,64.532,9.68,45.172,19.36,0.00471076,0.00346984,0.00061171,0.00397456
140,0.5629,0.2979,90,45,0,0,45,90,77468.08,4649.21,4416.75,2793.54,1911.07,1911.07,0.3036,0.2936,0.367,3.0,0.326092,43.241,6.486,30.269,12.972,0.00326092,0.00232186,0.00039073,0.00279024
141,0.5069,0.2165,0,90,90,90,90,0,68879.98,4339.16,4122.2,2605.82,1736.05,1736.05,0.2935,0.2835,0.3301,3.0,0.467689,57.832,8.675,40.482,17.349,0.00467689,0.00332898,0.00058772,0.00399835
142,0.5737,0.1848,0,90,90,90,90,0,77806.82,4925.35,4679.08,2861.29,2045.2,2045.2,0.2675,0.2575,0.3077,3.0,0.249034,34.652,5.198,24.256,10.395,0.00249034,0.00181657,0.00031175,0.00211061
143,0.6395,0.2286,0,30,-30,-30,30,0,86889.9,5853.86,5561.17,3359.96,2227.43,2227.43,0.2743,0.2643,0.3345,3.0,0.347902,57.289,8.593,40.103,17.187,0.00347902,0.00255759,0.00046153,0.00293598
144,0.4572,0.2442,45,45,-45,-45,45,45,64491.08,4163.64,3955.46,2241.96,1645.93,1645.93,0.3122,0.3022,0.3036,3.0,0.55032,63.345,9.502,44.342,19.004,0.0055032,0.00423815,0.00068756,0.00456416
145,0.6372,0.2805,45,-45,45,-45,45,-45,88314.15,5804.5,5514.28,3163.3,2204.76,2204.76,0.2854,0.2754,0.3318,3.0,0.088333,14.221,2.133,9.955,4.266,0.00088333,0.00067433,0.00011272,0.00073498
146,0.539,0.1876,0,90,90,90,90,0,73799.83,4794.08,4554.37,2717.63,1830.16,1830.16,0.2475,0.2375,0.3694,3.0,0.478191,64.309,9.646,45.016,19.293,0.00478191,0.00354955,0.00060998,0.00402429
147,0.5916,0.2796,0,60,-60,-60,60,0,77935.46,5320.47,5054.45,2979.72,2098.29,2098.29,0.2835,0.2735,0.3719,3.0,0.445941,66.277,9.942,46.394,19.883,0.00445941,0.00333643,0.00059529,0.00373712
148,0.6444,0.2646,90,45,0,0,45,90,86607.78,5774.55,5485.82,3116.68,2259.97,2259.97,0.2472,0.2372,0.3062,3.0,0.232153,37.067,5.56,25.947,11.12,0.00232153,0.00178398,0.00029959,0.00192573
149,0.606,0.2335,90,45,0,0,45,90,81155.42,5523.1,5246.94,2917.6,2214.02,2214.02,0.2575,0.2475,0.3413,3.0,0.421445,63.926,9.589,44.748,19.178,0.00421445,0.00328657,0.00055139,0.00347229
150,0.6372,0.2973,0,60,-60,-60,60,0,85638.0,5704.51,5419.28,3156.68,2201.29,2201.29,0.2855,0.2755,0.373,3.0,0.136043,21.615,3.242,15.13,6.484,0.00136043,0.00102709,0.00017668,0.00113671
151,0.5574,0.2551,0,60,-60,-60,60,0,77930.59,4781.8,4542.71,2862.88,2019.45,2019.45,0.2472,0.2372,0.3181,3.0,0.137975,18.795,2.819,13.156,5.638,0.00137975,0.00098474,0.00016882,0.00117914
152,0.5376,0.2935,90,45,0,0,45,90,72311.05,4806.7,4566.37,2711.27,1951.55,1951.55,0.2923,0.2823,0.3538,3.0,0.216398,29.128,4.369,20.389,8.738,0.00216398,0.00161147,0.00028197,0.00181793
153,0.537,0.2074,45,45,-45,-45,45,45,72163.4,4693.22,4458.56,2632.67,1797.56,1797.56,0.2816,0.2716,0.3407,3.0,0.377564,49.563,7.434,34.694,14.869,0.00377564,0.0028239,0.00048077,0.00316814
154,0.5373,0.2994,0,45,-45,-45,45,0,73885.03,4736.31,4499.49,2708.3,1811.13,1811.13,0.2582,0.2482,0.351,3.0,0.266872,35.55,5.332,24.885,10.665,0.00266872,0.00196892,0.0003368,0.00225173
155,0.4602,0.2978,0,30,-30,-30,30,0,61410.64,4092.67,3888.04,2331.43,1605.32,1605.32,0.3025,0.2925,0.3343,3.0,0.289895,33.313,4.997,23.319,9.994,0.00289895,0.00214329,0.00037972,0.00244189
156,0.5776,0.2827,45,45,-45,-45,45,45,80116.67,5251.88,4989.29,2945.71,1985.33,1985.33,0.2697,0.2597,0.334,3.0,0.3062,44.972,6.746,31.48,13.492,0.003062,0.00229004,0.00039293,0.00256891
157,0.6124,0.2407,0,30,-30,-30,30,0,80964.76,5246.68,4984.34,3068.69,2199.74,2199.74,0.2901,0.2801,0.3598,3.0,0.351425,52.163,7.824,36.514,15.649,0.00351425,0.00254975,0.00045098,0.00298261
158,0.6289,0.2127,0,30,-30,-30,30,0,83158.01,5601.84,5321.74,3247.04,2223.78,2223.78,0.2824,0.2724,0.3706,3.0,0.087025,13.75,2.062,9.625,4.125,0.00087025,0.00063518,0.00011574,0.00073635
159,0.6021,0.265,90,45,0,0,45,90,79637.14,5468.24,5194.83,3021.27,2076.57,2076.57,0.2502,0.2402,0.344,3.0,0.115262,17.537,2.631,12.276,5.261,0.00115262,0.00087069,0.00015415,0.00096214
160,0.591,0.1884,45,-45,45,-45,45,-45,80173.12,5146.54,4889.21,2997.75,2009.45,2009.45,0.3056,0.2956,0.3193,3.0,0.24818,36.101,5.415,25.271,10.83,0.0024818,0.0018064,0.0003152,0.00210438
161,0.5222,0.2012,45,-45,45,-45,45,-45,67963.25,4692.99,4458.34,2730.66,1834.18,1834.18,0.2505,0.2405,0.3351,3.0,0.258188,34.194,5.129,23.936,10.258,0.00258188,0.00187834,0.00035219,0.00218586
162,0.5106,0.2243,0,30,-30,-30,30,0,69182.39,4488.1,4263.7,2631.69,1771.32,1771.32,0.3094,0.2994,0.3799,3.0,0.160602,20.405,3.061,14.284,6.122,0.00160602,0.00116304,0.00020646,0.00136395
163,0.5727,0.2868,0,60,-60,-60,60,0,78609.6,5334.11,5067.4,2853.29,1897.73,1897.73,0.2795,0.2695,0.3326,3.0,0.419269,61.655,9.248,43.159,18.497,0.00419269,0.00324127,0.00054903,0.00346761
164,0.5636,0.2463,90,45,0,0,45,90,78501.02,4928.79,4682.35,2863.12,1888.35,1888.35,0.3196,0.3096,0.3698,3.0,0.409821,57.07,8.561,39.949,17.121,0.00409821,0.00298993,0.0005089,0.00347368
165,0.628,0.2177,0,0,90,90,0,0,86413.89,5616.32,5335.5,3033.05,2157.77,2157.77,0.2637,0.2537,0.3136,3.0,0.204455,31.769,4.765,22.238,9.531,0.00204455,0.00157114,0.00025735,0.00169697
166,0.489,0.187,45,-45,45,-45,45,-45,65581.45,4194.95,3985.2,2407.48,1675.2,1675.2,0.254,0.244,0.365,3.0,0.522591,61.72,9.258,43.204,18.516,0.00522591,0.0038455,0.00065878,0.00441387
167,0.5029,0.2896,45,-45,45,-45,45,-45,66521.02,4385.45,4166.18,2476.62,1702.12,1702.12,0.2612,0.2512,0.3344,3.0,0.119753,14.713,2.207,10.299,4.414,0.00119753,0.00089112,0.00015483,0.0010065
168,0.5365,0.2104,0,0,90,90,0,0,72837.73,4826.59,4585.26,2595.3,1814.64,1814.64,0.2403,0.2303,0.3457,3.0,0.395717,52.758,7.914,36.931,15.827,0.00395717,0.00304924,0.00050702,0.0032792
169,0.6488,0.1846,45,45,-45,-45,45,45,88250.34,5733.88,5447.19,3236.92,2189.81,2189.81,0.2697,0.2597,0.3151,3.0,0.124173,19.95,2.993,13.965,5.985,0.00124173,0.00092449,0.00015824,0.0010438
170,0.4891,0.2292,0,60,-60,-60,60,0,64336.42,4375.82,4157.03,2401.72,1730.75,1730.75,0.2729,0.2629,0.3323,3.0,0.282793,34.372,5.156,24.06,10.312,0.00282793,0.00214672,0.00037398,0.0023565
171,0.6347,0.2095,0,90,90,90,90,0,87039.6,5901.71,5606.62,3088.04,2205.73,2205.73,0.2771,0.2671,0.3232,3.0,0.323303,52.252,7.838,36.576,15.676,0.00323303,0.00253811,0.00042023,0.00265611
172,0.6092,0.2889,90,45,0,0,45,90,82589.49,5445.05,5172.8,3043.51,2136.17,2136.17,0.3155,0.3055,0.3322,3.0,0.369162,56.154,8.423,39.308,16.846,0.00369162,0.00276755,0.00047594,0.00309384
173,0.4949,0.2816,45,-45,45,-45,45,-45,67509.5,4461.42,4238.35,2520.4,1791.06,1791.06,0.3134,0.3034,0.3681,3.0,0.238268,29.783,4.467,20.848,8.935,0.00238268,0.00177253,0.00030882,0.00200271
174,0.6197,0.2073,0,90,90,90,90,0,84949.69,5394.1,5124.4,3048.53,2176.16,2176.16,0.2503,0.2403,0.3625,3.0,0.065977,9.979,1.497,6.985,2.994,0.00065977,0.00049099,8.223e-05,0.00055498
175,0.6377,0.2674,0,90,90,90,90,0,85845.27,5518.65,5242.72,3218.69,2111.25,2111.25,0.2494,0.2394,0.3191,3.0,0.220246,34.365,5.155,24.056,10.31,0.00220246,0.00160151,0.00028022,0.00186812
176,0.5506,0.2406,45,45,-45,-45,45,45,74113.24,4851.05,4608.5,2722.48,1990.66,1990.66,0.2989,0.2889,0.3542,3.0,0.306086,41.532,6.23,29.072,12.46,0.00306086,0.00228828,0.00039227,0.00256843
177,0.5546,0.2026,0,30,-30,-30,30,0,75775.6,5010.86,4760.31,2916.31,1886.16,1886.16,0.2911,0.2811,0.3379,3.0,0.384079,54.358,8.154,38.05,16.307,0.00384079,0.00279588,0.00050215,0.00325439
178,0.6473,0.1913,45,45,-45,-45,45,45,87391.38,5868.23,5574.81,3194.71,2261.17,2261.17,0.3184,0.3084,0.3707,3.0,0.201083,32.706,4.906,22.894,9.812,0.00201083,0.00153565,0.00026198,0.00167203
179,0.5103,0.2724,0,45,-45,-45,45,0,69323.08,4483.47,4259.3,2534.48,1710.89,1710.89,0.297,0.287,0.3451,3.0,0.209497,26.33,3.95,18.431,7.899,0.00209497,0.00155832,0.00026587,0.00176182
180,0.5491,0.1866,0,60,-60,-60,60,0,73485.36,4979.28,4730.32,2737.12,1965.58,1965.58,0.2441,0.2341,0.36,3.0,0.198612,27.483,4.123,19.238,8.245,0.00198612,0.00150615,0.0002618,0.00165587
181,0.5015,0.284,0,0,90,90,0,0,66206.67,4575.23,4346.47,2479.67,1874.06,1874.06,0.2585,0.2485,0.3022,3.0,0.396421,50.18,7.527,35.126,15.054,0.00396421,0.0030355,0.00053055,0.00329034
182,0.6417,0.2652,45,45,-45,-45,45,45,83839.47,5810.85,5520.31,3322.69,2223.29,2223.29,0.2912,0.2812,0.3161,3.0,0.285136,46.537,6.981,32.576,13.961,0.00285136,0.00210087,0.00038855,0.00240259
183,0.6276,0.2774,45,45,-45,-45,45,45,84591.78,5496.6,5221.77,3145.65,2167.46,2167.46,0.2666,0.2566,0.3135,3.0,0.184593,28.537,4.281,19.976,8.561,0.00184593,0.00136077,0.00023614,0.00155751
184,0.4924,0.1908,0,60,-60,-60,60,0,65672.61,4719.63,4483.65,2529.41,1728.12,1728.12,0.3062,0.2962,0.3464,3.0,0.103641,13.479,2.022,9.435,4.044,0.00103641,0.00079932,0.00014367,0.00085677
185,0.6049,0.2557,45,-45,45,-45,45,-45,81402.01,5227.65,4966.27,2993.43,2162.82,2162.82,0.2774,0.2674,0.3136,3.0,0.414199,60.92,9.138,42.644,18.276,0.00414199,0.00305269,0.00052387,0.00349603
186,0.6093,0.2113,0,0,90,90,0,0,84030.31,5559.82,5281.83,2967.86,2166.16,2166.16,0.3085,0.2985,0.3062,3.0,0.106121,16.263,2.439,11.384,4.879,0.00106121,0.00082194,0.00013547,0.00087751
187,0.603,0.2169,0,30,-30,-30,30,0,80662.92,5328.59,5062.16,2981.09,2165.48,2165.48,0.2843,0.2743,0.3497,3.0,0.13489,20.084,3.013,14.059,6.025,0.0013489,0.00101057,0.00017429,0.00113072
188,0.5721,0.2548,0,0,90,90,0,0,75817.62,5031.96,4780.36,2822.53,1949.38,1949.38,0.2757,0.2657,0.3327,3.0,0.10577,14.881,2.232,10.417,4.464,0.0010577,0.00079084,0.00013739,0.0008872
189,0.4673,0.2067,90,45,0,0,45,90,62549.55,4216.88,4006.04,2258.99,1721.0,1721.0,0.2896,0.2796,0.3742,3.0,0.273471,31.81,4.771,22.267,9.543,0.00273471,0.00211219,0.00035598,0.00226301
190,0.5484,0.2434,0,0,90,90,0,0,75783.77,5056.64,4803.81,2747.54,1797.45,1797.45,0.3137,0.3037,0.3395,3.0,0.30443,42.648,6.397,29.854,12.794,0.0030443,0.00232834,0.00039393,0.00253022
191,0.5437,0.2955,0,60,-60,-60,60,0,74613.27,4644.23,4412.02,2717.85,1916.52,1916.52,0.3015,0.2915,0.3587,3.0,0.254929,33.521,5.028,23.465,10.056,0.00254929,0.00185004,0.00031448,0.00216533
192,0.4564,0.2484,0,45,-45,-45,45,0,60941.86,4041.42,3839.35,2279.77,1619.63,1619.63,0.2913,0.2813,0.333,3.0,0.134419,15.213,2.282,10.649,4.564,0.00134419,0.00100098,0.00017475,0.00112931
193,0.6019,0.2077,45,45,-45,-45,45,45,81307.99,5561.47,5283.39,2892.47,2008.06,2008.06,0.263,0.253,0.32,3.0,0.409801,62.287,9.343,43.601,18.686,0.00409801,0.00323015,0.00053625,0.00335994
194,0.5026,0.2499,0,60,-60,-60,60,0,68966.69,4595.77,4365.98,2497.22,1653.63,1653.63,0.3146,0.3046,0.3163,3.0,0.508122,64.698,9.705,45.288,19.409,0.00508122,0.00388619,0.00065667,0.00422331
195,0.5557,0.2799,45,45,-45,-45,45,45,76891.21,4869.96,4626.46,2764.95,1982.34,1982.34,0.2615,0.2515,0.3257,3.0,0.181826,24.861,3.729,17.402,7.458,0.00181826,0.00134869,0.00022632,0.00153146
196,0.5595,0.2473,0,30,-30,-30,30,0,75790.14,4996.3,4746.49,2885.98,1913.06,1913.06,0.2665,0.2565,0.3102,3.0,0.263148,37.062,5.559,25.943,11.119,0.00263148,0.0019263,0.0003423,0.00222535
197,0.4877,0.2821,0,90,90,90,90,0,65884.46,4221.94,4010.84,2415.64,1740.17,1740.17,0.2542,0.2442,0.3525,3.0,0.273008,32.423,4.863,22.696,9.727,0.00273008,0.00201332,0.00034448,0.0023039
198,0.505,0.1878,0,45,-45,-45,45,0,67345.52,4519.76,4293.77,2587.66,1787.19,1787.19,0.2885,0.2785,0.3356,3.0,0.076624,9.736,1.46,6.815,2.921,0.00076624,0.00056438,0.0001012,0.00064624
199,0.5386,0.1886,0,0,90,90,0,0,72895.67,4815.78,4574.99,2733.56,1866.46,1866.46,0.252,0.242,0.3162,3.0,0.402744,54.413,8.162,38.089,16.324,0.00402744,0.00298581,0.00052251,0.00338965
200,0.582,0.267,45,45,-45,-45,45,45,77292.26,4963.72,4715.53,2953.78,2127.44,2127.44,0.2688,0.2588,0.318,3.0,0.305782,43.14,6.471,30.198,12.942,0.00305782,0.00219073,0.00039069,0.00260729
201,0.4592,0.2223,45,-45,45,-45,45,-45,59581.54,4172.74,3964.11,2232.15,1617.16,1617.16,0.3048,0.2948,0.3569,3.0,0.410625,47.211,7.082,33.048,14.163,0.00410625,0.00317258,0.00055467,0.00339426
202,0.4706,0.237,0,90,90,90,90,0,60938.31,4195.07,3985.32,2317.9,1569.41,1569.41,0.2731,0.2631,0.3141,3.0,0.353242,41.231,6.185,28.862,12.369,0.00353242,0.00266823,0.00047362,0.00294855
203,0.6149,0.2911,0,60,-60,-60,60,0,82853.19,5626.81,5345.47,3004.76,2153.71,2153.71,0.301,0.291,0.3776,3.0,0.124147,19.248,2.887,13.474,5.774,0.00124147,0.00096088,0.00016262,0.00102623
204,0.6312,0.2965,45,45,-45,-45,45,45,85871.59,5243.05,4980.9,3227.32,2056.75,2056.75,0.2734,0.2634,0.3457,3.0,0.272841,41.037,6.155,28.726,12.311,0.00272841,0.00190731,0.00033452,0.00234806
205,0.4807,0.2688,0,0,90,90,0,0,62590.85,4495.79,4271.0,2400.27,1622.89,1622.89,0.3176,0.3076,0.3586,3.0,0.087209,10.792,1.619,7.554,3.237,0.00087209,0.0006744,0.00012069,0.00072011
206,0.5238,0.201,0,0,90,90,0,0,70228.38,4584.7,4355.47,2696.6,1765.79,1765.79,0.3088,0.2988,0.3303,3.0,0.150586,19.558,2.934,13.691,5.867,0.00150586,0.00108792,0.00019494,0.00127977
207,0.6203,0.209,0,30,-30,-30,30,0,83860.29,5398.91,5128.97,2970.9,2152.22,2152.22,0.2471,0.2371,0.3539,3.0,0.299997,45.063,6.759,31.544,13.519,0.00299997,0.00227521,0.00037615,0.002504
208,0.5179,0.1885,45,45,-45,-45,45,45,69990.56,4698.33,4463.41,2483.15,1780.12,1780.12,0.2816,0.2716,0.3674,3.0,0.267967,34.59,5.188,24.213,10.377,0.00267967,0.00208945,0.00034594,0.00220863
209,0.5393,0.2944,0,45,-45,-45,45,0,72999.7,4757.43,4519.56,2680.14,1875.67,1875.67,0.295,0.285,0.3038,3.0,0.340636,45.379,6.807,31.766,13.614,0.00340636,0.00253977,0.00043515,0.0028616
210,0.5073,0.1968,0,90,90,90,90,0,69443.88,4530.49,4303.97,2518.19,1780.85,1780.85,0.2892,0.2792,0.3299,3.0,0.256456,32.412,4.862,22.689,9.724,0.00256456,0.00193068,0.00032672,0.00214627
211,0.5803,0.193,0,30,-30,-30,30,0,78922.45,5248.0,4985.6,2867.71,2032.49,2032.49,0.2824,0.2724,0.3475,3.0,0.052023,7.577,1.136,5.304,2.273,0.00052023,0.00039631,6.72e-05,0.00043312
212,0.4544,0.2418,0,45,-45,-45,45,0,60371.91,3885.26,3691.0,2295.27,1617.55,1617.55,0.2418,0.2318,0.3481,3.0,0.236905,26.111,3.917,18.278,7.833,0.00236905,0.00170639,0.00030275,0.00201615
213,0.6028,0.2142,0,60,-60,-60,60,0,80736.8,5757.04,5469.19,2986.73,2076.4,2076.4,0.2838,0.2738,0.3117,3.0,0.350512,55.066,8.26,38.546,16.52,0.00350512,0.00276551,0.00047743,0.00286947
214,0.5173,0.2985,0,0,90,90,0,0,68496.6,4833.63,4591.95,2623.83,1747.17,1747.17,0.3182,0.3082,0.338,3.0,0.056144,7.509,1.126,5.256,2.253,0.00056144,0.00042927,7.674e-05,0.00046604
215,0.4762,0.1862,45,45,-45,-45,45,45,64251.18,4186.61,3977.28,2415.83,1690.48,1690.48,0.2802,0.2702,0.3777,3.0,0.518,61.127,9.169,42.789,18.338,0.00518,0.00379543,0.00066597,0.00438021
216,0.5018,0.2405,45,-45,45,-45,45,-45,65972.39,4600.68,4370.64,2352.72,1766.46,1766.46,0.2825,0.2725,0.3781,3.0,0.454526,56.829,8.524,39.78,17.049,0.00454526,0.00362318,0.00060298,0.00370568
217,0.4873,0.2162,0,30,-30,-30,30,0,66669.25,4316.29,4100.47,2496.28,1655.85,1655.85,0.2611,0.2511,0.3284,3.0,0.067917,8.269,1.24,5.788,2.481,0.00067917,0.00049687,8.682e-05,0.00057472
218,0.5198,0.266,0,30,-30,-30,30,0,68514.26,4528.8,4302.36,2638.49,1844.1,1844.1,0.312,0.302,0.3274,3.0,0.266508,34.099,5.115,23.869,10.23,0.00266508,0.00193856,0.00034839,0.00225882
219,0.4578,0.2394,45,45,-45,-45,45,45,62242.18,4207.63,3997.25,2259.41,1511.77,1511.77,0.2968,0.2868,0.3571,3.0,0.116089,13.483,2.022,9.438,4.045,0.00116089,0.00089509,0.00015163,0.00096129
220,0.6486,0.221,0,45,-45,-45,45,0,88011.44,5790.7,5501.17,3232.44,2318.19,2318.19,0.2411,0.2311,0.3742,3.0,0.105904,17.126,2.569,11.988,5.138,0.00105904,0.00079473,0.00013621,0.00088725
221,0.5029,0.1847,90,45,0,0,45,90,67579.63,4534.71,4307.97,2437.41,1758.48,1758.48,0.2708,0.2608,0.3271,3.0,0.102619,12.85,1.927,8.995,3.855,0.00102619,0.00079079,0.0001331,0.0008501
222,0.5156,0.1908,0,45,-45,-45,45,0,68219.53,4664.03,4430.83,2639.27,1843.4,1843.4,0.2803,0.2703,0.3425,3.0,0.061472,8.032,1.205,5.622,2.41,0.00061472,0.00045648,8.241e-05,0.00051663
223,0.5129,0.2729,0,0,90,90,0,0,69401.95,4739.06,4502.11,2570.26,1834.44,1834.44,0.2647,0.2547,0.3743,3.0,0.392952,51.544,7.732,36.081,15.463,0.00392952,0.00300809,0.00051988,0.00326291
224,0.4689,0.2993,90,45,0,0,45,90,61239.84,4112.74,3907.1,2390.65,1627.06,1627.06,0.3039,0.2939,0.3482,3.0,0.437669,50.81,7.621,35.567,15.243,0.00437669,0.00318802,0.00058078,0.00370626
225,0.6214,0.1917,45,45,-45,-45,45,45,84480.84,5729.03,5442.58,3118.78,2199.27,2199.27,0.274,0.264,0.3704,3.0,0.150601,23.91,3.586,16.737,7.173,0.00150601,0.00114996,0.00019811,0.00125204
226,0.5041,0.2872,0,30,-30,-30,30,0,68715.38,4543.25,4316.08,2471.79,1767.62,1767.62,0.2802,0.2702,0.3121,3.0,0.249957,31.478,4.722,22.035,9.443,0.00249957,0.00191025,0.00032067,0.00207858
227,0.5204,0.2479,0,30,-30,-30,30,0,70369.71,5034.15,4782.44,2579.25,1837.56,1837.56,0.3071,0.2971,0.3114,3.0,0.226366,30.973,4.646,21.681,9.292,0.00226366,0.00180129,0.0003081,0.00184578
228,0.5553,0.2004,90,45,0,0,45,90,76475.36,4983.38,4734.21,2756.53,2078.72,2078.72,0.2851,0.2751,0.3577,3.0,0.401597,55.754,8.363,39.028,16.726,0.00401597,0.00303391,0.00051033,0.00335638
229,0.4618,0.2517,0,90,90,90,90,0,62491.75,4146.4,3939.08,2352.74,1573.86,1573.86,0.315,0.305,0.3716,3.0,0.458047,53.273,7.991,37.291,15.982,0.00458047,0.00339647,0.00059674,0.00385443
230,0.4872,0.2188,0,90,90,90,90,0,66584.29,4273.17,4059.52,2404.68,1657.98,1657.98,0.32,0.31,0.3364,3.0,0.339609,40.635,6.095,28.445,12.191,0.00339609,0.00253475,0.0004272,0.0028528
231,0.6245,0.2379,45,45,-45,-45,45,45,87683.54,5364.17,5095.96,3078.23,2154.96,2154.96,0.2684,0.2584,0.3362,3.0,0.423054,63.932,9.59,44.752,19.18,0.00423054,0.00311537,0.00051039,0.00357551
232,0.5332,0.2028,0,90,90,90,90,0,72048.4,4871.25,4627.68,2696.63,1896.46,1896.46,0.2923,0.2823,0.3271,3.0,0.442017,59.961,8.994,41.973,17.988,0.00442017,0.00333532,0.00058256,0.00369274
233,0.5811,0.1913,45,45,-45,-45,45,45,78468.21,5211.56,4950.98,2877.35,2134.37,2134.37,0.283,0.273,0.3237,3.0,0.443869,64.389,9.658,45.072,19.317,0.00443869,0.00335669,0.0005744,0.00370653
234,0.4621,0.2243,0,0,90,90,0,0,62594.64,3880.69,3686.65,2299.81,1618.15,1618.15,0.2711,0.2611,0.3276,3.0,0.190647,21.017,3.153,14.712,6.305,0.00190647,0.0013708,0.00023504,0.00162475
235,0.5568,0.2726,45,-45,45,-45,45,-45,76462.48,4966.88,4718.53,2756.54,1970.62,1970.62,0.2447,0.2347,0.3343,3.0,0.21237,29.415,4.412,20.59,8.824,0.0021237,0.00160065,0.00026929,0.00177667
236,0.5897,0.2984,0,60,-60,-60,60,0,81738.58,5177.01,4918.16,2949.15,2064.39,2064.39,0.2806,0.2706,0.3579,3.0,0.238476,34.694,5.204,24.286,10.408,0.00238476,0.00176459,0.00029711,0.00201045
237,0.6239,0.2555,0,30,-30,-30,30,0,83269.92,5449.9,5177.41,3133.42,2191.1,2191.1,0.2573,0.2473,0.3688,3.0,0.291604,44.748,6.712,31.323,13.424,0.00291604,0.00214212,0.00037617,0.00246322
238,0.5797,0.2304,90,45,0,0,45,90,76712.45,5454.54,5181.81,2842.99,1976.68,1976.68,0.311,0.301,0.3611,3.0,0.121741,18.148,2.722,12.703,5.444,0.00121741,0.0009575,0.0001656,0.00099813
239,0.49,0.2151,0,45,-45,-45,45,0,64472.06,4551.02,4323.47,2479.33,1683.83,1683.83,0.2983,0.2883,0.3035,3.0,0.500359,63.072,9.461,44.151,18.922,0.00500359,0.00381589,0.0006848,0.00415769
240,0.451,0.2675,0,0,90,90,0,0,60779.72,4160.01,3952.01,2111.98,1630.09,1630.09,0.266,0.256,0.3417,3.0,0.537154,60.606,9.091,42.424,18.182,0.00537154,0.00430444,0.000698,0.0043706
241,0.5362,0.2518,0,60,-60,-60,60,0,71449.34,4846.8,4604.46,2669.45,1900.69,1900.69,0.263,0.253,0.314,3.0,0.445412,60.027,9.004,42.019,18.008,0.00445412,0.00337301,0.0005881,0.00371548
242,0.6028,0.2396,45,45,-45,-45,45,45,81879.7,5261.77,4998.68,3051.95,2155.27,2155.27,0.261,0.251,0.3789,3.0,0.425015,63.136,9.47,44.195,18.941,0.00425015,0.00310307,0.00053976,0.00359971
243,0.4918,0.2038,0,30,-30,-30,30,0,67874.21,4428.13,4206.72,2525.26,1735.12,1735.12,0.2743,0.2643,0.3552,3.0,0.320753,39.906,5.986,27.934,11.972,0.00320753,0.00237043,0.00041156,0.00270359
244,0.6236,0.2243,0,30,-30,-30,30,0,82295.98,5679.82,5395.83,3186.73,2242.9,2242.9,0.263,0.253,0.3579,3.0,0.264502,41.979,6.297,29.386,12.594,0.00264502,0.00197598,0.00035707,0.00221729
245,0.4633,0.2835,0,90,90,90,90,0,62175.41,4095.98,3891.18,2263.0,1483.35,1483.35,0.2839,0.2739,0.3341,3.0,0.477336,54.44,8.166,38.108,16.332,0.00477336,0.00360849,0.00061291,0.00398732
246,0.6091,0.2387,0,90,90,90,90,0,83778.42,5521.16,5245.1,3095.11,2145.83,2145.83,0.2782,0.2682,0.3709,3.0,0.243518,37.591,5.639,26.314,11.277,0.00243518,0.00182179,0.00031409,0.00204255
247,0.583,0.2622,90,45,0,0,45,90,81392.04,5206.83,4946.48,2940.38,2103.54,2103.54,0.2644,0.2544,0.3201,3.0,0.155837,22.744,3.412,15.921,6.823,0.00155837,0.00116024,0.0001956,0.00131041
248,0.523,0.198,0,30,-30,-30,30,0,72370.2,4732.51,4495.88,2675.03,1785.43,1785.43,0.259,0.249,0.312,3.0,0.438254,58.129,8.719,40.69,17.439,0.00438254,0.00325953,0.00056225,0.00368487
249,0.4517,0.1857,0,45,-45,-45,45,0,61984.1,4222.94,4011.79,2309.25,1655.01,1655.01,0.3005,0.2905,0.3287,3.0,0.426332,49.953,7.493,34.967,14.986,0.00426332,0.00324477,0.00056413,0.00354871
250,0.4522,0.2514,45,45,-45,-45,45,45,60833.6,3965.92,3767.62,2351.06,1620.13,1620.13,0.2877,0.2777,0.3634,3.0,0.560169,63.065,9.46,44.145,18.919,0.00560169,0.0040236,0.00072567,0.0047705
251,0.6006,0.2871,0,45,-45,-45,45,0,81263.08,5454.13,5181.42,3075.63,2180.72,2180.72,0.2946,0.2846,0.378,3.0,0.367586,56.129,8.419,39.29,16.839,0.00367586,0.00273742,0.00048349,0.0030873
252,0.5334,0.2445,0,45,-45,-45,45,0,73782.76,4968.35,4719.93,2643.65,1822.68,1822.68,0.3145,0.3045,0.3099,3.0,0.259815,35.535,5.33,24.875,10.661,0.00259815,0.00201628,0.00033714,0.00214571
253,0.4896,0.2718,0,45,-45,-45,45,0,63168.38,4482.03,4257.93,2406.04,1715.72,1715.72,0.3006,0.2906,0.3663,3.0,0.097999,12.112,1.817,8.479,3.634,0.00097999,0.00075511,0.00013422,0.00081072
254,0.5937,0.2503,45,45,-45,-45,45,45,80966.31,5250.92,4988.37,2871.82,2111.27,2111.27,0.275,0.265,0.3605,3.0,0.181463,26.461,3.969,18.522,7.938,0.00181463,0.00138208,0.00022877,0.00151177
255,0.6495,0.1992,0,0,90,90,0,0,86622.06,5671.83,5388.23,3221.15,2264.2,2264.2,0.2866,0.2766,0.3468,3.0,0.123182,19.607,2.941,13.725,5.882,0.00123182,0.00091302,0.00015844,0.00103705
256,0.5815,0.2664,0,60,-60,-60,60,0,77660.95,5103.31,4848.14,2808.48,2049.67,2049.67,0.2822,0.2722,0.3698,3.0,0.32186,45.686,6.853,31.98,13.706,0.0032186,0.00244007,0.00041179,0.00268567
257,0.5858,0.1908,0,45,-45,-45,45,0,77354.77,5438.79,5166.85,3010.46,2013.09,2013.09,0.2671,0.2571,0.3357,3.0,0.28265,42.778,6.417,29.944,12.833,0.0028265,0.00213146,0.00038711,0.00235959
258,0.6228,0.2668,0,45,-45,-45,45,0,85940.79,5540.04,5263.03,3120.16,2236.57,2236.57,0.2699,0.2599,0.3755,3.0,0.251354,38.998,5.85,27.298,11.699,0.00251354,0.00187479,0.00031764,0.00211177
259,0.551,0.2082,0,45,-45,-45,45,0,73167.16,4974.65,4725.91,2740.6,1880.71,1880.71,0.2489,0.2389,0.3487,3.0,0.093873,12.985,1.948,9.09,3.896,0.00093873,0.00071071,0.00012423,0.00078308
260,0.6418,0.2283,45,-45,45,-45,45,-45,86489.91,5786.89,5497.55,3243.37,2197.79,2197.79,0.2569,0.2469,0.3656,3.0,0.062449,10.101,1.515,7.071,3.03,0.00062449,0.00046714,8.175e-05,0.00052364
261,0.5497,0.1841,90,45,0,0,45,90,75195.13,4867.22,4623.86,2724.41,1951.08,1951.08,0.315,0.305,0.3426,3.0,0.349264,47.522,7.128,33.266,14.257,0.00349264,0.00261648,0.00044239,0.00292913
262,0.5785,0.2355,45,45,-45,-45,45,45,75881.71,4918.68,4672.75,2816.75,1958.96,1958.96,0.2517,0.2417,0.3181,3.0,0.232574,32.181,4.827,22.527,9.654,0.00232574,0.00171373,0.00029687,0.00196278
263,0.5597,0.2058,0,30,-30,-30,30,0,76356.92,5039.92,4787.93,2770.95,1937.37,1937.37,0.3131,0.3031,0.3722,3.0,0.117674,16.49,2.473,11.543,4.947,0.00117674,0.00089265,0.00015117,0.00098156
264,0.6158,0.2558,0,60,-60,-60,60,0,83389.42,5656.68,5373.85,3062.28,2246.19,2246.19,0.2868,0.2768,0.3625,3.0,0.287953,45.065,6.76,31.546,13.52,0.00287953,0.00220743,0.00037829,0.00239002
265,0.5255,0.1815,45,-45,45,-45,45,-45,71954.16,4935.77,4688.98,2627.15,1879.86,1879.86,0.2538,0.2438,0.3256,3.0,0.270501,36.746,5.512,25.722,11.024,0.00270501,0.00209807,0.00035748,0.00223346
266,0.5088,0.2452,0,60,-60,-60,60,0,68540.43,4250.25,4037.73,2511.08,1842.37,1842.37,0.242,0.232,0.321,3.0,0.29718,35.853,5.378,25.097,10.756,0.0029718,0.00214168,0.00036616,0.00253064
267,0.5427,0.1837,0,60,-60,-60,60,0,75096.47,4938.51,4691.59,2768.04,1884.25,1884.25,0.2433,0.2333,0.308,3.0,0.314865,43.475,6.521,30.432,13.042,0.00314865,0.0023559,0.00040524,0.00264096
268,0.581,0.2995,0,0,90,90,0,0,77731.07,5230.64,4969.11,2991.16,2061.26,2061.26,0.2896,0.2796,0.3557,3.0,0.052397,7.702,1.155,5.391,2.311,0.00052397,0.00038624,6.936e-05,0.00044175
269,0.6218,0.1947,0,30,-30,-30,30,0,81781.51,5880.1,5586.09,3149.91,2172.78,2172.78,0.2756,0.2656,0.3267,3.0,0.395619,64.093,9.614,44.865,19.228,0.00395619,0.00305212,0.00054859,0.00326998
270,0.4832,0.2341,0,90,90,90,90,0,65525.43,4370.61,4152.08,2405.49,1743.48,1743.48,0.3131,0.3031,0.3071,3.0,0.245239,29.806,4.471,20.864,8.942,0.00245239,0.0018586,0.00031841,0.00204587
271,0.5314,0.2931,0,30,-30,-30,30,0,71350.46,4900.46,4655.44,2654.12,1835.44,1835.44,0.2515,0.2415,0.3491,3.0,0.464805,63.013,9.452,44.109,18.904,0.00464805,0.00356125,0.00061821,0.00385759
272,0.4965,0.2599,0,30,-30,-30,30,0,66899.03,4403.55,4183.37,2357.45,1757.24,1757.24,0.2617,0.2517,0.3395,3.0,0.222263,27.003,4.05,18.902,8.101,0.00222263,0.00171815,0.00028255,0.00183963
273,0.4895,0.2833,45,45,-45,-45,45,45,66137.29,4604.69,4374.46,2548.43,1769.92,1769.92,0.2857,0.2757,0.3338,3.0,0.42437,54.385,8.158,38.069,16.315,0.0042437,0.00320107,0.00057561,0.0035432
274,0.5621,0.2211,45,45,-45,-45,45,45,78607.69,5154.66,4896.93,2898.78,1976.41,1976.41,0.2904,0.2804,0.3417,3.0,0.166717,24.05,3.608,16.835,7.215,0.00166717,0.0012445,0.00021417,0.00139971
275,0.5357,0.2357,0,45,-45,-45,45,0,71132.68,4966.67,4718.33,2673.38,1892.01,1892.01,0.309,0.299,0.3233,3.0,0.138952,19.052,2.858,13.336,5.716,0.00138952,0.00106897,0.00018748,0.00115077
276,0.6263,0.2675,90,45,0,0,45,90,85302.69,5511.92,5236.33,3261.14,2215.62,2215.62,0.3051,0.2951,0.3596,3.0,0.360139,56.33,8.45,39.431,16.899,0.00360139,0.00259097,0.00046225,0.00306591
277,0.5406,0.2912,0,30,-30,-30,30,0,74223.44,4783.6,4544.42,2787.55,1887.62,1887.62,0.2715,0.2615,0.3197,3.0,0.222819,30.128,4.519,21.089,9.038,0.00222819,0.00162119,0.00028413,0.00188944
278,0.5483,0.2767,0,60,-60,-60,60,0,75016.09,4735.27,4498.5,2641.53,1960.31,1960.31,0.2758,0.2658,0.3319,3.0,0.454872,60.18,9.027,42.126,18.054,0.00454872,0.00341734,0.00056156,0.00381267
279,0.5444,0.2498,0,90,90,90,90,0,72565.3,5147.99,4890.59,2680.81,1871.16,1871.16,0.3083,0.2983,0.3123,3.0,0.259786,36.541,5.481,25.579,10.962,0.00259786,0.00204458,0.00035249,0.00212943
280,0.5665,0.2142,0,30,-30,-30,30,0,78241.87,4976.31,4727.49,2830.14,1987.39,1987.39,0.3159,0.3059,0.3305,3.0,0.366814,51.269,7.69,35.888,15.381,0.00366814,0.00271731,0.00045868,0.00309079
281,0.6251,0.2984,0,45,-45,-45,45,0,85843.85,5576.95,5298.1,3112.9,2221.23,2221.23,0.2951,0.2851,0.3426,3.0,0.391662,61.01,9.152,42.707,18.303,0.00391662,0.00293988,0.0004975,0.00328192
282,0.5276,0.2775,0,45,-45,-45,45,0,72958.8,4724.69,4488.46,2736.29,1820.82,1820.82,0.2914,0.2814,0.3778,3.0,0.364695,48.62,7.293,34.034,14.586,0.00364695,0.0026653,0.00046648,0.00308719
283,0.4995,0.21,0,90,90,90,90,0,66433.76,4491.96,4267.36,2462.1,1761.49,1761.49,0.2845,0.2745,0.341,3.0,0.117505,14.657,2.199,10.26,4.397,0.00117505,0.00089295,0.00015444,0.00097888
284,0.6115,0.2226,90,45,0,0,45,90,82134.22,5289.08,5024.63,3032.09,2146.15,2146.15,0.2715,0.2615,0.3714,3.0,0.215487,32.075,4.811,22.452,9.622,0.00215487,0.00158676,0.00027336,0.00181929
285,0.4505,0.2159,0,90,90,90,90,0,60265.84,4127.65,3921.27,2238.33,1595.17,1595.17,0.2965,0.2865,0.346,3.0,0.333347,38.08,5.712,26.656,11.424,0.00333347,0.00255193,0.00044231,0.0027677
286,0.4686,0.2813,45,-45,45,-45,45,-45,62998.04,4366.94,4148.59,2301.7,1565.9,1565.9,0.2549,0.2449,0.3398,3.0,0.137665,16.494,2.474,11.546,4.948,0.00137665,0.00107489,0.00018327,0.00113309
287,0.4566,0.207,0,60,-60,-60,60,0,60400.83,4099.79,3894.8,2260.99,1668.01,1668.01,0.2959,0.2859,0.3539,3.0,0.419822,47.876,7.181,33.513,14.363,0.00419822,0.0031762,0.00055484,0.00350329
288,0.555,0.2583,90,45,0,0,45,90,75956.17,4828.36,4586.94,2825.22,2001.87,2001.87,0.2756,0.2656,0.354,3.0,0.452222,61.798,9.27,43.259,18.539,0.00452222,0.00328108,0.00056952,0.00383971
289,0.6182,0.2989,45,-45,45,-45,45,-45,83399.49,5670.0,5386.5,3086.63,2106.77,2106.77,0.2919,0.2819,0.3411,3.0,0.107149,16.835,2.525,11.785,5.051,0.00107149,0.00081814,0.0001413,0.00089076
290,0.5019,0.1962,90,45,0,0,45,90,66459.8,4543.89,4316.7,2587.14,1670.09,1670.09,0.2954,0.2854,0.3549,3.0,0.104726,13.353,2.003,9.347,4.006,0.00104726,0.00077422,0.00014065,0.00088163
291,0.5578,0.2922,0,60,-60,-60,60,0,73790.23,4845.06,4602.81,2711.05,2038.79,2038.79,0.2864,0.2764,0.3501,3.0,0.220251,29.822,4.473,20.875,8.947,0.00220251,0.00165003,0.0002829,0.00184654
292,0.5207,0.2615,90,45,0,0,45,90,73238.71,4894.73,4650.0,2552.11,1854.68,1854.68,0.2495,0.2395,0.3196,3.0,0.388713,52.06,7.809,36.442,15.618,0.00388713,0.00305981,0.00049758,0.00319077
293,0.5158,0.2677,45,45,-45,-45,45,45,69426.93,4754.27,4516.56,2602.27,1785.46,1785.46,0.2847,0.2747,0.3226,3.0,0.131716,17.378,2.607,12.165,5.213,0.00131716,0.00100172,0.00017522,0.00109659
294,0.5693,0.2322,0,45,-45,-45,45,0,77259.46,5236.63,4974.8,2899.04,1957.99,1957.99,0.3185,0.3085,0.3591,3.0,0.428261,62.451,9.368,43.715,18.735,0.00428261,0.00323127,0.00056583,0.00357771
295,0.543,0.2064,0,60,-60,-60,60,0,75413.91,5011.24,4760.68,2761.41,1949.03,1949.03,0.2947,0.2847,0.3515,3.0,0.395279,55.106,8.266,38.574,16.532,0.00395279,0.00299334,0.0005115,0.00329892
296,0.58,0.2125,0,0,90,90,0,0,78962.43,5150.12,4892.61,2927.76,1979.34,1979.34,0.2596,0.2496,0.3168,3.0,0.202576,29.288,4.393,20.501,8.786,0.00202576,0.00150051,0.00025963,0.00170603
297,0.5676,0.2079,0,90,90,90,90,0,76634.15,5099.61,4844.63,2803.22,1964.0,1964.0,0.2657,0.2557,0.3606,3.0,0.074603,10.576,1.586,7.403,3.173,0.00074603,0.00056592,9.66e-05,0.00062217
298,0.6379,0.2593,90,45,0,0,45,90,86928.44,5825.23,5533.97,3174.09,2261.35,2261.35,0.2483,0.2383,0.3332,3.0,0.209122,33.774,5.066,23.642,10.132,0.00209122,0.0015961,0.00027197,0.00173939
299,0.4748,0.2293,45,-45,45,-45,45,-45,64224.58,4531.86,4305.27,2258.92,1675.62,1675.62,0.26,0.25,0.3095,3.0,0.316298,38.626,5.794,27.038,11.588,0.00316298,0.00256487,0.00042099,0.00255693
300,0.4934,0.2129,45,45,-45,-45,45,45,65962.89,4441.31,4219.24,2434.68,1653.63,1653.63,0.284,0.274,0.3263,3.0,0.242289,29.885,4.483,20.919,8.965,0.00242289,0.00184118,0.00031714,0.00201863
301,0.5597,0.2066,0,30,-30,-30,30,0,74319.3,5038.49,4786.57,2791.42,2050.99,2050.99,0.2894,0.2794,0.3488,3.0,0.057972,8.135,1.22,5.695,2.441,0.00057972,0.00043717,7.663e-05,0.0004844
302,0.6473,0.1906,45,45,-45,-45,45,45,88555.45,5676.7,5392.87,3266.29,2260.31,2260.31,0.3145,0.3045,0.3119,3.0,0.424114,67.827,10.174,47.479,20.348,0.00424114,0.00311486,0.00053615,0.0035845
303,0.6494,0.2255,45,-45,45,-45,45,-45,88367.34,5954.5,5656.77,3207.19,2220.69,2220.69,0.2519,0.2419,0.3427,3.0,0.288843,47.519,7.128,33.263,14.256,0.00288843,0.00222245,0.00037642,0.0023941
304,0.5847,0.2347,45,45,-45,-45,45,45,80651.97,5467.6,5194.22,2938.12,2005.37,2005.37,0.32,0.31,0.3006,3.0,0.107161,16.175,2.426,11.323,4.853,0.00107161,0.00082579,0.00014039,0.00088751
305,0.4822,0.2609,0,45,-45,-45,45,0,65857.68,4222.37,4011.25,2594.62,1633.43,1633.43,0.2875,0.2775,0.3166,3.0,0.082056,9.927,1.489,6.949,2.978,0.00082056,0.00057392,0.00010552,0.00070533
306,0.5626,0.2858,0,60,-60,-60,60,0,73742.4,4962.02,4713.92,2748.72,1874.44,1874.44,0.2409,0.2309,0.3789,3.0,0.338777,46.825,7.024,32.778,14.048,0.00338777,0.00255529,0.00044449,0.00283102
307,0.4945,0.2778,0,0,90,90,0,0,67123.72,4584.54,4355.31,2517.63,1787.78,1787.78,0.31,0.3,0.3123,3.0,0.12818,16.324,2.449,11.427,4.897,0.0012818,0.00097259,0.00017024,0.00106821
308,0.6053,0.1978,45,-45,45,-45,45,-45,81321.66,5325.41,5059.14,3051.99,2113.98,2113.98,0.2598,0.2498,0.3731,3.0,0.419491,62.847,9.427,43.993,18.854,0.00419491,0.0030888,0.00054097,0.00354038
309,0.6095,0.2964,0,0,90,90,0,0,82370.42,5355.65,5087.87,3095.78,2105.06,2105.06,0.2859,0.2759,0.3147,3.0,0.08621,13.021,1.953,9.114,3.906,0.0008621,0.00063089,0.00011065,0.00072936
310,0.5438,0.2581,0,60,-60,-60,60,0,74787.71,4897.45,4652.57,2647.19,1930.59,1930.59,0.2968,0.2868,0.3573,3.0,0.105389,14.282,2.142,9.997,4.285,0.00105389,0.00080926,0.00013368,0.00087485
311,0.625,0.2536,0,0,90,90,0,0,86268.8,5899.82,5604.83,3063.91,2233.18,2233.18,0.2839,0.2739,0.3128,3.0,0.149471,24.09,3.613,16.863,7.227,0.00149471,0.00117937,0.00019547,0.00122495
312,0.5721,0.2749,0,90,90,90,90,0,78309.26,5268.84,5005.4,2877.02,1934.76,1934.76,0.2924,0.2824,0.3168,3.0,0.38585,56.396,8.459,39.477,16.919,0.0038585,0.00294033,0.00050412,0.00321109
313,0.6458,0.1918,0,0,90,90,0,0,83902.13,5547.59,5270.21,3314.54,2240.41,2240.41,0.2872,0.2772,0.3089,3.0,0.372164,58.712,8.807,41.099,17.614,0.00372164,0.00265704,0.00048984,0.00317502
314,0.4659,0.2701,0,60,-60,-60,60,0,62738.13,4227.18,4015.83,2425.51,1651.78,1651.78,0.2967,0.2867,0.3759,3.0,0.195664,23.265,3.49,16.285,6.979,0.00195664,0.00143876,0.00025958,0.00165108
315,0.4683,0.2191,0,30,-30,-30,30,0,60202.8,3895.58,3700.8,2280.47,1665.65,1665.65,0.2513,0.2413,0.3214,3.0,0.180815,19.932,2.99,13.953,5.98,0.00180815,0.00131108,0.00023176,0.00153501
316,0.6219,0.2523,0,30,-30,-30,30,0,84326.69,5486.98,5212.63,3111.38,2096.78,2096.78,0.3188,0.3088,0.3565,3.0,0.196339,30.223,4.533,21.156,9.067,0.00196339,0.00145703,0.00025088,0.00165242
317,0.5736,0.1806,0,60,-60,-60,60,0,77393.33,5074.41,4820.69,2874.93,2023.35,2023.35,0.3,0.29,0.378,3.0,0.125568,17.869,2.68,12.508,5.361,0.00125568,0.00093231,0.00016162,0.00105641
318,0.5422,0.2571,0,0,90,90,0,0,75956.08,4866.31,4622.99,2803.69,1887.91,1887.91,0.3026,0.2926,0.3492,3.0,0.447809,61.415,9.212,42.991,18.425,0.00447809,0.00328576,0.00056599,0.00378614
319,0.5491,0.2541,90,45,0,0,45,90,74395.82,5149.52,4892.04,2783.98,2003.24,2003.24,0.3106,0.3006,0.3299,3.0,0.110427,15.721,2.358,11.005,4.716,0.00110427,0.00084703,0.00014792,0.00091586
320,0.5392,0.2292,0,45,-45,-45,45,0,75590.09,4975.77,4726.99,2675.98,1949.67,1949.67,0.3053,0.2953,0.3579,3.0,0.126969,17.454,2.618,12.218,5.236,0.00126969,0.00097836,0.00016163,0.00105233
321,0.6238,0.2888,0,90,90,90,90,0,85487.87,5573.81,5295.12,3163.47,2301.35,2301.35,0.2927,0.2827,0.3625,3.0,0.177384,27.743,4.161,19.42,8.323,0.00177384,0.00131546,0.00022717,0.00149321
322,0.6022,0.218,0,60,-60,-60,60,0,80538.58,5578.29,5299.38,3033.67,2005.43,2005.43,0.3172,0.3072,0.3372,3.0,0.125454,19.381,2.907,13.566,5.814,0.00125454,0.00095828,0.00016845,0.00104229
323,0.4595,0.19,0,60,-60,-60,60,0,61378.15,4245.81,4033.52,2215.98,1566.18,1566.18,0.3009,0.2909,0.3513,3.0,0.247826,28.783,4.317,20.148,8.635,0.00247826,0.00194831,0.00032826,0.00203373
324,0.5852,0.2198,45,-45,45,-45,45,-45,80312.41,5339.86,5072.86,2934.37,2043.42,2043.42,0.2969,0.2869,0.3525,3.0,0.310302,46.059,6.909,32.241,13.818,0.00310302,0.00235445,0.00040145,0.00258764
325,0.5403,0.2559,90,45,0,0,45,90,73176.09,4806.31,4566.0,2730.42,1917.05,1917.05,0.2665,0.2565,0.3363,3.0,0.119545,16.124,2.419,11.287,4.837,0.00119545,0.00088583,0.00015425,0.00100646
326,0.4881,0.2032,0,0,90,90,0,0,65800.4,4325.08,4108.82,2372.12,1686.21,1686.21,0.3121,0.3021,0.3079,3.0,0.316041,37.982,5.697,26.587,11.394,0.00316041,0.00240175,0.00040406,0.00263452
327,0.4586,0.2666,0,60,-60,-60,60,0,62114.47,4083.81,3879.62,2293.21,1617.89,1617.89,0.2538,0.2438,0.3797,3.0,0.438077,50.045,7.507,35.031,15.013,0.00438077,0.00327345,0.00056398,0.00367632
328,0.4627,0.2792,90,45,0,0,45,90,60583.6,4280.2,4066.19,2389.72,1576.71,1576.71,0.2401,0.2301,0.3479,3.0,0.361477,43.155,6.473,30.209,12.947,0.00361477,0.0027088,0.00049863,0.00302475
329,0.5208,0.1949,0,30,-30,-30,30,0,70579.54,4608.58,4378.15,2575.61,1859.67,1859.67,0.3186,0.3086,0.3771,3.0,0.136346,17.556,2.633,12.289,5.267,0.00136346,0.00102243,0.00017412,0.00114281
330,0.4785,0.2658,45,-45,45,-45,45,-45,63801.35,4447.23,4224.87,2345.52,1766.11,1766.11,0.2883,0.2783,0.3789,3.0,0.337914,41.234,6.185,28.864,12.37,0.00337914,0.00263699,0.0004524,0.00278155
331,0.5844,0.2653,0,30,-30,-30,30,0,78266.9,5376.75,5107.91,2985.14,2041.85,2041.85,0.2806,0.2706,0.375,3.0,0.444525,66.595,9.989,46.617,19.979,0.00444525,0.00334632,0.00059561,0.00371572
332,0.5015,0.239,0,0,90,90,0,0,67980.07,4695.52,4460.74,2604.29,1794.11,1794.11,0.2515,0.2415,0.3231,3.0,0.127521,16.677,2.502,11.674,5.003,0.00127521,0.00096056,0.00017173,0.00106552
333,0.489,0.1832,0,30,-30,-30,30,0,66416.05,4428.88,4207.44,2486.29,1738.83,1738.83,0.2523,0.2423,0.3745,3.0,0.312299,38.678,5.802,27.075,11.604,0.00312299,0.00233351,0.00040766,0.00261997
334,0.6023,0.2907,0,0,90,90,0,0,81754.36,5520.98,5244.93,2971.33,2110.65,2110.65,0.245,0.235,0.3088,3.0,0.412897,62.965,9.445,44.075,18.889,0.00412897,0.00317862,0.00053912,0.00342139
335,0.4691,0.2222,45,45,-45,-45,45,45,65691.18,4193.25,3983.59,2527.26,1630.37,1630.37,0.2624,0.2524,0.3264,3.0,0.391757,46.846,7.027,32.792,14.054,0.00391757,0.00278044,0.00049919,0.00335152
336,0.5048,0.2774,90,45,0,0,45,90,70286.69,4579.51,4350.54,2540.47,1721.52,1721.52,0.2556,0.2456,0.3518,3.0,0.399969,51.07,7.66,35.749,15.321,0.00399969,0.00301537,0.00050861,0.00334553
337,0.5467,0.2327,0,45,-45,-45,45,0,72056.43,4815.59,4574.81,2730.42,1940.79,1940.79,0.2628,0.2528,0.3284,3.0,0.098797,13.341,2.001,9.338,4.002,0.00098797,0.00073289,0.0001296,0.00083109
338,0.5144,0.2878,0,60,-60,-60,60,0,68702.6,4492.09,4267.48,2500.78,1853.67,1853.67,0.2676,0.2576,0.3642,3.0,0.316643,39.696,5.954,27.787,11.909,0.00316643,0.00238101,0.00040446,0.00265105
339,0.6259,0.2367,0,60,-60,-60,60,0,84706.98,5727.03,5440.68,3152.22,2141.24,2141.24,0.2481,0.2381,0.3247,3.0,0.420817,67.004,10.051,46.903,20.101,0.00420817,0.0031884,0.0005537,0.00350987
340,0.5631,0.1852,0,60,-60,-60,60,0,74836.23,4959.08,4711.13,2793.88,1902.62,1902.62,0.2582,0.2482,0.3151,3.0,0.082578,11.464,1.72,8.025,3.439,0.00082578,0.0006155,0.00010723,0.00069353
341,0.6027,0.2942,45,45,-45,-45,45,45,79799.97,5393.17,5123.51,3074.9,2088.47,2088.47,0.3056,0.2956,0.3387,3.0,0.10168,15.397,2.31,10.778,4.619,0.0010168,0.00075111,0.00013506,0.00085648
342,0.5567,0.2189,45,45,-45,-45,45,45,74739.27,5082.0,4827.9,2802.59,1999.4,1999.4,0.2553,0.2453,0.3511,3.0,0.091888,12.989,1.948,9.092,3.897,0.00091888,0.00069518,0.00012165,0.00076674
343,0.5757,0.2305,0,45,-45,-45,45,0,78278.46,4983.72,4734.53,2950.97,2126.64,2126.64,0.279,0.269,0.3773,3.0,0.086132,12.186,1.828,8.531,3.656,0.00086132,0.00061945,0.00010898,0.00073357
344,0.6013,0.2396,0,30,-30,-30,30,0,81476.04,5322.53,5056.41,2951.42,2101.27,2101.27,0.32,0.31,0.3575,3.0,0.243626,36.148,5.422,25.304,10.845,0.00243626,0.00183717,0.00031057,0.00203748
345,0.4595,0.1874,0,30,-30,-30,30,0,60738.48,4265.72,4052.43,2268.28,1635.44,1635.44,0.2893,0.2793,0.3234,3.0,0.066846,7.842,1.176,5.49,2.353,0.00066846,0.00051861,9.038e-05,0.00055154
346,0.4628,0.2685,0,60,-60,-60,60,0,61454.03,4204.08,3993.88,2329.47,1644.04,1644.04,0.2966,0.2866,0.3641,3.0,0.104549,12.241,1.836,8.568,3.672,0.00104549,0.0007882,0.00013943,0.00087348
347,0.5709,0.2816,0,90,90,90,90,0,77012.62,4926.98,4680.63,2912.28,1979.5,1979.5,0.2421,0.2321,0.3194,3.0,0.22368,31.271,4.691,21.889,9.381,0.0022368,0.00161063,0.00028423,0.00190405
348,0.5233,0.2222,90,45,0,0,45,90,70779.5,4546.21,4318.9,2636.52,1912.28,1912.28,0.3057,0.2957,0.3126,3.0,0.292912,37.594,5.639,26.316,11.278,0.00292912,0.00213882,0.0003718,0.00248077
349,0.4707,0.2404,90,45,0,0,45,90,64842.52,4187.38,3978.01,2342.86,1628.6,1628.6,0.2493,0.2393,0.3031,3.0,0.386041,45.186,6.778,31.63,13.556,0.00386041,0.002893,0.0004878,0.0032373
350,0.5158,0.2395,90,45,0,0,45,90,69151.81,4903.64,4658.46,2625.06,1777.4,1777.4,0.2654,0.2554,0.3277,3.0,0.20386,27.544,4.132,19.281,8.263,0.0020386,0.0015739,0.00027882,0.0016851
351,0.567,0.2516,0,0,90,90,0,0,75314.79,5070.69,4817.16,2851.79,1959.87,1959.87,0.3114,0.3014,0.3029,3.0,0.181044,25.681,3.852,17.976,7.704,0.00181044,0.00135076,0.00023868,0.00151935
352,0.621,0.1996,45,-45,45,-45,45,-45,83309.77,5612.03,5331.42,3138.18,2276.7,2276.7,0.3163,0.3063,0.3229,3.0,0.243686,38.195,5.729,26.736,11.458,0.00243686,0.00182565,0.00032093,0.00204176
353,0.6233,0.2907,0,60,-60,-60,60,0,82928.69,5542.71,5265.58,3085.91,2213.77,2213.77,0.2615,0.2515,0.3111,3.0,0.267069,41.298,6.195,28.908,12.389,0.00267069,0.00200739,0.00034859,0.00223523
354,0.5897,0.2969,0,45,-45,-45,45,0,78809.11,5477.83,5203.94,2995.07,1983.73,1983.73,0.2954,0.2854,0.3518,3.0,0.055921,8.496,1.274,5.947,2.549,0.00055921,0.0004255,7.546e-05,0.00046529
355,0.4638,0.2801,0,30,-30,-30,30,0,62685.3,4072.81,3869.17,2303.15,1624.13,1624.13,0.2805,0.2705,0.3081,3.0,0.319683,36.5,5.475,25.55,10.95,0.00319683,0.00237715,0.00040759,0.00268852
356,0.5818,0.1961,45,45,-45,-45,45,45,78242.66,5309.12,5043.67,2844.11,1954.79,1954.79,0.3029,0.2929,0.3046,3.0,0.25799,37.777,5.667,26.444,11.333,0.0025799,0.00199241,0.00033798,0.00213467
357,0.6201,0.2833,45,-45,45,-45,45,-45,84015.62,5607.15,5326.79,3132.64,2124.35,2124.35,0.3103,0.3003,0.3739,3.0,0.178766,27.992,4.199,19.595,8.398,0.00178766,0.00134036,0.00023323,0.00149768
358,0.6143,0.2475,0,0,90,90,0,0,79688.97,5435.68,5163.9,3040.15,2099.15,2099.15,0.2658,0.2558,0.3006,3.0,0.271325,41.184,6.178,28.829,12.355,0.00271325,0.00203199,0.00036176,0.00227296
359,0.5692,0.2117,0,90,90,90,90,0,75310.24,5127.73,4871.35,2829.25,2007.52,2007.52,0.3005,0.2905,0.3262,3.0,0.12653,18.049,2.707,12.634,5.415,0.0012653,0.0009569,0.00016776,0.00105595
360,0.6143,0.263,0,90,90,90,90,0,82924.36,5437.72,5165.83,3109.15,2136.19,2136.19,0.315,0.305,0.3722,3.0,0.270055,41.285,6.193,28.899,12.385,0.00270055,0.00199178,0.0003485,0.0022777
361,0.4541,0.275,0,30,-30,-30,30,0,61213.79,4150.72,3943.18,2269.04,1564.28,1564.28,0.2896,0.2796,0.3241,3.0,0.279556,32.195,4.829,22.537,9.659,0.00279556,0.00212833,0.00036816,0.00232695
362,0.5121,0.296,90,45,0,0,45,90,67873.28,4696.22,4461.41,2596.43,1747.06,1747.06,0.2746,0.2646,0.3661,3.0,0.247734,32.373,4.856,22.661,9.712,0.00247734,0.00187026,0.00033388,0.00206804
363,0.6318,0.2919,45,-45,45,-45,45,-45,86556.6,5458.94,5185.99,3084.19,2246.82,2246.82,0.3,0.29,0.3541,3.0,0.273838,41.915,6.287,29.341,12.575,0.00273838,0.00203854,0.00033897,0.00230347
364,0.5992,0.205,0,30,-30,-30,30,0,79040.78,5386.99,5117.64,2864.42,1996.17,1996.17,0.2503,0.2403,0.3653,3.0,0.251545,37.288,5.593,26.101,11.186,0.00251545,0.00195263,0.00033023,0.00207655
365,0.5934,0.271,0,30,-30,-30,30,0,80274.46,5524.96,5248.71,2967.54,2071.17,2071.17,0.2975,0.2875,0.3454,3.0,0.201381,30.703,4.606,21.492,9.211,0.00201381,0.00155197,0.00026774,0.00166717
366,0.5493,0.2772,90,45,0,0,45,90,74787.2,5225.38,4964.11,2794.11,1842.34,1842.34,0.3177,0.3077,0.3735,3.0,0.32935,47.415,7.112,33.191,14.225,0.0032935,0.00254547,0.0004438,0.00272222
367,0.6011,0.2531,0,90,90,90,90,0,81265.24,5367.05,5098.7,3120.87,2202.87,2202.87,0.2705,0.2605,0.3405,3.0,0.114447,17.345,2.602,12.142,5.204,0.00114447,0.00083366,0.00014941,0.00096953
368,0.5365,0.193,0,60,-60,-60,60,0,71917.18,4974.97,4726.23,2650.03,1875.74,1875.74,0.2779,0.2679,0.3132,3.0,0.11496,15.742,2.361,11.019,4.723,0.0011496,0.00089105,0.00015322,0.00094927
369,0.591,0.2754,0,0,90,90,0,0,80071.99,5177.75,4918.87,2941.46,2107.2,2107.2,0.3109,0.3009,0.318,3.0,0.142348,20.69,3.103,14.483,6.207,0.00142348,0.00105506,0.00018087,0.00119875
370,0.516,0.2365,0,60,-60,-60,60,0,72137.33,4848.41,4605.99,2466.27,1877.07,1877.07,0.2843,0.2743,0.3275,3.0,0.264702,34.84,5.226,24.388,10.452,0.00264702,0.002119,0.00033808,0.00215577
371,0.5538,0.2151,45,45,-45,-45,45,45,75502.0,4663.98,4430.78,2755.86,1995.36,1995.36,0.2803,0.2703,0.3724,3.0,0.412171,54.571,8.186,38.2,16.371,0.00412171,0.00297028,0.00050594,0.00351016
372,0.4869,0.2968,0,30,-30,-30,30,0,66779.25,4544.21,4317.0,2478.42,1717.39,1717.39,0.301,0.291,0.3112,3.0,0.426113,53.686,8.053,37.58,16.106,0.00426113,0.00324923,0.00056276,0.00354427
373,0.5114,0.2335,0,60,-60,-60,60,0,70769.38,4596.42,4366.6,2617.26,1843.9,1843.9,0.3013,0.2913,0.3634,3.0,0.19744,25.489,3.823,17.842,7.647,0.0019744,0.00146083,0.00025212,0.00166363
374,0.5303,0.2667,0,30,-30,-30,30,0,70167.29,4797.29,4557.42,2750.59,1847.13,1847.13,0.2634,0.2534,0.3643,3.0,0.451354,60.876,9.131,42.613,18.263,0.00451354,0.00331982,0.00060731,0.00380692
375,0.5156,0.2767,45,-45,45,-45,45,-45,70898.79,4694.04,4459.34,2559.8,1826.97,1826.97,0.2504,0.2404,0.3401,3.0,0.089564,11.661,1.749,8.163,3.498,0.00089564,0.00068333,0.00011513,0.00074528
376,0.494,0.2923,0,90,90,90,90,0,66316.58,4208.25,3997.83,2414.82,1807.44,1807.44,0.2925,0.2825,0.3262,3.0,0.056677,6.716,1.007,4.701,2.015,0.00056677,0.00041715,7.089e-05,0.00047874
377,0.573,0.2868,0,60,-60,-60,60,0,78924.06,5209.83,4949.34,2893.3,1938.73,1938.73,0.2897,0.2797,0.3222,3.0,0.297071,43.156,6.473,30.209,12.947,0.00297071,0.00223739,0.00038277,0.00248509
378,0.5402,0.2803,0,0,90,90,0,0,73347.12,4838.54,4596.62,2725.19,1877.32,1877.32,0.2552,0.2452,0.3085,3.0,0.342916,46.45,6.967,32.515,13.935,0.00342916,0.00255669,0.0004433,0.00287998
379,0.643,0.2519,0,30,-30,-30,30,0,85387.22,5942.33,5645.21,3112.9,2296.94,2296.94,0.2828,0.2728,0.3221,3.0,0.201897,32.852,4.928,22.996,9.856,0.00201897,0.00158302,0.00026932,0.00165853
380,0.456,0.2779,0,60,-60,-60,60,0,62426.94,4121.38,3915.31,2204.85,1587.65,1587.65,0.2598,0.2498,0.3687,3.0,0.144986,16.482,2.472,11.537,4.944,0.00144986,0.00112128,0.00018481,0.00119971
381,0.5095,0.2052,0,60,-60,-60,60,0,69648.75,4702.94,4467.79,2569.13,1779.51,1779.51,0.2446,0.2346,0.317,3.0,0.189304,24.699,3.705,17.289,7.41,0.00189304,0.00144204,0.00024823,0.00157552
382,0.6317,0.2868,0,45,-45,-45,45,0,83670.28,5781.77,5492.69,3281.62,2214.76,2214.76,0.2704,0.2604,0.3461,3.0,0.302692,49.058,7.359,34.341,14.718,0.00302692,0.00224242,0.00041043,0.0025455
383,0.522,0.2533,0,90,90,90,90,0,69811.78,4690.44,4455.92,2690.77,1917.0,1917.0,0.2623,0.2523,0.3043,3.0,0.182465,24.073,3.611,16.851,7.222,0.00182465,0.00134196,0.00024138,0.00153969
384,0.5976,0.2005,45,-45,45,-45,45,-45,78542.21,5587.56,5308.18,3045.95,2212.39,2212.39,0.3162,0.3062,0.3492,3.0,0.212046,32.818,4.923,22.973,9.846,0.00212046,0.00161617,0.00029249,0.00176204
385,0.5263,0.1847,0,60,-60,-60,60,0,71991.9,4730.7,4494.17,2670.12,1803.71,1803.71,0.2438,0.2338,0.302,3.0,0.317838,42.121,6.318,29.485,12.636,0.00317838,0.00236623,0.00040955,0.00267111
386,0.536,0.286,0,90,90,90,90,0,73394.83,5002.79,4752.65,2637.95,1893.43,1893.43,0.2665,0.2565,0.3536,3.0,0.15383,21.123,3.168,14.786,6.337,0.0015383,0.0012011,0.00020146,0.00126667
387,0.5378,0.2681,0,45,-45,-45,45,0,75030.48,4847.21,4604.85,2633.47,1943.67,1943.67,0.2984,0.2884,0.3641,3.0,0.433578,58.254,8.738,40.777,17.476,0.00433578,0.00331807,0.00054348,0.00360539
388,0.6369,0.237,90,45,0,0,45,90,85780.71,5538.82,5261.88,3168.87,2296.1,2296.1,0.3039,0.2939,0.377,3.0,0.299201,46.611,6.992,32.627,13.983,0.00299201,0.00220633,0.00038036,0.00252457
389,0.4998,0.2652,0,60,-60,-60,60,0,67142.07,4276.46,4062.64,2584.31,1729.59,1729.59,0.318,0.308,0.3204,3.0,0.416055,50.775,7.616,35.542,15.232,0.00416055,0.0029471,0.00052936,0.00356192
390,0.5949,0.2755,45,45,-45,-45,45,45,81180.79,5448.02,5175.62,2995.61,2070.67,2070.67,0.2472,0.2372,0.3574,3.0,0.222707,33.727,5.059,23.609,10.118,0.00222707,0.00168882,0.00029082,0.00185721
391,0.5,0.2852,0,60,-60,-60,60,0,67882.31,4474.98,4251.23,2405.25,1750.6,1750.6,0.2772,0.2672,0.3275,3.0,0.199104,24.61,3.692,17.227,7.383,0.00199104,0.00153479,0.00025378,0.00164986
392,0.5023,0.2134,0,45,-45,-45,45,0,68495.29,4231.09,4019.54,2429.99,1856.83,1856.83,0.2599,0.2499,0.3047,3.0,0.510405,60.844,9.127,42.591,18.253,0.00510405,0.00375584,0.00062181,0.0043141
393,0.608,0.2415,0,45,-45,-45,45,0,82244.93,5404.81,5134.57,2977.02,2141.41,2141.41,0.3054,0.2954,0.3634,3.0,0.183021,27.52,4.128,19.264,8.256,0.00183021,0.00138664,0.00023423,0.00152755
394,0.5483,0.2645,0,0,90,90,0,0,73912.47,4643.53,4411.36,2661.97,1983.05,1983.05,0.3146,0.3046,0.3181,3.0,0.086628,11.325,1.699,7.927,3.397,0.00086628,0.00063815,0.00010725,0.00073166
395,0.555,0.2913,0,60,-60,-60,60,0,73850.07,4883.51,4639.33,2727.94,1968.49,1968.49,0.2419,0.2319,0.3123,3.0,0.471158,64.263,9.639,44.984,19.279,0.00471158,0.0035336,0.00060913,0.00394776
396,0.5625,0.2584,0,45,-45,-45,45,0,76497.44,5162.42,4904.3,2803.51,1972.66,1972.66,0.2565,0.2465,0.325,3.0,0.319945,45.743,6.861,32.02,13.723,0.00319945,0.00244746,0.00041858,0.00265824
397,0.4856,0.1824,0,30,-30,-30,30,0,65617.03,4475.23,4251.47,2484.31,1745.31,1745.31,0.251,0.241,0.3451,3.0,0.125149,15.607,2.341,10.925,4.682,0.00125149,0.00094231,0.00016649,0.0010462
398,0.4623,0.2317,0,0,90,90,0,0,62709.47,4050.51,3847.98,2353.68,1760.38,1760.38,0.3015,0.2915,0.3502,3.0,0.251923,28.82,4.323,20.174,8.646,0.00251923,0.0018367,0.00032171,0.00213455
399,0.5577,0.1837,45,-45,45,-45,45,-45,74716.41,4780.9,4541.85,2742.89,1866.42,1866.42,0.2781,0.2681,0.3497,3.0,0.372176,50.09,7.514,35.063,15.027,0.00372176,0.00273928,0.00046928,0.00314315
400,0.5327,0.2364,0,60,-60,-60,60,0,71048.73,4989.64,4740.16,2646.82,1833.03,1833.03,0.2626,0.2526,0.3546,3.0,0.173836,23.838,3.576,16.687,7.151,0.00173836,0.00135094,0.00023486,0.00143325
401,0.5785,0.2583,0,90,90,90,90,0,77864.99,5016.13,4765.32,2916.55,1935.57,1935.57,0.2627,0.2527,0.3339,3.0,0.307695,43.601,6.54,30.521,13.08,0.00307695,0.00224242,0.00039197,0.00260764
402,0.5055,0.224,45,45,-45,-45,45,45,69651.54,4688.56,4454.13,2554.47,1815.77,1815.77,0.2965,0.2865,0.3065,3.0,0.226549,29.446,4.417,20.612,8.834,0.00226549,0.00172911,0.00029594,0.00188414
403,0.544,0.1834,0,90,90,90,90,0,72315.48,4759.97,4521.97,2747.56,1900.42,1900.42,0.2896,0.2796,0.3374,3.0,0.350155,46.976,7.046,32.883,14.093,0.00350155,0.00256458,0.00045471,0.00296066
404,0.5241,0.2044,45,-45,45,-45,45,-45,72946.82,4534.78,4308.04,2600.86,1836.57,1836.57,0.3162,0.3062,0.3016,3.0,0.10312,13.169,1.975,9.218,3.951,0.0010312,0.0007595,0.00012637,0.0008712
405,0.5337,0.2661,0,30,-30,-30,30,0,70279.25,4777.77,4538.88,2569.01,1815.24,1815.24,0.3143,0.3043,0.3204,3.0,0.461943,60.938,9.141,42.656,18.281,0.00461943,0.00355805,0.00060696,0.00382633
406,0.4785,0.2596,0,0,90,90,0,0,64957.7,4453.86,4231.17,2234.95,1633.13,1633.13,0.272,0.262,0.3107,3.0,0.301762,36.314,5.447,25.42,10.894,0.00301762,0.00243721,0.00039133,0.00244599
407,0.4885,0.1972,90,45,0,0,45,90,65647.88,4568.48,4340.05,2398.39,1706.48,1706.48,0.2838,0.2738,0.3656,3.0,0.428305,53.615,8.042,37.531,16.085,0.00428305,0.00335318,0.00057169,0.00352076
408,0.5523,0.2369,0,0,90,90,0,0,74478.76,4938.74,4691.81,2741.56,1920.12,1920.12,0.2836,0.2736,0.3528,3.0,0.424921,58.506,8.776,40.954,17.552,0.00424921,0.00320104,0.00054987,0.00355388
409,0.5361,0.2061,0,45,-45,-45,45,0,72160.17,4708.69,4473.25,2766.37,1890.44,1890.44,0.3063,0.2963,0.3111,3.0,0.436163,58.163,8.725,40.714,17.449,0.00436163,0.00315378,0.00056422,0.00370571
410,0.632,0.2438,45,-45,45,-45,45,-45,85212.79,5732.29,5445.68,3270.96,2216.26,2216.26,0.2674,0.2574,0.3519,3.0,0.268772,43.272,6.491,30.29,12.982,0.00268772,0.00198437,0.00035547,0.00226465
411,0.5495,0.1912,45,45,-45,-45,45,45,73297.41,4742.78,4505.64,2726.79,1927.96,1927.96,0.2568,0.2468,0.3073,3.0,0.082499,11.019,1.653,7.713,3.306,0.00082499,0.00060616,0.00010524,0.00069701
412,0.6251,0.2154,0,45,-45,-45,45,0,82937.54,5733.46,5446.79,3054.72,2270.16,2270.16,0.2875,0.2775,0.3791,3.0,0.210362,33.2,4.98,23.24,9.96,0.00210362,0.00163027,0.00028021,0.00173718
413,0.6394,0.1927,45,-45,45,-45,45,-45,86337.78,5600.49,5320.46,3167.51,2177.25,2177.25,0.2472,0.2372,0.3398,3.0,0.201085,31.572,4.736,22.101,9.472,0.00201085,0.00149514,0.00025598,0.00169123
414,0.4816,0.2319,45,-45,45,-45,45,-45,63458.35,4379.16,4160.2,2378.85,1756.05,1756.05,0.2461,0.2361,0.3162,3.0,0.121734,14.759,2.214,10.332,4.428,0.00121734,0.00093066,0.00016281,0.00101111
415,0.461,0.1967,45,45,-45,-45,45,45,61914.38,4039.71,3837.73,2231.84,1542.67,1542.67,0.2698,0.2598,0.3057,3.0,0.308725,34.731,5.21,24.312,10.419,0.00308725,0.00233427,0.00039267,0.00257925
416,0.494,0.236,0,0,90,90,0,0,68842.62,4350.76,4133.22,2489.39,1761.21,1761.21,0.2659,0.2559,0.319,3.0,0.524969,64.263,9.639,44.984,19.279,0.00524969,0.00387222,0.00065344,0.00443117
417,0.4528,0.1914,0,0,90,90,0,0,59874.01,3919.34,3723.37,2174.33,1652.52,1652.52,0.2593,0.2493,0.3431,3.0,0.295533,32.293,4.844,22.605,9.688,0.00295533,0.00222779,0.00037754,0.00247182
418,0.4868,0.2394,45,-45,45,-45,45,-45,65342.12,4283.76,4069.57,2447.42,1723.66,1723.66,0.3144,0.3044,0.3034,3.0,0.12728,15.326,2.299,10.728,4.598,0.0012728,0.00093929,0.00016418,0.00107328
419,0.563,0.2458,90,45,0,0,45,90,76957.09,4854.0,4611.3,2729.09,1932.83,1932.83,0.2652,0.2552,0.3722,3.0,0.160215,21.776,3.266,15.243,6.533,0.00160215,0.00119689,0.00019808,0.00134587
420,0.6093,0.2936,0,30,-30,-30,30,0,82504.98,5663.6,5380.42,3074.65,2135.93,2135.93,0.2684,0.2584,0.3512,3.0,0.299072,46.892,7.034,32.824,14.067,0.00299072,0.00228765,0.00039784,0.00248384
421,0.5592,0.1949,0,0,90,90,0,0,76980.23,5025.46,4774.19,2874.61,1858.8,1858.8,0.3003,0.2903,0.3108,3.0,0.214278,30.28,4.542,21.196,9.084,0.00214278,0.00158005,0.00027534,0.0018076
422,0.6349,0.2377,45,-45,45,-45,45,-45,85226.28,5718.26,5432.35,3054.48,2184.26,2184.26,0.2935,0.2835,0.3438,3.0,0.146245,23.049,3.457,16.135,6.915,0.00146245,0.00113192,0.00018932,0.00120925
423,0.5397,0.2794,0,45,-45,-45,45,0,72316.0,4821.56,4580.48,2650.35,1839.28,1839.28,0.2963,0.2863,0.3129,3.0,0.427033,57.235,8.585,40.065,17.171,0.00427033,0.00323931,0.00055402,0.00356121
424,0.5672,0.1943,45,-45,45,-45,45,-45,76857.21,5360.17,5092.16,2796.04,2000.1,2000.1,0.2714,0.2614,0.3518,3.0,0.370446,54.299,8.145,38.009,16.29,0.00370446,0.00291299,0.00049454,0.00303902
425,0.5339,0.201,90,45,0,0,45,90,71651.75,4600.22,4370.21,2621.3,1837.66,1837.66,0.2696,0.2596,0.3219,3.0,0.06444,8.329,1.249,5.83,2.499,0.0006444,0.00047662,8.137e-05,0.00054318
426,0.5959,0.2172,0,30,-30,-30,30,0,79199.39,5316.95,5051.1,2937.85,2115.58,2115.58,0.2543,0.2443,0.3081,3.0,0.268803,39.784,5.968,27.849,11.935,0.00268803,0.00203127,0.00035163,0.00224473
427,0.603,0.2803,0,45,-45,-45,45,0,82474.21,5467.66,5194.28,3149.14,2181.86,2181.86,0.3124,0.3024,0.3236,3.0,0.118414,18.235,2.735,12.764,5.47,0.00118414,0.00086856,0.00015477,0.00100051
428,0.5818,0.2472,0,45,-45,-45,45,0,78970.41,5274.24,5010.52,2949.98,2122.27,2122.27,0.3132,0.3032,0.3415,3.0,0.171798,25.312,3.797,17.718,7.594,0.00171798,0.00128705,0.00022437,0.00143974
429,0.5143,0.2793,0,60,-60,-60,60,0,69668.26,4683.19,4449.03,2490.23,1723.01,1723.01,0.2654,0.2554,0.3387,3.0,0.4029,51.933,7.79,36.353,15.58,0.004029,0.00312824,0.00052181,0.0033268
430,0.6402,0.2758,0,60,-60,-60,60,0,86663.88,5578.24,5299.32,3173.35,2270.09,2270.09,0.2783,0.2683,0.3639,3.0,0.396857,62.17,9.326,43.519,18.651,0.00396857,0.00293872,0.00050216,0.00334355
431,0.6317,0.2677,0,90,90,90,90,0,85074.16,5699.34,5414.37,3149.55,2209.46,2209.46,0.3085,0.2985,0.3567,3.0,0.288626,45.793,6.869,32.055,13.738,0.00288626,0.00218094,0.00037679,0.00241045
432,0.6091,0.2269,0,30,-30,-30,30,0,82021.72,5491.43,5216.86,3099.07,2127.04,2127.04,0.2425,0.2325,0.3552,3.0,0.255764,39.331,5.9,27.532,11.799,0.00255764,0.00190369,0.00033566,0.00214868
433,0.537,0.2299,0,30,-30,-30,30,0,73536.35,4940.18,4693.17,2720.41,1874.64,1874.64,0.3126,0.3026,0.3057,3.0,0.156392,21.485,3.223,15.04,6.446,0.00156392,0.00118466,0.00020452,0.00130472
434,0.5402,0.2049,0,60,-60,-60,60,0,73423.3,4738.05,4501.15,2696.44,1885.95,1885.95,0.2599,0.2499,0.3016,3.0,0.284287,37.83,5.675,26.481,11.349,0.00284287,0.00210445,0.00036066,0.0023953
435,0.5308,0.2444,45,45,-45,-45,45,45,70672.63,4385.65,4166.37,2625.3,1838.13,1838.13,0.2844,0.2744,0.3489,3.0,0.271072,33.859,5.079,23.701,10.158,0.00271072,0.00193455,0.00033536,0.00231609
436,0.6472,0.2585,45,45,-45,-45,45,45,88599.46,5821.57,5530.49,3186.76,2179.28,2179.28,0.3135,0.3035,0.3645,3.0,0.390255,63.094,9.464,44.166,18.928,0.00390255,0.00296981,0.00049849,0.00325138
437,0.4708,0.1961,45,45,-45,-45,45,45,64223.98,3972.75,3774.11,2387.16,1688.78,1688.78,0.2624,0.2524,0.3415,3.0,0.092087,10.43,1.564,7.301,3.129,0.00092087,0.00065538,0.00011368,0.00078761
438,0.4735,0.2862,0,30,-30,-30,30,0,66142.45,4208.71,3998.28,2414.02,1536.31,1536.31,0.2892,0.2792,0.3597,3.0,0.13954,16.533,2.48,11.573,4.96,0.0013954,0.00102731,0.00017497,0.00117849
439,0.6002,0.2028,0,60,-60,-60,60,0,81685.74,5280.65,5016.62,2964.56,2157.1,2157.1,0.2491,0.2391,0.3454,3.0,0.071557,10.572,1.586,7.401,3.172,0.00071557,0.00053494,9.06e-05,0.00060063
440,0.4871,0.2615,0,30,-30,-30,30,0,64559.17,4437.45,4215.58,2480.33,1700.45,1700.45,0.2668,0.2568,0.3122,3.0,0.08557,10.6,1.59,7.42,3.18,0.0008557,0.00064104,0.00011493,0.00071662
441,0.4937,0.2847,45,45,-45,-45,45,45,67066.83,4432.44,4210.82,2405.24,1697.43,1697.43,0.2986,0.2886,0.3618,3.0,0.339377,41.666,6.25,29.166,12.5,0.00339377,0.00259842,0.00043488,0.00282004
442,0.4634,0.2006,0,45,-45,-45,45,0,66708.25,4213.66,4002.98,2294.33,1693.02,1693.02,0.2781,0.2681,0.3407,3.0,0.243714,28.493,4.274,19.945,8.548,0.00243714,0.00186282,0.00029899,0.0020286
443,0.5936,0.2116,45,-45,45,-45,45,-45,81881.58,5398.82,5128.88,2917.67,2043.34,2043.34,0.2549,0.2449,0.3425,3.0,0.394526,58.928,8.839,41.25,17.678,0.00394526,0.00302953,0.00050377,0.00327449
444,0.6192,0.1885,0,90,90,90,90,0,81998.93,5373.94,5105.24,3128.18,2100.05,2100.05,0.311,0.301,0.3227,3.0,0.057564,8.739,1.311,6.117,2.622,0.00057564,0.00041904,7.46e-05,0.00048785
445,0.6134,0.2623,45,-45,45,-45,45,-45,84081.42,5611.56,5330.99,3071.37,2109.55,2109.55,0.309,0.299,0.3169,3.0,0.246149,38.349,5.752,26.844,11.505,0.00246149,0.00187288,0.00031926,0.00205016
446,0.4584,0.2286,0,30,-30,-30,30,0,60942.98,4306.4,4091.08,2296.82,1533.6,1533.6,0.2892,0.2792,0.3104,3.0,0.468501,55.532,8.33,38.873,16.66,0.00468501,0.00362669,0.00063785,0.0038686
447,0.6293,0.1988,45,45,-45,-45,45,45,87504.4,5814.37,5523.65,3195.92,2231.44,2231.44,0.246,0.236,0.3472,3.0,0.391545,63.288,9.493,44.301,18.986,0.00391545,0.00297039,0.00050628,0.0032654
448,0.6119,0.2284,0,45,-45,-45,45,0,80159.61,5554.99,5277.24,3011.03,2042.25,2042.25,0.2971,0.2871,0.3798,3.0,0.222547,34.203,5.13,23.942,10.261,0.00222547,0.00170387,0.00029868,0.00184714
449,0.5201,0.1815,0,30,-30,-30,30,0,71554.6,4629.01,4397.56,2602.35,1835.24,1835.24,0.3038,0.2938,0.3207,3.0,0.10788,13.977,2.097,9.784,4.193,0.0010788,0.00080565,0.00013674,0.00090585
450,0.6139,0.1804,0,60,-60,-60,60,0,84334.37,5597.14,5317.28,3172.89,2129.49,2129.49,0.3059,0.2959,0.3441,3.0,0.2867,44.999,6.75,31.5,13.5,0.002867,0.00212738,0.00037351,0.00241192
451,0.5737,0.1871,45,45,-45,-45,45,45,77927.27,5455.89,5183.1,2828.44,2053.22,2053.22,0.2481,0.2381,0.3752,3.0,0.127019,18.913,2.837,13.239,5.674,0.00127019,0.00100301,0.00016989,0.00103996
452,0.4635,0.2369,0,60,-60,-60,60,0,63295.24,4202.37,3992.25,2331.19,1618.4,1618.4,0.3049,0.2949,0.3102,3.0,0.467148,54.718,8.208,38.302,16.415,0.00467148,0.00352081,0.00060514,0.00390621
453,0.4749,0.2482,0,60,-60,-60,60,0,63212.03,4307.62,4092.24,2372.99,1672.99,1672.99,0.3066,0.2966,0.3146,3.0,0.166752,19.972,2.996,13.981,5.992,0.00166752,0.00126248,0.00022117,0.00139096
454,0.4637,0.2587,0,0,90,90,0,0,63174.26,3897.55,3702.67,2270.92,1671.9,1671.9,0.2789,0.2689,0.3593,3.0,0.085082,9.379,1.407,6.565,2.814,0.00085082,0.00061953,0.00010393,0.00072194
455,0.4986,0.245,45,45,-45,-45,45,45,66744.89,4617.17,4386.31,2452.51,1721.07,1721.07,0.2746,0.2646,0.3227,3.0,0.354775,45.049,6.757,31.534,13.515,0.00354775,0.00275527,0.00047246,0.00292704
456,0.4738,0.2414,45,45,-45,-45,45,45,62659.1,4323.08,4106.93,2479.47,1677.87,1677.87,0.3117,0.3017,0.3021,3.0,0.131598,15.994,2.399,11.195,4.798,0.00131598,0.00096755,0.00017867,0.00110987
457,0.5544,0.2184,0,45,-45,-45,45,0,71796.88,5109.27,4853.81,2744.17,1919.88,1919.88,0.2976,0.2876,0.3466,3.0,0.14308,20.161,3.024,14.113,6.048,0.0014308,0.00110201,0.00019656,0.00118377
458,0.4902,0.2712,0,30,-30,-30,30,0,65647.21,4175.75,3966.96,2399.07,1779.78,1779.78,0.3005,0.2905,0.3126,3.0,0.311975,36.691,5.504,25.684,11.007,0.00311975,0.00229406,0.00039124,0.00263599
459,0.6057,0.2758,0,60,-60,-60,60,0,81232.13,5615.37,5334.6,2984.96,2090.08,2090.08,0.27,0.26,0.37,3.0,0.340675,52.623,7.893,36.836,15.787,0.00340675,0.00264441,0.00045347,0.00281138
460,0.4827,0.2246,0,90,90,90,90,0,62308.93,4393.12,4173.46,2415.7,1691.57,1691.57,0.2411,0.2311,0.3002,3.0,0.077715,9.482,1.422,6.637,2.845,0.00077715,0.00058878,0.00010653,0.00064752
461,0.5521,0.2166,0,60,-60,-60,60,0,78166.37,4861.81,4618.72,2766.67,1857.68,1857.68,0.251,0.241,0.3189,3.0,0.127787,17.458,2.619,12.221,5.238,0.00127787,0.00094654,0.00015634,0.00107728
462,0.456,0.217,0,60,-60,-60,60,0,62237.56,3838.02,3646.12,2390.05,1536.29,1536.29,0.3063,0.2963,0.3189,3.0,0.525939,58.06,8.709,40.642,17.418,0.00525939,0.00364386,0.00065301,0.00453827
463,0.5093,0.2162,45,-45,45,-45,45,-45,68787.31,4546.02,4318.72,2424.07,1838.56,1838.56,0.2705,0.2605,0.3391,3.0,0.071281,8.929,1.339,6.25,2.679,0.00071281,0.00055252,9.086e-05,0.00058924
464,0.5609,0.1824,45,-45,45,-45,45,-45,73021.22,5109.56,4854.09,2835.87,1953.32,1953.32,0.2667,0.2567,0.3119,3.0,0.402934,57.34,8.601,40.138,17.202,0.00402934,0.00303293,0.00054967,0.00336662
465,0.5668,0.1854,0,0,90,90,0,0,76084.58,5034.13,4782.43,2951.34,2001.47,2001.47,0.2521,0.2421,0.3132,3.0,0.396057,56.421,8.463,39.495,16.926,0.00396057,0.00286757,0.00051909,0.00336232
466,0.5817,0.299,0,30,-30,-30,30,0,79068.21,5208.47,4948.05,2900.29,2072.78,2072.78,0.2797,0.2697,0.3524,3.0,0.144753,21.04,3.156,14.728,6.312,0.00144753,0.00108816,0.00018627,0.00121186
467,0.5573,0.2085,0,30,-30,-30,30,0,73414.12,4995.52,4745.75,2757.97,1884.2,1884.2,0.3092,0.2992,0.3224,3.0,0.405924,56.42,8.463,39.494,16.926,0.00405924,0.00306855,0.00053796,0.00338822
468,0.6052,0.1935,45,45,-45,-45,45,45,81240.91,5403.99,5133.79,3062.49,2036.63,2036.63,0.2486,0.2386,0.3217,3.0,0.161726,24.505,3.676,17.153,7.351,0.00161726,0.00120025,0.00021114,0.00136038
469,0.5215,0.2375,0,45,-45,-45,45,0,70705.51,4703.57,4468.4,2579.73,1774.62,1774.62,0.2768,0.2668,0.3105,3.0,0.273551,35.745,5.362,25.022,10.724,0.00273551,0.00207843,0.00035389,0.00227988
470,0.5295,0.2294,90,45,0,0,45,90,71383.01,4955.96,4708.16,2615.48,1865.47,1865.47,0.3102,0.3002,0.3098,3.0,0.13027,17.719,2.658,12.404,5.316,0.0013027,0.00101622,0.00017376,0.00107261
471,0.4729,0.216,90,45,0,0,45,90,63637.29,4125.65,3919.36,2438.42,1670.55,1670.55,0.3019,0.2919,0.368,3.0,0.267683,31.329,4.699,21.93,9.399,0.00267683,0.00192718,0.00034461,0.00227808
472,0.5967,0.2469,45,-45,45,-45,45,-45,79715.5,5219.44,4958.47,3027.0,2096.87,2096.87,0.2654,0.2554,0.3523,3.0,0.346529,51.045,7.657,35.732,15.314,0.00346529,0.00252951,0.00044824,0.00293396
473,0.5463,0.2404,0,90,90,90,90,0,74203.53,5202.86,4942.71,2782.35,1890.89,1890.89,0.3192,0.3092,0.3395,3.0,0.083853,12.02,1.803,8.414,3.606,0.00083853,0.000648,0.00011339,0.00069306
474,0.5211,0.213,0,0,90,90,0,0,70304.42,4536.89,4310.05,2611.6,1769.98,1769.98,0.2947,0.2847,0.3001,3.0,0.504257,64.452,9.668,45.117,19.336,0.00504257,0.0037019,0.00064173,0.00426189
475,0.5851,0.21,90,45,0,0,45,90,77382.13,5327.27,5060.9,2961.14,2171.48,2171.48,0.2594,0.2494,0.3219,3.0,0.351018,52.118,7.818,36.483,15.635,0.00351018,0.00264009,0.00047146,0.00293497
476,0.6127,0.1992,90,45,0,0,45,90,82651.17,5677.3,5393.43,3026.51,2193.78,2193.78,0.2643,0.2543,0.3701,3.0,0.303811,47.492,7.124,33.245,14.248,0.00303811,0.00235382,0.00040223,0.0025096
477,0.4825,0.2237,90,45,0,0,45,90,64243.98,4610.79,4380.25,2465.96,1655.01,1655.01,0.2942,0.2842,0.3632,3.0,0.438619,55.695,8.354,38.986,16.708,0.00438619,0.00338782,0.00060685,0.00362377
478,0.62,0.2978,0,45,-45,-45,45,0,83955.02,5573.46,5294.78,3125.72,2181.37,2181.37,0.3107,0.3007,0.3188,3.0,0.310278,48.35,7.252,33.845,14.505,0.00310278,0.00232025,0.00040313,0.0026025
479,0.5493,0.2676,0,30,-30,-30,30,0,76273.38,4808.61,4568.18,2702.62,1874.23,1874.23,0.2718,0.2618,0.3498,3.0,0.139468,18.777,2.817,13.144,5.633,0.00139468,0.00104218,0.00017233,0.00117149
480,0.6346,0.2984,0,45,-45,-45,45,0,85071.14,5488.22,5213.81,3238.15,2155.73,2155.73,0.2485,0.2385,0.3779,3.0,0.304543,47.397,7.109,33.178,14.219,0.00304543,0.00219554,0.00039,0.00259082
481,0.6228,0.2164,0,0,90,90,0,0,84808.37,5566.09,5287.79,3103.98,2243.51,2243.51,0.2757,0.2657,0.341,3.0,0.312767,48.605,7.291,34.024,14.582,0.00312767,0.00234884,0.00040118,0.00261971
482,0.4931,0.2926,0,30,-30,-30,30,0,66217.96,4176.82,3967.98,2401.98,1741.67,1741.67,0.2612,0.2512,0.3218,3.0,0.371481,43.717,6.558,30.602,13.115,0.00371481,0.00273008,0.00046214,0.00314
483,0.5394,0.2191,0,0,90,90,0,0,71979.38,5069.68,4816.2,2751.71,1902.55,1902.55,0.2577,0.2477,0.3161,3.0,0.162372,22.777,3.417,15.944,6.833,0.00162372,0.00124159,0.0002215,0.00134782
484,0.4502,0.2369,0,0,90,90,0,0,61135.86,3885.68,3691.4,2292.36,1628.54,1628.54,0.2648,0.2548,0.3371,3.0,0.077825,8.577,1.287,6.004,2.573,0.00077825,0.00056125,9.821e-05,0.00066222
485,0.6189,0.2763,0,0,90,90,0,0,83184.6,5756.37,5468.55,3102.61,2125.14,2125.14,0.2859,0.2759,0.3125,3.0,0.09212,14.647,2.197,10.253,4.394,0.0009212,0.00070813,0.00012325,0.00076335
486,0.5872,0.29,0,90,90,90,90,0,81223.8,5338.99,5072.04,2963.87,2094.87,2094.87,0.2672,0.2572,0.37,3.0,0.231324,34.437,5.166,24.106,10.331,0.00231324,0.00174282,0.00029678,0.00193501
487,0.5047,0.1989,45,45,-45,-45,45,45,67866.95,4617.84,4386.95,2530.79,1612.94,1612.94,0.2506,0.2406,0.3062,3.0,0.190954,24.483,3.672,17.138,7.345,0.00190954,0.00145108,0.00025252,0.00159052
488,0.6249,0.2933,0,90,90,90,90,0,84242.05,5870.67,5577.13,3143.32,2209.13,2209.13,0.3085,0.2985,0.3583,3.0,0.060288,9.756,1.463,6.829,2.927,0.00060288,0.00046554,8.106e-05,0.00049853
489,0.5443,0.2093,90,45,0,0,45,90,73060.13,5019.1,4768.14,2730.55,1969.54,1969.54,0.282,0.272,0.3621,3.0,0.35987,50.033,7.505,35.023,15.01,0.0035987,0.00274854,0.00047938,0.00299058
490,0.6455,0.2333,90,45,0,0,45,90,86592.57,5936.79,5639.95,3320.26,2271.26,2271.26,0.2534,0.2434,0.3277,3.0,0.170766,28.307,4.246,19.815,8.492,0.00170766,0.00127882,0.00022883,0.00143041
491,0.6087,0.2095,0,30,-30,-30,30,0,82572.97,5655.52,5372.74,3157.01,2167.63,2167.63,0.2805,0.2705,0.3119,3.0,0.281432,44.418,6.663,31.093,13.325,0.00281432,0.00211045,0.00037655,0.00235618
492,0.5394,0.2452,45,45,-45,-45,45,45,71544.05,5048.79,4796.35,2628.39,1866.15,1866.15,0.2607,0.2507,0.3484,3.0,0.163403,22.541,3.381,15.779,6.762,0.00163403,0.00128641,0.00022055,0.0013394
493,0.532,0.218,0,90,90,90,90,0,68445.99,4637.64,4405.76,2823.91,1891.56,1891.56,0.244,0.234,0.3105,3.0,0.460395,60.981,9.147,42.687,18.294,0.00460395,0.0032392,0.00062366,0.00394477
494,0.5777,0.2051,45,-45,45,-45,45,-45,78451.44,5118.04,4862.14,2935.57,1986.93,1986.93,0.2755,0.2655,0.3494,3.0,0.141685,20.406,3.061,14.284,6.122,0.00141685,0.0010427,0.00018208,0.00119612
495,0.6238,0.1933,0,45,-45,-45,45,0,82770.62,5142.44,4885.32,3056.25,2159.63,2159.63,0.2732,0.2632,0.3792,3.0,0.130202,19.034,2.855,13.324,5.71,0.00130202,0.00093418,0.00016097,0.0011104
496,0.463,0.2919,0,60,-60,-60,60,0,62460.06,4042.08,3839.98,2311.69,1582.4,1582.4,0.2618,0.2518,0.3527,3.0,0.309981,35.236,5.285,24.665,10.571,0.00309981,0.00228637,0.00039489,0.00261517
497,0.5639,0.2057,0,90,90,90,90,0,76305.01,5062.79,4809.65,2767.59,1977.28,1977.28,0.246,0.236,0.3344,3.0,0.351666,49.417,7.413,34.592,14.825,0.00351666,0.00267834,0.00045334,0.00292825
498,0.4664,0.2131,0,0,90,90,0,0,62128.25,4575.56,4346.78,2385.06,1697.56,1697.56,0.3174,0.3074,0.3694,3.0,0.3533,44.15,6.623,30.905,13.245,0.003533,0.00277669,0.00049744,0.00289476
499,0.5138,0.27,0,45,-45,-45,45,0,70030.12,4646.74,4414.41,2585.43,1864.27,1864.27,0.2653,0.2553,0.3145,3.0,0.112605,14.597,2.19,10.218,4.379,0.00112605,0.00084688,0.00014591,0.0009424
500,0.4875,0.2375,0,0,90,90,0,0,65934.43,4294.07,4079.37,2400.25,1673.82,1673.82,0.277,0.267,0.3652,3.0,0.462341,55.473,8.321,38.831,16.642,0.00462341,0.00346672,0.00058894,0.00387557
501,0.5959,0.229,0,30,-30,-30,30,0,80803.11,5403.23,5133.06,2935.09,2079.73,2079.73,0.3152,0.3052,0.3342,3.0,0.288077,43.118,6.468,30.183,12.936,0.00288077,0.00220359,0.00037354,0.00239403
502,0.4532,0.2084,0,30,-30,-30,30,0,62131.16,4005.17,3804.91,2157.16,1599.56,1599.56,0.2932,0.2832,0.3563,3.0,0.316179,35.012,5.252,24.509,10.504,0.00316179,0.00243461,0.00039447,0.00262253
503,0.5323,0.2283,45,45,-45,-45,45,45,72366.32,4706.17,4470.86,2727.85,1818.75,1818.75,0.2946,0.2846,0.3592,3.0,0.129652,17.22,2.583,12.054,5.166,0.00129652,0.00094688,0.00016657,0.00109769
504,0.5164,0.2792,0,30,-30,-30,30,0,69905.5,4236.14,4024.33,2527.82,1805.01,1805.01,0.274,0.264,0.322,3.0,0.09033,10.893,1.634,7.625,3.268,0.0009033,0.0006464,0.00010908,0.00077145
505,0.5358,0.2274,0,60,-60,-60,60,0,71943.08,4798.93,4558.98,2661.57,1987.44,1987.44,0.2985,0.2885,0.3644,3.0,0.183448,24.534,3.68,17.174,7.36,0.00183448,0.00138271,0.00023872,0.00153375
506,0.4751,0.1904,0,45,-45,-45,45,0,65109.71,4268.42,4055.0,2359.09,1657.13,1657.13,0.2804,0.2704,0.3709,3.0,0.515981,61.336,9.2,42.935,18.401,0.00515981,0.00389998,0.00065943,0.00431091
507,0.5043,0.273,45,45,-45,-45,45,45,66818.07,4276.31,4062.5,2573.42,1777.52,1777.52,0.2747,0.2647,0.3196,3.0,0.371865,45.329,6.799,31.73,13.599,0.00371865,0.00264214,0.00047488,0.00318
508,0.5892,0.2501,0,90,90,90,90,0,80563.99,5154.53,4896.81,2913.1,2071.07,2071.07,0.2691,0.2591,0.312,3.0,0.26571,38.398,5.76,26.878,11.519,0.0026571,0.00197716,0.00033363,0.0022348
509,0.5694,0.2523,0,0,90,90,0,0,78136.31,4899.59,4654.61,2942.89,2002.79,2002.79,0.32,0.31,0.318,3.0,0.195165,27.253,4.088,19.077,8.176,0.00195165,0.0013891,0.00024415,0.00166869
510,0.5061,0.2331,90,45,0,0,45,90,69182.16,4427.44,4206.07,2452.17,1767.79,1767.79,0.3111,0.3011,0.3634,3.0,0.180537,22.282,3.342,15.598,6.685,0.00180537,0.00136303,0.00022546,0.00150984
511,0.5498,0.2146,45,45,-45,-45,45,45,72350.32,4750.04,4512.54,2749.54,2023.24,2023.24,0.2946,0.2846,0.3173,3.0,0.129974,17.414,2.612,12.19,5.224,0.00129974,0.00095003,0.00016849,0.00109985
512,0.4741,0.2359,45,45,-45,-45,45,45,65375.11,4134.93,3928.19,2391.59,1701.71,1701.71,0.3136,0.3036,0.3326,3.0,0.246952,28.814,4.322,20.17,8.644,0.00246952,0.00180721,0.00030853,0.00209054
513,0.5279,0.1993,0,60,-60,-60,60,0,72439.92,4682.12,4448.01,2559.97,1946.62,1946.62,0.2973,0.2873,0.3229,3.0,0.176312,22.924,3.439,16.047,6.877,0.00176312,0.00134321,0.00022152,0.00146881
514,0.6015,0.2556,45,45,-45,-45,45,45,81187.43,5407.93,5137.53,3018.21,1987.53,1987.53,0.2979,0.2879,0.3505,3.0,0.364517,55.036,8.255,38.525,16.511,0.00364517,0.00273521,0.00047452,0.00305309
515,0.4876,0.283,0,45,-45,-45,45,0,67585.91,4300.28,4085.26,2483.35,1673.98,1673.98,0.3026,0.2926,0.3524,3.0,0.078873,9.566,1.435,6.696,2.87,0.00078873,0.0005778,9.908e-05,0.00066734
516,0.5882,0.2073,0,60,-60,-60,60,0,77073.8,5130.91,4874.37,2892.44,1978.07,1978.07,0.3087,0.2987,0.3194,3.0,0.361483,51.928,7.789,36.35,15.578,0.00361483,0.00269297,0.00047162,0.0030362
517,0.5222,0.2658,0,0,90,90,0,0,69291.04,4469.21,4245.75,2542.55,1825.47,1825.47,0.2696,0.2596,0.3255,3.0,0.12707,15.948,2.392,11.164,4.785,0.0012707,0.00094089,0.00016112,0.00107055
518,0.4562,0.2545,0,45,-45,-45,45,0,61205.6,4075.9,3872.11,2403.38,1508.71,1508.71,0.273,0.263,0.3372,3.0,0.36612,42.287,6.343,29.601,12.686,0.0036612,0.00263925,0.00048364,0.0031125
519,0.4917,0.2774,0,90,90,90,90,0,64458.41,4514.2,4288.49,2498.26,1746.21,1746.21,0.2666,0.2566,0.3506,3.0,0.475548,59.738,8.961,41.817,17.921,0.00475548,0.0035868,0.00064874,0.00397003
520,0.4879,0.2903,45,45,-45,-45,45,45,65985.29,4213.23,4002.57,2450.47,1640.16,1640.16,0.2876,0.2776,0.3179,3.0,0.104677,12.462,1.869,8.723,3.738,0.00104677,0.0007628,0.0001322,0.00088731
521,0.4837,0.2365,0,60,-60,-60,60,0,63977.81,4271.9,4058.31,2434.71,1661.46,1661.46,0.2435,0.2335,0.3352,3.0,0.224719,26.957,4.044,18.87,8.087,0.00224719,0.00166079,0.00029494,0.00189308
522,0.6048,0.2581,0,60,-60,-60,60,0,81442.42,5620.14,5339.14,3057.59,2043.45,2043.45,0.2981,0.2881,0.3158,3.0,0.320298,49.861,7.479,34.902,14.958,0.00320298,0.00244608,0.00042855,0.00266153
523,0.5083,0.2408,0,30,-30,-30,30,0,68983.92,4507.42,4282.05,2416.33,1782.41,1782.41,0.2904,0.2804,0.3508,3.0,0.282151,35.106,5.266,24.574,10.532,0.00282151,0.00217928,0.00035623,0.00233653
524,0.5718,0.2322,0,60,-60,-60,60,0,76043.87,5069.61,4816.13,2853.51,1962.67,1962.67,0.2437,0.2337,0.342,3.0,0.184555,26.184,3.928,18.328,7.855,0.00184555,0.00137638,0.00024102,0.00154944
525,0.573,0.2038,90,45,0,0,45,90,77293.06,5199.16,4939.2,2923.36,1988.62,1988.62,0.2653,0.2553,0.3318,3.0,0.418641,60.885,9.133,42.619,18.265,0.00418641,0.00312405,0.0005514,0.00351315
526,0.4992,0.2999,0,45,-45,-45,45,0,68821.37,4540.85,4313.81,2585.53,1799.88,1799.88,0.2737,0.2637,0.3447,3.0,0.156286,19.927,2.989,13.949,5.978,0.00156286,0.00115606,0.00020268,0.00131651
527,0.4741,0.278,0,90,90,90,90,0,64305.85,4015.86,3815.06,2412.27,1611.52,1611.52,0.2529,0.2429,0.3242,3.0,0.194812,22.299,3.345,15.609,6.69,0.00194812,0.00138659,0.00024273,0.00166581
528,0.479,0.2906,0,60,-60,-60,60,0,66929.94,4518.6,4292.67,2416.18,1675.18,1675.18,0.2635,0.2535,0.3275,3.0,0.29023,36.154,5.423,25.308,10.846,0.0029023,0.00224447,0.00037812,0.00240032
529,0.5406,0.2407,0,60,-60,-60,60,0,75452.3,4876.96,4633.12,2575.25,1922.37,1922.37,0.254,0.244,0.3465,3.0,0.487053,65.282,9.792,45.697,19.585,0.00487053,0.00380245,0.00060564,0.00401572
530,0.5333,0.1862,0,45,-45,-45,45,0,71221.4,4818.94,4577.99,2642.13,1811.23,1811.23,0.2632,0.2532,0.333,3.0,0.463478,62.025,9.304,43.417,18.607,0.00463478,0.00352129,0.00060961,0.00386132
531,0.6018,0.2212,0,90,90,90,90,0,80703.7,5322.93,5056.78,3017.75,2134.29,2134.29,0.3089,0.2989,0.3451,3.0,0.19507,29.121,4.368,20.385,8.736,0.0019507,0.0014475,0.00025259,0.00164128
532,0.5089,0.1827,45,45,-45,-45,45,45,70983.66,4364.38,4146.17,2569.73,1800.69,1800.69,0.2808,0.2708,0.3669,3.0,0.344273,42.617,6.393,29.832,12.785,0.00344273,0.00248765,0.00042027,0.00292943
533,0.4844,0.2535,45,-45,45,-45,45,-45,64574.58,4423.47,4202.29,2486.4,1678.06,1678.06,0.2443,0.2343,0.3405,3.0,0.405925,50.207,7.531,35.145,15.062,0.00405925,0.00302888,0.00054425,0.00340503
534,0.5745,0.2168,45,45,-45,-45,45,45,76725.01,5235.01,4973.26,2886.71,1931.31,1931.31,0.2571,0.2471,0.3733,3.0,0.225579,32.844,4.927,22.991,9.853,0.00225579,0.00170663,0.00029965,0.00188216
535,0.6453,0.216,0,0,90,90,0,0,85423.82,6059.01,5756.06,3247.67,2237.64,2237.64,0.2582,0.2482,0.3674,3.0,0.107011,17.872,2.681,12.51,5.361,0.00107011,0.00082544,0.00014645,0.00088488
536,0.5743,0.2476,0,45,-45,-45,45,0,78842.22,5108.57,4853.14,2808.88,1988.72,1988.72,0.2787,0.2687,0.3715,3.0,0.183146,26.022,3.903,18.216,7.807,0.00183146,0.00138965,0.00023104,0.00152816
537,0.5054,0.259,45,45,-45,-45,45,45,69208.41,4736.05,4499.25,2523.64,1819.46,1819.46,0.2872,0.2772,0.3364,3.0,0.089532,11.675,1.751,8.172,3.502,0.00089532,0.00069392,0.00011808,0.00073952
538,0.5104,0.2989,0,30,-30,-30,30,0,68904.41,4469.54,4246.06,2574.33,1695.83,1695.83,0.2693,0.2593,0.3597,3.0,0.490405,61.756,9.263,43.229,18.527,0.00490405,0.00359836,0.00062738,0.00414512
539,0.4748,0.2198,90,45,0,0,45,90,65325.46,4336.35,4119.53,2383.04,1716.66,1716.66,0.2554,0.2454,0.3003,3.0,0.396947,47.849,7.177,33.494,14.355,0.00396947,0.00301184,0.00051273,0.00331032
540,0.5508,0.2434,0,0,90,90,0,0,74451.12,4962.74,4714.6,2691.3,1968.04,1968.04,0.3093,0.2993,0.3018,3.0,0.335062,46.042,6.906,32.23,13.813,0.00335062,0.00256617,0.0004329,0.00278328
541,0.5561,0.2874,0,0,90,90,0,0,74260.44,5187.85,4928.46,2751.79,1943.89,1943.89,0.3179,0.3079,0.3354,3.0,0.287725,41.026,6.154,28.718,12.308,0.00287725,0.00223633,0.00038672,0.00237243
542,0.5189,0.2704,0,60,-60,-60,60,0,70135.58,4797.29,4557.42,2553.37,1766.95,1766.95,0.2536,0.2436,0.3016,3.0,0.292276,38.592,5.789,27.014,11.578,0.00292276,0.00226711,0.00038517,0.00241336
543,0.4604,0.2916,0,0,90,90,0,0,61275.66,3928.32,3731.91,2423.91,1626.7,1626.7,0.2724,0.2624,0.3359,3.0,0.093827,10.572,1.586,7.4,3.171,0.00093827,0.0006542,0.00012077,0.00080733
544,0.525,0.1845,0,90,90,90,90,0,72168.92,5071.98,4818.38,2568.29,1786.48,1786.48,0.2482,0.2382,0.3384,3.0,0.173997,23.904,3.586,16.733,7.171,0.00173997,0.00139613,0.00023186,0.00141391
545,0.5385,0.1965,45,-45,45,-45,45,-45,73759.66,4789.12,4549.67,2676.68,1915.04,1915.04,0.2724,0.2624,0.357,3.0,0.051415,6.88,1.032,4.816,2.064,0.00051415,0.00038557,6.53e-05,0.00043099
546,0.5754,0.2021,0,45,-45,-45,45,0,78379.48,5298.96,5034.01,2864.93,1978.46,1978.46,0.2645,0.2545,0.3209,3.0,0.090375,13.245,1.987,9.272,3.974,0.00090375,0.00069348,0.00011829,0.00074987
547,0.5422,0.2584,0,30,-30,-30,30,0,74968.64,4951.35,4703.78,2793.15,1910.7,1910.7,0.2606,0.2506,0.3643,3.0,0.266858,37.006,5.551,25.904,11.102,0.00266858,0.0019873,0.00034553,0.00224215
548,0.6003,0.2851,0,45,-45,-45,45,0,80399.18,5354.61,5086.88,3026.54,2124.28,2124.28,0.2868,0.2768,0.3124,3.0,0.29098,43.654,6.548,30.558,13.096,0.0029098,0.00216358,0.00038008,0.0024458
549,0.6271,0.2242,0,0,90,90,0,0,82644.73,5661.1,5378.04,3230.78,2156.93,2156.93,0.31,0.3,0.366,3.0,0.062671,9.962,1.494,6.973,2.989,0.00062671,0.00046251,8.438e-05,0.00052791
550,0.6219,0.2258,45,-45,45,-45,45,-45,85587.33,5696.7,5411.86,3057.17,2144.43,2144.43,0.3166,0.3066,0.3242,3.0,0.340913,53.61,8.041,37.527,16.083,0.00340913,0.00263037,0.00043846,0.00282321
551,0.6472,0.2254,90,45,0,0,45,90,87588.5,5689.31,5404.85,3194.24,2170.84,2170.84,0.2666,0.2566,0.3359,3.0,0.122003,19.419,2.913,13.594,5.826,0.00122003,0.00091193,0.0001552,0.001024
552,0.6225,0.2602,0,90,90,90,90,0,83523.58,5459.32,5186.36,3236.25,2169.43,2169.43,0.2474,0.2374,0.3443,3.0,0.3484,53.99,8.099,37.793,16.197,0.003484,0.00250245,0.00045249,0.00296688
553,0.5727,0.2671,0,45,-45,-45,45,0,77238.32,5603.48,5323.31,2798.73,2015.8,2015.8,0.274,0.264,0.3201,3.0,0.178785,27.0,4.05,18.9,8.1,0.00178785,0.00144708,0.0002447,0.00144552
554,0.5194,0.2566,0,90,90,90,90,0,70245.7,4751.24,4513.68,2616.62,1846.38,1846.38,0.2663,0.2563,0.3069,3.0,0.203785,26.923,4.038,18.846,8.077,0.00203785,0.00154338,0.00026829,0.00169995
555,0.5768,0.2837,45,-45,45,-45,45,-45,78175.76,5119.78,4863.79,2828.04,1959.52,1959.52,0.2675,0.2575,0.3613,3.0,0.064697,9.223,1.384,6.456,2.767,0.00064697,0.00048921,8.259e-05,0.00054045
556,0.5985,0.2096,0,45,-45,-45,45,0,79196.26,5443.59,5171.41,3036.98,2067.33,2067.33,0.3064,0.2964,0.3222,3.0,0.109505,16.632,2.495,11.642,4.989,0.00109505,0.00082146,0.000147,0.00091658
557,0.5179,0.1851,0,0,90,90,0,0,70643.32,4800.28,4560.26,2471.05,1880.47,1880.47,0.2933,0.2833,0.3163,3.0,0.44192,57.796,8.669,40.457,17.339,0.0044192,0.0035084,0.0005727,0.00361205
558,0.6326,0.2704,0,60,-60,-60,60,0,85847.41,5647.03,5364.68,3215.29,2134.93,2134.93,0.2733,0.2633,0.3291,3.0,0.301016,47.732,7.16,33.413,14.32,0.00301016,0.00222681,0.00038921,0.0025358
559,0.6138,0.2574,90,45,0,0,45,90,81981.61,5496.5,5221.68,3120.01,2113.42,2113.42,0.3027,0.2927,0.3663,3.0,0.075238,11.599,1.74,8.119,3.48,0.00075238,0.00055764,9.904e-05,0.00063307
560,0.5131,0.1974,0,45,-45,-45,45,0,68997.17,4776.43,4537.61,2585.19,1752.19,1752.19,0.2605,0.2505,0.3577,3.0,0.493737,65.219,9.783,45.653,19.566,0.00493737,0.0037842,0.00066167,0.00409631
561,0.4933,0.2795,90,45,0,0,45,90,67177.38,4253.31,4040.64,2377.15,1738.44,1738.44,0.2469,0.2369,0.3153,3.0,0.161981,19.258,2.889,13.481,5.778,0.00161981,0.00121522,0.00020068,0.00135836
562,0.5411,0.2916,0,0,90,90,0,0,72923.36,4643.89,4411.69,2585.33,1930.9,1930.9,0.2729,0.2629,0.325,3.0,0.309409,40.117,6.018,28.082,12.035,0.00309409,0.00232756,0.00038509,0.00259159
563,0.5151,0.2625,0,60,-60,-60,60,0,67328.71,4654.75,4422.01,2547.44,1780.98,1780.98,0.2983,0.2883,0.3284,3.0,0.069308,8.951,1.343,6.266,2.685,0.00069308,0.00052706,9.306e-05,0.00057689
564,0.4827,0.2072,0,0,90,90,0,0,65520.37,4401.05,4181.0,2356.72,1651.11,1651.11,0.2982,0.2882,0.3375,3.0,0.444227,53.925,8.089,37.748,16.178,0.00444227,0.00343221,0.00057612,0.00367584
565,0.4563,0.2952,0,90,90,90,90,0,61717.39,4325.58,4109.3,2236.86,1594.79,1594.79,0.3146,0.3046,0.3517,3.0,0.125791,14.838,2.226,10.386,4.451,0.00125791,0.000995,0.00016829,0.00102908
566,0.6401,0.2781,45,-45,45,-45,45,-45,87847.38,5987.99,5688.59,3308.88,2247.19,2247.19,0.2742,0.2642,0.3585,3.0,0.388313,64.709,9.706,45.297,19.413,0.00388313,0.00293344,0.00051563,0.00324196
567,0.4684,0.2796,0,90,90,90,90,0,63017.17,4211.36,4000.79,2406.2,1677.25,1677.25,0.2991,0.2891,0.3768,3.0,0.153593,18.176,2.726,12.723,5.453,0.00153593,0.00113306,0.0002019,0.00129477
568,0.5041,0.2792,45,45,-45,-45,45,45,67268.7,4410.9,4190.35,2521.84,1845.77,1845.77,0.2998,0.2898,0.314,3.0,0.218907,27.146,4.072,19.002,8.144,0.00218907,0.00161464,0.00028248,0.00184627
569,0.6363,0.2436,0,90,90,90,90,0,86269.2,5980.12,5681.11,3247.8,2174.15,2174.15,0.2485,0.2385,0.3592,3.0,0.108688,17.992,2.699,12.595,5.398,0.00108688,0.00083098,0.00014599,0.00090262
570,0.461,0.2772,0,0,90,90,0,0,62481.02,4167.55,3959.17,2184.11,1609.62,1609.62,0.245,0.235,0.3756,3.0,0.456333,52.12,7.818,36.484,15.636,0.00456333,0.00357952,0.00058393,0.00375187
571,0.4915,0.2619,45,45,-45,-45,45,45,66714.13,4572.63,4344.0,2408.11,1720.17,1720.17,0.268,0.258,0.3293,3.0,0.111205,13.95,2.093,9.765,4.185,0.00111205,0.00086896,0.00014638,0.00091525
572,0.6268,0.2895,0,45,-45,-45,45,0,84011.65,5661.55,5378.47,3249.25,2177.49,2177.49,0.2931,0.2831,0.319,3.0,0.385573,61.405,9.211,42.983,18.421,0.00385573,0.00283472,0.00051164,0.00325378
573,0.5147,0.2833,45,45,-45,-45,45,45,70382.56,4678.22,4444.31,2569.48,1770.19,1770.19,0.2805,0.2705,0.309,3.0,0.163804,21.298,3.195,14.909,6.389,0.00163804,0.00124333,0.00021182,0.00136579
574,0.5752,0.285,45,45,-45,-45,45,45,77273.37,5139.27,4882.31,2935.6,2074.49,2074.49,0.2481,0.2381,0.343,3.0,0.198523,28.669,4.3,20.068,8.601,0.00198523,0.0014649,0.00025971,0.00167353
575,0.5436,0.2193,0,45,-45,-45,45,0,73071.41,4752.96,4515.31,2702.03,1982.88,1982.88,0.2755,0.2655,0.32,3.0,0.098963,13.205,1.981,9.243,3.961,0.00098963,0.00073306,0.0001265,0.00083348
576,0.5359,0.2608,45,45,-45,-45,45,45,73089.34,4888.58,4644.15,2749.96,1787.44,1787.44,0.3073,0.2973,0.3415,3.0,0.17079,23.36,3.504,16.352,7.008,0.0017079,0.0012742,0.00022373,0.00143355
577,0.5194,0.2808,0,30,-30,-30,30,0,71499.22,4436.37,4214.55,2598.6,1763.46,1763.46,0.284,0.274,0.3479,3.0,0.405537,50.953,7.643,35.667,15.286,0.00405537,0.00294116,0.00049884,0.00344557
578,0.57,0.2461,45,-45,45,-45,45,-45,78580.15,4883.32,4639.15,2886.63,2042.85,2042.85,0.263,0.253,0.3051,3.0,0.174754,24.226,3.634,16.958,7.268,0.00174754,0.00125886,0.00021581,0.00148828
579,0.52,0.2011,45,-45,45,-45,45,-45,71064.86,4586.42,4357.1,2559.16,1825.11,1825.11,0.3144,0.3044,0.3291,3.0,0.356347,45.651,6.848,31.955,13.695,0.00356347,0.00267573,0.00044967,0.00298603
580,0.4702,0.201,45,45,-45,-45,45,45,64704.96,4091.38,3886.81,2310.72,1616.38,1616.38,0.3103,0.3003,0.3118,3.0,0.525065,60.227,9.034,42.159,18.068,0.00525065,0.00390962,0.00065155,0.00441613
581,0.4538,0.2401,90,45,0,0,45,90,61192.72,4258.01,4045.11,2226.29,1508.01,1508.01,0.3002,0.2902,0.3559,3.0,0.478462,55.753,8.363,39.027,16.726,0.00478462,0.00375649,0.00063778,0.00392813
582,0.5269,0.2189,45,-45,45,-45,45,-45,73242.55,4587.77,4358.39,2591.04,1872.7,1872.7,0.2792,0.2692,0.3491,3.0,0.381253,49.044,7.357,34.331,14.713,0.00381253,0.00283923,0.00046873,0.00320703
583,0.5353,0.2749,0,60,-60,-60,60,0,70995.93,4797.1,4557.25,2618.22,1898.02,1898.02,0.286,0.276,0.338,3.0,0.310898,41.364,6.205,28.955,12.409,0.00310898,0.00236977,0.00040784,0.0025868
584,0.5563,0.1881,0,90,90,90,90,0,74530.79,5078.03,4824.13,2758.47,1960.62,1960.62,0.2878,0.2778,0.3343,3.0,0.430404,60.525,9.079,42.367,18.157,0.00430404,0.00329122,0.00056845,0.00357568
585,0.5918,0.1857,90,45,0,0,45,90,79254.9,5328.75,5062.32,3044.06,2111.7,2111.7,0.3069,0.2969,0.3484,3.0,0.334807,50.125,7.519,35.087,15.037,0.00334807,0.00246995,0.00044271,0.00282193
586,0.4637,0.2331,45,-45,45,-45,45,-45,62300.53,3820.55,3629.52,2306.29,1595.89,1595.89,0.2988,0.2888,0.3615,3.0,0.223034,24.325,3.649,17.027,7.297,0.00223034,0.00158207,0.00027331,0.00191004
587,0.4618,0.2164,0,0,90,90,0,0,61750.72,3822.35,3631.23,2243.54,1579.16,1579.16,0.261,0.251,0.3569,3.0,0.282466,30.595,4.589,21.417,9.179,0.00282466,0.00204557,0.00034683,0.0024013
588,0.4596,0.2475,0,45,-45,-45,45,0,62559.79,4196.95,3987.1,2298.85,1531.62,1531.62,0.2465,0.2365,0.3348,3.0,0.247579,28.852,4.328,20.196,8.656,0.00247579,0.00188258,0.00032283,0.00206234
589,0.4865,0.286,0,0,90,90,0,0,64498.63,4480.67,4256.64,2471.15,1662.61,1662.61,0.304,0.294,0.3107,3.0,0.259464,32.325,4.849,22.627,9.697,0.00259464,0.00196213,0.00035082,0.00216428
590,0.5993,0.2302,0,60,-60,-60,60,0,80638.36,5388.49,5119.06,2953.58,2128.21,2128.21,0.2606,0.2506,0.3714,3.0,0.051717,7.74,1.161,5.418,2.322,0.00051717,0.00039308,6.719e-05,0.00043092
591,0.5814,0.2799,0,60,-60,-60,60,0,79171.27,5051.07,4798.52,2915.12,2053.57,2053.57,0.2532,0.2432,0.3462,3.0,0.309529,44.086,6.613,30.86,13.226,0.00309529,0.00226846,0.00038979,0.00261838
592,0.6009,0.2244,90,45,0,0,45,90,82304.43,5458.6,5185.67,2944.12,2139.03,2139.03,0.2412,0.2312,0.3056,3.0,0.397042,59.919,8.988,41.944,17.976,0.00397042,0.00305283,0.00050962,0.00329312
593,0.4891,0.2723,45,-45,45,-45,45,-45,66614.95,4314.62,4098.89,2364.68,1792.93,1792.93,0.2499,0.2399,0.3721,3.0,0.487002,58.388,8.758,40.872,17.516,0.00487002,0.00370375,0.00061355,0.00405977
594,0.6208,0.1864,0,60,-60,-60,60,0,85419.73,5405.43,5135.15,3096.63,2182.66,2182.66,0.2732,0.2632,0.3723,3.0,0.379494,57.734,8.66,40.414,17.32,0.00379494,0.00279664,0.00047312,0.00320424
595,0.6179,0.1869,0,60,-60,-60,60,0,83897.48,5489.57,5215.09,3038.56,2213.83,2213.83,0.2559,0.2459,0.3661,3.0,0.293266,44.855,6.728,31.399,13.457,0.00293266,0.0022143,0.00037425,0.0024513
596,0.6494,0.1918,90,45,0,0,45,90,87851.95,5759.52,5471.54,3293.74,2263.36,2263.36,0.304,0.294,0.3705,3.0,0.081651,13.222,1.983,9.255,3.967,0.00081651,0.00060214,0.00010535,0.0006887
597,0.5801,0.2187,45,-45,45,-45,45,-45,78698.21,5192.69,4933.06,2857.54,2044.8,2044.8,0.2525,0.2425,0.3762,3.0,0.427368,61.72,9.258,43.204,18.516,0.00427368,0.00323984,0.00054898,0.00356577
598,0.5725,0.2602,45,-45,45,-45,45,-45,77188.49,4963.77,4715.58,2849.77,2008.99,2008.99,0.3118,0.3018,0.3544,3.0,0.443508,61.981,9.297,43.386,18.594,0.00443508,0.0032624,0.00056208,0.00374598
599,0.4635,0.202,0,30,-30,-30,30,0,63501.45,4113.14,3907.48,2311.21,1617.21,1617.21,0.3002,0.2902,0.3069,3.0,0.532192,61.259,9.189,42.881,18.378,0.00532192,0.00397577,0.00067528,0.00446804
600,0.5719,0.1971,45,45,-45,-45,45,45,75182.43,5074.34,4820.63,2933.22,2021.76,2021.76,0.2996,0.2896,0.3745,3.0,0.255408,36.526,5.479,25.568,10.958,0.00255408,0.00186787,0.00034008,0.00215944
601,0.544,0.2296,90,45,0,0,45,90,75262.99,4480.19,4256.18,2776.27,1903.56,1903.56,0.2594,0.2494,0.3422,3.0,0.217618,28.025,4.204,19.617,8.407,0.00217618,0.00151415,0.00026065,0.00187657
602,0.4947,0.1845,0,60,-60,-60,60,0,66288.99,4172.99,3964.34,2514.96,1818.9,1818.9,0.3195,0.3095,0.3372,3.0,0.401509,47.79,7.169,33.453,14.337,0.00401509,0.00285037,0.00050466,0.00343569
603,0.6232,0.2092,90,45,0,0,45,90,84605.68,5394.37,5124.65,3162.69,2211.3,2211.3,0.2953,0.2853,0.3106,3.0,0.343516,52.471,7.871,36.73,15.741,0.00343516,0.00248859,0.00043413,0.0029181
604,0.4728,0.2726,45,45,-45,-45,45,45,64035.48,4312.36,4096.75,2378.84,1641.71,1641.71,0.2731,0.2631,0.3484,3.0,0.354648,42.549,6.382,29.785,12.765,0.00354648,0.002683,0.00046513,0.00296005
605,0.6021,0.2477,45,-45,45,-45,45,-45,81904.89,5335.21,5068.45,3033.44,2108.61,2108.61,0.2811,0.2711,0.306,3.0,0.253508,37.971,5.696,26.579,11.391,0.00253508,0.0018776,0.00032452,0.00213509
606,0.5858,0.266,0,0,90,90,0,0,79361.13,5399.67,5129.69,2897.12,2145.08,2145.08,0.2728,0.2628,0.3557,3.0,0.259097,38.603,5.79,27.022,11.581,0.00259097,0.00199867,0.00034049,0.00214472
607,0.6191,0.2665,0,30,-30,-30,30,0,84299.93,5437.52,5165.65,3204.2,2149.28,2149.28,0.3033,0.2933,0.3537,3.0,0.114147,17.595,2.639,12.317,5.279,0.00114147,0.00082369,0.0001461,0.00097076
608,0.5097,0.2199,45,-45,45,-45,45,-45,68329.66,4495.3,4270.54,2437.55,1769.93,1769.93,0.2779,0.2679,0.3159,3.0,0.360832,44.922,6.738,31.445,13.476,0.00360832,0.00276434,0.0004602,0.0029979
609,0.5254,0.2199,0,0,90,90,0,0,71445.7,4753.6,4515.92,2579.18,1882.25,1882.25,0.248,0.238,0.3628,3.0,0.171671,22.6,3.39,15.82,6.78,0.00171671,0.00131437,0.00022143,0.00142628
610,0.649,0.2836,0,60,-60,-60,60,0,87601.76,5771.36,5482.79,3307.04,2295.03,2295.03,0.2811,0.2711,0.3444,3.0,0.051919,8.429,1.264,5.9,2.529,0.00051919,0.0003823,6.735e-05,0.00043812
611,0.5005,0.2522,45,-45,45,-45,45,-45,65513.62,4422.89,4201.75,2571.29,1684.94,1684.94,0.2972,0.2872,0.3103,3.0,0.066453,8.296,1.244,5.807,2.489,0.00066453,0.00048395,8.864e-05,0.0005627
612,0.489,0.2565,0,0,90,90,0,0,63788.71,4469.1,4245.64,2484.82,1622.51,1622.51,0.2886,0.2786,0.3141,3.0,0.187204,23.312,3.497,16.319,6.994,0.00187204,0.00140728,0.00025582,0.00156489
613,0.5925,0.2137,0,45,-45,-45,45,0,81029.58,5059.68,4806.7,2872.43,2036.95,2036.95,0.2608,0.2508,0.3126,3.0,0.181458,25.782,3.867,18.047,7.735,0.00181458,0.00134634,0.00022272,0.00152866
614,0.6186,0.1902,0,45,-45,-45,45,0,82457.72,5602.76,5322.62,3041.89,2155.52,2155.52,0.3022,0.2922,0.3093,3.0,0.428575,66.488,9.973,46.542,19.946,0.00428575,0.00327862,0.00056443,0.00356011
615,0.6182,0.2435,0,45,-45,-45,45,0,83034.09,5583.28,5304.11,3061.55,2246.14,2246.14,0.3105,0.3005,0.3508,3.0,0.06852,10.626,1.594,7.438,3.188,0.0006852,0.0005206,8.958e-05,0.00057093
616,0.5747,0.2151,90,45,0,0,45,90,78917.75,5553.12,5275.47,2892.57,2017.31,2017.31,0.2611,0.2511,0.3476,3.0,0.097613,14.814,2.222,10.37,4.444,0.00097613,0.00076821,0.0001314,0.00080031
617,0.6096,0.2733,0,45,-45,-45,45,0,81672.86,5477.89,5204.0,3154.08,2160.35,2160.35,0.2849,0.2749,0.3135,3.0,0.390465,60.224,9.034,42.157,18.067,0.00390465,0.00286412,0.00051617,0.00329822
618,0.6139,0.2781,45,-45,45,-45,45,-45,82342.75,5693.66,5408.98,3009.8,2168.18,2168.18,0.2599,0.2499,0.3214,3.0,0.389305,60.871,9.131,42.609,18.261,0.00389305,0.00303362,0.00051746,0.00320728
619,0.5605,0.2088,0,0,90,90,0,0,73998.92,5149.95,4892.45,2869.73,1946.32,1946.32,0.3053,0.2953,0.303,3.0,0.211416,30.361,4.554,21.253,9.108,0.00211416,0.00158695,0.0002872,0.00176861
620,0.5028,0.1868,0,0,90,90,0,0,70153.78,4595.52,4365.74,2548.54,1804.1,1804.1,0.2766,0.2666,0.3036,3.0,0.355984,45.604,6.841,31.923,13.681,0.00355984,0.00268415,0.00045504,0.00297709
621,0.536,0.2569,0,90,90,90,90,0,71906.92,4625.01,4393.76,2689.0,1865.95,1865.95,0.2798,0.2698,0.3248,3.0,0.299138,39.084,5.863,27.359,11.725,0.00299138,0.00218019,0.00038047,0.00253515
622,0.5889,0.2089,0,90,90,90,90,0,78851.89,5133.48,4876.8,2956.9,2071.18,2071.18,0.2437,0.2337,0.3428,3.0,0.372194,53.83,8.074,37.681,16.149,0.00372194,0.00273071,0.00047787,0.0031458
623,0.6491,0.2963,0,0,90,90,0,0,85914.01,5754.38,5466.66,3228.63,2271.22,2271.22,0.2831,0.2731,0.3662,3.0,0.129081,20.767,3.115,14.537,6.23,0.00129081,0.00096481,0.0001692,0.00108265
624,0.5173,0.2601,90,45,0,0,45,90,70520.33,4650.27,4417.76,2647.09,1864.23,1864.23,0.2487,0.2387,0.355,3.0,0.215562,28.145,4.222,19.702,8.444,0.00215562,0.00159488,0.00027938,0.00181572
625,0.6427,0.289,0,90,90,90,90,0,88125.48,5981.37,5682.3,3285.33,2309.64,2309.64,0.2764,0.2664,0.3095,3.0,0.256291,42.591,6.389,29.814,12.777,0.00256291,0.0019446,0.00033831,0.00213619
626,0.5638,0.1988,0,30,-30,-30,30,0,74138.8,5031.39,4779.82,2898.66,1996.46,1996.46,0.3086,0.2986,0.3608,3.0,0.073152,10.363,1.554,7.254,3.109,0.00073152,0.00053625,9.784e-05,0.00061788
627,0.5906,0.1812,0,60,-60,-60,60,0,81070.14,5240.51,4978.49,2914.42,2131.33,2131.33,0.3159,0.3059,0.3783,3.0,0.307252,44.931,6.74,31.452,13.479,0.00307252,0.00231254,0.00038796,0.00257215
628,0.6287,0.196,0,90,90,90,90,0,85807.69,5890.95,5596.4,3165.37,2299.04,2299.04,0.3139,0.3039,0.3139,3.0,0.37716,61.323,9.198,42.926,18.397,0.0037716,0.00290594,0.00050026,0.00312289
629,0.5237,0.2347,45,-45,45,-45,45,-45,72127.06,4717.37,4481.5,2605.62,1861.84,1861.84,0.2576,0.2476,0.3341,3.0,0.106053,13.931,2.09,9.752,4.179,0.00106053,0.00080196,0.0001352,0.00088592
630,0.5407,0.1807,0,90,90,90,90,0,72795.06,4886.29,4641.97,2806.41,1880.34,1880.34,0.2802,0.2702,0.3345,3.0,0.38596,53.064,7.96,37.145,15.919,0.0038596,0.00283622,0.00051026,0.00325792
631,0.559,0.2819,45,-45,45,-45,45,-45,76155.16,5008.03,4757.63,2826.72,1972.22,1972.22,0.3109,0.3009,0.3508,3.0,0.144076,20.213,3.032,14.149,6.064,0.00144076,0.00107258,0.00018579,0.00121081
632,0.5306,0.1985,0,90,90,90,90,0,73683.7,5182.24,4923.13,2580.88,1794.23,1794.23,0.2631,0.2531,0.3109,3.0,0.217796,30.407,4.561,21.285,9.122,0.00217796,0.00176723,0.00028887,0.00176025
633,0.6337,0.186,0,90,90,90,90,0,84721.3,5666.84,5383.49,3167.38,2138.8,2138.8,0.2455,0.2355,0.3685,3.0,0.048646,7.699,1.155,5.389,2.31,0.00048646,0.00036461,6.361e-05,0.00040758
634,0.4884,0.184,0,45,-45,-45,45,0,63723.56,4172.87,3964.23,2481.69,1570.39,1570.39,0.2593,0.2493,0.3279,3.0,0.335641,39.789,5.968,27.852,11.937,0.00335641,0.00240493,0.00043708,0.00286052
635,0.5958,0.188,0,90,90,90,90,0,77711.69,5466.94,5193.59,2870.75,2106.81,2106.81,0.2911,0.2811,0.3112,3.0,0.092824,13.903,2.085,9.732,4.171,0.00092824,0.00072645,0.00012523,0.00076294
636,0.5606,0.2037,0,60,-60,-60,60,0,77167.24,4983.76,4734.58,2718.7,2041.75,2041.75,0.2503,0.2403,0.3294,3.0,0.415602,57.48,8.622,40.236,17.244,0.00415602,0.00317136,0.00052141,0.00346003
637,0.5701,0.1902,0,30,-30,-30,30,0,78790.24,5196.21,4936.4,2860.9,1985.23,1985.23,0.2505,0.2405,0.3691,3.0,0.206309,29.819,4.473,20.874,8.946,0.00206309,0.00156346,0.00026493,0.00172161
638,0.4501,0.1867,45,-45,45,-45,45,-45,60096.74,3840.44,3648.41,2205.39,1650.21,1650.21,0.2596,0.2496,0.3004,3.0,0.251295,27.176,4.076,19.023,8.153,0.00251295,0.00184835,0.00031654,0.00212286
639,0.557,0.194,45,-45,45,-45,45,-45,74611.92,5039.79,4787.8,2755.05,1843.17,1843.17,0.3166,0.3066,0.3152,3.0,0.171133,23.932,3.59,16.752,7.179,0.00171133,0.00130296,0.00022452,0.00142456
640,0.4866,0.2334,0,0,90,90,0,0,65964.55,4621.74,4390.65,2445.37,1634.09,1634.09,0.292,0.282,0.3619,3.0,0.137609,17.466,2.62,12.226,5.24,0.00137609,0.00107137,0.00018535,0.00113373
641,0.5153,0.2902,90,45,0,0,45,90,68357.49,4424.19,4202.98,2565.05,1824.0,1824.0,0.2478,0.2378,0.3361,3.0,0.398323,49.741,7.461,34.818,14.922,0.00398323,0.00290875,0.00050936,0.00337287
642,0.4586,0.1805,90,45,0,0,45,90,60739.55,4281.54,4067.47,2202.47,1658.42,1658.42,0.3113,0.3013,0.3522,3.0,0.513321,59.828,8.974,41.88,17.948,0.00513321,0.00407462,0.0006895,0.00419204
643,0.5705,0.2352,0,90,90,90,90,0,75413.32,5209.26,4948.8,2857.82,1964.55,1964.55,0.274,0.264,0.3792,3.0,0.190774,27.593,4.139,19.315,8.278,0.00190774,0.00144828,0.00025612,0.00158906
644,0.5914,0.2231,0,0,90,90,0,0,80300.78,5276.95,5013.1,2918.63,2054.6,2054.6,0.2928,0.2828,0.3159,3.0,0.20018,29.423,4.413,20.596,8.827,0.0020018,0.00151218,0.00025649,0.00167275
645,0.5956,0.2663,0,0,90,90,0,0,78793.23,5476.95,5203.1,2974.45,2128.47,2128.47,0.2789,0.2689,0.3035,3.0,0.150542,22.823,3.423,15.976,6.847,0.00150542,0.00115096,0.00020276,0.00125014
646,0.5331,0.2746,0,60,-60,-60,60,0,70534.58,5096.47,4841.65,2659.81,1898.14,1898.14,0.2518,0.2418,0.3542,3.0,0.110786,15.432,2.315,10.802,4.63,0.00110786,0.00087029,0.00015315,0.0009084
647,0.5292,0.2148,0,45,-45,-45,45,0,71622.26,4837.23,4595.37,2744.34,1869.72,1869.72,0.2827,0.2727,0.3556,3.0,0.062289,8.449,1.267,5.914,2.535,0.00062289,0.00046178,8.257e-05,0.00052397
648,0.4891,0.2324,90,45,0,0,45,90,64429.74,4521.21,4295.15,2462.9,1715.82,1715.82,0.2491,0.2391,0.3388,3.0,0.258295,32.349,4.852,22.644,9.705,0.00258295,0.00197016,0.00035145,0.00214647
649,0.5123,0.2343,0,30,-30,-30,30,0,66519.76,4665.2,4431.94,2495.52,1739.47,1739.47,0.246,0.236,0.3337,3.0,0.249385,32.056,4.808,22.439,9.617,0.00249385,0.00192678,0.00033733,0.00206136
650,0.5837,0.2806,45,45,-45,-45,45,45,79067.48,5060.26,4807.25,2898.6,2017.15,2017.15,0.2534,0.2434,0.3073,3.0,0.2889,41.137,6.171,28.796,12.341,0.002889,0.00212879,0.00036419,0.00243881
651,0.6375,0.2956,0,45,-45,-45,45,0,85674.67,5631.34,5349.77,3153.97,2318.41,2318.41,0.313,0.303,0.3736,3.0,0.287472,45.252,6.788,31.676,13.575,0.00287472,0.00215213,0.00036973,0.00241071
652,0.5802,0.1933,0,30,-30,-30,30,0,77458.65,5180.55,4921.52,2888.03,2037.91,2037.91,0.2964,0.2864,0.3363,3.0,0.248946,35.993,5.399,25.195,10.798,0.00248946,0.0018694,0.00032527,0.00208429
653,0.6177,0.189,0,30,-30,-30,30,0,82861.7,5858.83,5565.89,3148.47,2209.07,2209.07,0.2421,0.2321,0.3028,3.0,0.348101,56.261,8.439,39.383,16.878,0.00348101,0.00268041,0.00047528,0.00288084
654,0.5954,0.2052,0,90,90,90,90,0,81926.21,5327.24,5060.88,2968.64,2092.51,2092.51,0.2469,0.2369,0.3671,3.0,0.315195,46.878,7.032,32.815,14.063,0.00315195,0.00236866,0.00040054,0.0026399
655,0.5621,0.2406,45,-45,45,-45,45,-45,75725.91,5276.47,5012.65,2911.21,1985.28,1985.28,0.3193,0.3093,0.3105,3.0,0.442835,64.972,9.746,45.48,19.492,0.00442835,0.00334768,0.00060059,0.00369407
656,0.6092,0.2765,45,-45,45,-45,45,-45,81429.43,5173.75,4915.06,3123.24,2100.13,2100.13,0.2978,0.2878,0.3071,3.0,0.314498,46.423,6.964,32.496,13.927,0.00314498,0.00222958,0.00039907,0.00269186
657,0.5886,0.2818,0,90,90,90,90,0,79038.3,5142.42,4885.3,3002.4,2074.5,2074.5,0.2953,0.2853,0.3405,3.0,0.192852,28.042,4.206,19.629,8.412,0.00192852,0.00140096,0.00024835,0.0016359
658,0.5563,0.2648,0,0,90,90,0,0,75904.27,4606.66,4376.33,2777.49,2051.21,2051.21,0.2488,0.2388,0.3478,3.0,0.273822,36.003,5.4,25.202,10.801,0.00273822,0.00194437,0.00033203,0.00234464
659,0.4869,0.2816,45,-45,45,-45,45,-45,64804.4,4386.84,4167.5,2277.85,1649.75,1649.75,0.2703,0.2603,0.3342,3.0,0.334822,40.129,6.019,28.09,12.039,0.00334822,0.00264257,0.00043346,0.00274429
660,0.5174,0.1981,0,30,-30,-30,30,0,68105.84,4690.88,4456.34,2590.91,1896.58,1896.58,0.2627,0.2527,0.351,3.0,0.372751,48.645,7.297,34.052,14.594,0.00372751,0.0028163,0.00049998,0.00311104
661,0.6409,0.2672,0,0,90,90,0,0,86261.97,5700.11,5415.1,3196.37,2285.71,2285.71,0.2619,0.2519,0.34,3.0,0.236892,37.755,5.663,26.428,11.326,0.00236892,0.00177175,0.00030637,0.00198704
662,0.5156,0.2931,0,0,90,90,0,0,71399.33,4516.02,4290.21,2586.89,1795.07,1795.07,0.2503,0.2403,0.3695,3.0,0.286996,36.477,5.472,25.534,10.943,0.00286996,0.00211513,0.00035762,0.0024232
663,0.5218,0.2319,0,30,-30,-30,30,0,69692.74,4878.19,4634.28,2668.65,1836.74,1836.74,0.2564,0.2464,0.3237,3.0,0.138344,18.718,2.808,13.103,5.615,0.00138344,0.00105211,0.00018801,0.00115112
664,0.6251,0.215,0,60,-60,-60,60,0,83562.5,5849.08,5556.63,3106.78,2189.03,2189.03,0.2539,0.2439,0.3702,3.0,0.220829,35.514,5.327,24.86,10.654,0.00220829,0.00171469,0.0002975,0.00182153
665,0.5051,0.1954,0,30,-30,-30,30,0,68042.93,4547.84,4320.45,2577.59,1763.01,1763.01,0.2881,0.2781,0.3607,3.0,0.50005,63.761,9.564,44.633,19.128,0.0050005,0.00371051,0.00065595,0.00420604
666,0.6086,0.1987,0,45,-45,-45,45,0,80922.28,5398.16,5128.25,3111.35,2128.58,2128.58,0.282,0.272,0.3156,3.0,0.269888,41.036,6.155,28.725,12.311,0.00269888,0.00197837,0.00035497,0.00228056
667,0.5948,0.2955,0,30,-30,-30,30,0,82481.03,5389.81,5120.32,2958.18,2117.89,2117.89,0.3157,0.3057,0.3427,3.0,0.130374,19.531,2.93,13.672,5.859,0.00130374,0.00099037,0.00016576,0.00108713
668,0.4815,0.234,0,0,90,90,0,0,65016.85,4166.31,3958.0,2348.47,1657.08,1657.08,0.2936,0.2836,0.3626,3.0,0.156038,18.212,2.732,12.749,5.464,0.00156038,0.00116325,0.00019608,0.0013114
669,0.466,0.1827,0,45,-45,-45,45,0,64271.64,4182.38,3973.27,2317.99,1649.78,1649.78,0.2487,0.2387,0.3733,3.0,0.111411,12.989,1.948,9.092,3.897,0.00111411,0.00084051,0.00014146,0.00093166
670,0.5698,0.2266,0,30,-30,-30,30,0,77819.27,5375.26,5106.5,2907.64,1886.62,1886.62,0.3129,0.3029,0.367,3.0,0.251081,37.319,5.598,26.123,11.196,0.00251081,0.00192523,0.00033569,0.00208283
671,0.6126,0.2071,0,45,-45,-45,45,0,84175.02,5369.66,5101.18,3067.26,2101.07,2101.07,0.2628,0.2528,0.3393,3.0,0.107694,16.261,2.439,11.383,4.878,0.00107694,0.00079521,0.00013522,0.00090848
672,0.5047,0.2601,0,0,90,90,0,0,65889.79,4354.7,4136.96,2530.27,1815.5,1815.5,0.258,0.248,0.3591,3.0,0.409077,50.293,7.544,35.205,15.088,0.00409077,0.00298147,0.0005343,0.00346473
673,0.593,0.212,0,30,-30,-30,30,0,82575.36,5072.95,4819.3,2944.35,2138.83,2138.83,0.3193,0.3093,0.3455,3.0,0.283931,40.7,6.105,28.49,12.21,0.00283931,0.00207345,0.00034502,0.00240687
674,0.473,0.1855,90,45,0,0,45,90,64516.06,4521.19,4295.13,2481.93,1652.42,1652.42,0.2772,0.2672,0.3695,3.0,0.41488,52.076,7.811,36.453,15.623,0.0041488,0.00314733,0.00056503,0.00345549
675,0.597,0.2969,45,45,-45,-45,45,45,79989.39,5414.84,5144.1,3138.8,2083.37,2083.37,0.2932,0.2832,0.3679,3.0,0.400068,61.095,9.164,42.767,18.329,0.00400068,0.00291967,0.00053465,0.00338487
676,0.4821,0.2817,45,-45,45,-45,45,-45,64784.44,4071.28,3867.71,2313.28,1595.54,1595.54,0.3132,0.3032,0.3262,3.0,0.062591,7.157,1.074,5.01,2.147,0.00062591,0.00046406,7.733e-05,0.00052736
677,0.5659,0.2853,0,45,-45,-45,45,0,77136.73,4971.99,4723.39,2770.14,2039.9,2039.9,0.3029,0.2929,0.3119,3.0,0.383892,53.292,7.994,37.305,15.988,0.00383892,0.00288571,0.00048362,0.00321554
678,0.4859,0.2703,0,90,90,90,90,0,64612.78,4683.43,4449.26,2394.59,1778.36,1778.36,0.2643,0.2543,0.3775,3.0,0.119096,15.147,2.272,10.603,4.544,0.00119096,0.0009488,0.0001641,0.00097023
679,0.5397,0.1853,0,90,90,90,90,0,75079.83,4818.8,4577.86,2700.75,1862.9,1862.9,0.2619,0.2519,0.3794,3.0,0.146171,19.7,2.955,13.79,5.91,0.00146171,0.00109417,0.00018368,0.00122648
680,0.5909,0.1861,45,-45,45,-45,45,-45,80524.7,5636.4,5354.58,2927.61,2074.56,2074.56,0.2994,0.2894,0.3714,3.0,0.221694,34.123,5.118,23.886,10.237,0.00221694,0.00174831,0.00029663,0.00181618
681,0.4993,0.2908,0,0,90,90,0,0,66941.97,4359.81,4141.82,2540.34,1689.12,1689.12,0.2624,0.2524,0.3691,3.0,0.29861,36.791,5.519,25.754,11.037,0.0029861,0.00217242,0.00038472,0.00253162
682,0.4981,0.2808,45,-45,45,-45,45,-45,67743.42,4471.97,4248.37,2406.32,1762.46,1762.46,0.31,0.3,0.3184,3.0,0.089713,11.085,1.663,7.759,3.325,0.00089713,0.00069099,0.00011454,0.00074363
683,0.5405,0.2223,0,60,-60,-60,60,0,73833.72,5027.07,4775.72,2645.06,1892.96,1892.96,0.2893,0.2793,0.3719,3.0,0.09907,13.661,2.049,9.563,4.098,0.0009907,0.00077471,0.00012952,0.00081525
684,0.5899,0.2439,45,45,-45,-45,45,45,78275.68,5211.51,4950.93,3054.8,2068.16,2068.16,0.3175,0.3075,0.3768,3.0,0.312493,46.078,6.912,32.255,13.824,0.00312493,0.00226259,0.00041207,0.0026525
685,0.6141,0.2522,0,45,-45,-45,45,0,85178.74,5513.02,5237.37,3068.58,2181.56,2181.56,0.3091,0.2991,0.3411,3.0,0.344358,52.988,7.948,37.091,15.896,0.00344358,0.00259018,0.00043545,0.00288342
686,0.5008,0.2632,0,45,-45,-45,45,0,66251.68,4693.79,4459.11,2488.41,1707.68,1707.68,0.2715,0.2615,0.3014,3.0,0.247746,31.948,4.792,22.364,9.584,0.00247746,0.00192581,0.00033756,0.00204194
687,0.4729,0.2126,90,45,0,0,45,90,65150.13,4373.45,4154.78,2449.56,1685.51,1685.51,0.2408,0.2308,0.3572,3.0,0.128089,15.654,2.348,10.957,4.696,0.00128089,0.00095855,0.00016819,0.00107377
688,0.5013,0.2411,0,0,90,90,0,0,69624.96,4510.68,4285.15,2479.4,1827.79,1827.79,0.2596,0.2496,0.3214,3.0,0.103929,13.037,1.956,9.126,3.911,0.00103929,0.00078875,0.00013108,0.00086711
689,0.6117,0.2128,0,90,90,90,90,0,82734.34,5545.11,5267.86,3035.98,2186.14,2186.14,0.2561,0.2461,0.356,3.0,0.045545,7.012,1.052,4.908,2.104,0.00045545,0.00034643,5.932e-05,0.00037935
690,0.5855,0.1873,0,30,-30,-30,30,0,77552.98,5369.97,5101.47,2936.02,2178.76,2178.76,0.2962,0.2862,0.3635,3.0,0.404967,60.318,9.048,42.223,18.095,0.00404967,0.00308163,0.00054444,0.00336975
691,0.5272,0.1828,0,60,-60,-60,60,0,70125.83,4737.7,4500.82,2509.7,1818.01,1818.01,0.2421,0.2321,0.3733,3.0,0.422687,55.051,8.258,38.535,16.515,0.00422687,0.00329027,0.00054952,0.0034859
692,0.5123,0.2593,0,45,-45,-45,45,0,69951.91,4526.44,4300.12,2557.28,1791.55,1791.55,0.288,0.278,0.3767,3.0,0.510261,64.735,9.71,45.314,19.42,0.00510261,0.0037971,0.00064779,0.00429045
693,0.6076,0.2309,0,0,90,90,0,0,82168.8,5172.57,4913.94,3035.6,2170.03,2170.03,0.3045,0.2945,0.3382,3.0,0.185874,27.237,4.086,19.066,8.171,0.00185874,0.00134587,0.00023203,0.00157968
694,0.4885,0.2814,45,45,-45,-45,45,45,66851.45,4420.57,4199.54,2500.71,1681.64,1681.64,0.251,0.241,0.3349,3.0,0.22478,27.85,4.178,19.495,8.355,0.0022478,0.00167053,0.00029162,0.00189003
695,0.6283,0.1843,0,60,-60,-60,60,0,84660.7,5365.94,5097.64,3054.37,2141.83,2141.83,0.2682,0.2582,0.3754,3.0,0.23365,35.224,5.284,24.657,10.567,0.0023365,0.00172985,0.00029124,0.00196932
696,0.6272,0.247,0,0,90,90,0,0,85957.61,5736.01,5449.21,3148.56,2250.15,2250.15,0.2765,0.2665,0.3224,3.0,0.227945,36.331,5.45,25.431,10.899,0.00227945,0.00173082,0.00029586,0.00190013
697,0.5186,0.1948,0,60,-60,-60,60,0,71392.08,4902.97,4657.82,2505.91,1885.6,1885.6,0.2767,0.2667,0.3395,3.0,0.368785,49.143,7.371,34.4,14.743,0.00368785,0.0029416,0.00048184,0.00300691
698,0.4834,0.2438,0,60,-60,-60,60,0,66033.38,4452.15,4229.54,2480.04,1670.09,1670.09,0.2904,0.2804,0.3501,3.0,0.335146,41.627,6.244,29.139,12.488,0.00335146,0.00251775,0.00044128,0.002805
699,0.6178,0.2688,0,60,-60,-60,60,0,82104.93,5521.76,5245.67,3081.61,2129.54,2129.54,0.2503,0.2403,0.3339,3.0,0.380844,58.702,8.805,41.091,17.61,0.00380844,0.00285735,0.00050047,0.00318928
700,0.5279,0.1841,0,0,90,90,0,0,71256.09,4489.95,4265.46,2667.14,1825.06,1825.06,0.3083,0.2983,0.3637,3.0,0.179364,22.886,3.433,16.02,6.866,0.00179364,0.00128711,0.00022483,0.00152915
701,0.4697,0.2972,45,45,-45,-45,45,45,62557.45,4414.73,4193.99,2437.53,1586.39,1586.39,0.2448,0.2348,0.3007,3.0,0.05914,7.26,1.089,5.082,2.178,0.0005914,0.00044674,8.123e-05,0.00049332
702,0.469,0.1918,0,60,-60,-60,60,0,63898.83,3928.4,3731.98,2318.05,1649.51,1649.51,0.2617,0.2517,0.3622,3.0,0.373429,41.632,6.245,29.143,12.49,0.00373429,0.002694,0.00045607,0.00317933
703,0.632,0.2326,45,-45,45,-45,45,-45,85364.65,5745.43,5458.16,3263.07,2251.3,2251.3,0.2873,0.2773,0.3728,3.0,0.07417,11.953,1.793,8.367,3.586,0.0007417,0.00054948,9.802e-05,0.00062414
704,0.5856,0.2181,90,45,0,0,45,90,77843.35,5460.09,5187.08,2980.89,2034.24,2034.24,0.2679,0.2579,0.3466,3.0,0.302958,45.851,6.878,32.096,13.755,0.00302958,0.00230726,0.00041231,0.00251925
705,0.5429,0.2973,0,60,-60,-60,60,0,74044.9,4792.17,4552.56,2564.69,1846.2,1846.2,0.2705,0.2605,0.3307,3.0,0.283102,37.436,5.615,26.205,11.231,0.00283102,0.00218952,0.00035391,0.00234359
706,0.5734,0.1873,0,30,-30,-30,30,0,77369.41,5326.18,5059.87,2831.57,1999.87,1999.87,0.3077,0.2977,0.33,3.0,0.31637,46.357,6.954,32.45,13.907,0.0031637,0.00245573,0.00041942,0.00261109
707,0.5154,0.2657,0,45,-45,-45,45,0,70191.6,4601.06,4371.01,2544.97,1771.21,1771.21,0.2526,0.2426,0.3326,3.0,0.318524,40.824,6.124,28.577,12.247,0.00318524,0.00240615,0.00040712,0.00266181
708,0.5828,0.2392,0,0,90,90,0,0,78460.37,5196.94,4937.09,2925.92,2077.2,2077.2,0.2739,0.2639,0.363,3.0,0.204884,29.803,4.47,20.862,8.941,0.00204884,0.00152788,0.00026589,0.00172042
709,0.4836,0.2143,0,90,90,90,90,0,65307.86,4234.34,4022.63,2423.7,1644.28,1644.28,0.2499,0.2399,0.3775,3.0,0.218964,26.079,3.912,18.255,7.824,0.00218964,0.001614,0.00027953,0.00184767
710,0.5816,0.2924,0,90,90,90,90,0,79030.13,5441.07,5169.02,2884.06,2024.99,2024.99,0.3089,0.2989,0.3496,3.0,0.243947,36.483,5.473,25.538,10.945,0.00243947,0.0018975,0.00032315,0.00201155
711,0.5989,0.2393,0,90,90,90,90,0,79993.93,5350.73,5083.19,2969.59,2136.87,2136.87,0.2909,0.2809,0.3787,3.0,0.299217,44.625,6.694,31.238,13.388,0.00299217,0.00225412,0.0003905,0.00250201
712,0.6292,0.2643,45,-45,45,-45,45,-45,82960.97,5961.34,5663.27,3107.25,2195.19,2195.19,0.2734,0.2634,0.3161,3.0,0.419255,68.292,10.244,47.804,20.488,0.00419255,0.00329674,0.00057623,0.00343674
713,0.6407,0.2995,0,60,-60,-60,60,0,86015.77,5726.07,5439.76,3100.18,2283.42,2283.42,0.2662,0.2562,0.3172,3.0,0.189497,30.031,4.505,21.022,9.009,0.00189497,0.00145303,0.00024439,0.00157338
714,0.4725,0.2061,0,0,90,90,0,0,62304.98,4345.77,4128.48,2332.45,1599.28,1599.28,0.2814,0.2714,0.3035,3.0,0.489958,58.731,8.81,41.112,17.619,0.00489958,0.00377698,0.00065985,0.00405435
715,0.5797,0.2476,0,30,-30,-30,30,0,76671.31,5459.74,5186.75,2837.58,2028.95,2028.95,0.2421,0.2321,0.3263,3.0,0.322263,48.041,7.206,33.629,14.412,0.00322263,0.00253956,0.00043861,0.00263976
716,0.5856,0.193,0,60,-60,-60,60,0,78566.72,5297.81,5032.92,2880.95,1999.93,1999.93,0.3166,0.3066,0.334,3.0,0.072088,10.581,1.587,7.407,3.174,0.00072088,0.00055092,9.427e-05,0.00059918
717,0.5029,0.253,45,-45,45,-45,45,-45,69233.13,4438.01,4216.11,2430.51,1783.02,1783.02,0.2499,0.2399,0.3741,3.0,0.351186,43.306,6.496,30.315,12.992,0.00351186,0.00267267,0.00043786,0.00292742
718,0.4528,0.2522,0,60,-60,-60,60,0,62225.66,4059.85,3856.86,2243.98,1516.2,1516.2,0.2782,0.2682,0.3654,3.0,0.535726,60.577,9.087,42.404,18.173,0.00535726,0.00404931,0.00068146,0.00447632
719,0.5991,0.277,0,0,90,90,0,0,79232.41,5612.62,5331.99,2948.67,2170.76,2170.76,0.3,0.29,0.3709,3.0,0.436989,67.198,10.08,47.038,20.159,0.00436989,0.00341838,0.00059368,0.00359178
720,0.5199,0.2584,45,-45,45,-45,45,-45,70974.49,4676.46,4442.64,2577.17,1854.33,1854.33,0.2807,0.2707,0.3267,3.0,0.177585,23.107,3.466,16.175,6.932,0.00177585,0.0013449,0.0002279,0.00148233
721,0.4838,0.2113,0,90,90,90,90,0,63863.04,4614.53,4383.8,2511.83,1737.51,1737.51,0.2957,0.2857,0.3515,3.0,0.465159,59.413,8.912,41.589,17.824,0.00465159,0.00354797,0.00065122,0.00386254
722,0.5913,0.2887,45,-45,45,-45,45,-45,82078.89,5315.0,5049.25,3062.85,1999.8,1999.8,0.2839,0.2739,0.3477,3.0,0.274593,41.127,6.169,28.789,12.338,0.00274593,0.00201414,0.00035074,0.00232136
723,0.5265,0.2729,45,45,-45,-45,45,45,70156.84,4724.51,4488.29,2558.56,1920.69,1920.69,0.2495,0.2395,0.3506,3.0,0.378031,49.425,7.414,34.597,14.827,0.00378031,0.0028976,0.00049314,0.00313839
724,0.5934,0.2373,0,0,90,90,0,0,78780.77,5076.15,4822.34,2928.17,2004.12,2004.12,0.2541,0.2441,0.3461,3.0,0.170288,24.367,3.655,17.057,7.31,0.00170288,0.00124824,0.00021651,0.00144009
725,0.5292,0.1915,0,45,-45,-45,45,0,70840.13,5050.92,4798.38,2625.08,1871.42,1871.42,0.2689,0.2589,0.3199,3.0,0.2906,40.076,6.011,28.053,12.023,0.002906,0.00228999,0.00039601,0.00238033
726,0.6402,0.2473,0,60,-60,-60,60,0,87166.83,5862.85,5569.71,3174.07,2295.45,2295.45,0.3175,0.3075,0.3772,3.0,0.053079,8.611,1.292,6.028,2.583,0.00053079,0.00040695,6.915e-05,0.00044063
727,0.5049,0.272,45,45,-45,-45,45,45,66869.45,4581.07,4352.02,2527.06,1740.08,1740.08,0.2502,0.2402,0.3206,3.0,0.196936,25.092,3.764,17.565,7.528,0.00196936,0.00148942,0.00026267,0.00164322
728,0.6314,0.2422,0,0,90,90,0,0,88052.67,5841.39,5549.32,3173.34,2268.47,2268.47,0.2994,0.2894,0.3595,3.0,0.34812,56.339,8.451,39.438,16.902,0.0034812,0.00266309,0.00044789,0.00289346
729,0.6303,0.2518,0,90,90,90,90,0,86197.0,5502.09,5226.99,3175.55,2206.82,2206.82,0.2823,0.2723,0.3059,3.0,0.25571,39.672,5.951,27.771,11.902,0.0025571,0.00187396,0.00032218,0.00216312
730,0.6453,0.1807,45,45,-45,-45,45,45,86168.19,5919.2,5623.24,3222.96,2242.19,2242.19,0.2422,0.2322,0.3443,3.0,0.31563,51.765,7.765,36.236,15.53,0.0031563,0.00240921,0.00042052,0.00262359
731,0.6473,0.2976,45,45,-45,-45,45,45,89656.03,5823.45,5532.28,3159.15,2244.72,2244.72,0.2401,0.2301,0.3183,3.0,0.173645,28.014,4.202,19.61,8.404,0.00173645,0.00133015,0.00021872,0.00144318
732,0.492,0.1949,0,30,-30,-30,30,0,66404.79,4233.61,4021.93,2552.71,1725.76,1725.76,0.3141,0.3041,0.3528,3.0,0.133809,16.157,2.424,11.31,4.847,0.00133809,0.0009494,0.00017032,0.0011449
733,0.4895,0.1902,0,90,90,90,90,0,67384.21,4389.65,4170.17,2516.92,1703.12,1703.12,0.2633,0.2533,0.3784,3.0,0.161725,19.976,2.996,13.983,5.993,0.00161725,0.0011905,0.00020751,0.00136521
734,0.4942,0.2243,45,45,-45,-45,45,45,66724.23,4466.38,4243.06,2368.86,1718.31,1718.31,0.2867,0.2767,0.3325,3.0,0.256699,31.534,4.73,22.074,9.46,0.00256699,0.0019968,0.00033082,0.0021181
735,0.4841,0.1815,0,45,-45,-45,45,0,65310.88,4506.08,4280.77,2357.47,1675.65,1675.65,0.2742,0.2642,0.3566,3.0,0.180983,22.326,3.349,15.628,6.698,0.00180983,0.00142053,0.00023929,0.00148637
736,0.5831,0.206,0,90,90,90,90,0,78260.88,5067.08,4813.72,2853.33,1967.73,1967.73,0.3195,0.3095,0.3092,3.0,0.177531,25.19,3.778,17.633,7.557,0.00177531,0.00132422,0.00022531,0.00149137
737,0.6412,0.2771,0,30,-30,-30,30,0,85327.7,5776.48,5487.66,3209.06,2360.51,2360.51,0.2617,0.2517,0.3145,3.0,0.367636,59.196,8.879,41.438,17.759,0.00367636,0.002767,0.00048563,0.00307435
738,0.5156,0.2376,90,45,0,0,45,90,68598.34,4605.09,4374.83,2553.1,1788.05,1788.05,0.2783,0.2683,0.3268,3.0,0.31451,40.355,6.053,28.249,12.107,0.0031451,0.00237095,0.0004118,0.00262895
739,0.497,0.1812,90,45,0,0,45,90,65917.79,4270.57,4057.04,2471.13,1701.6,1701.6,0.2913,0.2813,0.3455,3.0,0.218486,26.322,3.948,18.425,7.897,0.00218486,0.00159776,0.00027952,0.00184906
740,0.5175,0.1977,45,-45,45,-45,45,-45,71591.25,4591.79,4362.2,2543.93,1783.85,1783.85,0.3117,0.3017,0.3306,3.0,0.492485,63.043,9.456,44.13,18.913,0.00492485,0.00371728,0.00061642,0.00411887
741,0.588,0.2076,90,45,0,0,45,90,79544.19,5471.98,5198.38,3057.35,2095.98,2095.98,0.3198,0.3098,0.3254,3.0,0.3041,46.446,6.967,32.513,13.934,0.003041,0.00227876,0.00040874,0.00254642
742,0.5418,0.2822,0,30,-30,-30,30,0,73986.45,4845.13,4602.88,2706.36,1879.3,1879.3,0.2648,0.2548,0.3541,3.0,0.183149,24.788,3.718,17.351,7.436,0.00183149,0.00137386,0.00023452,0.0015348
743,0.4772,0.2079,90,45,0,0,45,90,64967.87,4513.41,4287.74,2403.99,1742.4,1742.4,0.3082,0.2982,0.3579,3.0,0.383269,47.609,7.141,33.326,14.283,0.00383269,0.00297063,0.00051297,0.0031645
744,0.5179,0.2717,0,45,-45,-45,45,0,68508.59,4617.44,4386.57,2675.95,1719.15,1719.15,0.2863,0.2763,0.3647,3.0,0.38019,49.51,7.427,34.657,14.853,0.0038019,0.00277529,0.00050588,0.00321673
745,0.5989,0.2827,0,30,-30,-30,30,0,80308.98,5206.39,4946.07,2929.0,2116.17,2116.17,0.3038,0.2938,0.3745,3.0,0.447237,65.184,9.778,45.629,19.555,0.00447237,0.0033382,0.00056817,0.003756
746,0.5335,0.2662,0,45,-45,-45,45,0,72424.28,4759.75,4521.76,2669.47,1902.0,1902.0,0.2988,0.2888,0.352,3.0,0.137424,18.291,2.744,12.804,5.487,0.00137424,0.0010278,0.00017679,0.00115286
747,0.5217,0.1807,45,45,-45,-45,45,45,69357.98,4587.24,4357.87,2595.93,1787.83,1787.83,0.2952,0.2852,0.3285,3.0,0.104124,13.389,2.008,9.372,4.017,0.00104124,0.00077363,0.00013512,0.0008756
748,0.4635,0.2283,45,45,-45,-45,45,45,60821.36,4080.12,3876.11,2293.23,1602.44,1602.44,0.2617,0.2517,0.3443,3.0,0.18732,21.378,3.207,14.964,6.413,0.0018732,0.00139832,0.00024604,0.00157185
749,0.5485,0.2755,0,60,-60,-60,60,0,74201.93,5119.08,4863.13,2706.68,1958.26,1958.26,0.2405,0.2305,0.3786,3.0,0.453958,63.824,9.574,44.677,19.147,0.00453958,0.003537,0.00060209,0.00374034
750,0.5713,0.2283,0,45,-45,-45,45,0,77733.58,5114.64,4858.91,2957.32,2003.48,2003.48,0.303,0.293,0.3527,3.0,0.274382,39.571,5.936,27.7,11.871,0.00274382,0.00200711,0.00035634,0.00232105
751,0.5703,0.2778,45,45,-45,-45,45,45,75437.24,5151.67,4894.09,2920.45,1888.39,1888.39,0.2559,0.2459,0.3419,3.0,0.07503,10.834,1.625,7.584,3.25,0.0007503,0.00055645,0.00010053,0.00063089
752,0.4771,0.2591,0,0,90,90,0,0,64740.57,4443.74,4221.55,2416.77,1757.98,1757.98,0.2642,0.2542,0.3178,3.0,0.101666,12.514,1.877,8.759,3.754,0.00101666,0.00077667,0.0001353,0.0008448
753,0.4894,0.2249,0,60,-60,-60,60,0,67857.44,4408.2,4187.79,2510.44,1678.31,1678.31,0.2855,0.2755,0.3232,3.0,0.337081,41.736,6.26,29.215,12.521,0.00337081,0.00249376,0.00043054,0.00284035
754,0.5907,0.2784,90,45,0,0,45,90,77149.96,5303.62,5038.44,2978.22,2078.69,2078.69,0.2881,0.2781,0.3428,3.0,0.237043,35.14,5.271,24.598,10.542,0.00237043,0.00176987,0.00031884,0.00198772
755,0.5528,0.2824,0,0,90,90,0,0,74225.68,4838.24,4596.33,2784.13,1996.13,1996.13,0.2441,0.2341,0.3707,3.0,0.317491,43.265,6.49,30.286,12.98,0.00317491,0.00233098,0.00040802,0.00268269
756,0.6153,0.2456,0,60,-60,-60,60,0,82238.32,5442.72,5170.58,3126.94,2151.56,2151.56,0.313,0.303,0.3286,3.0,0.053701,8.226,1.234,5.759,2.468,0.00053701,0.00039463,7.002e-05,0.00045344
757,0.622,0.2902,45,45,-45,-45,45,45,82399.93,5591.27,5311.71,3099.78,2196.0,2196.0,0.289,0.279,0.3592,3.0,0.05243,8.166,1.225,5.716,2.45,0.0005243,0.00039518,6.937e-05,0.00043817
758,0.5937,0.1903,0,45,-45,-45,45,0,79988.84,5406.35,5136.03,2989.35,2107.18,2107.18,0.2493,0.2393,0.3459,3.0,0.109228,16.439,2.466,11.508,4.932,0.00109228,0.0008249,0.00014386,0.00091222
759,0.4874,0.2242,0,45,-45,-45,45,0,65667.53,4416.18,4195.37,2368.55,1688.05,1688.05,0.2463,0.2363,0.3726,3.0,0.180503,21.997,3.299,15.398,6.599,0.00180503,0.00139304,0.00023448,0.00149428
760,0.5786,0.2348,90,45,0,0,45,90,78045.34,5285.01,5020.76,2869.59,1985.08,1985.08,0.2458,0.2358,0.363,3.0,0.319288,46.728,7.009,32.71,14.018,0.00319288,0.00244259,0.00041911,0.00265249
761,0.4753,0.2273,0,60,-60,-60,60,0,63741.43,4653.7,4421.01,2330.17,1635.59,1635.59,0.3095,0.2995,0.3777,3.0,0.229442,28.797,4.32,20.158,8.639,0.00229442,0.00185374,0.00031624,0.00185638
762,0.5417,0.2192,45,-45,45,-45,45,-45,74222.64,4843.81,4601.62,2682.2,1976.47,1976.47,0.2679,0.2579,0.3774,3.0,0.070057,9.456,1.418,6.619,2.837,0.00070057,0.00052884,8.918e-05,0.00058568
763,0.5358,0.2132,0,60,-60,-60,60,0,72488.15,5092.01,4837.41,2729.79,1885.73,1885.73,0.3121,0.3021,0.3514,3.0,0.227662,31.96,4.794,22.372,9.588,0.00227662,0.00175621,0.00030863,0.00188298
764,0.5477,0.1959,0,45,-45,-45,45,0,73433.5,4979.5,4730.53,2739.53,1955.46,1955.46,0.2651,0.2551,0.3429,3.0,0.437564,60.565,9.085,42.396,18.17,0.00437564,0.0033162,0.00057734,0.00364888
765,0.518,0.2372,45,-45,45,-45,45,-45,69513.96,4588.4,4358.98,2682.46,1882.17,1882.17,0.2791,0.2691,0.3307,3.0,0.170667,22.145,3.322,15.501,6.643,0.00170667,0.0012383,0.00022299,0.00144786
766,0.5917,0.197,0,45,-45,-45,45,0,80283.07,5258.98,4996.03,2973.56,2081.11,2081.11,0.3059,0.2959,0.3147,3.0,0.16019,23.612,3.542,16.529,7.084,0.0016019,0.00119111,0.00020588,0.00134696
767,0.4683,0.2003,0,30,-30,-30,30,0,61933.23,4367.0,4148.65,2283.33,1604.08,1604.08,0.3058,0.2958,0.3439,3.0,0.431621,51.571,7.736,36.099,15.471,0.00431621,0.00338786,0.00058288,0.00354276
768,0.4792,0.1895,45,45,-45,-45,45,45,65705.2,4423.45,4202.28,2428.15,1680.8,1680.8,0.3156,0.3056,0.305,3.0,0.503659,61.897,9.285,43.328,18.569,0.00503659,0.0038237,0.00065943,0.00419786
769,0.4738,0.2748,90,45,0,0,45,90,63604.52,4095.08,3890.32,2379.72,1637.57,1637.57,0.2573,0.2473,0.3591,3.0,0.330029,38.173,5.726,26.721,11.452,0.00330029,0.00240617,0.00042012,0.00279653
770,0.6211,0.2878,0,45,-45,-45,45,0,82796.35,5687.39,5403.02,3101.5,2202.65,2202.65,0.2812,0.2712,0.3434,3.0,0.196303,30.948,4.642,21.664,9.284,0.00196303,0.00149676,0.00026165,0.00163245
771,0.4527,0.2951,45,45,-45,-45,45,45,62221.2,4023.85,3822.66,2327.43,1528.44,1528.44,0.2876,0.2776,0.3527,3.0,0.34621,39.297,5.894,27.508,11.789,0.0034621,0.00253262,0.00044209,0.00292978
772,0.6171,0.2047,0,60,-60,-60,60,0,85515.64,5510.57,5235.04,3151.49,2112.79,2112.79,0.2626,0.2526,0.3397,3.0,0.393399,60.968,9.145,42.678,18.29,0.00393399,0.00290187,0.00049906,0.00331915
773,0.5998,0.2024,0,60,-60,-60,60,0,82054.03,5322.55,5056.43,2940.61,2075.42,2075.42,0.2972,0.2872,0.3107,3.0,0.455635,67.543,10.131,47.28,20.263,0.00455635,0.00344534,0.00057621,0.00380698
774,0.4519,0.2321,0,45,-45,-45,45,0,60147.62,4276.11,4062.3,2197.19,1585.4,1585.4,0.3055,0.2955,0.3571,3.0,0.098643,11.476,1.721,8.034,3.443,0.00098643,0.00078349,0.00013356,0.00080516
775,0.4808,0.1858,90,45,0,0,45,90,65649.08,4606.7,4376.37,2432.37,1711.17,1711.17,0.2883,0.2783,0.3765,3.0,0.350838,44.356,6.653,31.049,13.307,0.00350838,0.00273536,0.00047296,0.00288858
776,0.5577,0.2677,0,0,90,90,0,0,77883.41,4981.28,4732.22,2744.07,2009.57,2009.57,0.2431,0.2331,0.3725,3.0,0.397692,55.14,8.271,38.598,16.542,0.00397692,0.00301412,0.00049559,0.00332082
777,0.6406,0.1804,0,90,90,90,90,0,85999.41,5995.99,5696.19,3166.41,2294.51,2294.51,0.2683,0.2583,0.3369,3.0,0.122597,20.178,3.027,14.124,6.053,0.00122597,0.00095585,0.00016424,0.00100955
778,0.5275,0.2426,0,45,-45,-45,45,0,71531.63,4713.41,4477.74,2622.6,1848.56,1848.56,0.3133,0.3033,0.344,3.0,0.266353,35.027,5.254,24.519,10.508,0.00266353,0.00200336,0.00034277,0.00222939
779,0.6038,0.2152,0,30,-30,-30,30,0,81454.36,5368.04,5099.64,3038.25,2022.43,2022.43,0.32,0.31,0.361,3.0,0.367246,55.265,8.29,38.685,16.579,0.00367246,0.00272845,0.00047493,0.00308855
780,0.4716,0.2879,45,-45,45,-45,45,-45,65624.5,4247.46,4035.09,2368.73,1626.53,1626.53,0.2801,0.2701,0.3586,3.0,0.416099,49.356,7.403,34.549,14.807,0.00416099,0.00312546,0.00052647,0.00348603
781,0.4876,0.2333,0,0,90,90,0,0,64478.48,4608.39,4377.97,2488.05,1772.71,1772.71,0.2883,0.2783,0.3436,3.0,0.294147,37.438,5.616,26.207,11.231,0.00294147,0.00225709,0.00040644,0.00243718
782,0.4619,0.2638,0,0,90,90,0,0,62430.28,4530.96,4304.41,2287.46,1715.2,1715.2,0.2416,0.2316,0.3047,3.0,0.388072,47.554,7.133,33.288,14.266,0.00388072,0.00311835,0.0005332,0.0031486
783,0.5204,0.2355,45,-45,45,-45,45,-45,68772.62,4783.3,4544.13,2590.0,1823.88,1823.88,0.2538,0.2438,0.3089,3.0,0.124084,16.415,2.462,11.49,4.924,0.00124084,0.00095066,0.00016708,0.00102951
784,0.4674,0.227,0,45,-45,-45,45,0,63847.35,4412.45,4191.83,2330.84,1529.81,1529.81,0.2503,0.2403,0.3214,3.0,0.074508,9.026,1.354,6.319,2.708,0.00074508,0.00058089,9.896e-05,0.0006137
785,0.6393,0.226,45,-45,45,-45,45,-45,87112.54,5669.22,5385.76,3172.16,2214.45,2214.45,0.249,0.239,0.3006,3.0,0.298436,47.289,7.093,33.102,14.187,0.00298436,0.0022361,0.00037999,0.00250238
786,0.6268,0.2606,45,45,-45,-45,45,45,86242.85,5738.76,5451.82,3175.42,2224.26,2224.26,0.2657,0.2557,0.3683,3.0,0.158631,25.355,3.803,17.748,7.606,0.00158631,0.00119769,0.00020579,0.00132544
787,0.6287,0.2897,0,90,90,90,90,0,83255.31,5619.6,5338.62,3139.21,2160.71,2160.71,0.2907,0.2807,0.3725,3.0,0.159683,25.054,3.758,17.538,7.516,0.00159683,0.00119715,0.00021065,0.0013375
788,0.6453,0.258,0,90,90,90,90,0,87363.96,5597.7,5317.81,3221.23,2196.89,2196.89,0.3122,0.3022,0.3022,3.0,0.419981,66.234,9.935,46.364,19.87,0.00419981,0.00308426,0.0005307,0.00354971
789,0.4536,0.224,0,0,90,90,0,0,61926.48,4218.78,4007.84,2222.28,1588.58,1588.58,0.2517,0.2417,0.3798,3.0,0.182806,21.162,3.174,14.813,6.348,0.00182806,0.00142837,0.00023921,0.00150482
790,0.5736,0.2327,90,45,0,0,45,90,77107.91,4878.73,4634.79,2833.03,1869.15,1869.15,0.311,0.301,0.3239,3.0,0.211659,29.169,4.375,20.418,8.751,0.00211659,0.00154442,0.0002648,0.00179366
791,0.5907,0.2285,0,90,90,90,90,0,78164.18,5282.45,5018.33,2908.57,2052.9,2052.9,0.3189,0.3089,0.3623,3.0,0.295088,43.342,6.501,30.34,13.003,0.00295088,0.00223523,0.00038815,0.00246148
792,0.463,0.2187,45,45,-45,-45,45,45,62758.01,3950.39,3752.87,2344.74,1604.09,1604.09,0.2723,0.2623,0.3647,3.0,0.516243,57.943,8.691,40.56,17.383,0.00516243,0.0037068,0.0006463,0.00440032
793,0.5088,0.2622,45,45,-45,-45,45,45,67505.32,4250.86,4038.32,2608.51,1786.22,1786.22,0.2734,0.2634,0.3044,3.0,0.403812,49.181,7.377,34.427,14.754,0.00403812,0.00282812,0.00050999,0.00347091
794,0.6395,0.2882,90,45,0,0,45,90,85001.53,5739.43,5452.46,3263.05,2248.94,2248.94,0.2862,0.2762,0.3093,3.0,0.061888,9.966,1.495,6.976,2.99,0.00061888,0.00045811,8.207e-05,0.0005209
795,0.4505,0.2396,0,60,-60,-60,60,0,58959.32,4005.64,3805.36,2272.89,1650.28,1650.28,0.2964,0.2864,0.3555,3.0,0.539692,60.613,9.092,42.429,18.184,0.00539692,0.0040002,0.00071964,0.00453961
796,0.5008,0.1877,0,60,-60,-60,60,0,68863.97,4387.12,4167.76,2511.09,1774.98,1774.98,0.2432,0.2332,0.3171,3.0,0.235213,29.033,4.355,20.323,8.71,0.00235213,0.00173428,0.00029512,0.00198533
797,0.6024,0.2752,0,45,-45,-45,45,0,80558.69,5326.56,5060.23,3085.23,2140.01,2140.01,0.3148,0.3048,0.3116,3.0,0.361873,54.372,8.156,38.061,16.312,0.00361873,0.00264352,0.00047246,0.00306234
798,0.5402,0.2726,0,45,-45,-45,45,0,72773.4,4879.26,4635.3,2519.89,1871.0,1871.0,0.3148,0.3048,0.3321,3.0,0.214417,28.539,4.281,19.977,8.562,0.00214417,0.00169884,0.00027452,0.00175473
799,0.5436,0.2434,0,60,-60,-60,60,0,73140.38,4703.15,4467.99,2607.12,1848.34,1848.34,0.2761,0.2661,0.3681,3.0,0.171333,22.467,3.37,15.727,6.74,0.00171333,0.00129264,0.00021502,0.00143311
800,0.4548,0.2801,45,45,-45,-45,45,45,62516.07,3767.02,3578.67,2240.52,1588.93,1588.93,0.2727,0.2627,0.318,3.0,0.325205,34.848,5.227,24.394,10.454,0.00325205,0.00233304,0.0003902,0.00277525
801,0.4995,0.2501,0,0,90,90,0,0,68591.8,4313.14,4097.48,2515.38,1756.04,1756.04,0.2842,0.2742,0.3514,3.0,0.205624,25.083,3.763,17.558,7.525,0.00205624,0.0014958,0.00025598,0.00174467
802,0.5355,0.2411,90,45,0,0,45,90,70486.94,4423.62,4202.44,2700.08,1895.76,1895.76,0.3023,0.2923,0.3341,3.0,0.137188,17.366,2.605,12.156,5.21,0.00137188,0.00096473,0.00017246,0.00117769
803,0.4972,0.2128,0,90,90,90,90,0,69178.31,4426.83,4205.49,2446.58,1665.13,1665.13,0.3091,0.2991,0.3045,3.0,0.074087,9.137,1.371,6.396,2.741,0.00074087,0.0005602,9.246e-05,0.00061921
804,0.5298,0.2828,0,60,-60,-60,60,0,69966.23,4739.22,4502.25,2590.74,1834.66,1834.66,0.2924,0.2824,0.3351,3.0,0.227439,29.907,4.486,20.935,8.972,0.00227439,0.00173158,0.00029922,0.00189317
805,0.5169,0.2089,0,60,-60,-60,60,0,70687.68,4722.56,4486.43,2600.93,1843.32,1843.32,0.2806,0.2706,0.3366,3.0,0.41943,55.091,8.264,38.563,16.527,0.0041943,0.00317717,0.00054555,0.00349962
806,0.6132,0.2893,0,30,-30,-30,30,0,84625.0,5447.55,5175.17,3089.72,2167.06,2167.06,0.3049,0.2949,0.3685,3.0,0.361585,55.272,8.291,38.69,16.582,0.00361585,0.00268335,0.0004572,0.00304387
807,0.5034,0.2883,45,45,-45,-45,45,45,68284.33,4720.88,4484.84,2550.48,1632.08,1632.08,0.2852,0.2752,0.3281,3.0,0.430992,56.24,8.436,39.368,16.872,0.00430992,0.00330762,0.00057653,0.00357391
808,0.6384,0.2106,0,30,-30,-30,30,0,86063.15,5742.36,5455.24,3272.73,2233.46,2233.46,0.3182,0.3082,0.3553,3.0,0.151423,24.417,3.663,17.092,7.325,0.00151423,0.00111912,0.0001986,0.00127563
809,0.4604,0.1911,0,0,90,90,0,0,63018.68,3998.11,3798.2,2231.11,1710.37,1710.37,0.2561,0.2461,0.3565,3.0,0.102455,11.445,1.717,8.011,3.433,0.00102455,0.00076946,0.00012713,0.00085878
810,0.6027,0.2154,45,45,-45,-45,45,45,79798.44,5421.92,5150.82,2948.36,2089.55,2089.55,0.3077,0.2977,0.3432,3.0,0.251299,37.745,5.662,26.422,11.324,0.00251299,0.00192031,0.0003311,0.00208847
811,0.4978,0.2655,90,45,0,0,45,90,68100.08,4455.19,4232.43,2419.1,1834.72,1834.72,0.3101,0.3001,0.3304,3.0,0.289581,35.747,5.362,25.023,10.724,0.00289581,0.00221655,0.00036744,0.0024071
812,0.5042,0.2034,0,45,-45,-45,45,0,66216.72,4436.24,4214.43,2600.74,1806.4,1806.4,0.3025,0.2925,0.3272,3.0,0.427445,53.648,8.047,37.554,16.095,0.00427445,0.00309422,0.00056714,0.00362797
813,0.639,0.1837,90,45,0,0,45,90,85268.88,5751.82,5464.23,3213.59,2152.21,2152.21,0.2843,0.2743,0.3527,3.0,0.094603,15.193,2.279,10.635,4.558,0.00094603,0.00070917,0.00012473,0.00079244
814,0.6446,0.2347,0,60,-60,-60,60,0,86437.71,5945.07,5647.81,3220.2,2345.77,2345.77,0.2565,0.2465,0.3632,3.0,0.288107,47.384,7.108,33.169,14.215,0.00288107,0.00220721,0.00038373,0.00239111
815,0.4793,0.2765,0,45,-45,-45,45,0,63719.42,4382.21,4163.1,2470.13,1567.51,1567.51,0.267,0.257,0.3209,3.0,0.140268,17.199,2.58,12.04,5.16,0.00140268,0.00104444,0.00018895,0.00117744
816,0.5938,0.269,45,45,-45,-45,45,45,80132.9,5333.88,5067.19,3006.75,2050.66,2050.66,0.2486,0.2386,0.3221,3.0,0.179134,26.751,4.013,18.726,8.025,0.00179134,0.00133455,0.00023368,0.00150459
817,0.5514,0.2144,0,90,90,90,90,0,73698.36,4832.48,4590.85,2724.64,1983.77,1983.77,0.2609,0.2509,0.3634,3.0,0.144306,19.53,2.93,13.671,5.859,0.00144306,0.0010752,0.0001855,0.00121243
818,0.4894,0.2091,0,0,90,90,0,0,67546.13,4559.78,4331.79,2410.53,1714.14,1714.14,0.28,0.27,0.3597,3.0,0.442711,55.46,8.319,38.822,16.638,0.00442711,0.00345108,0.00057474,0.00364883
819,0.5428,0.1821,90,45,0,0,45,90,72380.85,4842.32,4600.2,2746.03,1893.9,1893.9,0.2467,0.2367,0.3434,3.0,0.129773,17.621,2.643,12.335,5.286,0.00129773,0.00096255,0.00017042,0.00109171
820,0.4747,0.2578,0,60,-60,-60,60,0,64397.81,4154.55,3946.83,2388.51,1638.09,1638.09,0.2664,0.2564,0.3567,3.0,0.438967,51.362,7.704,35.953,15.409,0.00438967,0.00322555,0.0005583,0.00370883
821,0.462,0.2232,45,-45,45,-45,45,-45,61772.33,4255.67,4042.88,2279.15,1605.66,1605.66,0.2483,0.2383,0.312,3.0,0.200409,23.515,3.527,16.46,7.054,0.00200409,0.00154761,0.00026647,0.00165766
822,0.5267,0.2587,0,45,-45,-45,45,0,69708.18,4655.67,4422.89,2579.16,1815.23,1815.23,0.2899,0.2799,0.3756,3.0,0.317413,41.17,6.175,28.819,12.351,0.00317413,0.00239436,0.00041342,0.00265287
823,0.5825,0.2946,0,30,-30,-30,30,0,79987.79,5226.94,4965.59,2828.92,1973.55,1973.55,0.2513,0.2413,0.3329,3.0,0.125368,18.14,2.721,12.698,5.442,0.00125368,0.00096184,0.00015875,0.00104113
824,0.6247,0.2881,0,60,-60,-60,60,0,84070.08,5845.52,5553.24,3162.32,2132.15,2132.15,0.2921,0.2821,0.3315,3.0,0.417802,67.527,10.129,47.269,20.258,0.00417802,0.00320303,0.00056225,0.00346556
825,0.6127,0.2491,0,90,90,90,90,0,84013.16,5449.13,5176.67,3062.13,2172.66,2172.66,0.2637,0.2537,0.3446,3.0,0.386088,58.876,8.831,41.213,17.663,0.00386088,0.00288408,0.00049056,0.00324141
826,0.464,0.2005,0,45,-45,-45,45,0,62367.88,4304.14,4088.94,2357.34,1559.08,1559.08,0.2898,0.2798,0.3134,3.0,0.353486,42.224,6.334,29.557,12.667,0.00353486,0.00268675,0.00047391,0.00294301
827,0.5225,0.2625,0,60,-60,-60,60,0,70527.2,4749.59,4512.11,2595.72,1855.16,1855.16,0.3123,0.3023,0.3524,3.0,0.280226,36.93,5.54,25.851,11.079,0.00280226,0.00213409,0.00036654,0.00233262
828,0.5728,0.2864,0,60,-60,-60,60,0,76632.53,5226.97,4965.62,2948.99,2002.86,2002.86,0.2484,0.2384,0.3753,3.0,0.07011,10.258,1.539,7.181,3.077,0.0007011,0.00052177,9.37e-05,0.00058876
829,0.4784,0.2111,45,45,-45,-45,45,45,64291.66,4464.26,4241.05,2386.39,1618.9,1618.9,0.247,0.237,0.3034,3.0,0.377738,46.462,6.969,32.523,13.938,0.00377738,0.00292041,0.00050587,0.00312223
830,0.5774,0.198,0,0,90,90,0,0,77721.05,5168.87,4910.43,2872.89,1965.1,1965.1,0.3167,0.3067,0.3722,3.0,0.26736,38.539,5.781,26.977,11.562,0.0026736,0.00201219,0.0003471,0.00223678
831,0.5388,0.2278,0,30,-30,-30,30,0,70878.67,4825.14,4583.88,2669.6,1944.39,1944.39,0.3158,0.3058,0.3533,3.0,0.446524,59.982,8.997,41.987,17.995,0.00446524,0.00337029,0.00059238,0.00372935
832,0.6215,0.2473,45,45,-45,-45,45,45,85627.6,5462.69,5189.56,3141.02,2223.6,2223.6,0.2508,0.2408,0.3383,3.0,0.423652,65.192,9.779,45.634,19.558,0.00423652,0.00311325,0.00053294,0.00358021
833,0.4964,0.2942,0,90,90,90,90,0,67157.87,4524.61,4298.38,2510.54,1690.89,1690.89,0.2836,0.2736,0.3652,3.0,0.310539,39.156,5.873,27.409,11.747,0.00310539,0.0023395,0.00040813,0.0025962
834,0.618,0.2505,45,45,-45,-45,45,45,82188.76,5632.22,5350.61,3173.65,2163.9,2163.9,0.2593,0.2493,0.3611,3.0,0.421592,66.439,9.966,46.507,19.932,0.00421592,0.00314017,0.00056586,0.00353885
835,0.592,0.2197,0,0,90,90,0,0,79688.03,5500.6,5225.57,2933.95,2175.38,2175.38,0.279,0.269,0.331,3.0,0.296602,44.926,6.739,31.448,13.478,0.00296602,0.00229687,0.00039464,0.00245024
836,0.5959,0.2955,0,45,-45,-45,45,0,78872.88,5551.62,5274.03,2995.97,2074.35,2074.35,0.2401,0.2301,0.3693,3.0,0.279987,42.937,6.44,30.056,12.881,0.00279987,0.00214972,0.00038106,0.00232022
837,0.5359,0.2391,0,45,-45,-45,45,0,73037.01,4882.32,4638.2,2589.6,1905.14,1905.14,0.3145,0.3045,0.3167,3.0,0.086182,11.573,1.736,8.101,3.472,0.00086182,0.00067038,0.00011092,0.00071114
838,0.593,0.2974,90,45,0,0,45,90,79170.57,5363.3,5095.13,2966.04,2063.96,2063.96,0.2962,0.2862,0.3749,3.0,0.269995,40.312,6.047,28.219,12.094,0.00269995,0.0020387,0.00035643,0.0022549
839,0.5677,0.2493,45,45,-45,-45,45,45,76585.34,5084.75,4830.51,2791.46,2030.75,2030.75,0.3005,0.2905,0.3751,3.0,0.177496,25.081,3.762,17.557,7.524,0.00177496,0.00134773,0.00022924,0.00147978
840,0.4813,0.1953,0,0,90,90,0,0,64969.64,4438.71,4216.77,2381.92,1710.54,1710.54,0.2582,0.2482,0.3359,3.0,0.248163,30.393,4.559,21.275,9.118,0.00248163,0.00191398,0.00032746,0.00205417
841,0.6469,0.2386,90,45,0,0,45,90,85951.85,5601.02,5320.97,3197.72,2195.06,2195.06,0.2462,0.2362,0.3462,3.0,0.047593,7.492,1.124,5.244,2.248,0.00047593,0.00035144,6.102e-05,0.00040129
842,0.4752,0.2782,0,45,-45,-45,45,0,63433.17,4524.21,4298.0,2331.79,1597.04,1597.04,0.2452,0.2352,0.3212,3.0,0.493171,60.761,9.114,42.533,18.228,0.00493171,0.00390866,0.00067051,0.00402906
843,0.648,0.1854,0,30,-30,-30,30,0,86860.44,5720.96,5434.92,3284.71,2296.9,2296.9,0.2544,0.2444,0.3599,3.0,0.376547,60.627,9.094,42.439,18.188,0.00376547,0.00276862,0.00048859,0.00317922
844,0.5951,0.2639,0,90,90,90,90,0,80149.85,5102.58,4847.45,2909.83,2059.11,2059.11,0.2637,0.2537,0.3208,3.0,0.058437,8.381,1.257,5.867,2.514,0.00058437,0.00043203,7.32e-05,0.00049275
845,0.6393,0.2673,0,0,90,90,0,0,85311.01,5502.56,5227.43,3175.42,2157.7,2157.7,0.2701,0.2601,0.3463,3.0,0.095513,14.817,2.223,10.372,4.445,0.00095513,0.00069991,0.00012158,0.00080781
846,0.5921,0.2034,45,45,-45,-45,45,45,77968.34,5463.62,5190.44,2916.78,2126.86,2126.86,0.2752,0.2652,0.352,3.0,0.4278,64.362,9.654,45.054,19.309,0.004278,0.00330994,0.00057785,0.00353405
847,0.6306,0.276,90,45,0,0,45,90,85760.7,5786.94,5497.59,3164.86,2199.85,2199.85,0.2659,0.2559,0.3226,3.0,0.361256,58.017,8.702,40.612,17.405,0.00361256,0.00274972,0.00047355,0.00300763
848,0.5019,0.214,45,-45,45,-45,45,-45,66037.48,4763.33,4525.16,2507.96,1772.38,1772.38,0.3061,0.2961,0.3074,3.0,0.201431,26.296,3.944,18.407,7.889,0.00201431,0.00157278,0.00027874,0.00165618
849,0.5526,0.2425,0,60,-60,-60,60,0,71965.17,4741.83,4504.74,2885.94,1879.35,1879.35,0.2593,0.2493,0.3276,3.0,0.303064,41.06,6.159,28.742,12.318,0.00303064,0.00213411,0.00039938,0.0025977
850,0.5283,0.2464,45,45,-45,-45,45,45,73231.55,4766.09,4527.78,2669.17,1835.68,1835.68,0.3181,0.3081,0.3162,3.0,0.152836,20.365,3.055,14.255,6.109,0.00152836,0.00114444,0.00019466,0.00128184
851,0.5286,0.2958,0,45,-45,-45,45,0,71944.13,4596.86,4367.02,2655.69,1850.37,1850.37,0.2857,0.2757,0.3432,3.0,0.366237,47.484,7.123,33.238,14.245,0.00366237,0.00268199,0.000462,0.00309887
852,0.5284,0.2106,0,60,-60,-60,60,0,71223.67,4700.29,4465.28,2650.3,1817.14,1817.14,0.2699,0.2599,0.3331,3.0,0.390126,51.35,7.703,35.945,15.405,0.00390126,0.00290629,0.00050468,0.00327748
853,0.5748,0.2762,45,45,-45,-45,45,45,76012.79,5237.02,4975.17,2888.86,2028.45,2028.45,0.29,0.28,0.317,3.0,0.323938,47.179,7.077,33.025,14.154,0.00323938,0.00244971,0.00043447,0.00270264
854,0.5396,0.2043,90,45,0,0,45,90,70607.66,4871.17,4627.61,2650.31,1879.24,1879.24,0.2696,0.2596,0.3318,3.0,0.058757,7.928,1.189,5.55,2.378,0.00058757,0.0004487,7.86e-05,0.00048825
855,0.517,0.2565,0,0,90,90,0,0,71181.94,4741.27,4504.21,2654.0,1887.52,1887.52,0.245,0.235,0.3682,3.0,0.477098,63.207,9.481,44.245,18.962,0.00477098,0.00357237,0.00062158,0.00399938
856,0.5648,0.2297,0,30,-30,-30,30,0,75131.13,5175.34,4916.57,2880.68,2022.55,2022.55,0.2614,0.2514,0.311,3.0,0.385421,55.615,8.342,38.931,16.685,0.00385421,0.00289593,0.00051817,0.00322385
857,0.5896,0.1995,0,30,-30,-30,30,0,80609.95,5062.49,4809.37,2940.22,1994.48,1994.48,0.3115,0.3015,0.3088,3.0,0.451692,64.604,9.691,45.223,19.381,0.00451692,0.00329586,0.00056101,0.00382838
858,0.6351,0.2424,0,0,90,90,0,0,83254.32,5637.39,5355.52,3197.26,2077.92,2077.92,0.2692,0.2592,0.3755,3.0,0.306519,48.446,7.267,33.912,14.534,0.00306519,0.00227284,0.00040733,0.00257809
859,0.4835,0.1986,0,30,-30,-30,30,0,65945.08,4304.56,4089.33,2424.68,1660.79,1660.79,0.3067,0.2967,0.355,3.0,0.088734,10.695,1.604,7.487,3.209,0.00088734,0.00066165,0.00011353,0.00074539
860,0.4901,0.272,0,30,-30,-30,30,0,66395.55,4267.82,4054.43,2527.11,1742.54,1742.54,0.3062,0.2962,0.3752,3.0,0.173342,20.999,3.15,14.7,6.3,0.00173342,0.00124644,0.00022139,0.00147612
861,0.5832,0.2957,45,45,-45,-45,45,45,80687.03,5354.93,5087.18,2833.0,2051.01,2051.01,0.318,0.308,0.3581,3.0,0.431359,63.493,9.524,44.445,19.048,0.00431359,0.0033618,0.00055083,0.00355708
862,0.5034,0.2246,0,45,-45,-45,45,0,70932.71,4420.5,4199.48,2457.52,1823.04,1823.04,0.2875,0.2775,0.3315,3.0,0.253332,31.264,4.69,21.885,9.379,0.00253332,0.00190826,0.00030853,0.00212175
863,0.5508,0.1927,0,45,-45,-45,45,0,73879.98,5139.78,4882.79,2995.73,1962.49,1962.49,0.2407,0.2307,0.3551,3.0,0.115041,16.692,2.504,11.684,5.007,0.00115041,0.00083577,0.00015815,0.00097426
864,0.533,0.2608,0,30,-30,-30,30,0,71937.35,5063.81,4810.62,2739.89,1857.6,1857.6,0.2575,0.2475,0.3371,3.0,0.164967,23.093,3.464,16.165,6.928,0.00164967,0.00126427,0.00022471,0.00136812
865,0.6005,0.1943,0,30,-30,-30,30,0,78152.32,5280.54,5016.52,2995.72,2138.37,2138.37,0.2425,0.2325,0.3247,3.0,0.33192,49.145,7.372,34.402,14.744,0.0033192,0.00246078,0.00044019,0.00279206
866,0.4909,0.2457,0,0,90,90,0,0,64943.67,4215.65,4004.87,2500.04,1730.93,1730.93,0.2835,0.2735,0.3051,3.0,0.501247,59.995,8.999,41.996,17.998,0.00501247,0.00359963,0.00064666,0.00426943
867,0.6377,0.284,90,45,0,0,45,90,87676.97,5868.5,5575.08,3147.34,2191.2,2191.2,0.2912,0.2812,0.3064,3.0,0.124974,20.24,3.036,14.168,6.072,0.00124974,0.00096461,0.00016159,0.00103465
868,0.5669,0.2055,0,0,90,90,0,0,75274.39,5203.68,4943.49,2861.85,2059.71,2059.71,0.2531,0.2431,0.3453,3.0,0.33204,48.007,7.201,33.605,14.402,0.0033204,0.00251623,0.00044643,0.00276768
869,0.5844,0.2226,0,45,-45,-45,45,0,78842.87,5222.75,4961.61,2948.47,2077.01,2077.01,0.3123,0.3023,0.3706,3.0,0.391804,57.319,8.598,40.123,17.196,0.00391804,0.00291605,0.0005089,0.00329248
870,0.6115,0.204,0,60,-60,-60,60,0,81332.63,5474.61,5200.88,2952.99,2142.08,2142.08,0.2537,0.2437,0.3721,3.0,0.258757,39.156,5.873,27.409,11.747,0.00258757,0.00198897,0.000337,0.00214569
871,0.5469,0.2247,45,45,-45,-45,45,45,75127.38,4917.58,4671.7,2666.57,1846.13,1846.13,0.2738,0.2638,0.3439,3.0,0.29171,39.731,5.96,27.812,11.919,0.0029171,0.00223495,0.0003702,0.00242382
872,0.4912,0.2286,45,45,-45,-45,45,45,66893.22,4235.06,4023.31,2415.03,1711.19,1711.19,0.2738,0.2638,0.3397,3.0,0.365487,43.509,6.526,30.457,13.053,0.00365487,0.00270242,0.0004553,0.00308209
873,0.5633,0.193,0,60,-60,-60,60,0,75891.39,4887.43,4643.06,2921.84,1917.95,1917.95,0.2853,0.2753,0.3535,3.0,0.183456,25.513,3.827,17.859,7.654,0.00183456,0.00130978,0.00023532,0.00156604
874,0.537,0.2337,0,45,-45,-45,45,0,71823.35,4998.82,4748.87,2647.09,1887.65,1887.65,0.3186,0.3086,0.3637,3.0,0.352019,48.343,7.252,33.84,14.503,0.00352019,0.00273943,0.00047116,0.0029013
875,0.5508,0.2003,0,60,-60,-60,60,0,73368.98,5148.77,4891.33,2732.67,1871.47,1871.47,0.3104,0.3004,0.3545,3.0,0.295856,41.872,6.281,29.31,12.562,0.00295856,0.0022984,0.00039949,0.00243971
876,0.5872,0.24,90,45,0,0,45,90,79975.47,5133.61,4876.93,2858.4,2075.44,2075.44,0.3085,0.2985,0.3267,3.0,0.31764,45.523,6.829,31.866,13.657,0.0031764,0.00238893,0.00039845,0.00266031
877,0.4687,0.2136,0,60,-60,-60,60,0,62190.84,4484.8,4260.56,2397.89,1619.43,1619.43,0.2587,0.2487,0.3771,3.0,0.445392,55.0,8.25,38.5,16.5,0.00445392,0.00344051,0.00061906,0.00367908
878,0.5685,0.1809,0,0,90,90,0,0,76627.79,5153.52,4895.84,2847.1,1981.5,1981.5,0.2736,0.2636,0.3639,3.0,0.057329,8.223,1.234,5.756,2.467,0.00057329,0.00043325,7.512e-05,0.00047871
879,0.6375,0.2007,0,0,90,90,0,0,84864.66,5797.39,5507.52,3275.83,2238.89,2238.89,0.2747,0.2647,0.3544,3.0,0.335405,54.451,8.168,38.116,16.335,0.00335405,0.00249333,0.00044914,0.00281772
880,0.4721,0.2751,45,-45,45,-45,45,-45,65301.95,4276.74,4062.9,2320.25,1643.95,1643.95,0.2463,0.2363,0.3762,3.0,0.513282,60.808,9.121,42.565,18.242,0.00513282,0.0039311,0.00065182,0.00426547
881,0.6285,0.2587,0,90,90,90,90,0,85083.26,5697.89,5412.99,3049.38,2212.47,2212.47,0.2803,0.2703,0.3312,3.0,0.26128,41.058,6.159,28.74,12.317,0.0026128,0.00201965,0.00033779,0.00216174
882,0.5506,0.2427,45,45,-45,-45,45,45,72919.21,4904.32,4659.1,2793.13,1951.24,1951.24,0.2626,0.2526,0.3185,3.0,0.205225,28.254,4.238,19.778,8.476,0.00205225,0.00151732,0.00027123,0.0017283
883,0.6087,0.2339,90,45,0,0,45,90,81799.53,5585.24,5305.98,3067.99,2150.67,2150.67,0.3019,0.2919,0.3671,3.0,0.154979,24.047,3.607,16.833,7.214,0.00154979,0.00117571,0.00020578,0.00129164
884,0.6384,0.1876,90,45,0,0,45,90,84975.52,5859.89,5566.89,3152.92,2257.82,2257.82,0.311,0.301,0.3484,3.0,0.350198,56.657,8.499,39.66,16.997,0.00350198,0.00269545,0.00046672,0.00290058
885,0.5553,0.1991,0,90,90,90,90,0,74884.77,4958.16,4710.25,2745.92,1921.74,1921.74,0.2879,0.2779,0.3545,3.0,0.445353,61.521,9.228,43.064,18.456,0.00445353,0.00336066,0.00057508,0.00372239
886,0.5059,0.2483,0,60,-60,-60,60,0,68915.87,4340.83,4123.79,2567.05,1745.2,1745.2,0.2801,0.2701,0.3768,3.0,0.167275,20.611,3.092,14.428,6.183,0.00167275,0.00120435,0.00020935,0.00142444
887,0.5288,0.2475,0,45,-45,-45,45,0,71934.32,4831.19,4589.63,2497.98,1951.59,1951.59,0.3174,0.3074,0.3332,3.0,0.467539,61.638,9.246,43.147,18.491,0.00467539,0.00370128,0.00059981,0.0038275
888,0.4772,0.2801,0,45,-45,-45,45,0,63748.84,4376.73,4157.89,2373.06,1682.23,1682.23,0.2558,0.2458,0.3746,3.0,0.445409,53.948,8.092,37.764,16.184,0.00445409,0.00341002,0.00059238,0.00369783
889,0.5978,0.2077,0,45,-45,-45,45,0,82239.93,5367.94,5099.54,3059.23,2087.66,2087.66,0.2651,0.2551,0.3779,3.0,0.090215,13.604,2.041,9.523,4.081,0.00090215,0.00066702,0.00011579,0.00076028
890,0.5184,0.2405,45,45,-45,-45,45,45,69277.95,4392.25,4172.64,2648.61,1734.17,1734.17,0.292,0.282,0.3639,3.0,0.403581,50.563,7.584,35.394,15.169,0.00403581,0.00286354,0.0005109,0.00345353
891,0.592,0.275,45,-45,45,-45,45,-45,78404.04,5214.75,4954.01,2816.93,1962.92,1962.92,0.3094,0.2994,0.3198,3.0,0.108544,15.655,2.348,10.959,4.697,0.00108544,0.00083364,0.00013977,0.00090064
892,0.5331,0.2242,0,0,90,90,0,0,73016.86,4720.75,4484.71,2679.76,1865.21,1865.21,0.3155,0.3055,0.3642,3.0,0.452408,59.939,8.991,41.957,17.982,0.00452408,0.00335507,0.00057462,0.00380905
893,0.53,0.2941,0,0,90,90,0,0,71708.42,4977.97,4729.07,2640.12,1901.13,1901.13,0.2689,0.2589,0.3428,3.0,0.27555,37.703,5.655,26.392,11.311,0.0027555,0.00214214,0.00036805,0.00227221
894,0.4504,0.2818,0,90,90,90,90,0,60685.17,4271.88,4058.28,2204.77,1565.67,1565.67,0.282,0.272,0.3035,3.0,0.232269,27.039,4.056,18.927,8.112,0.00232269,0.00183957,0.00031189,0.00189885
895,0.6243,0.2348,45,-45,45,-45,45,-45,83392.2,5584.86,5305.62,3051.97,2209.23,2209.23,0.2829,0.2729,0.304,3.0,0.075078,11.635,1.745,8.145,3.491,0.00075078,0.00057185,9.767e-05,0.000625
896,0.5098,0.2985,90,45,0,0,45,90,68247.85,4761.99,4523.89,2525.39,1815.87,1815.87,0.2524,0.2424,0.3583,3.0,0.347214,45.443,6.816,31.81,13.633,0.00347214,0.00269915,0.00046609,0.00286284
897,0.5786,0.1884,45,45,-45,-45,45,45,79053.3,5310.6,5045.07,2846.41,1979.23,1979.23,0.3149,0.3049,0.3481,3.0,0.09357,13.71,2.056,9.597,4.113,0.0009357,0.00072247,0.0001214,0.00077447
898,0.4892,0.2615,0,0,90,90,0,0,66553.48,4446.23,4223.92,2423.69,1723.91,1723.91,0.3092,0.2992,0.3407,3.0,0.214432,26.438,3.966,18.507,7.931,0.00214432,0.00163623,0.00027807,0.00178386
899,0.5534,0.1806,0,30,-30,-30,30,0,76150.48,4992.47,4742.85,2779.85,1901.79,1901.79,0.2412,0.2312,0.3228,3.0,0.321892,44.849,6.727,31.394,13.455,0.00321892,0.00242006,0.00041227,0.00269501
900,0.6479,0.1869,0,90,90,90,90,0,88641.9,5817.99,5527.09,3180.39,2334.55,2334.55,0.2768,0.2668,0.3516,3.0,0.166575,26.904,4.036,18.833,8.071,0.00166575,0.0012689,0.00021246,0.00138728
901,0.5145,0.2939,0,30,-30,-30,30,0,67859.47,4931.65,4685.07,2636.26,1775.15,1775.15,0.2851,0.2751,0.3341,3.0,0.473161,64.237,9.636,44.966,19.271,0.00473161,0.003655,0.00066263,0.00390763
902,0.5045,0.2134,0,90,90,90,90,0,67429.25,4373.18,4154.52,2545.7,1739.12,1739.12,0.2951,0.2851,0.3478,3.0,0.523406,64.674,9.701,45.272,19.402,0.00523406,0.00381077,0.0006714,0.00443662
903,0.6279,0.188,0,60,-60,-60,60,0,83357.9,5653.02,5370.37,3172.91,2217.74,2217.74,0.2938,0.2838,0.3621,3.0,0.180612,28.542,4.281,19.979,8.563,0.00180612,0.00134932,0.00023968,0.00151469
904,0.5887,0.1963,45,45,-45,-45,45,45,79724.32,5605.29,5325.03,2866.48,2062.09,2062.09,0.3025,0.2925,0.3205,3.0,0.287604,43.805,6.571,30.663,13.141,0.00287604,0.00229225,0.00038462,0.00234446
905,0.4564,0.279,0,60,-60,-60,60,0,61470.91,4054.95,3852.2,2241.78,1506.5,1506.5,0.252,0.242,0.3287,3.0,0.313249,35.374,5.306,24.762,10.612,0.00313249,0.0023669,0.00040282,0.00261708
906,0.4831,0.1935,45,-45,45,-45,45,-45,64920.04,4495.25,4270.48,2535.83,1765.11,1765.11,0.2736,0.2636,0.3103,3.0,0.178761,22.487,3.373,15.741,6.746,0.00178761,0.00133015,0.00024246,0.00150071
907,0.4578,0.1843,0,60,-60,-60,60,0,61859.13,4076.16,3872.35,2200.7,1600.34,1600.34,0.2421,0.2321,0.3156,3.0,0.234697,26.46,3.969,18.522,7.938,0.00234697,0.00180349,0.00029942,0.00194739
908,0.4612,0.2438,0,0,90,90,0,0,63377.27,3865.58,3672.3,2186.97,1614.45,1614.45,0.2805,0.2705,0.374,3.0,0.079831,8.66,1.299,6.062,2.598,0.00079831,0.000594,9.565e-05,0.00067211
909,0.648,0.2231,45,45,-45,-45,45,45,89347.79,5783.8,5494.61,3237.05,2391.94,2391.94,0.3011,0.2911,0.3219,3.0,0.091602,14.81,2.222,10.367,4.443,0.00091602,0.00068629,0.00011603,0.0007682
910,0.5575,0.2202,45,-45,45,-45,45,-45,75494.43,5032.5,4780.88,2752.92,1967.51,1967.51,0.298,0.288,0.3454,3.0,0.385195,53.811,8.072,37.668,16.143,0.00385195,0.00293205,0.00049895,0.00320782
911,0.5303,0.2633,0,90,90,90,90,0,72727.45,4995.74,4745.96,2605.23,1831.86,1831.86,0.3063,0.2963,0.311,3.0,0.420109,57.402,8.61,40.182,17.221,0.00420109,0.00330502,0.0005525,0.00344707
912,0.4976,0.2124,90,45,0,0,45,90,66810.26,4619.84,4388.85,2569.5,1689.87,1689.87,0.2616,0.2516,0.3532,3.0,0.125787,16.198,2.43,11.339,4.859,0.00125787,0.00094559,0.00016971,0.00105185
913,0.5297,0.2306,45,45,-45,-45,45,45,70971.15,4799.24,4559.27,2576.04,1809.21,1809.21,0.2943,0.2843,0.3602,3.0,0.406998,53.908,8.086,37.735,16.172,0.00406998,0.003139,0.0005317,0.00336977
914,0.5852,0.2016,45,45,-45,-45,45,45,79541.69,4971.23,4722.67,2865.07,1954.89,1954.89,0.2526,0.2426,0.3767,3.0,0.242675,34.015,5.102,23.811,10.205,0.00242675,0.00178087,0.00029935,0.00205274
915,0.5004,0.2672,0,45,-45,-45,45,0,67917.61,4355.62,4137.84,2430.62,1745.87,1745.87,0.3084,0.2984,0.3265,3.0,0.164569,20.024,3.004,14.017,6.007,0.00164569,0.00123575,0.00020638,0.0013792
916,0.5989,0.2471,0,60,-60,-60,60,0,79943.65,5266.23,5002.92,2999.04,2085.9,2085.9,0.2542,0.2442,0.3224,3.0,0.291093,43.047,6.457,30.133,12.914,0.00291093,0.00215306,0.00037693,0.00245227
917,0.4756,0.2055,0,45,-45,-45,45,0,64683.09,4403.98,4183.79,2344.45,1661.5,1661.5,0.3058,0.2958,0.3794,3.0,0.42608,51.654,7.748,36.158,15.496,0.0042608,0.00330484,0.000559,0.00351865
918,0.5673,0.2955,0,60,-60,-60,60,0,75442.62,5433.71,5162.03,2806.2,1960.44,1960.44,0.3117,0.3017,0.3307,3.0,0.431864,63.933,9.59,44.753,19.18,0.00431864,0.00341741,0.00059321,0.00352979
919,0.53,0.2568,45,45,-45,-45,45,45,71572.85,4925.88,4679.59,2728.6,1845.65,1845.65,0.316,0.306,0.3051,3.0,0.367096,50.349,7.552,35.245,15.105,0.00367096,0.00276787,0.00049243,0.00306642
920,0.5611,0.1908,45,45,-45,-45,45,45,75529.08,5260.19,4997.18,2816.48,2038.76,2038.76,0.2539,0.2439,0.3556,3.0,0.281732,40.849,6.127,28.594,12.255,0.00281732,0.00217552,0.00037859,0.0023297
921,0.4858,0.1965,45,45,-45,-45,45,45,65885.17,4261.41,4048.34,2481.87,1786.92,1786.92,0.3038,0.2938,0.3781,3.0,0.124738,15.022,2.253,10.515,4.507,0.00124738,0.00090789,0.0001596,0.00105752
922,0.5282,0.198,0,60,-60,-60,60,0,71973.33,4685.27,4451.01,2624.83,1843.67,1843.67,0.3165,0.3065,0.3203,3.0,0.111516,14.608,2.191,10.226,4.383,0.00111516,0.00083482,0.00014208,0.00093538
923,0.4914,0.2057,45,45,-45,-45,45,45,64461.07,4517.72,4291.83,2497.95,1701.41,1701.41,0.2725,0.2625,0.3323,3.0,0.23112,29.048,4.357,20.334,8.714,0.0023112,0.00174431,0.00031544,0.00192894
924,0.5797,0.2459,90,45,0,0,45,90,78142.18,5180.96,4921.91,2929.43,2008.32,2008.32,0.3104,0.3004,0.3552,3.0,0.411845,59.794,8.969,41.856,17.938,0.00411845,0.00306172,0.00053564,0.00346232
925,0.4844,0.2389,45,-45,45,-45,45,-45,65251.63,4329.89,4113.39,2250.98,1679.07,1679.07,0.2879,0.2779,0.3622,3.0,0.408691,48.381,7.257,33.866,14.514,0.00408691,0.00322397,0.00051901,0.00335209
926,0.4572,0.274,45,45,-45,-45,45,45,61692.11,4456.97,4234.12,2300.01,1534.73,1534.73,0.2591,0.2491,0.3242,3.0,0.38618,46.879,7.032,32.815,14.064,0.0038618,0.00305733,0.00053192,0.00315546
927,0.5139,0.201,0,30,-30,-30,30,0,68837.04,4746.7,4509.36,2607.92,1856.93,1856.93,0.2725,0.2625,0.3651,3.0,0.133877,17.652,2.648,12.356,5.296,0.00133877,0.0010153,0.0001795,0.00111564
928,0.5386,0.2082,45,45,-45,-45,45,45,72718.99,5027.55,4776.17,2656.76,1861.19,1861.19,0.2611,0.2511,0.3428,3.0,0.206873,28.559,4.284,19.991,8.568,0.00206873,0.00161243,0.00027491,0.00170414
929,0.4939,0.2841,0,30,-30,-30,30,0,68088.27,4458.66,4235.73,2425.06,1790.43,1790.43,0.2776,0.2676,0.3599,3.0,0.405176,50.079,7.512,35.056,15.024,0.00405176,0.00309761,0.00051485,0.00336958
930,0.6426,0.2256,0,30,-30,-30,30,0,89493.2,5841.14,5549.09,3193.37,2296.77,2296.77,0.3048,0.2948,0.3767,3.0,0.177508,28.787,4.318,20.151,8.636,0.00177508,0.0013522,0.00022517,0.00147851
931,0.4936,0.1821,45,-45,45,-45,45,-45,66603.95,4484.25,4260.04,2459.05,1714.93,1714.93,0.2956,0.2856,0.3043,3.0,0.256807,31.985,4.798,22.389,9.595,0.00256807,0.00195103,0.00033615,0.00213979
932,0.5947,0.2338,45,45,-45,-45,45,45,80797.41,5353.13,5085.48,2881.69,2016.22,2016.22,0.278,0.268,0.3298,3.0,0.111038,16.424,2.464,11.497,4.927,0.00111038,0.00085493,0.00014229,0.00092045
933,0.5846,0.2581,0,0,90,90,0,0,76736.82,5261.35,4998.28,3041.39,2011.28,2011.28,0.2695,0.2595,0.3134,3.0,0.046561,6.902,1.035,4.832,2.071,0.00046561,0.00034041,6.296e-05,0.00039356
934,0.5511,0.2183,0,60,-60,-60,60,0,73569.89,5172.58,4913.95,2758.22,1983.4,1983.4,0.2445,0.2345,0.3238,3.0,0.430679,61.319,9.198,42.923,18.396,0.00430679,0.00333471,0.00058344,0.00355639
935,0.4656,0.1838,0,0,90,90,0,0,62858.73,4124.33,3918.11,2385.75,1619.57,1619.57,0.3061,0.2961,0.3478,3.0,0.509806,59.298,8.895,41.508,17.789,0.00509806,0.00372825,0.00066034,0.00431327
936,0.5997,0.2137,0,0,90,90,0,0,81321.78,5417.93,5147.03,2994.7,2120.93,2120.93,0.2513,0.2413,0.3292,3.0,0.441298,66.569,9.985,46.599,19.971,0.00441298,0.00333437,0.00057302,0.00368606
937,0.5356,0.292,45,-45,45,-45,45,-45,70675.48,4768.29,4529.88,2584.23,1950.73,1950.73,0.2791,0.2691,0.3024,3.0,0.426769,56.324,8.449,39.427,16.897,0.00426769,0.00326932,0.00055786,0.00354369
938,0.4518,0.2647,0,30,-30,-30,30,0,62379.42,4134.49,3927.76,2237.93,1619.57,1619.57,0.2947,0.2847,0.3712,3.0,0.11467,13.121,1.968,9.185,3.936,0.0011467,0.00087948,0.00014724,0.0009521
939,0.5098,0.2969,0,45,-45,-45,45,0,68513.16,4641.25,4409.19,2578.43,1758.34,1758.34,0.3194,0.3094,0.3727,3.0,0.434089,56.16,8.424,39.312,16.848,0.00434089,0.00326709,0.00057378,0.00363004
940,0.5471,0.2667,0,0,90,90,0,0,73752.42,4735.9,4499.11,2725.16,1840.4,1840.4,0.2669,0.2569,0.3734,3.0,0.28453,37.962,5.694,26.574,11.389,0.0028453,0.00208954,0.00036031,0.00240475
941,0.5297,0.2865,0,90,90,90,90,0,71748.39,4871.82,4628.23,2541.34,1888.04,1888.04,0.2489,0.2389,0.3111,3.0,0.255179,34.012,5.102,23.808,10.203,0.00255179,0.0020075,0.00033183,0.00209439
942,0.523,0.2529,45,-45,45,-45,45,-45,68620.35,4726.71,4490.37,2590.01,1755.16,1755.16,0.2714,0.2614,0.3071,3.0,0.188672,24.754,3.713,17.328,7.426,0.00188672,0.0014336,0.00025251,0.00157109
943,0.5662,0.2904,45,-45,45,-45,45,-45,77763.44,5073.02,4819.36,2685.48,2001.32,2001.32,0.3068,0.2968,0.3686,3.0,0.387985,54.127,8.119,37.889,16.238,0.00387985,0.00302332,0.00048723,0.00320088
944,0.6333,0.2374,90,45,0,0,45,90,87821.49,5487.55,5213.17,3097.83,2263.82,2263.82,0.294,0.284,0.3278,3.0,0.362809,55.82,8.373,39.074,16.746,0.00362809,0.00270285,0.00044492,0.00305162
945,0.4932,0.2186,0,45,-45,-45,45,0,69045.32,4435.56,4213.78,2550.08,1771.05,1771.05,0.2424,0.2324,0.3268,3.0,0.361808,45.2,6.78,31.64,13.56,0.00361808,0.00265875,0.00045825,0.00305712
946,0.5433,0.2233,0,0,90,90,0,0,74010.94,4871.9,4628.3,2654.71,1914.79,1914.79,0.3056,0.2956,0.3421,3.0,0.100923,13.636,2.045,9.545,4.091,0.00100923,0.0007705,0.00012897,0.00083969
947,0.5349,0.2595,0,30,-30,-30,30,0,70992.76,5050.07,4797.57,2704.09,1961.88,1961.88,0.271,0.261,0.3445,3.0,0.278792,38.793,5.819,27.155,11.638,0.00278792,0.00215192,0.00038251,0.00230452
948,0.644,0.2177,0,45,-45,-45,45,0,87807.18,5610.55,5330.02,3262.79,2283.25,2283.25,0.2561,0.2461,0.3359,3.0,0.24846,39.386,5.908,27.57,11.816,0.0024846,0.0018107,0.00031399,0.00210602
949,0.6122,0.2258,0,90,90,90,90,0,80819.68,5296.14,5031.33,3095.08,2224.07,2224.07,0.2524,0.2424,0.3454,3.0,0.450009,67.398,10.11,47.179,20.219,0.00450009,0.00326639,0.00058375,0.00381778
950,0.5737,0.2821,45,-45,45,-45,45,-45,78388.74,4931.4,4684.83,2791.93,2033.72,2033.72,0.3167,0.3067,0.3206,3.0,0.314922,43.572,6.536,30.5,13.072,0.00314922,0.00234096,0.00038909,0.00265069
951,0.572,0.2138,0,90,90,90,90,0,77903.51,5240.34,4978.32,2913.85,2017.75,2017.75,0.2956,0.2856,0.3397,3.0,0.314651,45.979,6.897,32.186,13.794,0.00314651,0.00236694,0.00041315,0.00263223
952,0.5751,0.2179,0,90,90,90,90,0,76803.47,5308.78,5043.34,2790.16,1963.0,1963.0,0.244,0.234,0.3574,3.0,0.106857,15.551,2.333,10.886,4.665,0.00106857,0.00083603,0.00014174,0.0008788
953,0.4977,0.2342,0,45,-45,-45,45,0,65778.99,4100.97,3895.92,2484.1,1798.03,1798.03,0.2776,0.2676,0.3732,3.0,0.238892,27.984,4.198,19.589,8.395,0.00238892,0.00168976,0.00029779,0.0020471
954,0.5423,0.1929,0,90,90,90,90,0,72711.4,5053.65,4800.97,2789.46,1945.8,1945.8,0.2863,0.2763,0.3393,3.0,0.144819,20.354,3.053,14.248,6.106,0.00144819,0.0010945,0.00019595,0.00120826
955,0.5295,0.2535,45,45,-45,-45,45,45,72721.89,4738.07,4501.17,2570.16,1842.68,1842.68,0.2528,0.2428,0.3722,3.0,0.106489,13.977,2.097,9.784,4.193,0.00106489,0.00081573,0.00013454,0.00088498
956,0.6495,0.2385,0,45,-45,-45,45,0,87281.21,5801.31,5511.25,3269.11,2216.8,2216.8,0.2721,0.2621,0.3787,3.0,0.233528,37.927,5.689,26.549,11.378,0.00233528,0.00174026,0.00030418,0.00196132
957,0.6007,0.2982,90,45,0,0,45,90,81169.17,5437.65,5165.77,2882.95,2072.69,2072.69,0.2816,0.2716,0.3207,3.0,0.350907,52.475,7.871,36.732,15.742,0.00350907,0.00273028,0.00045254,0.00289509
958,0.5473,0.1975,0,60,-60,-60,60,0,75430.78,4827.73,4586.35,2602.15,1865.83,1865.83,0.317,0.307,0.3358,3.0,0.302872,40.44,6.066,28.308,12.132,0.00302872,0.00233116,0.00037529,0.00251299
959,0.5205,0.1835,45,45,-45,-45,45,45,71337.12,4437.83,4215.94,2506.16,1893.46,1893.46,0.2705,0.2605,0.3108,3.0,0.452873,56.357,8.454,39.45,16.907,0.00452873,0.00337314,0.00055301,0.0038098
960,0.4718,0.1808,0,0,90,90,0,0,65122.5,4655.73,4422.94,2388.23,1619.69,1619.69,0.3182,0.3082,0.3262,3.0,0.390004,49.371,7.406,34.56,14.811,0.00390004,0.00310091,0.00053069,0.00318132
961,0.5167,0.2625,45,45,-45,-45,45,45,71536.48,4620.58,4389.55,2559.34,1812.11,1812.11,0.2453,0.2353,0.3634,3.0,0.07331,9.442,1.416,6.609,2.833,0.0007331,0.00055337,9.239e-05,0.00061302
962,0.5694,0.2891,90,45,0,0,45,90,77399.89,5297.56,5032.68,2782.88,2019.27,2019.27,0.3169,0.3069,0.3236,3.0,0.094401,13.71,2.056,9.597,4.113,0.00094401,0.00073896,0.00012399,0.00077637
963,0.5487,0.1835,45,45,-45,-45,45,45,75791.76,5115.13,4859.38,2789.49,2008.71,2008.71,0.3063,0.2963,0.3193,3.0,0.15355,21.779,3.267,15.245,6.534,0.0015355,0.00117112,0.00020115,0.00127732
964,0.5186,0.2646,45,-45,45,-45,45,-45,71487.51,4494.14,4269.43,2562.12,1819.89,1819.89,0.2714,0.2614,0.3344,3.0,0.415217,52.455,7.868,36.719,15.737,0.00415217,0.00307101,0.00051364,0.00350159
965,0.647,0.1936,0,45,-45,-45,45,0,86949.91,5681.64,5397.56,3262.88,2286.98,2286.98,0.3126,0.3026,0.3698,3.0,0.318999,51.018,7.653,35.713,15.306,0.00318999,0.00234541,0.00041073,0.00269386
966,0.4629,0.2708,90,45,0,0,45,90,63558.86,4357.53,4139.65,2340.09,1672.62,1672.62,0.2437,0.2337,0.3251,3.0,0.493754,59.374,8.906,41.562,17.812,0.00493754,0.00380589,0.00065391,0.00408771
967,0.6352,0.294,0,30,-30,-30,30,0,86736.07,5318.85,5052.91,3205.38,2276.09,2276.09,0.2848,0.2748,0.3324,3.0,0.451683,68.552,10.283,47.986,20.566,0.00451683,0.00320797,0.00055324,0.00386654
968,0.4659,0.2286,0,30,-30,-30,30,0,62077.92,4082.5,3878.38,2313.27,1616.52,1616.52,0.2481,0.2381,0.3747,3.0,0.491522,56.273,8.441,39.391,16.882,0.00491522,0.0036489,0.00063454,0.00413515
969,0.5805,0.1914,90,45,0,0,45,90,76476.25,5043.08,4790.92,2913.31,2085.41,2085.41,0.3075,0.2975,0.3742,3.0,0.38375,54.555,8.183,38.188,16.366,0.0038375,0.0028089,0.00049935,0.00324532
970,0.5185,0.2571,45,-45,45,-45,45,-45,69462.72,4659.47,4426.5,2679.87,1837.68,1837.68,0.3153,0.3053,0.371,3.0,0.15202,19.938,2.991,13.957,5.981,0.0015202,0.00111599,0.00020092,0.00128371
971,0.5174,0.2732,0,45,-45,-45,45,0,70056.97,4638.82,4406.88,2619.6,1852.41,1852.41,0.2824,0.2724,0.3416,3.0,0.093758,12.184,1.828,8.529,3.655,0.00093758,0.00069766,0.00012174,0.00078796
972,0.4619,0.1862,0,0,90,90,0,0,58520.75,4146.49,3939.16,2260.16,1636.5,1636.5,0.3063,0.2963,0.3337,3.0,0.356396,40.935,6.14,28.655,12.281,0.00356396,0.00271676,0.00048965,0.00296169
973,0.5597,0.2494,0,45,-45,-45,45,0,75513.59,5126.14,4869.83,2855.43,1963.41,1963.41,0.2862,0.2762,0.332,3.0,0.177885,25.436,3.815,17.805,7.631,0.00177885,0.0013362,0.00023579,0.00148862
974,0.6167,0.2638,0,90,90,90,90,0,82791.26,5534.78,5258.04,3022.94,2065.85,2065.85,0.2949,0.2849,0.3248,3.0,0.053737,8.252,1.238,5.776,2.476,0.00053737,0.00040948,6.977e-05,0.00044729
975,0.6466,0.2578,90,45,0,0,45,90,86792.05,5677.95,5394.05,3237.9,2275.52,2275.52,0.301,0.291,0.321,3.0,0.28069,44.776,6.716,31.343,13.433,0.0028069,0.0020743,0.00036113,0.00236578
976,0.5904,0.278,0,90,90,90,90,0,79949.23,5330.53,5064.01,3052.91,2035.29,2035.29,0.3175,0.3075,0.3459,3.0,0.356231,53.395,8.009,37.376,16.018,0.00356231,0.00262346,0.0004675,0.00300503
977,0.4935,0.2999,0,45,-45,-45,45,0,67180.38,4309.58,4094.1,2444.87,1783.76,1783.76,0.3142,0.3042,0.3383,3.0,0.137818,16.668,2.5,11.668,5.0,0.00137818,0.00102264,0.00017368,0.00116031
978,0.5529,0.2864,45,-45,45,-45,45,-45,77474.27,5011.38,4760.81,2760.92,1994.78,1994.78,0.2842,0.2742,0.3169,3.0,0.399137,55.666,8.35,38.966,16.7,0.00399137,0.00302433,0.00050296,0.00333239
979,0.5983,0.2603,90,45,0,0,45,90,79838.63,5250.97,4988.42,3025.4,2062.8,2062.8,0.282,0.272,0.3371,3.0,0.279525,41.348,6.202,28.944,12.405,0.00279525,0.00205006,0.00036253,0.00236233
980,0.5919,0.2533,90,45,0,0,45,90,79921.16,5047.77,4795.38,2941.77,2002.12,2002.12,0.2685,0.2585,0.3197,3.0,0.256822,36.656,5.498,25.659,10.997,0.00256822,0.00186906,0.00032105,0.00217853
981,0.6424,0.2832,90,45,0,0,45,90,85569.23,5735.05,5448.3,3320.12,2225.01,2225.01,0.2427,0.2327,0.3455,3.0,0.259131,41.905,6.286,29.334,12.572,0.00259131,0.00189325,0.00034281,0.00219207
982,0.4907,0.2525,0,30,-30,-30,30,0,66183.48,4316.74,4100.9,2505.09,1777.4,1777.4,0.2797,0.2697,0.3165,3.0,0.426631,51.988,7.798,36.392,15.596,0.00426631,0.00311294,0.00054986,0.00361301
983,0.5672,0.2345,0,45,-45,-45,45,0,76075.34,5099.41,4844.44,2848.3,1939.05,1939.05,0.285,0.275,0.3759,3.0,0.374041,53.259,7.989,37.281,15.978,0.00374041,0.00280477,0.00049006,0.00313324
984,0.5911,0.2159,0,60,-60,-60,60,0,79294.75,5384.8,5115.56,2962.76,2167.58,2167.58,0.2678,0.2578,0.3754,3.0,0.334766,50.108,7.516,35.076,15.032,0.00334766,0.00253689,0.00044234,0.00279163
985,0.5001,0.2761,0,90,90,90,90,0,67723.34,4389.47,4169.99,2537.42,1656.48,1656.48,0.3179,0.3079,0.3702,3.0,0.367897,45.544,6.832,31.881,13.663,0.00367897,0.00269232,0.00047075,0.0031127
986,0.4551,0.2128,0,60,-60,-60,60,0,62988.57,4580.48,4351.45,2348.44,1564.41,1564.41,0.2845,0.2745,0.3181,3.0,0.123499,15.374,2.306,10.762,4.612,0.00123499,0.00098196,0.00017085,0.00100692
987,0.5841,0.1916,90,45,0,0,45,90,76915.68,5148.52,4891.1,2954.72,2046.34,2046.34,0.2657,0.2557,0.3575,3.0,0.054745,7.929,1.189,5.55,2.379,0.00054745,0.00040254,7.216e-05,0.00046203
988,0.6432,0.2229,0,90,90,90,90,0,86766.2,5618.96,5338.01,3213.86,2247.64,2247.64,0.2809,0.2709,0.3765,3.0,0.438167,69.238,10.386,48.467,20.772,0.00438167,0.00323156,0.00055859,0.00369669
989,0.6309,0.2276,0,45,-45,-45,45,0,84018.65,5425.26,5154.0,3144.35,2144.81,2144.81,0.2486,0.2386,0.3782,3.0,0.428625,65.632,9.845,45.942,19.69,0.00428625,0.00313096,0.00054681,0.00362925
990,0.4924,0.2629,45,45,-45,-45,45,45,66425.91,4276.69,4062.85,2508.03,1723.37,1723.37,0.2856,0.2756,0.3149,3.0,0.359939,43.584,6.538,30.509,13.075,0.00359939,0.00260668,0.00045929,0.00305733
991,0.5946,0.1888,0,45,-45,-45,45,0,80268.73,5508.86,5233.41,2917.86,2109.88,2109.88,0.3108,0.3008,0.3288,3.0,0.283233,42.879,6.432,30.015,12.864,0.00283233,0.00220432,0.00037394,0.00233511
992,0.511,0.1965,0,30,-30,-30,30,0,69039.53,4579.85,4350.85,2545.93,1767.98,1767.98,0.2859,0.2759,0.3407,3.0,0.472957,60.411,9.062,42.288,18.123,0.00472957,0.00355928,0.00061252,0.0039572
993,0.4666,0.2779,0,30,-30,-30,30,0,63209.58,4119.45,3913.48,2298.57,1664.78,1664.78,0.2684,0.2584,0.3686,3.0,0.186956,21.508,3.226,15.056,6.453,0.00186956,0.0014036,0.00023819,0.00156636
994,0.4972,0.2649,0,60,-60,-60,60,0,69721.46,4726.1,4489.8,2528.22,1757.91,1757.91,0.2878,0.2778,0.322,3.0,0.089553,11.669,1.75,8.168,3.501,0.00089553,0.0006923,0.00011715,0.00074069
995,0.5849,0.2638,0,60,-60,-60,60,0,80003.89,4973.66,4724.97,2928.97,2003.18,2003.18,0.2517,0.2417,0.3016,3.0,0.274189,38.675,5.801,27.073,11.603,0.00274189,0.00198065,0.00033839,0.0023328
996,0.5227,0.2567,0,45,-45,-45,45,0,69768.13,4633.47,4401.8,2604.09,1790.96,1790.96,0.29,0.28,0.3523,3.0,0.288513,37.398,5.61,26.178,11.219,0.00288513,0.00215417,0.00037522,0.00242136
997,0.5613,0.2095,45,-45,45,-45,45,-45,75956.03,4898.04,4653.14,2780.5,1948.69,1948.69,0.2974,0.2874,0.3042,3.0,0.403407,55.457,8.318,38.82,16.637,0.00403407,0.00299173,0.00051108,0.00339666
998,0.561,0.1974,0,90,90,90,90,0,79288.15,4949.76,4702.27,2680.96,1883.56,1883.56,0.258,0.248,0.366,3.0,0.347998,47.727,7.159,33.409,14.318,0.00347998,0.0026703,0.00042136,0.00289266
999,0.6119,0.2825,0,45,-45,-45,45,0,82299.05,5534.57,5257.84,3112.34,2161.65,2161.65,0.3131,0.3031,0.351,3.0,0.173736,26.898,4.035,18.829,8.069,0.00173736,0.00129637,0.00022878,0.00145801
1000,0.5487,0.2382,0,60,-60,-60,60,0,75112.43,5018.93,4767.99,2759.71,1925.75,1925.75,0.2556,0.2456,0.3552,3.0,0.125383,17.494,2.624,12.246,5.248,0.00125383,0.00095086,0.00016303,0.00104568
