Sl.No,Fiber Volume Fraction,Fiber_Thickness,Load (N),ModelingPly.1.ply_angle, ModelingPly.2.ply_angle, ModelingPly.3.ply_angle,ModelingPly.4.ply_angle,ModelingPly.5.ply_angle, ModelingPly.6.ply_angle, E1, E2, E3, G12, G23, G31, nu12, nu13,nu23,Inverse Reserve Factor Maximum,Total Deformation Maximum [mm],Equivalent Stress Maximum [MPa],Shear Stress Maximum-XY [MPa],Normal Stress Maximum-X [MPa], Normal Stress  Maximum-Y[MPa],Equivalent Elastic Strain Maximum [mm mm^-1],Shear Elastic Strain Maximum-XY [mm mm^-1],Normal Elastic Strain Maximum-X [mm mm^-1],Normal Elastic Strain Maximum-Y[mm mm^-1]
1,42.78,0.2257106086075777,4119,0.0,90.0,90.0,90.0,90.0,0.0,82446.97929529437,5714.803936822028,5382.272804326552,3174.854524316954,2246.089365577599,2127.49544654198,0.2445627567421325,0.2499529652328717,0.3081218894960447,2.3811835333181945,0.2918011137548109,47.05251866074575,6.99611933501556,32.57676848778393,13.656967011762225,0.0029441722137152,0.0022223008732617,0.0003797984097157,0.0026330271563107
2,46.88,0.2283707280523524,4537,0.0,90.0,90.0,90.0,90.0,0.0,64036.5422629026,4337.84307256068,3939.794062677303,2374.417890708426,1545.732273607154,1651.350665850037,0.2545670217003222,0.2480197988338731,0.3193875598794501,1.2973549368106525,0.197818592140968,23.0446271380138,3.4781549206724303,16.333986061030707,7.103671850726708,0.0020608942704548,0.0015543953951048,0.00026135314019,0.0016080433512602
3,43.49,0.2092554448611195,2414,0.0,90.0,90.0,90.0,90.0,0.0,74573.24672421941,5157.37058051951,5190.187339026295,2947.489877998523,2055.254243588884,1967.2505287610552,0.2542760253391679,0.253117489177745,0.3396107454582042,2.065746530553574,0.0893826657136543,13.196804598416485,1.911899980767494,9.26233245500928,3.782337665658418,0.0008871190583109,0.0006556361829751,0.0001177268805429,0.0007763592240681
4,56.92,0.2936722938451843,1919,0.0,90.0,90.0,90.0,90.0,0.0,84688.5188064385,5648.41962117654,5469.515875157304,3011.9059576968634,2198.136524513728,2151.054393819439,0.2760696729827653,0.2712104827631916,0.3466942683189822,2.6146426661550364,0.1038767232533349,16.809744123191564,2.4208579668405306,12.50989605132408,5.105002250353116,0.0011065098080029,0.0008247490948173,0.0001490626946293,0.0009004093439102
5,42.17,0.2921430447519774,3733,0.0,90.0,90.0,90.0,90.0,0.0,61829.39218047159,4515.561005631362,4196.870674085932,2549.9457528105977,2076.599888038454,1828.1463679976637,0.2594660994496771,0.2639220720709146,0.3449896102154043,1.6811990783694588,0.1402419390719943,17.605902969840955,2.6182997376284027,12.036389425023582,5.216900315719994,0.0014358851932809,0.0009974615993155,0.000175024551573,0.0011768888953858
6,40.79,0.2106817361806787,3228,0.0,90.0,90.0,90.0,90.0,0.0,77606.68427234486,5577.290116903053,5199.912210482002,3086.7318581729246,2116.458567366831,2119.9519908871075,0.2681704948156699,0.2526833164272194,0.3395763333311943,2.0744077772621026,0.300250795669187,45.74257665860694,6.945257102540057,30.77413219243584,14.259158258898704,0.0029728404094933,0.0022790374428208,0.000409961182077,0.0025654720937127
7,45.47,0.2509390259566918,1883,0.0,90.0,90.0,90.0,90.0,0.0,60182.15361539014,4063.8449893165935,4052.0351163506384,2332.937735249641,1617.5264310030232,1593.825002328951,0.3161613986767478,0.2989354167603158,0.3828188287565685,0.9275901893246192,0.4384468468858373,51.0065181863452,8.32755544541105,37.375655201623736,15.692550679126391,0.0045857315045832,0.003359144137284,0.0006234755096966,0.0038949020367342
8,55.05,0.282190155251577,3569,0.0,90.0,90.0,90.0,90.0,0.0,85701.66887711395,5802.87067798156,5470.794628152582,3013.351602177059,2253.907007245256,2259.667123864406,0.2785463814834106,0.2700216403719181,0.3205781881726308,2.5607008894118053,0.0871096062706485,14.420355787933492,2.137724359119056,10.01962810124762,4.33493782270902,0.0008702539697446,0.0006973574173434,0.0001164816707559,0.0007214868321176
9,44.97,0.244428058733723,3798,0.0,90.0,90.0,90.0,90.0,0.0,73892.55488485415,4679.595196160793,4638.028609040107,2723.995938485776,1900.601934609848,1955.642321095426,0.2562490151684864,0.2507348345151274,0.3143148847298433,1.9881919386791589,0.1957476767782531,29.471734718215945,4.2132217553982985,19.648902880051818,8.24107130841353,0.0020636506884063,0.0015244689446525,0.0002714901360606,0.0017717757126636
10,57.53,0.2189901077560281,4161,0.0,90.0,90.0,90.0,90.0,0.0,63175.32897612076,3934.014084122105,3801.583664795252,2351.8071725489744,1614.2230441962934,1549.5910814001493,0.2761309568955451,0.2552662657643036,0.3642033737703608,0.95135823466665,0.5672069758546371,56.57782784946839,8.724291703759725,41.68181325991133,18.92445647936352,0.0052778154188372,0.0037523014418047,0.000643848153426,0.00422326543603
11,45.51,0.2180794328825778,3218,0.0,90.0,90.0,90.0,90.0,0.0,89915.82271560734,5653.630921417545,5665.168649554915,3436.8647522387146,2277.032849402488,2291.0203100139133,0.2418643913527425,0.2228686460160054,0.3725656379658896,2.97704390978889,0.1059298349995758,17.34746968758356,2.5724295695872814,12.505948741340946,5.040393702859827,0.001061291215674,0.0007940252079956,0.0001424197248983,0.0008878297379183
12,46.95,0.1955931196478457,3913,0.0,90.0,90.0,90.0,90.0,0.0,60882.35899490998,4159.725830357324,4020.039473277447,2307.061920027121,1620.9781027014644,1692.620462632162,0.2711080323656322,0.2609592365912597,0.3787389057607324,1.188317713211402,0.5067110033657409,61.684237867662986,8.956529249686593,43.9382904861879,19.247133621488533,0.0050728091175187,0.0038502518302246,0.0006537788874271,0.0041980246435484
13,58.97,0.1905982928409099,1526,0.0,90.0,90.0,90.0,90.0,0.0,73325.4943434999,5304.389363350393,4742.585929593931,2779.332900578041,2047.9125680710972,1890.6230914387977,0.2703187875669622,0.2545474723609813,0.3510571596154928,1.7764923981489955,0.4426652405445585,59.78983312771632,9.515229397297333,44.38283411952112,19.112187738294036,0.004161090904441,0.0032817096469766,0.000592211519439,0.0034777815205964
14,57.45,0.2477386828567402,2153,0.0,90.0,90.0,90.0,90.0,0.0,82517.83290116568,5090.9465879682375,5052.087872581389,2918.180475520224,2236.469528146609,2265.025323464103,0.2930609035127358,0.2786434864679527,0.3745116398058768,2.425338273399626,0.3278982825110768,50.437677823374926,8.006652331731052,37.965451596232825,15.756221287868051,0.003468123568652,0.0025128618043658,0.0004700009620868,0.0029705619559346
15,46.95,0.2875061432110391,2893,0.0,90.0,90.0,90.0,90.0,0.0,76971.51846258422,4644.90623266224,4624.298430757898,2470.618047973602,1944.5039524312008,1959.813970611148,0.2675390780770319,0.2626521945186445,0.3253198654315861,1.9285831244780596,0.3115570236045651,38.89083118567425,5.806511651975664,28.195486146676764,11.888472405535056,0.0030303138262611,0.0023472011416062,0.0003915496823701,0.0026216008841751
16,63.93,0.2335893574771489,2381,0.0,90.0,90.0,90.0,90.0,0.0,60742.72507040736,4244.62329365476,4105.715601678028,2192.904144363045,1539.0469203041698,1505.9980533156545,0.2937768263888402,0.2889249897134257,0.3482133837370697,0.9845592012492136,0.4856698389236954,56.51761133302661,8.472612612414014,38.11278240266538,15.347084879112378,0.0047072740844603,0.0038663917779885,0.000658874199799,0.0039173770512942
17,42.56,0.1939259441200283,2878,0.0,90.0,90.0,90.0,90.0,0.0,65068.60411909594,4739.533899658144,4656.216785118278,2720.665196746872,1698.5182707479664,1746.550974535476,0.3079978000902376,0.2892890492472674,0.3571891714055316,1.7142247680464269,0.1029923661364508,12.199403073977594,2.0496151437204624,9.033370698478029,4.243788546235346,0.0010636795192708,0.0007948742368417,0.0001392861241977,0.0008627988860458
18,42.42,0.1927020043688729,3056,0.0,90.0,90.0,90.0,90.0,0.0,62490.04103608851,4286.295017052859,4036.772421272144,2228.506791831401,1485.405248960294,1597.4232539732682,0.2636814301856653,0.2673197901365882,0.3099037438239875,1.187440884462356,0.3156691380109869,34.640946432622044,5.220569835973759,24.12949956222294,10.217403578605827,0.0029795339187771,0.0023121914529834,0.0004106436977624,0.0026967833639026
19,48.6,0.2628279399129107,4971,0.0,90.0,90.0,90.0,90.0,0.0,72007.63273368904,5171.851644456287,5005.972786075637,2770.553788661868,1992.804365677078,2080.969667936964,0.2666566733968556,0.262109466702526,0.3403390289714876,1.941697027424469,0.2868449050141159,37.82117303818941,5.859178697882284,26.18231554953148,11.897919147149704,0.002795309349456,0.0021068019939639,0.0003953093809481,0.0023538515861774
20,60.18,0.2516376604074261,2583,0.0,90.0,90.0,90.0,90.0,0.0,70743.77690349614,4554.259319699899,4340.104476144635,2675.0089825687905,1895.500305366107,1848.6275607069235,0.2768322111789588,0.2651272495762119,0.3626852199076143,1.9288141835031705,0.061745969970538,7.709270861315767,1.1878164727572271,5.561202124367985,2.300616041103416,0.0006275491916618,0.0004365922759959,8.126046214281618e-05,0.0004888784135214
21,51.49,0.1923327395064471,4488,0.0,90.0,90.0,90.0,90.0,0.0,68865.37561055076,4551.915869452712,4516.864058925064,2620.408211295267,1839.7936430796635,1820.6774617344424,0.2849807790182874,0.2597581340471321,0.3532662809004416,1.9412755785953093,0.0598841735234505,7.972012612322447,1.1963025818457016,5.541818877784498,2.5030914276016056,0.000595690875169,0.0004565451382738,8.323943914750678e-05,0.0005056667893619
22,64.33,0.2634064413523815,2011,0.0,90.0,90.0,90.0,90.0,0.0,69427.7673362482,4318.151507163313,4192.407394958708,2540.303610876884,1807.684969668997,1856.5501877538288,0.2726791353509116,0.2650287535271277,0.3247437861705342,2.091874921198126,0.0939964700587173,10.696373104474212,1.566890662905683,8.180884155899333,3.332911577674467,0.0008787571424501,0.0006447551375335,0.0001133532255939,0.0007594420597652
23,41.97,0.2085071440295139,3050,0.0,90.0,90.0,90.0,90.0,0.0,74289.41844264779,5164.774385444849,5062.876576615085,2767.38293837677,1935.0143635567752,1989.6010038376448,0.2751918052179838,0.2690297605415949,0.3286865800570944,1.7344126997031868,0.4266544988707615,60.97072478813584,9.190817570067724,40.3896948805562,18.640429199128054,0.0038728622172232,0.0031871065065773,0.0005492224924048,0.0036928343351623
24,60.74,0.2824926803883897,2700,0.0,90.0,90.0,90.0,90.0,0.0,70519.85319561102,4416.93253223886,4382.030712145172,2485.8539836326645,1699.2248633988695,1744.0030898268417,0.303505011334117,0.2614332009379599,0.3619825941837851,1.546181841472087,0.3813703028970643,52.02886817465936,7.304382424564661,34.96018262156725,14.71079909952595,0.0041248159419552,0.003058758201379,0.000519894224494,0.0034225890370995
25,62.14,0.2177922733357193,4033,0.0,90.0,90.0,90.0,90.0,0.0,81972.30977330545,5477.929177992226,4930.368866666664,3056.7387508174247,2047.977730111311,1929.249162568354,0.2880032844692846,0.2813356853411929,0.3585139687841962,2.053021377096453,0.3255296866151494,45.61308668706037,6.659503423320049,31.789748295074133,14.241523739663585,0.0031059303177116,0.0025387771019978,0.0004009736432404,0.0025795639628361
26,54.43,0.2061175458182297,2981,0.0,90.0,90.0,90.0,90.0,0.0,84383.5975181484,5788.635730665141,5559.107561049618,3237.173278518191,2231.082795572328,2299.1314531726075,0.2978707885043147,0.2846102733138546,0.3801503596581194,2.352078067786029,0.2317272897139599,35.92222294849262,5.700180994644732,25.88349597929861,10.870077167972532,0.0022047756834982,0.0016889580792583,0.0003001868350649,0.0018353472129316
27,41.74,0.2214197169537775,4385,0.0,90.0,90.0,90.0,90.0,0.0,85195.76369112382,5945.586526313145,5250.5585212875,3186.237587692372,2266.8592872347094,2217.8653044849843,0.3189628221444574,0.2969159477970342,0.3340573038743378,2.4024991949642613,0.2691307365416203,38.94073302673648,5.970778834758272,25.9148699368214,11.752436679507882,0.0024959918847318,0.0020014168721855,0.0003385666476147,0.0021572926790747
28,45.7,0.2802403638991755,4208,0.0,90.0,90.0,90.0,90.0,0.0,62929.21945129168,4636.61837538949,4120.306520531188,2340.320590796063,1692.4820113474248,1843.0481157588565,0.2556560710935077,0.2416871335430727,0.3369878489686792,1.5091736871684225,0.1002650566772271,11.779467418724163,1.8647662236102744,7.978432781508767,3.709535997610959,0.0010155132769447,0.000779504754157,0.000128737094958,0.0008438635819409
29,64.63,0.2507596931607323,2685,0.0,90.0,90.0,90.0,90.0,0.0,84342.94488050029,5839.414608454536,5207.561956477593,3154.917849834688,2212.614048275253,2303.5387961948377,0.3256456070364448,0.319636433844617,0.3802778920728817,2.678296200756574,0.054891060871095,8.85354992539761,1.2430583540702174,5.936113442712095,2.6419483783772075,0.0005316965795068,0.0004008960677589,6.806368406510308e-05,0.0004260113695364
30,61.66,0.2268528143671388,2453,0.0,90.0,90.0,90.0,90.0,0.0,65797.30728225065,4228.405505318531,3886.862645779985,2295.477542124056,1650.8997627200642,1656.5164102868112,0.2934705297475992,0.2765950369502108,0.3852376702014763,1.6872711612820244,0.1600721655064888,18.950699359293807,2.862940477750329,12.906062570032413,5.345790036206998,0.00164288692849,0.0011377032709699,0.0001959963941629,0.0013193958944918
31,46.95,0.2578203352987089,3056,0.0,90.0,90.0,90.0,90.0,0.0,75799.74728627854,4986.602408474558,4512.632783602553,2638.6106013199856,1914.137489240435,2050.096944124495,0.3078164244341822,0.292845098989467,0.3822686697413537,1.6558964635918365,0.4464592943641859,58.16470063664529,8.623950304931602,41.55889043734504,17.760817986622477,0.0043299253053173,0.0032580944545665,0.0005663942785624,0.0035489469018607
32,60.85,0.2231256195007202,4103,0.0,90.0,90.0,90.0,90.0,0.0,66715.99882179238,4430.620221209271,4446.020565701023,2544.030586852836,1821.1641921580597,1745.5440913841085,0.232649806626111,0.2254255198895488,0.3187877421742139,1.4778872879415474,0.3646283364313658,43.73127589643661,6.920502085421969,32.335022715760964,14.34497964922272,0.0035216795453563,0.002780489685664,0.0004649950360532,0.0029352326979631
33,49.25,0.1953806803495042,2166,0.0,90.0,90.0,90.0,90.0,0.0,77451.83992769371,5169.4584534160485,5171.7751707894095,2910.275397616524,1941.9915456990525,1993.606342683076,0.3129310911370406,0.2909092861529368,0.3173104861972899,1.9619721281409257,0.3432073142453115,51.353674402822,7.880677050933136,36.07135257087339,15.73766971917215,0.003588975758496,0.0026858778298415,0.000498486314841,0.0030682415567139
34,56.75,0.253558471306922,2358,0.0,90.0,90.0,90.0,90.0,0.0,74944.35163642057,4831.89221458123,4450.842838579424,2601.186417262729,1742.9422179042172,1631.9952792784256,0.3085871784459544,0.3018263777254917,0.32792217406309,1.1867994031403786,0.5096423464384522,64.04845828464536,10.22514526177451,43.68470392281503,18.4873626275708,0.0047845832451818,0.0037108122161593,0.0006725539654401,0.004199837205873
35,63.42,0.2893754413414092,4374,0.0,90.0,90.0,90.0,90.0,0.0,83187.12873089612,5378.647145722512,5122.820027314975,3086.4316589569557,2119.0240963509277,2078.980428790014,0.2689404081425913,0.2753705419019381,0.3101530897605003,2.5810699858920385,0.0853299126018333,12.976156189004351,1.872150691822417,9.382390024852915,3.843049357552967,0.0008704924730581,0.000627288705677,0.0001068455758587,0.0007621537733586
36,41.79,0.2623073907617693,4154,0.0,90.0,90.0,90.0,90.0,0.0,78321.07485354348,4882.710107475293,4659.366624876519,2951.9099973987563,1870.4934605736707,1868.4345084614597,0.3168820051237853,0.2937741725249168,0.3361840819165455,1.630081238478463,0.4785260274773337,59.43551985447064,8.850682190223583,43.17288053674212,18.36978927940167,0.0041936041950564,0.0032900763144931,0.0005677033284968,0.0037176902049492
37,44.28,0.2240959888655717,4100,0.0,90.0,90.0,90.0,90.0,0.0,60894.42815425075,4833.6283550079725,4405.198547830531,2354.9573427406917,1651.4696527959777,1576.8253039797962,0.3210504796585736,0.3025519806272307,0.3743535201081364,1.393489245987532,0.2456007749162231,28.09574041642087,4.2068820215028895,19.91096505010892,8.878961254321924,0.0023533902592243,0.0018268475766026,0.0003110938609489,0.001867745210146
38,46.12,0.2319745870286299,4486,0.0,90.0,90.0,90.0,90.0,0.0,61864.54500861163,4190.288906908477,4475.613857204946,2429.374300841308,1598.9325183898193,1698.1337189879791,0.2546446639525028,0.2361732364944201,0.3569348376675649,1.4416288475707246,0.2527946607189706,32.372035939429765,4.971007854227255,23.61958006498038,9.753450688214205,0.0025649783123578,0.0019619857289718,0.0003517035624879,0.0019425268893226
39,49.49,0.2514091746070284,3393,0.0,90.0,90.0,90.0,90.0,0.0,86117.1090062403,5769.234281485863,5298.381894249881,3254.148924757235,2191.415449847916,2134.4106591850896,0.264279843022588,0.2609772582643916,0.3330785037829777,1.855485212302897,0.3814332369681957,57.839642920041705,9.014167075530953,41.665879300927806,17.91002089051283,0.0038783670069656,0.00295450342003,0.0004968006281766,0.003254865189354
40,57.2,0.2750024959307608,4121,0.0,90.0,90.0,90.0,90.0,0.0,80198.20616892951,5300.522879204058,5026.056801885201,3063.464249607458,2203.067095016149,2244.905577279897,0.3187714089220533,0.3047095872849235,0.3677249969492624,2.232296072900532,0.443479979146601,64.1118604656103,9.734003604596795,47.88983073599618,19.200677901397192,0.0045001843966673,0.0033603771529724,0.0005646978520763,0.0036873699296561
41,57.12,0.2618904792238691,2399,0.0,90.0,90.0,90.0,90.0,0.0,72980.90117396794,4615.533049087213,4429.03181155555,2551.9111005231,1930.1448377197048,1851.298517451269,0.2528376202327719,0.2310457807950644,0.358887871623491,1.6348846835034248,0.2070706620472292,28.8777232178387,4.454117750614532,20.45298104041973,8.228408717041711,0.0021589546953369,0.0015724339891888,0.0002797840874664,0.0018201888130343
42,59.21,0.1904994980767266,4952,0.0,90.0,90.0,90.0,90.0,0.0,76643.6203728755,4937.410422940979,5147.97421916537,2834.915464946628,1837.5862454437056,1771.1491544128778,0.3313637896155536,0.3024996771637058,0.3070244072776337,2.0173067757536725,0.1718767349720818,23.503027400623065,3.621331599821832,16.91366962397848,7.339527747692421,0.0017544175568923,0.0012752605445175,0.0002226446628863,0.0014386153247117
43,45.73,0.292945687639116,1729,0.0,90.0,90.0,90.0,90.0,0.0,69070.33077504976,4865.1531437577405,4660.038112550379,2557.786560316298,1798.5410363844112,1837.1911983534028,0.3009686064224139,0.2798897097355265,0.2937839939592471,1.6686944337058094,0.5073791849566024,62.5073028781506,9.681260561063796,47.04372666116687,19.567324224369774,0.005109222902565,0.0041355167041512,0.0006413950131845,0.0042260326919583
44,60.13,0.1948147111936875,1631,0.0,90.0,90.0,90.0,90.0,0.0,77730.16101353648,5382.233885206733,4894.14583064491,2938.7922783026206,2003.8941789069224,1990.947184606783,0.2392052155522278,0.2478175748752262,0.3561962666585395,2.04001011448244,0.3565082791552656,49.99960090147414,7.811396251973938,35.2329932377459,14.384108965621008,0.0033353972320033,0.0024885906142768,0.0004535201125357,0.0028761454923564
45,46.69,0.2707136531037524,3143,0.0,90.0,90.0,90.0,90.0,0.0,63740.02519630038,4070.457310660774,3700.745153198214,2229.94037387266,1624.49335166756,1573.529755659485,0.2603665560487131,0.2580234796409139,0.3612552051569336,1.3055424890469522,0.1507853367315428,16.04790758916898,2.5577189837026637,11.552892472578057,4.698478758696913,0.001477159914103,0.0010829382034014,0.000179193209544,0.0011501679241081
46,62.83,0.2831759590134942,2364,0.0,90.0,90.0,90.0,90.0,0.0,86237.52208673136,5942.193653375256,5290.0558602586,3207.815012435658,2194.102276662114,2138.976949231113,0.2841057508194818,0.2833791950555655,0.3162895712088459,2.657612029562943,0.0878369572110374,13.705891484288829,2.0841325265387654,10.0053939572712,4.396560564131137,0.0008738152254874,0.0006827575911327,0.0001114629659915,0.0007242645701269
47,61.91,0.2537072722737045,3823,0.0,90.0,90.0,90.0,90.0,0.0,85378.64858168513,5489.714271791097,5130.606404207524,3340.9635084086544,2253.203583677624,2201.8942980216734,0.238716069763016,0.2665141881103893,0.3372601509012462,1.954222494035242,0.3707785441957614,52.6257496226638,8.283909041042959,39.12398266281188,15.83286599469912,0.0034294272468619,0.0024769387275146,0.0004297263187068,0.0030125556942524
48,45.32,0.2463922034602873,2788,0.0,90.0,90.0,90.0,90.0,0.0,76706.28156563421,5502.910551495813,5157.266674912451,3266.1157586056365,2083.1053316127704,2150.7072665569526,0.2728197613283497,0.2804740901637037,0.3764283400657476,2.483512319683376,0.3089468267416929,49.3713002491025,6.9955742609289375,34.54119734355369,13.787970508094231,0.0030628701677878,0.0022408748671986,0.0004040818640969,0.002372044829137
49,49.89,0.1843271494045903,3544,0.0,90.0,90.0,90.0,90.0,0.0,73079.30871562556,4383.221206899524,4618.931561022599,2394.854615785197,1724.2773212335294,1762.2476913436292,0.2508039090232862,0.2259647165070629,0.298101394974593,1.6623112193124914,0.2614757207580574,31.76986742399117,4.652717466129465,23.75223079295929,9.918931819623516,0.0024295999422289,0.0020011183797958,0.0003256617662665,0.0021434966419133
50,51.47,0.2627826007299491,4133,0.0,90.0,90.0,90.0,90.0,0.0,72394.1766587922,4328.198398562784,4389.103407472397,2488.060932528657,1749.6100799185854,1757.3444680239145,0.2517394469629821,0.2552460569268766,0.3584125240734268,1.331712295623671,0.389095354414915,49.32317497496392,7.821533537360733,36.47370808702741,15.06636137571273,0.0038543918458558,0.0031571788319632,0.0004963071317995,0.0033132960217978
51,43.49,0.1843271494045903,2584,0.0,90.0,90.0,90.0,90.0,0.0,73079.30871562556,4383.221206899524,4618.931561022599,2394.854615785197,1724.2773212335294,1762.2476913436292,0.2508039090232862,0.2259647165070629,0.298101394974593,1.6623112193124914,0.2614757207580574,31.76986742399117,4.652717466129465,23.75223079295929,9.918931819623516,0.0024295999422289,0.0020011183797958,0.0003256617662665,0.0021434966419133
52,54.03,0.2808620530991186,4551,0.0,90.0,90.0,90.0,90.0,0.0,61319.98186005744,4213.584565287937,4048.326324154319,2574.1277146615766,1645.2493039166188,1688.5839745792018,0.2998556284245601,0.2907041581871588,0.3693832426172182,1.4512894386480084,0.2033034104434961,23.55282067139324,3.5812281545141524,16.324647610155687,6.995881402402362,0.0019708092147981,0.0014216309173887,0.0002629542674116,0.0017257245271419
53,58.68,0.2804755974403797,2576,0.0,90.0,90.0,90.0,90.0,0.0,81824.00971837525,4952.9271619585215,4664.763063429671,2869.270941430944,1755.0974723781335,1714.4207878196012,0.2526236395900967,0.2450521333297094,0.338813886726201,2.0897942950651616,0.0715303253314518,10.705521631254303,1.6217180182623805,7.626018709255646,3.19849674525326,0.0007672389613953,0.0005707905917471,9.749432566873596e-05,0.0006084188259219
54,62.45,0.2133820765361689,3254,0.0,90.0,90.0,90.0,90.0,0.0,82429.05708244148,5368.72725795174,5037.7149100174765,3143.3120793216417,2099.948927796157,2051.2310956424035,0.2416345964628648,0.2303206285269346,0.3122829905190361,1.973658534768916,0.4544397926399932,66.99643394026532,10.354073534987428,46.380047865359785,19.54937425680729,0.0042173951095019,0.0034567687019395,0.0005477233542406,0.0036845222291431
55,49.05,0.1873809064596713,3135,0.0,90.0,90.0,90.0,90.0,0.0,72541.5027402597,4878.7174621915,4476.65199207611,2758.2624957290773,1866.3132747347536,1768.3032243188131,0.250677277515025,0.2380019556189523,0.3463940216030641,1.3992573099213388,0.4747672034286431,66.40856774705655,9.604735526748176,44.61443405027391,19.17895282036323,0.0048270088086573,0.0033344642749881,0.0006094801271821,0.0040079240620223
56,52.74,0.2725904686501371,2066,0.0,90.0,90.0,90.0,90.0,0.0,76244.27221417538,4719.145497758806,4184.043927316753,2764.9750779699643,2035.7083329240768,2078.745752790023,0.2424750432697758,0.2295214930325512,0.3605716500330061,2.064826792175325,0.279619779995411,37.52484292439348,5.418982136004199,25.09665548112369,10.529318229774676,0.0027713064298344,0.0019021905959515,0.0003354975281496,0.0022964573965222
57,58.89,0.2731652752027104,1872,0.0,90.0,90.0,90.0,90.0,0.0,69238.26989558343,4453.003769061225,4091.633140399453,2616.693302265859,1800.3392039202158,1926.036788259683,0.2682562322023051,0.2495174279562884,0.3337464113505495,1.8041985290599776,0.1387249663332943,18.357760924525408,2.550265464924743,12.379730587970702,5.412614909867076,0.0014811011510271,0.0010336073181078,0.0001855406853785,0.0012319314454233
58,43.82,0.1834895998376058,1949,0.0,90.0,90.0,90.0,90.0,0.0,84816.0141964369,5961.398831232933,5620.368007366078,3154.6815822331246,2183.7847713740084,2430.938460792195,0.2698267359136139,0.2611477004300919,0.355556406429827,2.4304775641769902,0.1686684470249561,26.55234335383429,3.866465900217343,18.482119943622443,7.957747762622872,0.0016805040513222,0.0013257848703836,0.0002029801440366,0.0013228669463516
59,59.8,0.2510449621876471,2155,0.0,90.0,90.0,90.0,90.0,0.0,86328.5275588969,6147.305304413363,5761.097474426429,3047.056201026452,2117.519903269494,2319.0559840656265,0.2788648753919647,0.2612277888105875,0.3136903968746611,2.5495247422944427,0.2323160549287973,35.13137799179305,5.285799516756592,24.94704659318346,10.609729964893305,0.0024140521182113,0.0017485991175934,0.0002884038242922,0.0019903056291547
60,54.91,0.2357754879031457,3229,0.0,90.0,90.0,90.0,90.0,0.0,73211.9652412182,4851.41526833938,4895.62895358302,2632.8517261878987,1850.8579922116503,1897.084721379244,0.3352916196885369,0.3075988613499819,0.3734146997484792,1.8067806852771569,0.3404360259488497,51.13991160375794,7.249827913563641,34.28690843800052,14.261207052704563,0.0034047472456825,0.0026934782444267,0.0004822684940786,0.0028542503445854
61,49.54,0.2265245734661793,3076,0.0,90.0,90.0,90.0,90.0,0.0,57929.50248292436,4084.201698231181,4067.367569981509,2273.5082036602844,1552.3351511460864,1589.759366466203,0.3049676602575941,0.2808621256287486,0.3362154086963009,1.0020150691127625,0.3182386626456605,35.914593012845806,5.806719586345038,26.16551153711571,11.602224843421611,0.0034245141212253,0.0026179826454324,0.0004401646630718,0.002921912136342
62,53.23,0.2932290824700503,3417,0.0,90.0,90.0,90.0,90.0,0.0,74244.74108794269,4675.022942495136,4512.70352218906,2312.9066000294524,1809.345300491223,1771.7413144551738,0.256692637579047,0.2324337773962672,0.3504138591871411,1.7174661616193176,0.298692657224446,36.969465794950125,5.538682140770538,25.88389070930832,10.781533620373466,0.0026982730457993,0.0021410281778937,0.0003603558304709,0.0024157363858779
63,61.52,0.2176980746082857,3766,0.0,90.0,90.0,90.0,90.0,0.0,69252.13289287312,4491.318761677871,3967.951076237036,2304.1469230757893,1690.4260843795007,1687.3233199057074,0.327258942340977,0.2921794002139846,0.3370996503955374,1.2077224675324556,0.3351938139267301,41.61320314031465,6.051655196872796,28.271380818827275,12.24653933530788,0.0034378860794342,0.0024820290555607,0.0004089575871675,0.0028852587331709
64,57.01,0.2393225506725886,1547,0.0,90.0,90.0,90.0,90.0,0.0,79285.57841770982,5688.741389403104,5203.937595023076,2992.630953635522,2179.083407793311,2091.035491582536,0.3018714226238672,0.286276751676449,0.361825363006139,2.4104485057804417,0.2559974607068329,39.68076721500484,6.059424793140042,26.82845399918348,11.69701463157589,0.0028125876319403,0.0019653547339779,0.0003487577979229,0.002110963344442
65,57.04,0.2906677761940714,1969,0.0,90.0,90.0,90.0,90.0,0.0,76372.54705432482,4796.946741137515,4595.005800222628,2767.0720590324604,1900.8791681299624,1964.5077457055188,0.2795760152837356,0.2668322837654576,0.3275992396997822,2.150422120534447,0.2225372921063847,29.612641192561203,4.593392716289223,20.48468674666789,9.027899504575206,0.0022565734206222,0.0016539760109977,0.0002933550534542,0.001894986932166
66,58.77,0.1946268107848015,3699,0.0,90.0,90.0,90.0,90.0,0.0,74224.79067752605,4939.670709762235,4887.171956419844,2727.9952718442287,2073.163529082865,1998.5063186913032,0.2473490479672234,0.2405440614104003,0.3580268021749919,1.840046352966738,0.2986956343010157,40.75334907610984,5.862531850922724,27.70833395104423,12.322695070311651,0.002629438795743,0.0021565828101894,0.0004011170602122,0.0025078219718489
67,56.02,0.2240837883150535,4648,0.0,90.0,90.0,90.0,90.0,0.0,73806.15689826033,4761.238249951546,4573.871108678574,2586.187636609381,1964.021135390939,1935.9176706749647,0.3089420244083244,0.3083308801212082,0.3548636281283445,1.738032429964379,0.4427916651318429,60.462154301139975,9.385742534105718,43.644665781109566,17.53953838930145,0.00446162915174,0.0033849392543435,0.0006008120513113,0.0036920304908309
68,47.34,0.1898639197481843,1956,0.0,90.0,90.0,90.0,90.0,0.0,69982.0255186941,4434.492527220386,4155.307180272103,2522.565876679976,1731.693503855513,1812.7731987559143,0.2948695977796786,0.2797995789284069,0.3484339191983998,1.8281913718418423,0.0705349826893046,10.4264894152238,1.458765423327451,6.550281195618374,2.919383428654902,0.0007645237190963,0.000554742206882,0.0001022311833357,0.0006469818384296
69,51.34,0.2757156373393183,2147,0.0,90.0,90.0,90.0,90.0,0.0,77824.66275160263,6067.026359757759,5273.632327134654,2919.305438428636,2124.746599644042,2092.1847158580404,0.2858634557656238,0.2552178843537463,0.3628147702245757,2.1192816565988704,0.3253599340177013,51.59796443467879,7.450623596144097,37.61088832644317,16.387864779973008,0.0034734883617292,0.002639357240544,0.0004663608657901,0.0028914099678609
70,61.9,0.1927244878676716,4457,0.0,90.0,90.0,90.0,90.0,0.0,75770.7373564135,4922.93669456474,4496.393790665514,2512.0827510589365,1888.5883719684496,1938.123812897148,0.3176260232809891,0.3171586719008739,0.3332810162979975,1.6804346262384946,0.2995499345504631,38.79911722998346,5.945310433346817,27.373841423762748,12.135819902607212,0.0030398062177386,0.0023653274569997,0.0003699387663359,0.0024678463440204
71,64.3,0.2630144332749149,2578,0.0,90.0,90.0,90.0,90.0,0.0,82429.00558420182,5702.961317240371,5396.368934045529,2894.689847654284,2130.978003599903,2232.584442935768,0.2847162338057399,0.2656060597791355,0.326887608881977,2.1151982346773317,0.2665860178034364,42.56831867721888,6.280927220325394,27.0716815143888,12.336744181142246,0.0026374619722482,0.0020581692944955,0.0003440019954538,0.0022148997857661
72,44.47,0.2127930746858626,4620,0.0,90.0,90.0,90.0,90.0,0.0,87553.44439109154,4899.102733983894,4553.445397418889,2962.0528096344938,2102.0464640449586,2104.7016141173744,0.3217206530849248,0.2948248065434529,0.345310871301433,2.2091218453830237,0.2743288481169786,40.41303433240845,6.323109548614662,28.144262909980068,12.671729864207387,0.0029206134939047,0.0019762663996933,0.0003421548692266,0.0023346242635279
73,61.76,0.2263441456717842,1935,0.0,90.0,90.0,90.0,90.0,0.0,72339.94863260801,5167.322142111579,4711.830263647761,2810.5347288651765,1996.468647879865,2037.7248075555449,0.2546008059497696,0.2387323296954272,0.35621513712699,2.1919647388094923,0.0945841348622046,12.981183511798193,2.025443443220099,8.84550648266604,3.9031417929926806,0.000978336935319,0.0007008954186042,0.000124651414371,0.0007646948167383
74,61.04,0.2332488299510014,2722,0.0,90.0,90.0,90.0,90.0,0.0,83158.06383347318,5210.7494813710455,5045.197263601111,2875.511714419959,2116.502391263658,2103.8769374817525,0.2366310537525515,0.2379658965517672,0.3449081077174978,1.8447485194720497,0.3986802704082326,56.71898945223301,8.93326588337335,39.73503591703082,17.054728213499896,0.0040518347652326,0.0030627750156427,0.0005234695740225,0.0035035758612217
75,55.22,0.2739519477983095,3579,0.0,90.0,90.0,90.0,90.0,0.0,62893.730774490425,4093.0772359711455,4059.9500492081934,2260.4890289930954,1542.9568958759055,1639.5172712952162,0.2918721857546853,0.2700495749569136,0.2890795010504109,0.9455953432089778,0.2368969791541903,27.41355367847913,4.102762938989701,19.01044168647879,8.030969595277897,0.0023418051605523,0.0018617765775269,0.0003050144330707,0.0018544890493202
76,49.35,0.2807020241104347,2126,0.0,90.0,90.0,90.0,90.0,0.0,81196.19159467815,5712.343951649857,5154.38974912125,3040.2863443188558,2082.703301554761,2097.509520454513,0.249967130903477,0.2335279742542635,0.3688794573456439,2.1223469889229736,0.218234558648361,32.01171028728663,4.8563428878525645,24.045723407578752,10.255842635710128,0.0022288435503779,0.0016374564744197,0.0003011383459027,0.0017862228863998
77,53.48,0.1846541273896033,2161,0.0,90.0,90.0,90.0,90.0,0.0,70635.82863256568,5228.296854295294,5184.72791288252,2787.139827974323,2069.2430309356328,2056.97416978626,0.2497358655184697,0.2511527727499579,0.352534609133408,1.9091864157203096,0.2706297763863476,39.35072917317239,5.879592647929848,28.206811413279443,11.942579268492622,0.0028341730264085,0.0020967430827839,0.000374647318624,0.0022623456972409
78,63.06,0.2268528143671388,4689,0.0,90.0,90.0,90.0,90.0,0.0,65797.30728225065,4228.405505318531,3886.862645779985,2295.477542124056,1650.8997627200642,1656.5164102868112,0.2934705297475992,0.2765950369502108,0.3852376702014763,1.6872711612820244,0.1600721655064888,18.950699359293807,2.862940477750329,12.906062570032413,5.345790036206998,0.00164288692849,0.0011377032709699,0.0001959963941629,0.0013193958944918
79,54.97,0.30796650577782,1502,0.0,90.0,90.0,90.0,90.0,0.0,77639.96954274873,5833.755215676814,5396.377273510386,2999.740530072132,2260.2899764269346,2267.112247477576,0.3088112068271108,0.2993214541121319,0.3296072583291577,2.25184256637899,0.3154435313937672,48.35393490196225,7.171150794176507,34.16164677168638,13.764694923879915,0.0029065249886697,0.0022976970547124,0.0003792414405077,0.0026691035954717
80,40.49,0.2334293373868546,3501,0.0,90.0,90.0,90.0,90.0,0.0,89317.29141384718,5778.898394633354,5277.055009803862,3528.9264583620165,2136.4997348184447,2146.7245383060003,0.2656801410232947,0.2593293877765771,0.3484481604954037,2.5067063072484963,0.3512715432421537,57.28599146150525,8.735464358906992,40.94354987332888,16.29982957570311,0.0034789772250042,0.0026625421698464,0.0004784098280221,0.0030511812245306
81,61.97,0.2381978896561934,2986,0.0,90.0,90.0,90.0,90.0,0.0,70782.8920809739,4866.351456208047,4482.5679868819225,2765.386734867848,1831.204723093757,1922.3614104655535,0.2596124223751558,0.2371298887319074,0.332233803145093,2.051679034155193,0.1313245289297193,19.234067282635163,2.77711569438306,12.734181480441151,5.918994121322698,0.0013900993104595,0.0010281393517966,0.000197571579961,0.0011496723775599
82,60.17,0.3056926616717731,4906,0.0,90.0,90.0,90.0,90.0,0.0,70497.96139689142,4543.087404877757,4162.949182119909,2614.063287446905,1791.463430204639,1754.6941616501035,0.2802860250651356,0.271843682217731,0.3392282492206844,1.211500009149419,0.4113816857010162,54.68493237171376,8.216861897555125,39.084630067263205,15.892038526256906,0.0041952626893729,0.0029680489330856,0.0005384086962449,0.0037093838721398
83,41.45,0.1993672237211884,2480,0.0,90.0,90.0,90.0,90.0,0.0,86291.50344706501,5857.08868530311,5367.717956002366,3104.075865871084,2281.922887824624,2368.467527017908,0.2899786095629496,0.2809941734569434,0.3538783053564852,2.223623785660501,0.2363162686237232,37.913851484589394,5.414439851614694,25.57017409195627,11.13292524359002,0.0022812314695525,0.0016409470654974,0.0002932890176568,0.0018834822868929
84,63.67,0.1979732753204844,3823,0.0,90.0,90.0,90.0,90.0,0.0,75181.08292433136,5251.107435498218,4646.985659625418,2640.307768805942,1725.3081095500074,1798.8155975992786,0.2935439391034691,0.2754581671065679,0.3491066797982657,2.106744124374462,0.0549954254167508,7.373356813318673,1.0940048146269885,4.924280362020031,2.248214015374056,0.0005338179100376,0.0003818759795694,6.917929272580747e-05,0.0004588433458747
85,58.3,0.2730672160650473,1850,0.0,90.0,90.0,90.0,90.0,0.0,72883.43409620048,5038.581694276351,4807.309939244499,2668.507789185708,1988.3279048523327,2105.3495780476974,0.2391884934086648,0.224159151465051,0.3860807791745436,1.4956096586301248,0.4445665830588326,65.25050226742653,9.449946475519097,45.52525764292229,18.190850374797787,0.0044925495024131,0.0035049172029301,0.000594798565867,0.0037466779699939
86,41.73,0.1981786765045056,4842,0.0,90.0,90.0,90.0,90.0,0.0,67799.93282039279,4167.686857695568,4203.058028927969,2361.3264206350595,1627.910330580249,1761.0232204509325,0.3077961033752145,0.2985030100971965,0.36580698926512,1.8777770958108773,0.0883178960668019,10.555058038515616,1.59976523361175,7.540267377064984,3.2130602828039567,0.0008944770446924,0.0006641015190015,0.0001153507501369,0.0006927417699846
87,53.32,0.1774560629849897,4615,0.0,90.0,90.0,90.0,90.0,0.0,81460.06989662178,5871.240495210251,5081.239019819769,2921.292470804841,2088.8598241336463,1995.4260661855965,0.3183625416262194,0.294069997058348,0.3251043030059685,2.203401744876367,0.2867284304201246,42.77772171727132,6.807039220261792,29.437860172005102,12.704766290243017,0.0028085055078879,0.0022331798903286,0.0003875525358649,0.0023416865701398
88,43.21,0.2468877447695028,2015,0.0,90.0,90.0,90.0,90.0,0.0,79395.93317671923,5164.159207853023,4928.056053598317,2783.699780392344,2167.61178337227,2066.9764180192133,0.2477311192316017,0.2437249886677587,0.351584286959301,1.8985358724493304,0.3979435405617482,61.74651168898399,9.20838237055226,40.70181800546575,18.64161893106757,0.0041220179873496,0.002848073058426,0.000543075051436,0.0032807256402254
89,63.67,0.2617171826064864,3446,0.0,90.0,90.0,90.0,90.0,0.0,81547.21770990362,4963.1136768031365,5029.03681485595,2648.8584006004494,1862.2588044870647,1960.4589950866653,0.3009689791089662,0.2862133667877014,0.3315515133012078,1.670302523700857,0.3928550509329825,55.25630241118073,8.196046420352225,37.55374075096831,16.896810551743293,0.0040111807765367,0.0029576793725708,0.0004958761725044,0.0034153496891806
90,46.63,0.1996069000177228,2176,0.0,90.0,90.0,90.0,90.0,0.0,80088.68222113707,5292.956039531227,4798.670831722834,2947.5920270783954,1974.1933967630207,1928.6969273435864,0.2585909066897046,0.2480231058320735,0.3125835082944651,2.187277982362376,0.2058006489005771,28.2827264510906,4.498550824343584,21.23843373993995,8.747667734231497,0.0020457102243917,0.0015477308139315,0.0002591421793451,0.0016804349096292
91,50.58,0.184773344403994,3984,0.0,90.0,90.0,90.0,90.0,0.0,72747.13762021925,4922.379606604429,4323.357249845525,2569.749138478277,1777.1111348188867,1732.491305936675,0.254323646701545,0.2478390833783308,0.3041747749717368,1.5723917496030106,0.3150966660989951,41.90729836369645,6.134836464904571,28.4462056769522,12.625621325212084,0.0031258178181337,0.0023961699365197,0.0004053863233593,0.002661079027119
92,63.22,0.2963725147294418,2367,0.0,90.0,90.0,90.0,90.0,0.0,87244.68906547967,5818.221983135761,5371.071462104936,3367.778330376133,2435.4709324188625,2309.9666039071712,0.2810052806390953,0.2520973937204779,0.3434035918211953,2.859556008678438,0.0531772282373177,8.06259581480138,1.3081043209588818,5.574792516586949,2.554202338682636,0.0005379054218061,0.0003774706856684,6.482591280444634e-05,0.00044636771124
93,58.25,0.2923257744342515,4593,0.0,90.0,90.0,90.0,90.0,0.0,75854.75646092118,5395.056430939286,4944.92492194494,2771.268050235467,1936.7009156912611,1912.0950013335007,0.3049653094818954,0.2892084053007612,0.333209932858141,1.6745596059175771,0.4669903602916142,68.37580293971482,9.951409593195711,45.551710125890814,19.101705357928346,0.0043658759732011,0.003467271667051,0.0005602743706729,0.0037114748119096
94,57.82,0.2535305851873473,2323,0.0,90.0,90.0,90.0,90.0,0.0,65666.86501911134,4239.6874134789,3937.50901287538,2511.707050783189,1553.6225202796616,1583.3297079467409,0.2941631549597257,0.274417441441004,0.3245232536812373,1.6582699972495534,0.0810107726886863,9.963232864444745,1.516373104176365,7.009915225476054,2.964200323902665,0.000827582749713,0.000553942463577,0.0001107686029533,0.0006958488973148
95,64.88,0.2182945852803647,3134,0.0,90.0,90.0,90.0,90.0,0.0,80542.33809990717,5616.512228814955,4865.224235356336,2940.749108137474,2186.3795113983742,2137.7858106559825,0.2855183338383808,0.2556693367153605,0.3618528963555607,2.0316589642303877,0.3421021854369109,51.91472908940797,7.45656617385301,34.91631753265913,15.415270899385606,0.0033168541828942,0.002538636526808,0.000430734568742,0.0025812049701898
96,49.34,0.1974803090089302,4161,0.0,90.0,90.0,90.0,90.0,0.0,72038.81492137433,4991.155820193193,4529.748842530006,2712.36952457357,1855.5806146395712,1781.4066037320213,0.259742589253297,0.2425764389831035,0.3343711343975398,1.6286009654250913,0.215114977011236,28.866446115449925,4.453127283487738,21.797594846622832,8.839573187628035,0.0021460403748405,0.0018132240237649,0.0002831117545209,0.0017595550043441
97,51.29,0.2506281786137297,3619,0.0,90.0,90.0,90.0,90.0,0.0,65193.44526875342,4507.997036756672,4183.812493264375,2483.8813019171434,1837.445902960792,1866.5692014432384,0.2625322436019546,0.261021375596415,0.3148629712501609,1.2488863609181404,0.4457915968222691,53.75433887132023,8.391911669101017,39.4811043595886,16.10102688176274,0.0043072432218679,0.003237891172243,0.000576660008591,0.0034761612224906
98,45.62,0.2871864201258699,2515,0.0,90.0,90.0,90.0,90.0,0.0,81973.0208209995,5502.154423470644,5382.562383535152,3208.302896466616,2203.116808593098,2241.897450292563,0.2980425383343614,0.2957267485615383,0.3605890328238155,2.3472756532829586,0.3529646101000523,55.519556233910535,8.25178524978552,39.15667868718372,15.834723646541685,0.0037306739048687,0.0026381631014899,0.0004268761278618,0.0030939869133827
99,40.53,0.3056732825874493,2884,0.0,90.0,90.0,90.0,90.0,0.0,82121.91786163276,5344.219604469014,5245.936691497949,2810.025936634784,2067.2380308656006,2185.1096909946923,0.2851494088879393,0.2572580981047006,0.3166022839772844,2.0652533475157897,0.3562715435716674,53.0949588182743,7.933864383110465,35.78462926501881,15.412778972883828,0.0034977361827443,0.0026977667850756,0.000449868623967,0.0029134645879429
100,45.75,0.2271898437613391,3768,0.0,90.0,90.0,90.0,90.0,0.0,77717.03691963552,5838.741769756764,5293.121431304846,3108.046737245856,2047.4967934880588,2172.417452140161,0.2964335183768334,0.3041674952009847,0.3547078143486225,2.541320905828246,0.2642311765089717,39.58091501648563,6.08720103651883,28.904007783239155,12.15125070889092,0.0025118867998746,0.0019703573564343,0.0003375481790374,0.0021287954915566
101,40.18,0.1904892836546073,2402,0.0,90.0,90.0,90.0,90.0,0.0,74863.38819682383,4326.08992420575,4619.728637600927,2648.669071648053,1774.51816228815,1915.8269832679368,0.3131059249473639,0.2995884986279886,0.3198416246267756,1.762476818600163,0.1091522669849999,13.596812593356985,2.129247345430016,10.357378513206704,4.195428015985326,0.0011225874320096,0.000819128778272,0.0001397885143485,0.0009066543182524
102,55.78,0.2577260855505257,4399,0.0,90.0,90.0,90.0,90.0,0.0,60928.728124628055,4317.062419419661,3994.763767154462,2279.5790714367167,1694.563686906203,1683.6356260343632,0.3014897566518948,0.2922791172245353,0.3591035175284201,1.5091045778935228,0.1013347853782679,11.685718177648106,1.846895462986195,8.3423586033689,3.603636479012782,0.0009708802509954,0.0008202359232365,0.0001419664669493,0.0009229558788683
103,41.69,0.221834862309179,2437,0.0,90.0,90.0,90.0,90.0,0.0,72173.63314255702,4687.729661435255,4425.112606116823,2661.767109716205,1792.8401402708944,1772.788338226184,0.2970049397648459,0.2876959718934992,0.3710894043757958,1.825866127118184,0.1316516724626129,17.54371280799011,2.5632413329292354,12.207450167462842,5.064204221803687,0.0012773721433396,0.0009078628651155,0.0001710984330969,0.0011204871080911
104,61.49,0.2231099144864486,1628,0.0,90.0,90.0,90.0,90.0,0.0,65769.45035635929,4501.185121944692,4090.548541822408,2306.6435102642354,1722.1968037753306,1858.740956724237,0.2783596092237088,0.270715015767961,0.3187320039058558,1.572362265816992,0.258578695621067,31.30555959982945,5.027102540974921,21.96968475825447,9.43494170706172,0.0026798016599764,0.0020692529783868,0.0003376316515355,0.0021237374520383
105,52.85,0.2859897391101568,1790,0.0,90.0,90.0,90.0,90.0,0.0,81628.18746550172,5677.693536520523,5419.930514752817,3114.935234091922,2240.3569249291745,2246.179513384724,0.2782470024799578,0.2740121662149071,0.3036405485369599,2.652569351146013,0.0612392042027473,10.187315544172636,1.5741688602225905,7.050197437518962,3.0112613863268565,0.000636492972795,0.0004528845125639,8.227886609656206e-05,0.0005219921712247
106,56.72,0.229987246526896,2640,0.0,90.0,90.0,90.0,90.0,0.0,76527.67942726648,5455.494255997672,5247.217581919058,3105.4163328113355,2126.3416837960704,2207.7382041740657,0.2814705262278396,0.2498862755538633,0.3407286557398134,2.310483702851808,0.1103164743455129,16.768085419054493,2.540950484447161,12.003071099295855,4.808947354224625,0.0010113191302195,0.0008515358527912,0.0001482660690893,0.0008958758970271
107,53.48,0.2028892252133169,2377,0.0,90.0,90.0,90.0,90.0,0.0,80449.182131211,5339.877932269303,4788.478972798604,2852.759494849415,2055.338301267961,1913.0005008092571,0.257829846356747,0.2269878571616604,0.3560675585280655,1.653204586333946,0.3668219652763673,50.56890856305484,7.540514250965653,31.306969553423787,14.58372296829168,0.0035373686412954,0.0025887047321269,0.0004329955687166,0.0028490216202111
108,63.39,0.2406036548050892,4462,0.0,90.0,90.0,90.0,90.0,0.0,70311.90293922336,4852.930472601879,4571.854036294541,2581.691045798664,1858.925199433824,1699.663959795943,0.3027957270822125,0.3180215156071453,0.3169302129837386,1.8666607937505908,0.2178549307557741,31.196602296595877,4.418029185708963,20.876625591342705,9.42605625866912,0.0022281066630868,0.0017869534624752,0.0002964092124207,0.0018365297655949
109,54.41,0.2396883523190637,3838,0.0,90.0,90.0,90.0,90.0,0.0,84786.37098693302,5861.531827515279,5759.934057877682,3463.564436298632,2090.862480197322,2187.829092602138,0.2539950020908674,0.2333580763644085,0.3543963133747004,2.5348452146650478,0.1101642514239735,17.883287399056474,2.646522162047769,12.665939846288795,5.355391161620918,0.0010730217242796,0.000823194584555,0.0001486283166453,0.0009057235509803
110,59.62,0.2936722938451843,2495,0.0,90.0,90.0,90.0,90.0,0.0,84688.5188064385,5648.41962117654,5469.515875157304,3011.9059576968634,2198.136524513728,2151.054393819439,0.2760696729827653,0.2712104827631916,0.3466942683189822,2.6146426661550364,0.1038767232533349,16.809744123191564,2.4208579668405306,12.50989605132408,5.105002250353116,0.0011065098080029,0.0008247490948173,0.0001490626946293,0.0009004093439102
111,50.18,0.2488671077458253,4807,0.0,90.0,90.0,90.0,90.0,0.0,63671.11828183592,4267.146676105955,4083.464252296532,2323.617531935055,1599.9447694957216,1704.4079531110465,0.2924365161283406,0.2915876378191234,0.3034741274691734,1.4894722197887933,0.1730570855132313,20.325925437061297,3.12862173463906,14.186734119208742,5.96240243021968,0.0017693421969808,0.0013267922101648,0.0002254047512744,0.0014065925401406
112,42.42,0.2224910880428036,1886,0.0,90.0,90.0,90.0,90.0,0.0,82931.6533328847,5294.372366092825,5390.74557029441,3350.5952389993595,2124.987906802027,1964.9525150866305,0.2538096318893136,0.2388487494627325,0.3650564414733881,2.2280882113887563,0.2028335528010025,27.8782309263293,4.340196048190378,20.917469785619847,9.053960157511115,0.0018957230692544,0.0014773055445426,0.0002520297822795,0.0016739387337509
113,48.86,0.1951349005018481,3265,0.0,90.0,90.0,90.0,90.0,0.0,79543.46555478836,5026.649451348581,4592.79795753024,2712.1700718287107,2139.9607708586377,1941.8651927001024,0.2764371432122772,0.2704842879500491,0.3415322148494367,2.450752792956084,0.0989482857441658,13.469655387721089,2.090891405678946,9.064250017059036,3.8606606254042384,0.0010238891807583,0.0007464508581648,0.0001265615570447,0.0008501083861161
114,51.68,0.2064428349326666,3183,0.0,90.0,90.0,90.0,90.0,0.0,81393.81219866773,5379.486755020018,5447.38070171404,2952.102882835089,2168.127059652764,2192.591421750684,0.2395103264493528,0.2422927164588894,0.3425231452109556,2.1293314772151115,0.4580317122333707,67.21528774737719,9.759363609791754,45.64049114735408,20.25145785383065,0.0046412248192095,0.0033823778885325,0.0005620437755585,0.0036683045623426
115,41.35,0.2575311774225844,4486,0.0,90.0,90.0,90.0,90.0,0.0,67469.78693955149,4569.547663625372,4629.750066415985,2524.418907314542,1884.1907871115257,1812.6726404493263,0.3160358187004738,0.2925787157763979,0.3468877483484311,1.6201479940510972,0.2791858338644783,35.967309724137,5.803061761647173,25.950998526465327,11.153639165729944,0.0028123404641238,0.0022433680157883,0.0003842396051692,0.0023575294505394
116,64.6,0.20946772713954,4176,0.0,90.0,90.0,90.0,90.0,0.0,74849.80392074151,4492.123412485361,4311.811455394076,2722.8171885290217,1784.7275097064016,1888.883741169511,0.3159457556836228,0.3168690002876164,0.334745352742901,1.5084761161156546,0.3549892859436215,45.66234276977865,7.015846349275724,31.59346059763647,13.274905354811446,0.0034626174027531,0.0028167798695467,0.0004696571597262,0.0029558711051003
117,41.52,0.2603499144941896,1903,0.0,90.0,90.0,90.0,90.0,0.0,66429.23411977902,4490.445978506518,4120.867087998743,2439.3897821775727,1659.6174484935823,1723.2318348140468,0.2585411423011922,0.2410368537718677,0.3519371695469857,1.764692291117677,0.1506104618921582,18.553763802323708,2.802603201943752,12.934363586303403,5.216100023763394,0.0015400530907428,0.0012271559799566,0.0002035788441706,0.0012041471720392
118,48.48,0.2322228404424994,4482,0.0,90.0,90.0,90.0,90.0,0.0,89696.01026732397,5509.070211961123,5081.88547915725,2998.253115425892,2323.935400625003,2120.3712402527008,0.288844115902114,0.2919066998124692,0.3207975799936477,2.1490430060101278,0.3491847759690977,52.89337265786538,8.26980180499565,38.02873338540916,16.911072571356765,0.0033254260719168,0.0027455588485088,0.0004545528684691,0.0030601164397768
119,46.22,0.2529800589314471,1947,0.0,90.0,90.0,90.0,90.0,0.0,62011.74264144168,4483.0713665674175,4126.055011969765,2314.561011680856,1823.3825360104609,1593.8788646192977,0.2982856988602678,0.2944132670633373,0.3517603184554538,1.6278313344965003,0.2007286026491087,26.18440579326349,3.8937706874887854,17.486901730230645,7.711199991749734,0.0021915628710838,0.0016643008072189,0.0002842448880395,0.0017657254441226
120,53.41,0.2690507065050915,2279,0.0,90.0,90.0,90.0,90.0,0.0,73846.38599951728,4221.705913832897,4325.997266958198,2600.673978910142,1747.5284327342315,1769.2826584853174,0.2537125495712741,0.2418516145092502,0.3280286332727242,1.7454870977621406,0.317550544950864,41.42846835596536,6.20566313776581,29.508334822635835,12.304419096648374,0.0030974445359435,0.002372011211222,0.000402783369608,0.0027008496618065
121,50.55,0.2866000002913316,2074,0.0,90.0,90.0,90.0,90.0,0.0,78205.17603546995,5438.197933697493,4811.050978679632,3080.420071060368,2039.3271860532077,2132.5331190682627,0.2805975391233994,0.268811507544076,0.3767860991941986,1.865629409517227,0.4501476685235146,66.35879358562268,9.15407406618124,47.91450991019239,19.80340893424647,0.0045507919487544,0.0033527429894439,0.0005782433443404,0.003860696026196
122,51.57,0.2009601596763145,2640,0.0,90.0,90.0,90.0,90.0,0.0,59385.34786098907,4422.189440375698,4193.196019412907,2398.5398839532627,1610.8584471134252,1648.8626187175064,0.2775408548708324,0.2765782772414802,0.298381319895502,1.2650689054127626,0.480744724323956,58.253179656856325,8.850881992638605,44.91149649492546,18.087241062614027,0.0047239809647252,0.0036274392035326,0.0006548874205465,0.0041480707334726
123,51.08,0.2651289221470514,1808,0.0,90.0,90.0,90.0,90.0,0.0,65660.68734835544,4236.011546344495,4097.824105105261,2626.9646300148893,1636.5609728870922,1664.475580464309,0.3320621448926762,0.3153110674485954,0.3085741172823444,1.3363240223169324,0.41864327444029,49.08687761700765,7.463507826847705,35.94949505353258,15.008774609672772,0.0042045093211628,0.0029469070284581,0.00050414073575,0.0036026462049962
124,42.45,0.1854940399797187,3754,0.0,90.0,90.0,90.0,90.0,0.0,67659.2420901179,5051.319234632401,4602.96931550398,2510.983714350903,1804.881867810524,1724.9405844085084,0.2610282315314646,0.2546727760957342,0.3320813181130821,1.7729725897585211,0.100081629379913,12.77305041418281,1.9489346901928304,8.73005460595001,4.015483568304241,0.0009766370828336,0.0008200049355194,0.0001369133337792,0.0008930772961556
125,64.98,0.2432303072703245,4171,0.0,90.0,90.0,90.0,90.0,0.0,86164.12039993519,6006.465142092961,5917.92839942776,3106.572042905817,2092.1110624614557,2298.1842549450253,0.2507702439473909,0.2288395463961761,0.3531240402561848,2.4596725310171568,0.1105599012169571,17.735591992741888,2.7904761015846784,12.997601533486623,5.266279632762527,0.0011487394580267,0.0007759202697063,0.0001386846568306,0.0008534354774852
126,40.37,0.1877635047096597,4924,0.0,90.0,90.0,90.0,90.0,0.0,68186.06854564694,4316.902162301036,4091.227468146465,2304.834492041889,1709.8681376345928,1857.9098361023057,0.2531735954788532,0.2301794669911409,0.307305897106727,1.5584196860614272,0.2428817415961717,29.93766214652132,4.4707864145298695,20.38316316085229,8.948751839753857,0.0023244639375229,0.0017019395807211,0.0002934476019768,0.0019959193869594
127,63.16,0.2498924076725822,1882,0.0,90.0,90.0,90.0,90.0,0.0,73348.25540690693,4899.8501170964655,4954.869116450321,2797.604967223564,1741.675129908093,1828.3806704801816,0.3330060015341924,0.3182738785511467,0.3471067049884438,1.875627796037163,0.2987465980493499,41.77920448972408,6.359767187087504,29.850957064491546,13.103754483909244,0.0030601269410721,0.0023457628101762,0.0003972566229642,0.0025613019740468
128,45.91,0.2060629708741704,4976,0.0,90.0,90.0,90.0,90.0,0.0,85594.87359175707,5199.170615834183,5297.5508381018535,2800.4578680515147,2215.2220295125867,2125.920996267951,0.2539297180308626,0.2299528471857508,0.3625892358503016,2.465335578844326,0.3033948353635883,46.01516800072763,6.793939175996407,31.736342876134216,13.756259476493844,0.0029955248283734,0.0022142092714419,0.0003943473655078,0.0024126440203074
129,52.14,0.268300293064204,3164,0.0,90.0,90.0,90.0,90.0,0.0,77435.41956930966,5405.133480397048,5246.454929855389,3081.2787726355327,2101.907133338593,2020.688029207048,0.2348340243426638,0.2426231119543665,0.3167563256184271,2.113831646212497,0.1786754785430523,26.63612309572059,3.909010051086197,18.787716050615067,8.046927727406288,0.0017580828570608,0.0013473746943752,0.0002350769696597,0.0015272442948512
130,61.62,0.2725215159781881,2375,0.0,90.0,90.0,90.0,90.0,0.0,77336.32454539542,5124.8128712953785,4850.485099567669,2873.646675250383,1968.781477956303,1993.476898572802,0.2821104957596153,0.2790224012834575,0.3695186671759939,1.910619601676376,0.3241049080888766,43.76018077838345,6.805372245032299,32.40087405782458,14.507303491945024,0.0033089409689158,0.0024746109337609,0.000415800671567,0.0026879443526615
131,44.12,0.2967946292184956,1740,0.0,90.0,90.0,90.0,90.0,0.0,71477.6714741475,4740.971553142391,4493.562336844678,2678.3878488589894,1816.8351143552647,1830.218992803024,0.2509870238597658,0.2559927624255157,0.3493836486156473,1.8265969175825083,0.2629851680761055,34.6185632710712,5.4577668401675385,23.89886433161106,11.209614391891437,0.0026305412382962,0.002045387249057,0.0003530843232224,0.0022079303035362
132,64.63,0.225324173793496,1508,0.0,90.0,90.0,90.0,90.0,0.0,74974.85185949704,5226.932515662976,4683.662752209456,2894.954776770549,1838.844412351599,1986.2544472808784,0.2372142381260065,0.2331502036368097,0.3569086616757038,2.131809065683413,0.1826010459704636,26.922217999971,3.896705336103824,18.36920359402337,8.040010716579138,0.0018233396905759,0.001350152355319,0.0002371250712802,0.0015473011467023
133,63.16,0.3004822426035697,2586,0.0,90.0,90.0,90.0,90.0,0.0,63049.78968854971,4319.046149059495,4202.128532660468,2237.8684167191,1604.920630267541,1658.4287632155886,0.2623648009322472,0.2630985243766632,0.3672542559962676,1.3131336114586034,0.2463020483952443,29.455622158971416,4.3607786688588295,19.560334118253127,8.569867744037955,0.0026331531291122,0.00189546944034,0.000318667240262,0.0020638783811469
134,51.38,0.210997279892731,4715,0.0,90.0,90.0,90.0,90.0,0.0,68649.18345226569,4580.180766179715,4437.027298909815,2651.708139127176,1717.5720144707243,1766.5404546237755,0.2916131594286745,0.2746234306445748,0.332402830964764,1.6341001183491326,0.3796396607000286,50.93520076779067,7.438668195261102,35.39070250521435,14.898346750443682,0.00379448463307,0.002853539833402,0.0004726300355996,0.0030170640021489
135,57.41,0.2190502546516532,3232,0.0,90.0,90.0,90.0,90.0,0.0,79552.06894410156,5080.372912141025,4921.243650138397,2830.1901212485427,1955.2726590909,2024.6966953785256,0.2942206287298231,0.2801568188223488,0.32952501721748,2.0075437819908184,0.1629505292612136,24.137209045900352,3.5039704373890337,17.20891456448387,7.292478954742748,0.0016795434542156,0.0012713581164605,0.0002081310507689,0.0013425767169728
136,64.89,0.2324415934594491,4492,0.0,90.0,90.0,90.0,90.0,0.0,62616.64598398309,4206.334899812937,4148.548316004511,2385.551163220534,1662.4496254826854,1580.83265289444,0.3264727211747451,0.3118138892353983,0.3465129316633328,1.3273827493580577,0.2409094508224969,30.905800909960536,4.164877591306651,19.508187445093185,8.627490580278792,0.0025529158023826,0.0017794148462541,0.000327832221895,0.002138934065883
137,56.55,0.1849886501555156,3776,0.0,90.0,90.0,90.0,90.0,0.0,62317.53313397431,3963.663228829244,3618.286149548248,2268.470812364704,1707.7590383771865,1647.1085042547363,0.2597311611980656,0.2455581031398856,0.3696542793511929,1.1709245204478598,0.3803403338601549,42.77058776846873,6.289956305965304,28.433391083888303,12.73456404343225,0.0036519505664208,0.0026760198550177,0.0004512133834501,0.0031214482052735
138,43.87,0.2371586344464581,3493,0.0,90.0,90.0,90.0,90.0,0.0,84420.63351368059,5159.540227593653,5475.342891314203,3113.493766194237,2015.141280133101,2112.0418523660837,0.2800317107415451,0.2746782291409647,0.3570419565259615,2.046254496606677,0.2407845173388232,36.69640140337192,5.520865703663297,27.415322267797382,11.233512924422037,0.0024357136121394,0.0017793025479197,0.0003095101961082,0.001964741927142
139,45.44,0.2650293132656591,2715,0.0,90.0,90.0,90.0,90.0,0.0,84015.3747253076,5243.32668847327,5251.679186933869,3253.4886967389616,2142.015141624237,2069.0588212868297,0.266295068465713,0.2587560144364847,0.3507961456923686,2.815998131944317,0.096400010243976,15.098774739980742,2.204952664272296,10.780542032876273,4.433632284331723,0.0009527032057764,0.0006992676082425,0.0001203349136031,0.0007973826364949
140,54.48,0.189246524311004,1739,0.0,90.0,90.0,90.0,90.0,0.0,83703.07868306094,5665.27095541262,5394.742593138548,3355.113076333028,2399.5542239842,2180.357133678781,0.272010120556347,0.2683131025694872,0.3497219481554838,2.556966018237736,0.1656901489092349,27.01881149520422,3.8820141988502974,19.491944094192444,8.091998388428944,0.0016904513329162,0.0012936378555958,0.0002096059062736,0.0013002995030109
141,41.52,0.2597350826327022,3720,0.0,90.0,90.0,90.0,90.0,0.0,83984.07059302714,5459.258487649982,5389.298863970348,2963.883551014605,2081.1992848253417,2154.8176911423448,0.3007798472185982,0.2871544485626361,0.3297347718617865,2.40319953739229,0.0533523460406092,7.91713990710066,1.2223030382085502,5.876997882219133,2.4725916837409536,0.0005479604923125,0.0004039309852972,6.949161908799417e-05,0.0004657368250417
142,41.43,0.2654667089049206,2784,0.0,90.0,90.0,90.0,90.0,0.0,66323.13123197763,4671.382904755409,4473.696538750154,2515.3339467370884,1903.7381004707229,1870.7960231813984,0.2776840113649006,0.2498723099329317,0.3048270086371207,1.987192835321717,0.1217100298233113,16.03063002375507,2.3556435587726217,10.965876959630476,4.905906385038239,0.0012417596486578,0.0009143105760633,0.0001558272310272,0.0010358349238924
143,51.92,0.2017159318394816,3892,0.0,90.0,90.0,90.0,90.0,0.0,86513.4478612079,5423.400732962458,5376.822637986057,2999.252948135167,2169.2614925738994,2131.924982810194,0.2549412594920954,0.2450864060188971,0.3519125968438057,2.5854151935482754,0.3016194162355364,42.365865857630496,6.982811597548459,31.827205941071504,14.326857043352042,0.0028921989972038,0.0023894502225781,0.0003784338506089,0.0025311024649666
144,53.28,0.2644290772590226,4992,0.0,90.0,90.0,90.0,90.0,0.0,70546.26726339554,4565.485163074412,4227.292611277857,2536.1147073901225,1895.5441445738409,1814.8949004959877,0.2449795559548166,0.2467526374440598,0.3589116379571742,1.4667465012458845,0.4299143873856103,51.31180726821815,7.720431799770805,34.33095865887972,15.042322439354006,0.0040874484009257,0.0030690511458607,0.0005429890462174,0.0034232400595111
145,64.02,0.2797544638552924,1732,0.0,90.0,90.0,90.0,90.0,0.0,73578.33332462703,4798.733758568376,4496.760297901001,2795.4954834982773,1955.737450760035,2031.010265326944,0.2547003681192391,0.2292127329839156,0.3704958577717626,1.9370795039767803,0.3084086116958768,44.896680861755534,6.612617740997616,31.16663588362935,12.633107465378403,0.0032242570405259,0.0023244146891345,0.0004228198129976,0.0027878763578929
146,61.28,0.1974442473764402,1828,0.0,90.0,90.0,90.0,90.0,0.0,81778.74766741705,5671.923301924099,5682.03924420001,3216.1232468176067,2062.419936767371,2268.752406934494,0.2744616728030709,0.2435961325990498,0.3199882036827773,2.275264454309092,0.3877588862770005,68.76517655940597,9.852114252979687,43.74752039095158,19.29417323667021,0.004013043682262,0.0029526496890002,0.0005482622018877,0.0033234890828907
147,54.88,0.2334415405228604,1780,0.0,90.0,90.0,90.0,90.0,0.0,64315.39953176429,4172.873120765259,4021.890529885027,2328.17969433662,1605.3864166298983,1697.686831727489,0.2502425511113683,0.2286506373574457,0.3777838589929159,1.4095617116368548,0.5148451081064384,58.536469804741046,8.431848567607684,40.55175541194527,17.29495730360005,0.0050423241574484,0.0034979158751164,0.0006331898326892,0.0043247119886278
148,61.55,0.2625591916380244,4265,0.0,90.0,90.0,90.0,90.0,0.0,67884.57961914432,4155.580890536143,4150.256090823432,2489.479066995312,1746.890888623135,1784.0726294422786,0.2969855036708473,0.289014810348572,0.3308625894340909,1.6107549448370666,0.3071869872820189,35.71497851059473,5.572404167101923,25.716697869025868,10.439507492317276,0.0031226854961988,0.0022827251765976,0.0003915752123244,0.0026907938814451
149,43.0,0.235983452241442,3153,0.0,90.0,90.0,90.0,90.0,0.0,63874.71036022434,4010.412018653145,3892.1797783303255,2347.612499560244,1818.026164419486,1747.1369868850152,0.2960715300099386,0.3035896008370867,0.3715667048436221,1.387915428586484,0.256011010822372,27.46441352437162,4.244410877020935,20.70682637845193,8.846727360961294,0.0024471449179392,0.0017691997700007,0.0003196907342165,0.002108264145432
150,46.16,0.2639718937552059,3833,0.0,90.0,90.0,90.0,90.0,0.0,69809.60515659009,4573.1614623818605,4455.123989940489,2828.9796116245934,1876.448060943256,1839.501599276578,0.2423023357405719,0.2327107499905103,0.3748231257077171,1.5211450804792042,0.4328541965506715,63.692504247987806,9.063416542991511,44.76347411651333,19.198400449714708,0.0044633674468056,0.0035658014262997,0.0006417637906184,0.0042075688860453
151,40.99,0.2819601468944501,3935,0.0,90.0,90.0,90.0,90.0,0.0,61823.08923192043,4433.8887579203565,4091.702087305289,2209.351936228284,1529.397084745127,1625.1566055320138,0.2693137567405896,0.2639920457823085,0.337560549348213,1.3668224004220084,0.3275143373345022,37.6280707040745,6.097403873453602,27.81209199379737,11.705151276180771,0.0034647392907146,0.0026680075392389,0.0004404469638887,0.002746052007682
152,50.48,0.2450596992618686,1835,0.0,90.0,90.0,90.0,90.0,0.0,76526.00673809677,5142.743963782026,4833.246705295408,3068.0357858767748,2024.022154947222,2186.666703293334,0.3006711472200792,0.3038817719618702,0.3353304129266836,2.014001403136384,0.318488276384662,49.42427045339027,6.904842425264896,33.28015459501673,14.360410889265156,0.0031898040478836,0.0024644541744072,0.0004301249405753,0.0027852345000812
153,54.13,0.2484677955482755,3890,0.0,90.0,90.0,90.0,90.0,0.0,81907.86174745412,5088.0200030511705,4859.843872444367,3209.1450001983035,2149.219977901011,2235.126453582779,0.2920428056802451,0.2723115931896044,0.3612346779147238,2.382675160402301,0.341841230401642,50.85966102716015,8.089192917607674,35.11087970361683,15.74297958471436,0.0034875722922091,0.0024686438414072,0.0004281070266615,0.0028597420428433
154,63.37,0.2691607657840634,2795,0.0,90.0,90.0,90.0,90.0,0.0,74257.68649595621,5475.859572627308,5291.673130560744,2941.076216504149,1968.6593202839629,2063.2969773512523,0.2875912430086931,0.2509278147814538,0.3713294077102071,2.062492930370423,0.4587554311954648,67.16573980205298,9.666156044482824,44.78588662359472,19.63473400001597,0.0042466757980741,0.0034060028583136,0.0006120214032144,0.0038754112962585
155,56.74,0.2471990764744949,2336,0.0,90.0,90.0,90.0,90.0,0.0,57307.87153350379,4238.160927164482,3911.1602235098926,2337.7901240054334,1691.041154483658,1627.0267907031562,0.2814810192745406,0.2938612037580468,0.3444013531988428,0.8991027812599431,0.517298770066235,61.02709164778285,9.202759615400485,42.26166641098948,18.48237104559773,0.005295066679622,0.0039078467791034,0.0007117371810165,0.0043753154765382
156,45.97,0.2650384635352096,2786,0.0,90.0,90.0,90.0,90.0,0.0,79714.41589491215,5012.513882613116,4792.655156352785,2935.574062676814,1975.479753065739,1984.2617927852443,0.3127098631104822,0.3146923630465497,0.3233443717092022,1.944242033530868,0.3240789909561161,48.26047881288444,7.344674074072838,35.211067259454246,13.498243901563267,0.0034036902105157,0.002429501361231,0.0004532645103767,0.0026568046132322
157,43.27,0.2451315472406565,3121,0.0,90.0,90.0,90.0,90.0,0.0,84055.59366801441,5401.891679822225,5158.604897410072,3089.534065227921,2134.0135756886957,2136.518061366406,0.3066592288199498,0.2996346430394378,0.3377866196592642,2.206427978850151,0.3456721374142236,50.91249179776634,8.121160572441761,37.724176233612,15.0564253236678,0.0035683781787011,0.002499289758123,0.000432203222913,0.0028151649889495
158,47.5,0.2433257318339453,4143,0.0,90.0,90.0,90.0,90.0,0.0,76731.78611891365,5275.376571074647,4753.078410402769,2904.3663311391942,2048.715360757621,1906.0057426081196,0.2849471543659554,0.288434258434469,0.3700409860868716,1.939459615594608,0.1802772935529958,24.607582739312583,3.6013559342950874,17.751345766039922,7.427458207309856,0.0017952040848083,0.0013624415388392,0.000232681289189,0.0014617349314832
159,63.23,0.1838748262349681,2795,0.0,90.0,90.0,90.0,90.0,0.0,84536.71965862988,6037.6432492415415,5772.861060334789,3151.9278690472065,2384.748010129269,2368.504009750003,0.2657502689610647,0.2628648944192263,0.3660288700492389,2.3804341201416963,0.1672501591118333,27.820225029828777,4.043143366349111,19.0052499426856,8.337668135734736,0.0016582207612626,0.0012264641927266,0.000208014752555,0.0013659624938954
160,40.23,0.1930678933466957,1797,0.0,90.0,90.0,90.0,90.0,0.0,68484.5508342407,4202.997798593918,3896.9787980205942,2529.554186013641,1603.3409463408082,1621.0564098257803,0.2540933381326628,0.2530453708265103,0.3352589195630916,1.422593949859911,0.3288810810066581,39.47208878497478,5.9003335943093465,27.07898908254916,12.242721558482614,0.0032592255396907,0.0023957250097368,0.0004175307406657,0.0028992030017548
161,64.96,0.2667572988209318,4044,0.0,90.0,90.0,90.0,90.0,0.0,67591.67670751363,4251.788902919617,3894.8077809229744,2426.8301168248613,1640.4792507904424,1708.8302595327573,0.2560765589005176,0.2324222583271286,0.3724016689437804,1.0148135672590786,0.4929280302501797,60.04299272372659,9.194552696842072,44.70824728234497,17.990807720701795,0.005068672283152,0.0037979404841123,0.0006551310655376,0.0043475072441396
162,41.83,0.1809919042625215,1909,0.0,90.0,90.0,90.0,90.0,0.0,72023.61483139939,4270.934106175861,4050.386419166799,2569.9678403903717,1799.3116279801186,1831.4249658968656,0.2838997870248608,0.2827076481546411,0.3671890247768979,1.44456418016376,0.3320927335074079,39.84560823956848,6.4989151076624925,30.095224252356232,12.34053945591906,0.0032313931581238,0.0025068230642707,0.0004255081355906,0.0027943136575833
163,52.65,0.2552720299854233,2373,0.0,90.0,90.0,90.0,90.0,0.0,86616.41546963884,5504.723933828268,5374.927279905225,2933.6753084588995,2166.290277076628,2347.608352439566,0.2780578333727458,0.2632569727250186,0.3411226159754549,2.14164896291342,0.2607294374643639,40.28233079893094,6.236338584375039,29.22848212964917,11.649639696236248,0.0026404068326194,0.0020057952379102,0.0003476680093322,0.0021670653653848
164,63.33,0.2875812536239435,2042,0.0,90.0,90.0,90.0,90.0,0.0,72356.51993943585,5064.047694054668,4801.22949734733,2706.161338232592,1815.0078630199469,1892.9349591478376,0.240729067970553,0.2338519333092819,0.358357579401703,1.7646250305663291,0.3270522049829049,45.477801901175816,6.874168613284631,32.24522902263159,13.327147545712418,0.0033250787413718,0.0024637380232347,0.000443555413794,0.0029518187888638
165,61.98,0.2711644453386194,1781,0.0,90.0,90.0,90.0,90.0,0.0,64730.97645624792,4606.799502593004,4800.068883687475,2505.811207665803,1599.1452220082397,1670.9660456749143,0.2647234171417192,0.26619134147134,0.3016006421770849,1.6864970109706825,0.2457493783349446,31.361210530485675,4.692163493214755,21.65375380153723,9.317746255427698,0.0023845908990202,0.00190696681281,0.0003289603340502,0.0019719342580413
166,47.12,0.1824778089562832,3013,0.0,90.0,90.0,90.0,90.0,0.0,80040.69671218068,4987.071379401607,4983.151452334793,2877.6555406434672,1995.445700948061,2020.969633599845,0.2716756937512194,0.2714132522273192,0.3788762129786964,2.4221266422572896,0.0586424613680769,7.897332623238907,1.191022122987767,5.607072591390274,2.469476658529978,0.000581287978446,0.000432071007455,7.515462616268167e-05,0.0004794174197278
167,60.84,0.2329392236489022,3294,0.0,90.0,90.0,90.0,90.0,0.0,60443.86555862145,4343.410835094493,3761.053777174656,2391.04546546692,1515.7279844034713,1501.3159964665451,0.2764412644830574,0.2668996459001696,0.3080352458122165,1.1020704025849424,0.3455070423114571,39.455591508693296,6.011182991522418,29.51689295056553,11.842466361554743,0.0035746880868716,0.0027939632156534,0.0004709991194447,0.0029809511728029
168,47.56,0.2607619016952539,4381,0.0,90.0,90.0,90.0,90.0,0.0,60763.396782795615,4488.639383613243,4170.148744665991,2367.205244586708,1844.170131406217,1753.811282995115,0.2715742606829402,0.2621788531087956,0.3824714663756204,1.30367739689925,0.336427091874112,42.04834904613718,6.1952934075746,29.566603184622483,11.20166160094568,0.0034769340806797,0.0026279338474153,0.0004620893437596,0.0028727864284683
169,56.35,0.2790493167166095,4805,0.0,90.0,90.0,90.0,90.0,0.0,67871.54602901323,4280.548056447163,4209.887936764064,2586.994116226502,1912.3650907697531,1880.572887154976,0.2624167472940005,0.2672351651659164,0.3170991783858575,1.816675729485387,0.1497755475837518,17.611134241904193,2.489853744102519,12.114305106369672,5.13444839402838,0.0014029587058592,0.0010111779615155,0.0001916101814177,0.0013019378458632
170,56.7,0.2118492720050286,1532,0.0,90.0,90.0,90.0,90.0,0.0,67511.11613903061,4785.649138431521,4404.925072172014,2616.3895542628425,1857.000851337271,1824.4948045512624,0.2911170232822025,0.2835272946201993,0.2923329966598522,1.5719737034730776,0.2387466926494456,29.131921788883997,4.357474439687329,20.81235830173156,9.414232126436575,0.0024071265768344,0.0016802549127827,0.0002934412330694,0.0017669460031664
171,47.48,0.203008171449576,3771,0.0,90.0,90.0,90.0,90.0,0.0,77163.44761284786,5309.551763857544,4728.505070096221,2905.195392903276,1923.2257739585157,1927.072173167976,0.3182585994396894,0.3045467018610204,0.3207418236399749,1.9196909437799048,0.3581218827253469,52.2239693235691,7.779329533244791,35.070496389267284,15.346488719702728,0.0036099868979138,0.00271280841623,0.0004438834308703,0.0031106216885474
172,42.59,0.2617171826064864,4217,0.0,90.0,90.0,90.0,90.0,0.0,81547.21770990362,4963.1136768031365,5029.03681485595,2648.8584006004494,1862.2588044870647,1960.4589950866653,0.3009689791089662,0.2862133667877014,0.3315515133012078,1.670302523700857,0.3928550509329825,55.25630241118073,8.196046420352225,37.55374075096831,16.896810551743293,0.0040111807765367,0.0029576793725708,0.0004958761725044,0.0034153496891806
173,46.61,0.2398030819529581,2050,0.0,90.0,90.0,90.0,90.0,0.0,73302.45472356224,4651.117773855921,4532.925160180266,3001.7443453257606,1840.1746185366048,1898.953794540303,0.2541277913027248,0.2498163613508232,0.3196460407768879,1.8016006412220784,0.2938138645271055,43.31512234611971,5.77389141849931,28.281795034110477,11.79750733413865,0.0031635126512442,0.0021570188977107,0.0004139705768056,0.0026316933599344
174,58.56,0.2171263883936568,1938,0.0,90.0,90.0,90.0,90.0,0.0,79689.21189635446,5037.120099585538,4866.365822909117,2982.194934413812,1991.6436782856024,1967.303728079228,0.2702070779648265,0.2495607642225495,0.3054256336241949,2.2781510461447785,0.1972992327778923,29.34956277106618,4.2451545373837725,20.623967112154077,8.216700526237009,0.0019435177536327,0.0015950787198193,0.0002613158380788,0.0017833443994232
175,46.81,0.2709749236648197,2136,0.0,90.0,90.0,90.0,90.0,0.0,64912.75662367941,4025.3019977539966,3770.984803238792,2330.7304112771803,1562.3301646501434,1642.9002093777674,0.3220351191991638,0.3044895892743905,0.319992154330512,1.525177994302098,0.0632258504420479,7.246015200626235,1.0210866604480413,5.115572633482641,2.050308728756676,0.0006382399279401,0.0004579287756015,7.614781211605411e-05,0.0005156874849812
176,45.27,0.1857737356666374,3977,0.0,90.0,90.0,90.0,90.0,0.0,69426.49365195293,4505.730168344261,4187.61140828935,2718.526502641707,1906.3868430554292,1899.73134738748,0.3037900622956898,0.3005901300781716,0.3376093163922878,2.013247793323896,0.1788269003164222,21.85847542742267,3.591218535921353,16.404153163551403,6.639920840411841,0.0016755292325965,0.0012944593505087,0.0002268215626783,0.0015237933181444
177,45.09,0.237131422125452,2904,0.0,90.0,90.0,90.0,90.0,0.0,82597.41514173723,5381.097112702706,5156.885381146672,2890.895229316728,2031.961179100291,2154.0525276730173,0.3141390355007204,0.3045952210079022,0.3569643084220851,2.334434411560766,0.1903292314438616,28.67131337301047,3.913201879371334,18.94051005456532,8.107115954018816,0.0018288883694037,0.0013411466426596,0.000245667467405,0.0015169885166625
178,61.32,0.1993672237211884,4097,0.0,90.0,90.0,90.0,90.0,0.0,86291.50344706501,5857.08868530311,5367.717956002366,3104.075865871084,2281.922887824624,2368.467527017908,0.2899786095629496,0.2809941734569434,0.3538783053564852,2.223623785660501,0.2363162686237232,37.913851484589394,5.414439851614694,25.57017409195627,11.13292524359002,0.0022812314695525,0.0016409470654974,0.0002932890176568,0.0018834822868929
179,52.21,0.2224910880428036,3570,0.0,90.0,90.0,90.0,90.0,0.0,82931.6533328847,5294.372366092825,5390.74557029441,3350.5952389993595,2124.987906802027,1964.9525150866305,0.2538096318893136,0.2388487494627325,0.3650564414733881,2.2280882113887563,0.2028335528010025,27.8782309263293,4.340196048190378,20.917469785619847,9.053960157511115,0.0018957230692544,0.0014773055445426,0.0002520297822795,0.0016739387337509
180,41.27,0.2372923696280204,4965,0.0,90.0,90.0,90.0,90.0,0.0,69583.10572208282,4408.776661654888,4130.467423373629,2582.1339671017104,1862.302391913163,1804.29368393316,0.2761526016645766,0.2677053244194197,0.3463531349357212,1.7054787239156404,0.2598614260772235,33.88009052046473,4.91788266925386,22.509501586503934,10.320716116308368,0.0027156213971863,0.0019810463838706,0.0003385707495887,0.0021970529623575
181,50.59,0.2692383474114445,4098,0.0,90.0,90.0,90.0,90.0,0.0,66627.32434603387,4448.52920485546,4055.462626725373,2373.68353655428,1817.515607684173,1682.2837286521246,0.2588109409515758,0.2381138192500827,0.3632984006205775,1.1777479256796288,0.4720739193976388,57.57935915458734,9.077312437941544,41.154371416241,18.13930188881496,0.0048749717547703,0.0035132817939998,0.0006153957236765,0.0042793713650883
182,41.1,0.248079353326251,2633,0.0,90.0,90.0,90.0,90.0,0.0,64121.44585464311,4104.942750415966,3886.985722900788,2418.4561365250524,1503.3188172017872,1436.4231114757476,0.2583115301341219,0.2605658219105889,0.3446854484477497,1.200353158676316,0.3872907390610327,41.63633431425559,6.4304398052532425,29.08265477600625,12.353019894332023,0.0035212995046821,0.0026644612247027,0.0004715150628952,0.0032071786511532
183,59.28,0.2279166524146074,2866,0.0,90.0,90.0,90.0,90.0,0.0,82144.66714644634,5676.434385530828,5390.988202887795,3072.0264964243283,2184.386249243942,2171.0949475798675,0.2871893775912623,0.2783333163595577,0.3478502691918543,2.312158540076737,0.1550270958997134,23.425530542223235,3.544672669761184,17.061886443012547,7.42692718796991,0.0014684419344267,0.0011415481417884,0.0002026990878976,0.001289330764263
184,64.49,0.2711644453386194,4109,0.0,90.0,90.0,90.0,90.0,0.0,64730.97645624792,4606.799502593004,4800.068883687475,2505.811207665803,1599.1452220082397,1670.9660456749143,0.2647234171417192,0.26619134147134,0.3016006421770849,1.6864970109706825,0.2457493783349446,31.361210530485675,4.692163493214755,21.65375380153723,9.317746255427698,0.0023845908990202,0.00190696681281,0.0003289603340502,0.0019719342580413
185,58.53,0.2721689970967968,2161,0.0,90.0,90.0,90.0,90.0,0.0,65391.59357997544,4142.977122238922,3916.218054569957,2337.4575407864686,1692.7553899648813,1647.10618846282,0.2793608954828739,0.2834180335231481,0.3711481351207427,1.1330888875066278,0.4217689361928591,49.40448191850861,7.298792783205697,33.78767378964709,15.11676833005346,0.0042095008798052,0.0031069904092096,0.0005304034017446,0.0035036741364911
186,57.64,0.2465368160728504,3759,0.0,90.0,90.0,90.0,90.0,0.0,71865.57117403459,5032.88715490294,4884.476388846279,2640.441209065558,1956.5345746428648,1783.371770264077,0.3098728714067189,0.2996482133000766,0.2929264385369867,1.927284972692617,0.2338812068136998,30.312729437874065,4.777026380675849,22.0384435230495,9.297383928403706,0.0021157689702729,0.0017803622948773,0.0002961426274329,0.0020091178942262
187,40.24,0.2309775796929403,3797,0.0,90.0,90.0,90.0,90.0,0.0,73998.75661188061,5127.4665137457,4586.166073210164,2670.2587617384943,1848.281311662976,1820.2119674106088,0.3118255636542631,0.3017232152363763,0.2906694629518156,1.824652285495808,0.2766800374285814,35.895689832685555,5.167316040399787,25.75719143843013,10.83638545123587,0.0027045340752169,0.0019838500383121,0.0003421438146422,0.002170521162565
188,63.63,0.193896187303006,1808,0.0,90.0,90.0,90.0,90.0,0.0,70997.15990754963,4254.698037420017,4285.829057930591,2506.8468251716367,1884.979726117335,1793.0293243545618,0.2388935712682521,0.234604216578681,0.2930401893368284,1.5351409073601223,0.2484062500601712,29.263224271835263,4.338362913034562,19.670596022276083,8.479495413431028,0.002315638543829,0.0017846441614878,0.0002977382087528,0.0019697465117603
189,62.6,0.2789797075404554,4330,0.0,90.0,90.0,90.0,90.0,0.0,86785.0135888546,5900.754351128626,5330.127315999057,3008.5527211799667,2206.145653914908,2314.1501497218096,0.2556955950778026,0.2608892836234965,0.3380133932706928,2.392269351213754,0.3010097026629176,45.480554669577565,7.030662033856463,33.62596407539163,14.47472220214524,0.002895420724179,0.0022733554255801,0.0004050495648399,0.0025365604112397
190,40.9,0.2373074645764393,3734,0.0,90.0,90.0,90.0,90.0,0.0,80281.4320533558,5336.460655536317,4958.10744925621,2975.806230240947,1984.5098119380496,1999.91347692056,0.3199817542218254,0.3014633651481891,0.3042068306783958,1.5919608349446803,0.4419224043252873,67.68226167581419,9.70777429782569,47.006076394723024,19.65287353119658,0.0043138699158685,0.0031745847817366,0.0005914118035798,0.0036987255022561
191,54.56,0.2042529605048311,3012,0.0,90.0,90.0,90.0,90.0,0.0,76763.15884082015,4815.03201814058,4823.234125842184,2743.21313457079,1961.5277508286977,1930.177228304908,0.2993203910311141,0.276154615190997,0.3015515781722681,1.7096364617171664,0.3882720427854891,56.94807600420414,8.604671875545721,39.10844398839132,16.421626472855948,0.0037340000454111,0.002915987781561,0.0004983919660687,0.003358553132969
192,50.74,0.2935873078748816,2106,0.0,90.0,90.0,90.0,90.0,0.0,63154.08621573697,3936.591978098773,3746.9023188836977,2346.4671241811648,1489.2594525869947,1676.956896018182,0.2935728491423403,0.3120745469479929,0.3431526660477632,1.5769141382925422,0.0662137976313036,7.387830360721824,1.0213564933369732,4.973410444536732,2.305593636901942,0.0006335901794641,0.0004594138097854,7.689412366312118e-05,0.0005449298307916
193,47.71,0.2148927847806542,1671,0.0,90.0,90.0,90.0,90.0,0.0,84350.14261779303,4999.983177612635,4793.889149049635,2914.0523904125143,2031.4310866944284,2036.0834615112017,0.251414478957311,0.2472339226869445,0.3107819179721149,2.3766994232823078,0.1770765834833779,25.168473235379764,4.009683613366102,17.644937305373393,7.792442214578853,0.0018610681884392,0.001357917236673,0.0002327714159722,0.0014428237133971
194,64.3,0.2017195821755411,4760,0.0,90.0,90.0,90.0,90.0,0.0,80499.64886195818,5633.477734149256,5508.927767372106,3054.574994608565,2316.156841914481,2218.824945780662,0.2744396071377149,0.2500649538994727,0.3613183964920917,2.182170383148245,0.2844438721788441,47.138165979152255,7.115214205957949,34.57411988606401,14.410693675824968,0.0031342325905205,0.0025106827115289,0.000381845760458,0.0023220050582627
195,62.47,0.2921677586813606,1663,0.0,90.0,90.0,90.0,90.0,0.0,65483.17491002291,4598.409841555423,4090.8150168868888,2360.8581849698667,1687.539222760062,1676.8336359069149,0.3052495019477913,0.286881985597464,0.3709397301055556,1.3887308005053445,0.3456214050414329,39.73241461927359,6.341036245463696,29.208750372250265,12.243048318046522,0.0034454398390523,0.002736513070771,0.0004335070937304,0.0026885528130592
196,57.05,0.2189416789148136,2360,0.0,90.0,90.0,90.0,90.0,0.0,67842.98129183576,4287.547103423099,4358.8967259984665,2340.0831428861684,1721.6833278151666,1636.1069095187293,0.2452056835922512,0.2321692779102728,0.381550259414892,1.6773059364205696,0.1776092215502782,21.83628890997154,3.2750395132658405,15.003213095908007,6.178638080460383,0.001933145057965,0.0014258695757968,0.0002291153690982,0.0015564903909627
197,42.57,0.244735316689292,4231,0.0,90.0,90.0,90.0,90.0,0.0,89905.97667765737,5918.489290755637,5509.294260584627,3300.646448040618,2180.4901728752443,2248.212801697363,0.3289273038994756,0.3104211338900828,0.3544125088834649,2.1582490958790954,0.3851148503521716,61.54896817397419,9.904768804635776,42.128276282693136,19.27681132789072,0.0040031131339492,0.0029666606611064,0.0005144643659607,0.0032885737342934
198,54.0,0.2342972620522815,4695,0.0,90.0,90.0,90.0,90.0,0.0,69763.1228562916,4630.252190958376,4485.849408100562,2783.935668810548,2005.0671130916824,2079.0863271831604,0.283369474547945,0.28040713526523,0.3030674862546352,1.895539022225905,0.120068332171859,18.06717230437805,2.69909553836813,12.110952290073689,5.427442484307875,0.0012995967416139,0.0009662426417511,0.0001705467479988,0.0011294752936935
199,64.35,0.1878929668512157,3164,0.0,90.0,90.0,90.0,90.0,0.0,86210.83233967217,5810.469512402961,5114.167740556417,3135.6464624831565,2131.886635842733,2276.8975200239674,0.2594545708046936,0.2410609096419088,0.3378419133998205,2.65809066632702,0.2009937014169559,30.730057766751145,4.908797661294064,22.360587678137712,10.025676062473453,0.0019989148151062,0.0014460697162897,0.0002655792132927,0.0017395585446611
200,43.86,0.1831646925298111,4569,0.0,90.0,90.0,90.0,90.0,0.0,83831.55837859189,5575.959259276543,5405.6812725962,2965.556441980913,2083.254035598324,2135.357934045495,0.2549485522886157,0.2365878648478067,0.3318629647700908,2.133865900354128,0.1411366076317071,22.179953613288237,3.230192889604488,15.421503264484324,6.38787811947798,0.0013872314663224,0.0010703680441914,0.0001862745447176,0.0011204695556554
201,61.62,0.2911907018956882,2469,0.0,90.0,90.0,90.0,90.0,0.0,62232.98626109114,4139.675987426949,3938.9166952353,2176.161346838012,1663.7602252832448,1624.4991950525073,0.2630110206112989,0.2330672530741358,0.3831690840671795,1.1572408270091998,0.4760982098862235,52.84410706665169,7.862631546961566,35.61539867732725,15.882760795639806,0.0044270808642578,0.0036112464096864,0.0005797508803586,0.0036645235824822
202,60.27,0.2736559856931248,4776,0.0,90.0,90.0,90.0,90.0,0.0,66835.36443240147,4205.9507164517945,4250.941464100933,2342.866397256014,1725.4867155036434,1797.8420656033322,0.2862467985692226,0.2710075054710825,0.3582824063210667,1.7070112577204002,0.3973647155880172,51.03727343922055,7.820392367239744,34.94239784261481,14.734616639604637,0.0040431973629672,0.0031328837175771,0.0005035931315649,0.0032088677728954
203,40.62,0.264789969125898,3188,0.0,90.0,90.0,90.0,90.0,0.0,71018.69776768993,4501.833154840291,4653.761381795611,2652.5807391750445,1832.3655948954545,1895.9049839237327,0.2809380146111604,0.3014095987149964,0.3884523506496214,1.6986771812289247,0.3158366441336542,41.31533897678276,6.462568879855209,29.20634807067848,13.032031222762082,0.0034046746956946,0.0024013424637177,0.0004208327376247,0.0026558772966916
204,63.11,0.2205185934723743,4516,0.0,90.0,90.0,90.0,90.0,0.0,76516.44833408408,4891.657170617051,4785.364096464997,2399.8867809667177,1927.7301927511248,1851.329403639872,0.2772777128926716,0.2523224470618336,0.3748843736583425,1.521177174844724,0.4712723823671798,59.926195138395,9.327363822155412,41.70313381987978,19.171397113172706,0.0046379395080843,0.0035860239172097,0.0005825362568363,0.0038992039629621
205,63.27,0.2501757139953396,4704,0.0,90.0,90.0,90.0,90.0,0.0,73251.87938051687,4594.028662400292,4412.462784701324,2588.4671685331878,1797.5436756965964,1899.730399302195,0.261204507084913,0.2267571873798478,0.3587708470734713,1.6319562576237696,0.2001355968430398,27.980489957018484,4.098130902950715,19.301429267821504,8.396634536412064,0.0021470359478417,0.0015857745922648,0.0002778907092971,0.0018426421968076
206,56.75,0.2770638183465242,4785,0.0,90.0,90.0,90.0,90.0,0.0,62029.011669503234,4168.353083832086,3684.0338925627543,2304.117527294487,1685.6867227545629,1657.2966514534255,0.2691977729879366,0.2648374505760078,0.3762673671879732,1.6954090942273474,0.1903885941455212,21.323684414130422,3.305835076555278,15.279059698127636,6.044222785066302,0.0018709245724206,0.0013447173509433,0.0002392515938917,0.0016581708122783
207,60.27,0.2010303653170311,4510,0.0,90.0,90.0,90.0,90.0,0.0,85086.01831466118,5092.826779030267,5070.4915844083735,2945.6462688604543,2246.2916350576365,2206.0183804806743,0.2622541642220973,0.250408937399791,0.362770750791898,2.3895693881934976,0.177161126783999,25.41658790953526,4.071244794138442,19.019553335956303,7.658788403028488,0.0018154352615145,0.0013746237497353,0.0002206679698865,0.0015109519559382
208,43.98,0.2691607657840634,2592,0.0,90.0,90.0,90.0,90.0,0.0,74257.68649595621,5475.859572627308,5291.673130560744,2941.076216504149,1968.6593202839629,2063.2969773512523,0.2875912430086931,0.2509278147814538,0.3713294077102071,2.062492930370423,0.4587554311954648,67.16573980205298,9.666156044482824,44.78588662359472,19.63473400001597,0.0042466757980741,0.0034060028583136,0.0006120214032144,0.0038754112962585
209,42.7,0.2802905782719492,4372,0.0,90.0,90.0,90.0,90.0,0.0,67980.21228346034,4158.607461798983,3834.1299706923473,2402.2620750733745,1545.5793078051183,1564.2137395966545,0.3032489353229297,0.312521575031795,0.3345742110191758,1.5539875915320334,0.0678095370918123,7.017015687772625,1.0256507164152409,5.027044130976822,2.1421151548212105,0.0006206893620449,0.0004653531963247,7.531074335577123e-05,0.0005157628802457
210,61.46,0.2106671915273903,1658,0.0,90.0,90.0,90.0,90.0,0.0,79553.24785253449,4698.34076592558,4489.459165711286,2813.876280168928,1946.1508092955191,2020.0135481616128,0.2857674551856027,0.2632012858812589,0.3695547315493744,1.6360358668359078,0.394323376774286,52.38669512569101,7.885078135059037,38.14261878377566,15.53639802328967,0.0040693578963875,0.0028676259221203,0.0004848320233993,0.0033677636752622
211,44.99,0.2974629795682028,2411,0.0,90.0,90.0,90.0,90.0,0.0,70078.91664904814,4699.288106373807,4401.404811604531,2508.066031631855,1793.253623780429,1747.221832945142,0.3278465648920064,0.3204747103172441,0.3474006654147206,1.9067980378371503,0.0570244271165526,7.589835892901819,1.0872276213344694,5.3730252916317145,2.382077329190329,0.0005754507054641,0.0004170171955718,7.321558133694193e-05,0.0004770387478985
212,48.74,0.271556816695822,3385,0.0,90.0,90.0,90.0,90.0,0.0,78281.4015265598,4995.431539578056,4833.351570566122,2767.2222430207307,1980.5726896329843,1969.429925238156,0.2467440201609255,0.2336971146162848,0.371362360164095,1.8221781218988764,0.3767617182239341,53.77291732118079,7.40311170052847,37.91266787188535,16.28950068599358,0.0041121829411412,0.003020352157384,0.0005269653544936,0.0033122225570758
213,59.88,0.2791303156840455,4860,0.0,90.0,90.0,90.0,90.0,0.0,74689.10021759322,4984.223181191484,4706.839864608383,2847.202583766896,1896.0472827903757,1864.335336139165,0.2884782291793467,0.2828968481135945,0.3147750929062292,2.0766213077349107,0.3382263408350249,46.4546876064178,6.829442494563313,33.76800595467202,13.998055434266403,0.0033283850302603,0.002618878919089,0.0004308868198198,0.0027538796369927
214,45.57,0.2967470438107995,2432,0.0,90.0,90.0,90.0,90.0,0.0,69246.06569302279,4512.681260985292,4219.480552257482,2516.771145968252,1707.957261488535,1829.4776769310924,0.3142386121564574,0.2967547066501999,0.3125235972166451,1.7352987357596394,0.0942339245704254,11.521813756591811,1.6926492097593204,7.639838125052331,3.462686433358361,0.0008734114763743,0.0006706700835192,0.0001144339812193,0.000732505208743
215,44.83,0.2055250934763576,4203,0.0,90.0,90.0,90.0,90.0,0.0,76330.21635283378,5380.064960583368,5239.074169616956,2843.2134492389564,1980.605478844604,1891.5831487708467,0.2606780086684105,0.2592522633561644,0.3223797706765138,2.3681177842532444,0.0844329121562267,13.89053340129287,1.992389326281152,9.175753283638633,4.003811221753624,0.0009223859460623,0.0007092632099032,0.0001151178314399,0.0007312787998613
216,46.97,0.1849886501555156,2844,0.0,90.0,90.0,90.0,90.0,0.0,62317.53313397431,3963.663228829244,3618.286149548248,2268.470812364704,1707.7590383771865,1647.1085042547363,0.2597311611980656,0.2455581031398856,0.3696542793511929,1.1709245204478598,0.3803403338601549,42.77058776846873,6.289956305965304,28.433391083888303,12.73456404343225,0.0036519505664208,0.0026760198550177,0.0004512133834501,0.0031214482052735
217,64.17,0.2336765066414143,1784,0.0,90.0,90.0,90.0,90.0,0.0,62862.5492889382,4906.2965688926815,4536.98311623527,2405.7666266461606,1722.0857725463034,1695.3566348595807,0.3208316465314814,0.2897035903497175,0.3698957991737467,1.3801922735600596,0.2184792300363554,28.819443665324528,4.362210241379509,20.728928645530598,8.57774260545147,0.0022867243488029,0.0018427133191049,0.0003135326386103,0.001878879817593
218,48.78,0.1868982003559183,2643,0.0,90.0,90.0,90.0,90.0,0.0,68268.84825383467,4523.977980022597,4244.915813764847,2706.9243111959813,1716.580072527608,1827.9418219348263,0.2484057688586253,0.2301154755487235,0.316156259570757,1.4184603789047947,0.438248863954537,50.27169082264182,7.630671219730579,36.32924149566022,16.13996965110581,0.0040811503074059,0.0030839989141022,0.0005247282750545,0.0034369230516776
219,49.99,0.1811709217087295,3586,0.0,90.0,90.0,90.0,90.0,0.0,62786.22679000688,4302.095209868378,3989.400808009338,2415.357598474009,1638.4204177527884,1595.1330064607791,0.2944062835789149,0.2989289727536042,0.3241591934243055,1.074010299467668,0.4320367183061722,48.74527853789008,7.607638350531627,35.16176999608764,15.711376937116825,0.0039853855856123,0.0032164877850122,0.0005734147718528,0.0035451351716158
220,53.41,0.2593422798645867,4955,0.0,90.0,90.0,90.0,90.0,0.0,73691.90916463133,5275.294902057393,4990.544115455922,2757.8582128786456,2037.9405165638025,2007.1433446922076,0.251659944083992,0.251548125841723,0.3233160360938161,1.965848223316036,0.2096144652913918,29.423716690954027,4.609157038212829,22.064220017516924,8.480901713233385,0.0020491826277266,0.0015365946789433,0.0002811930043523,0.0017824316461975
221,42.88,0.1813990038507384,1613,0.0,90.0,90.0,90.0,90.0,0.0,72522.75604894871,4550.501340300253,4468.753856272042,2527.229342059043,1817.294494286396,1775.647295594358,0.2990089156124421,0.2513821763445293,0.3061482365737851,1.5455249899152623,0.3563696075653346,43.558942661642696,6.660097047198692,31.644054746081608,13.42393664966094,0.0035405362929489,0.0027052426949311,0.0004357769003462,0.0029283739451962
222,44.46,0.2729731611745356,2569,0.0,90.0,90.0,90.0,90.0,0.0,62480.57806977141,4083.780967096435,3820.41897326439,2393.378600713566,1639.3172023618718,1600.8070002919824,0.2639852476819285,0.2548175581044016,0.3389339405613101,1.2814183086003847,0.3210323362230904,38.33986944911282,5.841370254020584,27.48990595501364,11.604323551523471,0.0031333497743627,0.0023480342653793,0.0004096599097651,0.0027479485691417
223,40.96,0.183094452419906,2587,0.0,90.0,90.0,90.0,90.0,0.0,72520.17531453953,4494.907581129044,4189.405567761664,2474.1904720087464,1878.604393550251,1821.5295425270149,0.2771727188624423,0.2756139742209281,0.3684921441622028,1.5087898205593324,0.519059581709777,62.78890564532512,9.4314809049584,43.50604478125195,19.14824435698517,0.0050109104314447,0.0034850833564897,0.000643102517339,0.0042148522053453
224,50.86,0.2329392236489022,3943,0.0,90.0,90.0,90.0,90.0,0.0,60443.86555862145,4343.410835094493,3761.053777174656,2391.04546546692,1515.7279844034713,1501.3159964665451,0.2764412644830574,0.2668996459001696,0.3080352458122165,1.1020704025849424,0.3455070423114571,39.455591508693296,6.011182991522418,29.51689295056553,11.842466361554743,0.0035746880868716,0.0027939632156534,0.0004709991194447,0.0029809511728029
225,59.66,0.244875922151962,4484,0.0,90.0,90.0,90.0,90.0,0.0,73633.07042463224,4567.601604876914,4278.621770701599,2594.956590327777,1789.004363164631,1903.616199982287,0.3101676671236206,0.2954832985460769,0.3373313360780573,1.7688562991000167,0.2728589507380664,35.31116776483024,5.263917078009159,25.23934611794078,10.316342240439065,0.0027094005330564,0.0020229246384989,0.0003571358340124,0.0022999674862075
226,55.16,0.2739939014193792,3287,0.0,90.0,90.0,90.0,90.0,0.0,75915.36632044389,4635.485477007454,4556.947318161422,2733.7712578582555,1830.5298397494032,1822.7410642542527,0.2900598722603773,0.3032393083911545,0.3665868757677018,1.7550857991349376,0.3393808701622655,45.84934342290016,7.321519015179335,35.214997561501434,14.326789572112691,0.003786154884664,0.0025665639425737,0.0004566863500843,0.0031080647380642
227,42.89,0.1938858728758865,3594,0.0,90.0,90.0,90.0,90.0,0.0,72361.80707595586,4596.088203138304,5033.926115897907,2545.5949647549087,1908.1580594432403,1789.854506694893,0.264849629691695,0.2458020429169143,0.3395031503750026,1.5165539653786224,0.3641495167991014,47.844477445971535,7.280515163252146,32.21253150678464,14.69403551115218,0.0038818096375037,0.0028365349992774,0.0004945352962267,0.0031512079845061
228,44.75,0.2573116397865224,3861,0.0,90.0,90.0,90.0,90.0,0.0,61949.6120048957,3865.1561509899766,3711.759967148646,2339.3037665357574,1483.955020241566,1471.8694973845918,0.269582732712702,0.2730696992984683,0.3704048953538814,0.8969969776414334,0.5617386763302876,62.78543983174919,9.27318456010671,43.22246780371612,18.870188015221306,0.0053381656862909,0.0039756610450266,0.0007180187354644,0.0042955062417101
229,57.72,0.2451315472406565,1681,0.0,90.0,90.0,90.0,90.0,0.0,84055.59366801441,5401.891679822225,5158.604897410072,3089.534065227921,2134.0135756886957,2136.518061366406,0.3066592288199498,0.2996346430394378,0.3377866196592642,2.206427978850151,0.3456721374142236,50.91249179776634,8.121160572441761,37.724176233612,15.0564253236678,0.0035683781787011,0.002499289758123,0.000432203222913,0.0028151649889495
230,53.0,0.1969000009208534,1506,0.0,90.0,90.0,90.0,90.0,0.0,78029.84723858991,5292.463461059973,5229.287980806063,2986.144709719185,2216.668292932885,2159.8958990698297,0.2970762495842269,0.2618973300766446,0.3040527724167164,2.3124385280373936,0.2523477440776972,36.2478821865043,5.578557907783408,26.332515996875667,11.401446842162782,0.0026502445740342,0.0018765104025837,0.0003309054614497,0.0021564940993233
231,53.46,0.2577260855505257,4803,0.0,90.0,90.0,90.0,90.0,0.0,60928.728124628055,4317.062419419661,3994.763767154462,2279.5790714367167,1694.563686906203,1683.6356260343632,0.3014897566518948,0.2922791172245353,0.3591035175284201,1.5091045778935228,0.1013347853782679,11.685718177648106,1.846895462986195,8.3423586033689,3.603636479012782,0.0009708802509954,0.0008202359232365,0.0001419664669493,0.0009229558788683
232,63.51,0.2739519477983095,4446,0.0,90.0,90.0,90.0,90.0,0.0,62893.730774490425,4093.0772359711455,4059.9500492081934,2260.4890289930954,1542.9568958759055,1639.5172712952162,0.2918721857546853,0.2700495749569136,0.2890795010504109,0.9455953432089778,0.2368969791541903,27.41355367847913,4.102762938989701,19.01044168647879,8.030969595277897,0.0023418051605523,0.0018617765775269,0.0003050144330707,0.0018544890493202
233,56.77,0.2940816807629788,4518,0.0,90.0,90.0,90.0,90.0,0.0,88725.03225220928,5612.398831406613,5303.193359383196,3483.9599458981625,2261.648092682492,2403.2443994676337,0.2722439786243502,0.2674645160005569,0.3433110791186475,2.8054900891935097,0.0516224226430109,8.449517347720919,1.2486763959528546,6.149326786283968,2.5864925053622905,0.0005457815848617,0.0003790207424656,6.549398447496027e-05,0.000425370422507
234,50.78,0.2859897391101568,2991,0.0,90.0,90.0,90.0,90.0,0.0,81628.18746550172,5677.693536520523,5419.930514752817,3114.935234091922,2240.3569249291745,2246.179513384724,0.2782470024799578,0.2740121662149071,0.3036405485369599,2.652569351146013,0.0612392042027473,10.187315544172636,1.5741688602225905,7.050197437518962,3.0112613863268565,0.000636492972795,0.0004528845125639,8.227886609656206e-05,0.0005219921712247
235,63.02,0.2943205104304588,4220,0.0,90.0,90.0,90.0,90.0,0.0,84032.69053686709,5569.2919517337605,5881.883931832347,2933.952497569131,2256.0274885164977,2254.0573270793298,0.2856839335619424,0.2589183057459934,0.3100531786032998,2.139202756919196,0.3352503811322489,53.02709697851319,8.126080310474123,37.75753642093417,15.531371659537232,0.0032359846130834,0.0026644557297038,0.0004423184692709,0.0025574149214062
236,47.85,0.2754768280038619,4052,0.0,90.0,90.0,90.0,90.0,0.0,68703.18862739536,4506.856136405097,4717.057225904374,2656.9941465686934,1947.8209077429408,1811.2641787066511,0.2593897709290656,0.235986437387582,0.3507573278239048,1.506824957992103,0.3819334735822814,47.160883298473145,7.685633294416401,33.95562333422138,14.965694557307794,0.0040479312759154,0.0028554158082722,0.0005069491790776,0.0031645890520296
237,43.12,0.1974334099416428,4973,0.0,90.0,90.0,90.0,90.0,0.0,68362.93127215728,4689.765765670057,4410.026944413072,2589.267561678285,1848.825856106083,1878.9075850751688,0.2659391274588645,0.2523230093841617,0.3352291469631095,1.7490176759770812,0.3691584188106205,47.30185352344116,7.240380748198857,33.60531240250383,14.592466809259228,0.003729364353587,0.0027419280695272,0.0004998881375478,0.0031100765315482
238,52.68,0.1786676858673853,2730,0.0,90.0,90.0,90.0,90.0,0.0,77330.52350545171,5362.353365106589,5267.823228690482,2999.829692058258,2165.3557896866946,2168.403980047445,0.2924326821781579,0.2952205440794178,0.3564399789569847,2.117976204057397,0.417117433831197,59.21997677523629,8.959313071064805,41.20421052609008,18.01042791488189,0.0041538003027972,0.0030664469915935,0.0005329118551821,0.0033526932524342
239,50.21,0.19365960628055,4231,0.0,90.0,90.0,90.0,90.0,0.0,78259.99249650973,5579.357449600603,5089.627971828812,2808.5395146122423,2024.9196008478043,2085.77792044115,0.3042140647973778,0.2874311461186983,0.3141378234010524,2.21780253144094,0.0919850587144886,13.953677175184312,2.059975520423862,9.672952970295606,4.239079154590914,0.0009515504394724,0.0006978646211262,0.0001221296686913,0.0007709863134638
240,57.43,0.2106333318042655,3148,0.0,90.0,90.0,90.0,90.0,0.0,69331.03731758153,4313.849571829961,4402.243891059615,2626.45290576959,1743.914456832642,1905.277470551115,0.2851269097399564,0.2765280257312659,0.3052880064034078,1.4418139410058328,0.4880215423869918,62.4259711288028,9.815180296592612,46.3531294594737,19.826896723415626,0.0050840655287281,0.0038174742233273,0.000645297166869,0.0042937785791726
241,43.18,0.2463922034602873,3770,0.0,90.0,90.0,90.0,90.0,0.0,76706.28156563421,5502.910551495813,5157.266674912451,3266.1157586056365,2083.1053316127704,2150.7072665569526,0.2728197613283497,0.2804740901637037,0.3764283400657476,2.483512319683376,0.3089468267416929,49.3713002491025,6.9955742609289375,34.54119734355369,13.787970508094231,0.0030628701677878,0.0022408748671986,0.0004040818640969,0.002372044829137
242,56.62,0.2114937318882036,3222,0.0,90.0,90.0,90.0,90.0,0.0,60676.55826181826,4396.352883392082,4196.008728086415,2353.753927764535,1593.413232725328,1621.5514057435576,0.287833149663741,0.2724120939458277,0.3027692147643627,1.19128549614499,0.4811049059610893,60.3869661543272,8.710070820971401,39.772536993118266,17.995651734290227,0.0046927648608435,0.0035216412182589,0.0006443730301871,0.0042254865584277
243,56.93,0.2677050207544857,3052,0.0,90.0,90.0,90.0,90.0,0.0,82277.84609346857,4885.477964421782,4595.051051090989,2919.57838624829,2004.5623009538692,1876.36326295628,0.2425243799376305,0.2462165516042857,0.3082412570845042,2.023226907967376,0.288779327307583,39.18573628455949,5.967059054151869,26.3459079201251,11.23837321993365,0.0026808810286524,0.0021115022349288,0.0003286428274237,0.0023005151764677
244,55.39,0.225972779752805,2212,0.0,90.0,90.0,90.0,90.0,0.0,73230.25291793891,4907.769543990912,4599.905024543287,2722.251830219438,1873.315213174366,1914.1396241249092,0.3085912797914231,0.2910510650581076,0.3497194092569783,2.268417191374594,0.1018578534825138,12.557278227104703,2.084068966640441,9.319740142206127,4.13435308210779,0.0009811837005881,0.0007446858857417,0.0001310547552889,0.0008514592681072
245,50.15,0.2008787824571915,2732,0.0,90.0,90.0,90.0,90.0,0.0,79785.10357994716,5116.788424294565,4998.455489586698,2774.3039420370555,2044.2010465660755,1997.762000583028,0.2966563222234329,0.29705328259433,0.3707578561564891,2.16869816781789,0.2696161770986938,39.09393479008489,5.7048631857968255,26.46071357162011,11.712265327417688,0.0027741960517281,0.0020841019754187,0.0003430511812146,0.0021390568627027
246,40.01,0.2859897391101568,4914,0.0,90.0,90.0,90.0,90.0,0.0,81628.18746550172,5677.693536520523,5419.930514752817,3114.935234091922,2240.3569249291745,2246.179513384724,0.2782470024799578,0.2740121662149071,0.3036405485369599,2.652569351146013,0.0612392042027473,10.187315544172636,1.5741688602225905,7.050197437518962,3.0112613863268565,0.000636492972795,0.0004528845125639,8.227886609656206e-05,0.0005219921712247
247,45.25,0.2177356527005111,2675,0.0,90.0,90.0,90.0,90.0,0.0,79090.3097448172,5632.849064791252,5122.316569480936,2988.3551011368127,2018.9990230041765,2111.183556502066,0.2665226988644096,0.2530466012776265,0.3481944792842729,2.093737654287539,0.3037689352928762,46.84120636267528,7.109906254465874,32.38379428547915,13.887958864467093,0.0028663195267532,0.0022591010375726,0.0004315471698656,0.0024297638170183
248,54.5,0.2078576294416242,4718,0.0,90.0,90.0,90.0,90.0,0.0,77697.61049969084,4916.602067231234,4741.240192212806,2787.1128829912486,2009.914069606084,1881.291154181028,0.2879328323852367,0.2806426272620469,0.3661360021324955,1.4751841399303047,0.4358694011830057,61.61022334998299,9.078160015463004,42.44007621345013,18.20848464497128,0.0046244634525056,0.0033334812203292,0.0005823417907811,0.0037045586378548
249,48.06,0.2055102798111202,4181,0.0,90.0,90.0,90.0,90.0,0.0,63117.57382104305,4525.073892205908,4257.455057853521,2475.7397321335125,1739.8928813736984,1703.4643172055344,0.2682055141244293,0.2612457547634234,0.3281471715755432,1.4917016519568078,0.2341831904588123,30.001035788206693,4.336391576667801,20.68237909391977,8.82617007084215,0.0023808043837046,0.0017065992150959,0.0003126189068412,0.0018750464746697
250,51.05,0.2539758968472252,3309,0.0,90.0,90.0,90.0,90.0,0.0,83225.49514183323,5401.959732041492,5254.269938310281,2872.2616384819003,2053.755968761468,2173.5718125090684,0.2622843206498259,0.2399277411489789,0.3282590565033957,2.012326804385314,0.2823214279217358,43.886913654267815,6.545118458921791,28.970023334122928,12.816489014075056,0.0030389311795317,0.0022319517894805,0.0003883985487851,0.00261662709238
251,52.78,0.2502460030259495,2375,0.0,90.0,90.0,90.0,90.0,0.0,56397.264659094406,3903.626975092959,3869.517545618423,2303.716488906512,1462.6191457081477,1547.644718949531,0.275181531707057,0.2641261209003413,0.3224101970927684,1.256571967359178,0.352149898111503,43.56607472364252,6.243021947313535,28.782511278982973,12.72235704600542,0.0035211149129698,0.002579297301828,0.0005077115176612,0.0030911308252975
252,62.53,0.3050742767995885,4751,0.0,90.0,90.0,90.0,90.0,0.0,84235.78474053708,5577.366876926904,5118.836124277749,3031.4177134479155,2300.606143831101,2198.6726815082443,0.2940138012899045,0.2817684720024682,0.3564230751285142,2.341180005350429,0.1859296926527146,27.62326056884686,4.150544295966213,19.390885844878166,8.367030844244796,0.0017201892606779,0.0013952247619784,0.0002257427875617,0.001490416249091
253,58.4,0.1907491213444038,4760,0.0,90.0,90.0,90.0,90.0,0.0,58787.295728984966,3881.869820131559,3958.140342815324,2225.143023629353,1729.4286285917158,1709.0041348312056,0.2627341884405602,0.24305649506154,0.3432610617164416,1.252233390543713,0.3065419136333126,31.81239154975884,4.826009781551621,22.07726003726659,9.554038706920396,0.0029299431934109,0.0021089396759845,0.0003902847853645,0.0023509354786429
254,42.12,0.2380312795165325,4198,0.0,90.0,90.0,90.0,90.0,0.0,90059.97690951239,5833.725438520708,5401.724181679396,3103.65474916896,2120.5750612351085,2222.702771216945,0.2706654256736148,0.2575358892300297,0.3198104082857727,2.069670554023278,0.4205998407786778,64.75403504201014,9.518342804747736,42.03999683720853,19.05627152360156,0.0043846735234505,0.0031417033976611,0.000519896354263,0.0036210522669111
255,56.6,0.2207884986396567,3611,0.0,90.0,90.0,90.0,90.0,0.0,74468.42401776108,4609.730052717166,4235.394614504642,2669.792626341945,1932.201218354604,1847.422762732377,0.2487445844730758,0.2495468271371848,0.3345738480127632,1.8255837868566975,0.2126680037559076,28.57251008939085,4.327772435430178,18.491643307077005,8.70934144773867,0.0021273960961047,0.0015388077973772,0.0002672726065505,0.0019252082373655
256,48.38,0.2229306904835017,4036,0.0,90.0,90.0,90.0,90.0,0.0,82103.1430914716,5762.6554096903765,5329.45466956608,3174.677341313701,2420.924677995792,2355.4862754693804,0.2341088537560504,0.2310733477940458,0.3790637957569409,2.785487200581758,0.0991601250234336,16.29226269938111,2.613468967489941,12.094655377233702,5.116365734165611,0.0010898037530203,0.0008594797827081,0.0001338676980333,0.0008935950913275
257,63.8,0.1865391472413345,4852,0.0,90.0,90.0,90.0,90.0,0.0,60791.83607456925,4032.783104990504,3824.461313276164,2182.4316221999834,1641.1663033372683,1566.4161442106742,0.2460876072578613,0.2270367580381453,0.3210883334750596,1.242792150916277,0.224456113045314,27.702668208466346,3.6716864357306735,17.85343535154671,7.867854920589965,0.0024320329088317,0.0016907002915486,0.0003108793721805,0.0018561767022204
258,56.82,0.1806260772070152,2462,0.0,90.0,90.0,90.0,90.0,0.0,76162.23679925308,5054.790904143643,4855.83613886535,2817.732462088383,1995.6326865502765,1872.4296525552013,0.2652447038792051,0.2759839809348829,0.3621034942661673,2.3073459400913774,0.0538275920413496,8.43190341834735,1.2295614023964696,5.735152664028677,2.3690983856200614,0.000581428054812,0.0004340750500642,7.363531645759351e-05,0.0004691940516201
259,60.16,0.2114937318882036,2420,0.0,90.0,90.0,90.0,90.0,0.0,60676.55826181826,4396.352883392082,4196.008728086415,2353.753927764535,1593.413232725328,1621.5514057435576,0.287833149663741,0.2724120939458277,0.3027692147643627,1.19128549614499,0.4811049059610893,60.3869661543272,8.710070820971401,39.772536993118266,17.995651734290227,0.0046927648608435,0.0035216412182589,0.0006443730301871,0.0042254865584277
260,40.61,0.2357754879031457,2103,0.0,90.0,90.0,90.0,90.0,0.0,73211.9652412182,4851.41526833938,4895.62895358302,2632.8517261878987,1850.8579922116503,1897.084721379244,0.3352916196885369,0.3075988613499819,0.3734146997484792,1.8067806852771569,0.3404360259488497,51.13991160375794,7.249827913563641,34.28690843800052,14.261207052704563,0.0034047472456825,0.0026934782444267,0.0004822684940786,0.0028542503445854
261,64.6,0.2717762242885158,2502,0.0,90.0,90.0,90.0,90.0,0.0,66874.49420556876,4654.21848837687,4478.045193322088,2401.044744907229,1833.0272839574,1809.2610240153736,0.2668171357549666,0.2845458878059003,0.3293706048204872,1.7930060412821094,0.0886528454337612,11.7181965904489,1.696355816485096,8.017626224676901,3.6154264824721887,0.000911272835986,0.000702202518248,0.0001201564284055,0.0007394396422211
262,61.24,0.203008171449576,4003,0.0,90.0,90.0,90.0,90.0,0.0,77163.44761284786,5309.551763857544,4728.505070096221,2905.195392903276,1923.2257739585157,1927.072173167976,0.3182585994396894,0.3045467018610204,0.3207418236399749,1.9196909437799048,0.3581218827253469,52.2239693235691,7.779329533244791,35.070496389267284,15.346488719702728,0.0036099868979138,0.00271280841623,0.0004438834308703,0.0031106216885474
263,51.39,0.2860878120012929,1798,0.0,90.0,90.0,90.0,90.0,0.0,80581.42742066033,5477.516053472695,5108.109754167013,2953.925643798716,2133.893297095012,2133.154539252983,0.2805149476879379,0.2875925148123755,0.3476212762370611,2.4394904883319644,0.1043932027286239,17.076275141899014,2.5363039220313635,11.685916475523143,4.937198429537496,0.0010897494368647,0.0008318380714169,0.000141201580506,0.0009302167455089
264,54.39,0.1827674160559457,4079,0.0,90.0,90.0,90.0,90.0,0.0,86780.57597657118,5571.038818793593,4831.946484924875,3080.8876549245037,2131.603331364018,2207.6271665453933,0.2626231031655505,0.2590509884842008,0.3660785831067802,2.1522441196822104,0.3691287811616908,54.79015577863701,8.386438896314159,40.051864554455896,16.84723151904014,0.0039495767526523,0.002696806009445,0.0004859724331468,0.0032542894274783
265,57.41,0.2141310643190856,4442,0.0,90.0,90.0,90.0,90.0,0.0,72900.51546578239,4966.171592480914,4570.3066461320805,2621.0165304991883,1818.304222880285,1816.520342561772,0.2400366885556362,0.2256443978660349,0.3514984857464385,1.758236237936314,0.3797666889986933,52.6569879145215,7.771708716047503,35.40579296462048,15.618233491372388,0.0040040179306367,0.003108235583487,0.0004939880245421,0.0033778408688152
266,49.99,0.2550928565724666,3524,0.0,90.0,90.0,90.0,90.0,0.0,73227.13392778322,4752.773226938236,4698.362787093882,2838.1645005289406,1921.9109377389505,1914.1545203782969,0.3016344084382693,0.2921374232783011,0.3540165263734243,1.7362050153489172,0.4473281138533233,63.86676181785076,9.17645717539738,43.50738671137275,18.92467212220417,0.0042487866736212,0.0034547496610843,0.0005810446025044,0.0039115338863008
267,56.4,0.2296274810986395,2104,0.0,90.0,90.0,90.0,90.0,0.0,78000.43597772603,5189.122137796328,4652.228832098101,2747.3474965804294,1929.094278367628,1939.1714683711996,0.2700232224517178,0.253133462368435,0.3851645207577424,1.96420432189076,0.1879116674036619,27.082549512390276,4.153746569995621,18.827589554271345,8.468694429292244,0.0018482357069319,0.0014540253961315,0.0002453804675918,0.0015562111265329
268,62.32,0.2083864656976467,1522,0.0,90.0,90.0,90.0,90.0,0.0,64769.705198862655,4877.916124055557,4312.3742006738485,2790.6319985289306,1739.1329471319575,1757.4473920758974,0.2566640408921099,0.2366085827336672,0.3417206270257991,1.5039334752390374,0.2504169556588884,33.33185402977947,4.903195625376849,24.252604616150105,10.632763043626602,0.0026221362066904,0.0017894239044436,0.0003478602223694,0.0022021088963166
269,62.14,0.2654667089049206,4654,0.0,90.0,90.0,90.0,90.0,0.0,66323.13123197763,4671.382904755409,4473.696538750154,2515.3339467370884,1903.7381004707229,1870.7960231813984,0.2776840113649006,0.2498723099329317,0.3048270086371207,1.987192835321717,0.1217100298233113,16.03063002375507,2.3556435587726217,10.965876959630476,4.905906385038239,0.0012417596486578,0.0009143105760633,0.0001558272310272,0.0010358349238924
270,50.63,0.1994492025674179,4688,0.0,90.0,90.0,90.0,90.0,0.0,69049.10344245129,4561.33981473785,4352.952876137193,2537.6668182157364,1879.836494530293,1751.3411715948837,0.296573730300382,0.293544967187264,0.3192566529028639,1.4158765764869217,0.4185464240664373,53.897329670839184,7.926722269524506,37.02961165809673,15.81295796455739,0.0042257283317935,0.0031322328550894,0.0005689493717345,0.0035308657366109
271,60.1,0.2140272380625026,2220,0.0,90.0,90.0,90.0,90.0,0.0,78420.904314207,5349.328929461673,4950.140599690958,2791.715500024437,2189.4236977686605,2143.6456860304934,0.2836212395685649,0.2666095536345622,0.3379728897249194,2.1159300905174354,0.307407922607931,44.09725858424424,6.753255955427472,31.085051493127985,13.45235844582797,0.0029983216756702,0.002331463509421,0.0004021616091557,0.0023866879916183
272,52.95,0.2192199499258552,4350,0.0,90.0,90.0,90.0,90.0,0.0,71112.57078839558,5024.636444375849,4441.073721750785,2592.5277964541683,1859.4119852911883,1928.7850410311075,0.2462086549247892,0.2407245687551486,0.3547080720713287,1.8043047727542647,0.2506940629559483,32.29450223601362,4.717756747163022,22.585980166804315,9.737390393420586,0.0023719648319011,0.0017003101474095,0.000290318723394,0.002022440109717
273,53.94,0.2726207272128704,1705,0.0,90.0,90.0,90.0,90.0,0.0,72873.12687853978,5105.120422823574,5192.170350349825,2683.3987706167604,1923.3701368453487,1886.1733642014303,0.2417072927699385,0.2344551737140652,0.3925079678438498,1.6075300091147724,0.4632763035561612,65.11437676185956,9.444951641693232,43.93409504439533,19.59213834662229,0.0045999701800607,0.003469544847828,0.0006293241155237,0.0037106657732046
274,43.03,0.2789766416109205,4974,0.0,90.0,90.0,90.0,90.0,0.0,79404.57561644923,5339.932422194182,4940.386209586359,2836.2215258081683,2111.0105383888827,2165.2380237165453,0.2606200018699324,0.2398841161753502,0.354888919207924,1.7630621868124217,0.4130923874442532,59.34071632420149,9.367692415529516,41.50950527022823,18.651309410889898,0.0043000615659572,0.0030761925097982,0.0005521422264768,0.0036298401469295
275,60.04,0.2756436451589462,2046,0.0,90.0,90.0,90.0,90.0,0.0,78371.7921381902,5296.13975265027,5203.760280398312,3017.9098347843337,1996.5374830110425,2122.656699369561,0.3089462862759797,0.2839856618750688,0.3397687028781272,2.3793187793092714,0.1948679991682573,29.866139358928027,4.493358482674973,21.875674550581493,9.33473462821568,0.0019028447257773,0.0016044329195694,0.0002642396869706,0.0016434912047415
276,53.28,0.2911907018956882,4234,0.0,90.0,90.0,90.0,90.0,0.0,62232.98626109114,4139.675987426949,3938.9166952353,2176.161346838012,1663.7602252832448,1624.4991950525073,0.2630110206112989,0.2330672530741358,0.3831690840671795,1.1572408270091998,0.4760982098862235,52.84410706665169,7.862631546961566,35.61539867732725,15.882760795639806,0.0044270808642578,0.0036112464096864,0.0005797508803586,0.0036645235824822
277,54.89,0.273053144116047,3789,0.0,90.0,90.0,90.0,90.0,0.0,62956.10952768226,4332.041911449888,4208.569690755502,2293.929872006634,1696.2681585407609,1654.8862140018744,0.2428851271787999,0.2316120402032693,0.3349536955547903,0.9845596606380248,0.5001579072846877,56.9478575836195,8.842045648086009,40.04924498930426,17.393990261532007,0.0050194849243803,0.0038184761040467,0.0006459298310976,0.0039422727835152
278,62.29,0.2310135412262743,4593,0.0,90.0,90.0,90.0,90.0,0.0,63755.48529173809,4157.606804601947,4084.196052445779,2443.256090352019,1654.386562504181,1733.4842346441446,0.2707242028887404,0.2558594908287999,0.3317024082104142,1.294325792973485,0.3744361203535126,42.58582663342334,6.628130273591157,31.073830469882758,13.034418439839635,0.0035504701766963,0.0026989200997138,0.0004624937608809,0.0031229505824864
279,60.38,0.1904082558748014,4009,0.0,90.0,90.0,90.0,90.0,0.0,79766.24435097218,5492.513932396378,5124.408684888611,2866.039781929296,1878.6673685368871,1956.7108040336436,0.2964734044181381,0.2937811070133062,0.3116484403089039,2.039118211643264,0.2389355740137015,36.58135151038385,5.883308435666524,25.55390531441462,11.492250494808328,0.0026022492095485,0.0020006488858111,0.0003302284611473,0.0020217570492418
280,50.67,0.2580872658195883,3567,0.0,90.0,90.0,90.0,90.0,0.0,72226.88637886319,4823.356806461028,4683.005034369875,2840.384353631188,2057.5803680376384,1736.0179213452543,0.2631070121355711,0.2485307707673579,0.3624755667904802,1.9890976699477856,0.2641597928718443,37.57989117772656,5.731933752225979,25.743302086228027,10.963166070923702,0.0026279018532662,0.0019028262218739,0.0003405567625025,0.0022127910042674
281,51.15,0.1861749963795437,3744,0.0,90.0,90.0,90.0,90.0,0.0,74588.19627883399,4663.861829716758,4698.004940122473,2563.7887775604167,1912.9033752872604,1959.8543737052228,0.3017403390756708,0.2999501688147296,0.3391419461475878,1.793976142888527,0.1749344253418147,23.06670989492644,3.417617016885872,16.128259820637222,6.961980854165084,0.0015828966529892,0.0013196242895542,0.0002164782238786,0.0015014555394827
282,58.59,0.2192199499258552,2151,0.0,90.0,90.0,90.0,90.0,0.0,71112.57078839558,5024.636444375849,4441.073721750785,2592.5277964541683,1859.4119852911883,1928.7850410311075,0.2462086549247892,0.2407245687551486,0.3547080720713287,1.8043047727542647,0.2506940629559483,32.29450223601362,4.717756747163022,22.585980166804315,9.737390393420586,0.0023719648319011,0.0017003101474095,0.000290318723394,0.002022440109717
283,51.25,0.1971287391149067,3444,0.0,90.0,90.0,90.0,90.0,0.0,87634.3506656526,5641.161590870308,4757.281611999912,3047.646113730573,2188.571791333555,2167.5834838855467,0.2830923909814021,0.2695095236684951,0.3115382437161783,2.420647659044844,0.2751479896832174,40.467538286733614,6.348659900516242,27.37644948777548,12.470436731758769,0.0026411405176776,0.001989383206912,0.0003382126879381,0.0022270903528906
284,46.18,0.2278797258326582,4579,0.0,90.0,90.0,90.0,90.0,0.0,71269.95538307108,4988.0836182074745,4656.203976553101,2917.122681633748,2030.5555144363025,1925.82257908548,0.2563601861071322,0.2423817290299779,0.3536102251976322,2.1721763818074264,0.0902062350655967,13.386664042379676,1.973928885802868,9.209009830552684,3.93260838034893,0.0009474994527592,0.0006669204770167,0.0001219896144427,0.0007606209088153
285,46.93,0.233776842858587,4111,0.0,90.0,90.0,90.0,90.0,0.0,58640.24195967164,3868.679497030697,3887.747853547624,2252.326780939124,1679.8304385776398,1644.164379726266,0.2330665445221602,0.2353469721680736,0.3808942809095597,1.321065520805312,0.4750842716607072,54.25791343499983,8.267591000289508,38.38955150985432,15.765912357428634,0.0050821851601006,0.0035659930379066,0.0006284639581924,0.0042048344591787
286,53.03,0.1981786765045056,4685,0.0,90.0,90.0,90.0,90.0,0.0,67799.93282039279,4167.686857695568,4203.058028927969,2361.3264206350595,1627.910330580249,1761.0232204509325,0.3077961033752145,0.2985030100971965,0.36580698926512,1.8777770958108773,0.0883178960668019,10.555058038515616,1.59976523361175,7.540267377064984,3.2130602828039567,0.0008944770446924,0.0006641015190015,0.0001153507501369,0.0006927417699846
287,45.98,0.3004024976236039,4067,0.0,90.0,90.0,90.0,90.0,0.0,80963.4709190511,5233.530457560031,5081.453577231985,3166.22366841157,2150.428603984511,2046.8046508767527,0.2912806341965786,0.2889240716694721,0.3768749152878814,1.9662660928004665,0.3874203066794213,61.29395249189693,9.588723656498503,41.62738374541242,18.953373764415403,0.0041650486782623,0.0029283084263014,0.0005275322382012,0.003365177240144
288,41.94,0.2511839310569132,3301,0.0,90.0,90.0,90.0,90.0,0.0,74069.96296098489,5232.707590951769,4714.9128161631215,2563.185540829735,1892.0307606085728,1869.756650732187,0.3060052885890883,0.306971191069592,0.304612709473016,1.8053330777986447,0.2677528958447652,35.03333430560706,5.297163437604,25.483483892837956,10.197535750644851,0.0025271978127562,0.0020274147457797,0.0003427121733295,0.002250415708601
289,45.86,0.253336118350261,2670,0.0,90.0,90.0,90.0,90.0,0.0,92797.99571142436,5977.216716747912,5524.440960259862,3279.451629150257,2165.65684479734,2142.5403936541616,0.313054226975308,0.3033374206692352,0.3736040741040022,2.2987762019720077,0.3880206841172652,60.71250594502476,9.691220736456772,41.64047899701694,19.099514918656386,0.0039149798004484,0.0028055285464197,0.0005107358099729,0.0031474451676409
290,47.99,0.2757708156872723,2875,0.0,90.0,90.0,90.0,90.0,0.0,80131.21195022356,5198.095550654137,4983.827035587323,3105.45948885077,2181.330550684405,2152.155314311168,0.3023247586926796,0.290543850727008,0.3005949339705542,2.18134865086424,0.3141981134127818,45.8797320351205,7.223566959167733,34.043113069007376,14.560083318977888,0.0030954338213593,0.0023035659077489,0.0003802520235889,0.0025482247182643
291,42.01,0.1768506741960578,3712,0.0,90.0,90.0,90.0,90.0,0.0,73732.58392476398,4769.033980644179,4482.344183682707,2499.8653520308226,1909.7474396151983,1857.0446397293765,0.308995288665582,0.2803341125443343,0.3315087374704929,1.5266352392522242,0.422820450064373,54.62673666631746,8.283781057857864,39.99762985438917,17.966567108401907,0.0042678496401347,0.0035496537320109,0.0005674411441326,0.0035601778419398
292,45.78,0.2115701785363872,2117,0.0,90.0,90.0,90.0,90.0,0.0,73623.03770154955,4628.924277610189,4134.130328396042,2832.590590231404,2027.8245712314647,2002.9794296851792,0.269605310510899,0.2638813883152805,0.3537546718279821,1.6553151502781522,0.4151465663322377,53.0011062582007,8.219608618088069,37.4211058586822,15.803074312370471,0.0040606394457963,0.0030360066851678,0.0004996805063482,0.0035558176574168
293,43.82,0.2318390897771265,4342,0.0,90.0,90.0,90.0,90.0,0.0,82484.58539282662,5699.960034811207,5479.556900747936,3138.350801663069,2323.1694821692035,2175.5391445726427,0.2767695594321651,0.2828053754310916,0.3540354536210187,2.496363367986608,0.1452936453341397,21.8448204715567,3.570992885514657,15.565148754257828,7.378469073355168,0.0015176684919626,0.0011557910964247,0.0001907591015922,0.001196108247958
294,41.61,0.2528775996237392,2376,0.0,90.0,90.0,90.0,90.0,0.0,67111.93770787015,4328.03432778969,4027.199254633303,2426.610205500574,1806.517095733444,1762.4503953676908,0.3138224548570273,0.2949506959522944,0.3302851942541373,1.7550599133399911,0.1583642602882936,20.595457253870123,3.134008417917717,13.837562902877997,6.012499574311455,0.00172850191706,0.0012881866278516,0.0002114833964392,0.0013486614630018
295,48.27,0.2114937318882036,3169,0.0,90.0,90.0,90.0,90.0,0.0,60676.55826181826,4396.352883392082,4196.008728086415,2353.753927764535,1593.413232725328,1621.5514057435576,0.287833149663741,0.2724120939458277,0.3027692147643627,1.19128549614499,0.4811049059610893,60.3869661543272,8.710070820971401,39.772536993118266,17.995651734290227,0.0046927648608435,0.0035216412182589,0.0006443730301871,0.0042254865584277
296,50.39,0.2746222380725966,3408,0.0,90.0,90.0,90.0,90.0,0.0,67987.95684939847,4562.321927193452,4207.959337722861,2602.6272333881743,1865.9566868189695,1829.9989838292272,0.2964938073520556,0.277526259699078,0.2985439084847239,1.8863340167602831,0.0608294361248251,7.700255021639875,1.1302808718604909,5.1794317552181655,2.21822616294122,0.0005948869448154,0.0004486056496814,7.985499973625745e-05,0.0005232425405883
297,60.82,0.2201871958502828,2347,0.0,90.0,90.0,90.0,90.0,0.0,83338.72658216562,5790.845077520285,5169.872692868656,3099.341308957699,2123.020088091258,2194.35028412298,0.2628235290262538,0.2613353545759585,0.3250379596550069,2.539304342917293,0.2040604976124607,31.88202672406717,4.604003335120951,22.09263146239412,9.16342964378314,0.0020937684898679,0.0015944820316971,0.0002507886364562,0.001720110473337
298,62.62,0.2783201362150841,3095,0.0,90.0,90.0,90.0,90.0,0.0,78963.95359524529,5307.716492640135,4791.918313972684,2763.356107596909,2001.933321933572,1953.5888373864143,0.3056486802121256,0.3084137811883491,0.3264459747050451,2.3322206462460966,0.1146208814331014,15.587820100963745,2.345549916829121,10.36433489875932,4.910525222316998,0.0010814870943749,0.0007968883098718,0.0001318345011775,0.0009066438924994
299,63.65,0.2619425252278141,3892,0.0,90.0,90.0,90.0,90.0,0.0,84940.38231003405,5385.729425901091,5212.66332006974,3116.078723139457,2154.115771840024,2212.9677998948446,0.3362726601021382,0.3015760794472589,0.3595631821091547,2.026709841698235,0.269150350351036,41.229262912291446,6.0595881407658805,29.280766946772072,12.610250393705586,0.0027281305630294,0.0019843307934782,0.0003582963383614,0.0021268986503935
300,61.42,0.2651289221470514,1580,0.0,90.0,90.0,90.0,90.0,0.0,65660.68734835544,4236.011546344495,4097.824105105261,2626.9646300148893,1636.5609728870922,1664.475580464309,0.3320621448926762,0.3153110674485954,0.3085741172823444,1.3363240223169324,0.41864327444029,49.08687761700765,7.463507826847705,35.94949505353258,15.008774609672772,0.0042045093211628,0.0029469070284581,0.00050414073575,0.0036026462049962
301,54.39,0.2851161363750865,4635,0.0,90.0,90.0,90.0,90.0,0.0,60015.02344578153,3852.084974799106,3441.214548251757,2237.07680389139,1644.1279262352848,1630.138322925529,0.2683725450344731,0.2602953185213927,0.3123765337748473,1.1619016329515086,0.3085396340033632,35.49665272330194,5.024084463892569,24.05850065810141,10.759712397025185,0.0032455049916079,0.0023445121192974,0.000393246225145,0.0028280136315215
302,40.15,0.1904892836546073,3453,0.0,90.0,90.0,90.0,90.0,0.0,74863.38819682383,4326.08992420575,4619.728637600927,2648.669071648053,1774.51816228815,1915.8269832679368,0.3131059249473639,0.2995884986279886,0.3198416246267756,1.762476818600163,0.1091522669849999,13.596812593356985,2.129247345430016,10.357378513206704,4.195428015985326,0.0011225874320096,0.000819128778272,0.0001397885143485,0.0009066543182524
303,47.47,0.2296274810986395,2940,0.0,90.0,90.0,90.0,90.0,0.0,78000.43597772603,5189.122137796328,4652.228832098101,2747.3474965804294,1929.094278367628,1939.1714683711996,0.2700232224517178,0.253133462368435,0.3851645207577424,1.96420432189076,0.1879116674036619,27.082549512390276,4.153746569995621,18.827589554271345,8.468694429292244,0.0018482357069319,0.0014540253961315,0.0002453804675918,0.0015562111265329
304,61.34,0.2835752631765061,3097,0.0,90.0,90.0,90.0,90.0,0.0,61701.27832145,4289.233811907286,4117.688462267646,2366.657630863432,1616.8863196690045,1716.45108765651,0.2554716024052305,0.2453022133953267,0.3520801257535548,1.2569980190918766,0.2445701356158528,30.83156761628856,4.1913205579269,19.64939601107831,8.694929517165196,0.0024461417490833,0.0018843433546992,0.0003101335328713,0.0020154515078603
305,50.48,0.224771956611066,4923,0.0,90.0,90.0,90.0,90.0,0.0,77001.35701220768,4839.162870070025,4862.763782080389,2937.920335629335,1947.105638055403,1982.0807830058825,0.2693273423274431,0.2435783465091732,0.3200025716795273,2.2030816567167766,0.2135533997872629,29.257163069405905,4.395194740263654,21.18747574308522,8.493391627278744,0.0019788639618223,0.0014735597319265,0.0002544338840651,0.0016514595477088
306,58.37,0.1983177848172712,4561,0.0,90.0,90.0,90.0,90.0,0.0,73709.93056655624,5240.887175875204,4661.713545642576,2771.214872680372,1959.955213145046,1846.009641811519,0.2574813251489076,0.2530282395319646,0.3602055042075832,2.172014459625782,0.0950358034814383,13.29453505666618,1.9657416233890896,9.098106128245634,3.858492990139767,0.000917449810183,0.0006993452671503,0.0001270555400491,0.0007603957934204
307,55.08,0.2984341319090022,4776,0.0,90.0,90.0,90.0,90.0,0.0,70206.36048257306,4957.677100747287,4605.131889476284,2672.1342721913607,1960.145523591663,1946.0642422412045,0.3080080478946381,0.2827772705050126,0.3881530690704186,1.669462290037064,0.3345948700146876,46.91139629465237,7.630422313142382,33.07026995106983,14.355931365261588,0.0035431915710347,0.0025856299940836,0.0004468802810275,0.0031169976928188
308,52.21,0.2492624984133886,2403,0.0,90.0,90.0,90.0,90.0,0.0,68878.60414643299,5205.351880300612,4605.860826155503,2653.08298998245,1992.1775862821487,2036.163472313784,0.2741338555623294,0.2498992966373045,0.3450072062049341,1.903767929472556,0.2799765836427197,38.39051825307574,5.8978791267631046,26.96185441164928,11.41717045957282,0.0028209478111908,0.0021618617535357,0.0003874344325122,0.0021968405931518
309,50.9,0.2770526413957037,2617,0.0,90.0,90.0,90.0,90.0,0.0,86548.77946017582,5716.036219710242,5487.9898418549565,2989.4007938780137,2108.651595507305,2131.812795492543,0.2923185914851623,0.274495451505066,0.3012112457735266,2.669930148974397,0.0889043581560338,14.839683706506598,2.27050488712478,10.533141103754511,4.524215405202672,0.0009012331171276,0.0007180563369022,0.0001198327603816,0.0007300412005584
310,49.72,0.2917782972850451,1618,0.0,90.0,90.0,90.0,90.0,0.0,88837.26833013467,5674.096359533216,6041.768723835738,3320.9675291655703,2350.823049859644,2094.095889967466,0.2733817739448021,0.2510195694029686,0.3233995567648745,2.3225468444251938,0.2576787565973268,44.213866177493166,6.302230507141421,29.53263178464976,12.091929302472469,0.0024714146140201,0.0018964834295993,0.000339498323653,0.0019261820253719
311,56.98,0.1931937916494502,4239,0.0,90.0,90.0,90.0,90.0,0.0,75757.58676580354,4495.1163608823135,4315.113352542644,2501.4565074066663,1896.9891472113763,1772.858570187002,0.3286451666702793,0.2974024742133819,0.3152743238242256,1.9336739697683507,0.1132148472300721,14.69512839115431,2.040833292842604,10.060765942817405,4.526724036416908,0.0010692418324875,0.0008472210097363,0.0001460754344511,0.0009415649656788
312,58.1,0.2371829476425548,3156,0.0,90.0,90.0,90.0,90.0,0.0,71484.8137639028,5196.912201084402,4819.426013441625,2874.2315627284224,1865.108216753968,1824.5110285530368,0.3230015315928484,0.301256955873467,0.3343585350372073,1.8891158547815263,0.0869424137861423,12.096286977132689,1.796702664398991,8.385341659739941,3.3297002144810883,0.0008173893205831,0.0006804525121355,0.0001083462918447,0.0006761149253464
313,51.68,0.2721689970967968,4942,0.0,90.0,90.0,90.0,90.0,0.0,65391.59357997544,4142.977122238922,3916.218054569957,2337.4575407864686,1692.7553899648813,1647.10618846282,0.2793608954828739,0.2834180335231481,0.3711481351207427,1.1330888875066278,0.4217689361928591,49.40448191850861,7.298792783205697,33.78767378964709,15.11676833005346,0.0042095008798052,0.0031069904092096,0.0005304034017446,0.0035036741364911
314,64.52,0.1810528193832088,2022,0.0,90.0,90.0,90.0,90.0,0.0,69352.67920382465,4735.88844773601,4324.676571409778,2743.5983052657816,1998.6768953207009,1958.9944943561136,0.3023422509704934,0.286212763077998,0.3103739496947948,1.487579626442736,0.346331120691026,48.08699694386663,6.999356920702125,31.73869969570701,14.540494585137973,0.003548299413608,0.0025949241443289,0.0004542015935097,0.0030695865111303
315,40.67,0.2717974782554716,3687,0.0,90.0,90.0,90.0,90.0,0.0,91810.0262945276,6038.158869245222,5476.779093175334,3232.346301592084,2331.2752643685426,2263.6144232089305,0.2752640103197479,0.2706718419395558,0.3086787217324929,2.280439226475681,0.2473971875533619,42.54086882759806,6.520455762984976,30.58125842895761,12.786135391278563,0.0026027173905286,0.0019468782291814,0.0003348572022108,0.002167606581652
316,54.8,0.2728801778911864,3113,0.0,90.0,90.0,90.0,90.0,0.0,86359.98708369059,5621.539167241841,5414.808914310089,3198.084095951859,2182.3184192703666,2153.926960788135,0.2434068077816971,0.226042376327323,0.3381415583647283,2.436117405922946,0.2665780986124335,40.85048132572868,5.967038962469009,27.36242026900329,12.743045995808805,0.0025300268829088,0.0018519594993986,0.0003356962811938,0.0021888016950614
317,40.68,0.1935033821866854,4215,0.0,90.0,90.0,90.0,90.0,0.0,79715.76976469815,5433.140931271856,5281.25017850526,2855.450038416141,2003.402861069525,1939.76142120176,0.2478492232926261,0.2342165742460982,0.3739013544034418,2.167315253383744,0.1285599042910487,18.67281727237329,2.848187672037553,13.162055978387512,5.516843759867784,0.0012592808760451,0.0010149380600525,0.0001640366592384,0.0010444462975362
318,50.72,0.2150757803177023,4132,0.0,90.0,90.0,90.0,90.0,0.0,60681.63111255479,4021.135595969345,3946.827875651927,2277.2808227885625,1528.1129969085057,1607.3930525671778,0.2907322960075074,0.2814376485192651,0.3441857241028678,1.0358757708096276,0.3424442711690801,37.51331357383085,5.685092554071802,25.84924276230555,11.25939186383962,0.0033751808515606,0.0026466774788283,0.0004537642628189,0.0027645350242249
319,44.54,0.2519063005140264,3391,0.0,90.0,90.0,90.0,90.0,0.0,69791.43138771455,4940.937627399805,4388.849664981809,2701.504594503522,1856.54916740016,1947.2881970901672,0.2708737995625736,0.2447638864021245,0.309191247560184,1.6161764157767238,0.4751962442168131,55.608241885615314,8.780188366661182,39.68611759399456,18.356547128291027,0.0045838247450641,0.0033559193316122,0.0005830902555961,0.0038574563835393
320,49.48,0.2711110895151373,2565,0.0,90.0,90.0,90.0,90.0,0.0,66542.63393919532,4534.3513828387695,4210.191801581735,2474.6270587420186,1736.6193641826374,1812.3020342807365,0.2662917970547085,0.2604844235653855,0.305206658768922,1.5772691267030294,0.1023795924341287,12.066176478788014,1.8473360915587624,8.810935394003899,3.70137702204187,0.0009984167678227,0.0007514128357576,0.0001322927799887,0.0008483597996474
321,51.37,0.2217434566450431,2366,0.0,90.0,90.0,90.0,90.0,0.0,68832.50587953541,4672.119828471679,4685.611180214431,2567.9540113209764,1825.7453645394355,1812.6390212692147,0.2909975339581346,0.2718252161752613,0.2803702942910995,1.959690414285889,0.2471523876284586,31.817584461219838,4.622718727295693,23.17963324862156,10.059832344224796,0.0026242848993973,0.001872885477774,0.0003135916517037,0.0020731424696065
322,59.03,0.228992250601448,2882,0.0,90.0,90.0,90.0,90.0,0.0,88951.36807168712,5944.837365713715,5310.4212190372855,2967.1730993949946,2123.1225731982613,2058.836994108172,0.3168721265688396,0.3090640880975305,0.3350290518826161,2.1343582922989675,0.3421505457768747,53.22687225629607,7.98920202287681,36.90198112740615,16.87288676311245,0.0035373955956095,0.0026614767085449,0.0004509392434492,0.0029205118285257
323,46.96,0.2158208872880617,3052,0.0,90.0,90.0,90.0,90.0,0.0,72382.1892913118,5019.663547992585,4654.1234763099055,2784.1353089096665,1901.1758949202372,1856.2619656645188,0.3031636037012757,0.2927866116855586,0.3544581973874509,2.144459486094764,0.1458863025537794,20.75602121366079,2.9776737788526786,14.4827366536884,5.890153620918539,0.0014445084232586,0.0010229565567065,0.0002020201260019,0.0011667462113465
324,50.54,0.2755205273582919,4907,0.0,90.0,90.0,90.0,90.0,0.0,67709.8471130871,4179.623780352151,4043.872449903986,2320.9851091188675,1744.8802850501954,1761.1411669699276,0.2402828201843418,0.2360000291608208,0.3716007705526162,1.2251508294255935,0.5146128457809099,55.11251053941064,8.930167664151984,39.90031802983086,17.984358878192495,0.0048243182861346,0.003840110094524,0.0005825838923927,0.0038627822005241
325,42.05,0.2868457699984194,4919,0.0,90.0,90.0,90.0,90.0,0.0,61563.70901427096,4059.999976908362,4100.6136916640935,2281.307941815238,1631.0809723302484,1694.7818936175086,0.3306118734907613,0.2969585201532949,0.3836480974901309,1.564432135120168,0.1382060653922105,17.124989493324215,2.565532235098816,11.639046804725828,4.721667264726706,0.0013935973215925,0.0009870129411996,0.0001922909358569,0.0011974565520923
326,58.73,0.2002205440634956,1579,0.0,90.0,90.0,90.0,90.0,0.0,78427.19482378465,5284.231580169166,5175.413976775337,3077.6135719968875,2067.5121877387887,2245.223267935016,0.2758574237737726,0.2748664458559641,0.3114727657054876,2.230325587439949,0.2746744871923379,42.74665552462017,6.056855374338566,29.551824835912846,12.15184392224751,0.0026496138139524,0.0020073505080903,0.0003475500055314,0.0023384558206209
327,65.0,0.2842253313410378,1713,0.0,90.0,90.0,90.0,90.0,0.0,79953.38355911162,5319.840028813997,5252.172107427005,2914.511521941743,2040.9455887865104,2020.321751516582,0.2603153920521907,0.2484509461394075,0.3615287254011318,1.8812782869915932,0.4442026100127836,63.4474326300942,9.35943909937383,41.08439755258283,18.903972941012352,0.0041113909168979,0.0031828831210245,0.0005392975099917,0.0035851223029576
328,45.61,0.2406175211517336,2933,0.0,90.0,90.0,90.0,90.0,0.0,80998.05325807055,5333.208164689747,5120.077724505974,3047.4282113008258,2167.046718721984,2174.3693537914164,0.2994148317265319,0.3068584023996044,0.3803224414499465,2.4595714126496078,0.1826561410366111,27.83188076995857,4.266770453482883,19.620440253184896,8.380018312516002,0.0017942443819683,0.0013793918974642,0.0002398830103067,0.0014782034698669
329,59.53,0.2873703610896253,1781,0.0,90.0,90.0,90.0,90.0,0.0,81085.09032870448,5541.461183145207,5277.218161291424,2919.168882336089,2184.47197814713,1971.897991273297,0.2360521670425467,0.2250162930136889,0.4000749686194269,2.202198371936304,0.2793290403310062,43.66384299917313,6.4466833528849765,29.85891799596977,12.680105061433862,0.0026412915546654,0.0022636396479601,0.0004009233816407,0.0023501193773221
330,41.01,0.2274862951529897,4169,0.0,90.0,90.0,90.0,90.0,0.0,65969.13227434776,4357.699536850399,3724.785543968831,2460.9328716349046,1750.38286295102,1695.247285469505,0.3196180837443865,0.2869075609957881,0.3425430776508555,1.3664173371577606,0.2505251023987359,28.50001350880699,4.380226876025988,20.98100023618168,8.315215123686416,0.002519093029789,0.001761629092409,0.0003039992699466,0.0021435986071827
331,63.74,0.2249679573620382,1627,0.0,90.0,90.0,90.0,90.0,0.0,84415.38528583564,5407.648314932665,5117.504271339896,3066.636667839798,2101.1724710230465,2243.029322695405,0.284440318384085,0.2615982552106587,0.3176364156126416,2.318927903728544,0.1098125078623466,16.875279816128213,2.4981639373864186,11.443709948131827,5.1555372034128935,0.0011304755039722,0.0008099629556798,0.0001497579239275,0.0009259576057585
332,60.98,0.2032743507396175,2316,0.0,90.0,90.0,90.0,90.0,0.0,81941.51433445056,5207.250097978555,5360.278464993127,3136.1958805287354,2251.055014254131,2293.6302002407565,0.2793869652895441,0.2691446728117147,0.367342933840985,2.795290859939888,0.0857485723503581,13.963921001077884,2.140376237018535,9.757500913805496,4.19643083899181,0.0009418209226623,0.0006353871054753,0.0001121953161947,0.0007545731411428
333,43.81,0.2299618929278703,4044,0.0,90.0,90.0,90.0,90.0,0.0,84043.85746086403,5580.666146787832,5115.596085402576,3003.439261068454,2307.1533818472385,2081.8830483319502,0.2460534344593502,0.2254600187874381,0.3465725489642779,2.3374141306990284,0.2585578221151321,40.11945272526618,6.033870161453193,28.107227840037048,12.12383288751253,0.0025856266578403,0.0018645770881055,0.000338435882272,0.0021915602660122
334,51.84,0.2498924076725822,2017,0.0,90.0,90.0,90.0,90.0,0.0,73348.25540690693,4899.8501170964655,4954.869116450321,2797.604967223564,1741.675129908093,1828.3806704801816,0.3330060015341924,0.3182738785511467,0.3471067049884438,1.875627796037163,0.2987465980493499,41.77920448972408,6.359767187087504,29.850957064491546,13.103754483909244,0.0030601269410721,0.0023457628101762,0.0003972566229642,0.0025613019740468
335,54.1,0.2217750990651068,1968,0.0,90.0,90.0,90.0,90.0,0.0,76329.30261689589,4729.209341326342,4725.890842698695,2783.369265804773,1961.619346265611,1884.244525217959,0.2731832028277379,0.2612606407152642,0.3560220073722213,1.8732071905409544,0.4296890493559127,54.58395924007106,8.706135692065601,43.42895191923328,17.660664739164357,0.0042163126661016,0.0032400985856918,0.000534387602721,0.003448508944021
336,51.63,0.1774560629849897,2392,0.0,90.0,90.0,90.0,90.0,0.0,81460.06989662178,5871.240495210251,5081.239019819769,2921.292470804841,2088.8598241336463,1995.4260661855965,0.3183625416262194,0.294069997058348,0.3251043030059685,2.203401744876367,0.2867284304201246,42.77772171727132,6.807039220261792,29.437860172005102,12.704766290243017,0.0028085055078879,0.0022331798903286,0.0003875525358649,0.0023416865701398
337,59.17,0.2091494594366337,2549,0.0,90.0,90.0,90.0,90.0,0.0,74067.03076618322,4586.660672164403,4401.148393406045,2500.98960954017,1827.7034862225048,1753.9005927788128,0.2844920881631392,0.2608061220374095,0.3484092901279242,1.598948371987241,0.3706587175821971,49.755778863363474,7.389415140476935,36.02624473299979,15.52556412543709,0.0037415900231126,0.0029129727494824,0.0004648570691206,0.0030856891662907
338,55.15,0.2127930746858626,2187,0.0,90.0,90.0,90.0,90.0,0.0,87553.44439109154,4899.102733983894,4553.445397418889,2962.0528096344938,2102.0464640449586,2104.7016141173744,0.3217206530849248,0.2948248065434529,0.345310871301433,2.2091218453830237,0.2743288481169786,40.41303433240845,6.323109548614662,28.144262909980068,12.671729864207387,0.0029206134939047,0.0019762663996933,0.0003421548692266,0.0023346242635279
339,57.96,0.2549048874721334,4563,0.0,90.0,90.0,90.0,90.0,0.0,63860.11372483893,4295.816863650364,4398.829384933057,2231.625637394675,1812.7383921714447,1710.2953456871917,0.2480950608512926,0.23764331143609,0.3080996949160416,1.239207569260747,0.3679063390945332,50.9662393291761,6.91887890912526,32.478389285970216,14.074162876859043,0.0036430655896707,0.0031218953813467,0.0005539236475348,0.0031550858511784
340,60.48,0.228992250601448,4685,0.0,90.0,90.0,90.0,90.0,0.0,88951.36807168712,5944.837365713715,5310.4212190372855,2967.1730993949946,2123.1225731982613,2058.836994108172,0.3168721265688396,0.3090640880975305,0.3350290518826161,2.1343582922989675,0.3421505457768747,53.22687225629607,7.98920202287681,36.90198112740615,16.87288676311245,0.0035373955956095,0.0026614767085449,0.0004509392434492,0.0029205118285257
341,42.7,0.2388486783102459,2774,0.0,90.0,90.0,90.0,90.0,0.0,76690.11260248245,4782.509790808973,4775.9862123302,2603.7859890109607,2076.8980029342115,1896.895945435304,0.2485385079490707,0.2608382735612223,0.3699930046576533,2.0975047673986515,0.1566579462998279,21.645804587041244,3.287263764173964,15.790093721484755,6.409721423695465,0.0015578953267915,0.0012103811221076,0.0001999171037145,0.001346825362759
342,63.22,0.2782314664906053,1605,0.0,90.0,90.0,90.0,90.0,0.0,63900.95415613834,4412.348965550854,4079.3877497809694,2348.992366200688,1633.2497100393748,1700.3881316596987,0.2745889766425443,0.2662882430010961,0.347109539077275,1.241646448650878,0.3682406209304282,43.30365090235923,6.08131472188388,27.726495741908195,12.958112351308245,0.0034984274701018,0.002704472183992,0.0004535092455261,0.0030345314886535
343,56.93,0.2342972620522815,3858,0.0,90.0,90.0,90.0,90.0,0.0,69763.1228562916,4630.252190958376,4485.849408100562,2783.935668810548,2005.0671130916824,2079.0863271831604,0.283369474547945,0.28040713526523,0.3030674862546352,1.895539022225905,0.120068332171859,18.06717230437805,2.69909553836813,12.110952290073689,5.427442484307875,0.0012995967416139,0.0009662426417511,0.0001705467479988,0.0011294752936935
344,49.92,0.2116498225169324,3037,0.0,90.0,90.0,90.0,90.0,0.0,77811.59649310827,5180.936747590328,5064.439326841317,2977.980574819396,2255.675509869413,2227.73959820074,0.2636104656157965,0.2557230249930899,0.3631051835993353,2.321155410342973,0.1913912746404274,26.03502441600796,4.08445474736634,19.366766629170307,8.339541505504707,0.0018080573971326,0.0013478765278989,0.0002369316529197,0.0015019791942001
345,44.96,0.2310519920566519,4428,0.0,90.0,90.0,90.0,90.0,0.0,75679.83363517003,5074.387230622592,4598.527766658122,2738.055904555581,2021.1047693955932,1933.993990058024,0.2595868206924151,0.2342989376875135,0.3639099988141455,2.0047841986838604,0.0884353085432533,13.191870802724894,1.845464263108936,8.892983622688059,4.139091791608655,0.0009046675255072,0.0006611172554624,0.0001207021108329,0.0007548322026597
346,57.27,0.2949052470633902,3925,0.0,90.0,90.0,90.0,90.0,0.0,87918.998187074,5938.717153949731,5479.4895460650505,3360.6916802162964,2116.446916418556,2087.3238856386024,0.2424694325940481,0.2404276834375618,0.334999573008377,2.3422378440487805,0.2640293261241346,40.08891092755556,6.653512911632994,31.496167357452716,13.107719091823611,0.0024387069106148,0.0019312454173901,0.0003606824194992,0.0021667703394382
347,46.07,0.2701916398602681,4069,0.0,90.0,90.0,90.0,90.0,0.0,66316.72595248283,4140.7668214987225,4023.269694214187,2251.0762519585383,1672.0502032720854,1615.6181592130258,0.266216241208317,0.2670783241482398,0.3344173086287078,1.3210732922319262,0.3191205996667391,40.203039470406864,5.932485241050636,27.87023145386449,11.212512100003748,0.0034705891248794,0.0027556930781427,0.0004295007086219,0.0026068684291996
348,59.31,0.2694294537755485,4355,0.0,90.0,90.0,90.0,90.0,0.0,88434.41310216345,5956.309873045072,5449.268304670178,2938.177157385629,2153.1782058855856,2149.025270805144,0.2903392738312645,0.2731532438595233,0.3173567397884941,2.743469582386556,0.0919263678204428,14.312243515073597,2.320188584863093,10.464522330113512,4.147466523458095,0.0009202053766671,0.0007153672016605,0.000118654405106,0.0007468437705762
349,57.11,0.2754768280038619,4982,0.0,90.0,90.0,90.0,90.0,0.0,68703.18862739536,4506.856136405097,4717.057225904374,2656.9941465686934,1947.8209077429408,1811.2641787066511,0.2593897709290656,0.235986437387582,0.3507573278239048,1.506824957992103,0.3819334735822814,47.160883298473145,7.685633294416401,33.95562333422138,14.965694557307794,0.0040479312759154,0.0028554158082722,0.0005069491790776,0.0031645890520296
350,43.03,0.2378814851364077,4799,0.0,90.0,90.0,90.0,90.0,0.0,83842.9442555961,5503.104416442098,5274.823843706845,3221.9904429788644,2124.6812584844115,2109.822115924132,0.259766359989584,0.2398401551797664,0.3703329693777447,2.103350043575452,0.4176935195306147,69.05019525269753,9.94735280414959,45.73857498160713,20.096498555763134,0.0044114294988522,0.0030562044144247,0.0005336926814504,0.0035369286685536
351,59.57,0.2866000002913316,3818,0.0,90.0,90.0,90.0,90.0,0.0,78205.17603546995,5438.197933697493,4811.050978679632,3080.420071060368,2039.3271860532077,2132.5331190682627,0.2805975391233994,0.268811507544076,0.3767860991941986,1.865629409517227,0.4501476685235146,66.35879358562268,9.15407406618124,47.91450991019239,19.80340893424647,0.0045507919487544,0.0033527429894439,0.0005782433443404,0.003860696026196
352,53.32,0.1927020043688729,2922,0.0,90.0,90.0,90.0,90.0,0.0,62490.04103608851,4286.295017052859,4036.772421272144,2228.506791831401,1485.405248960294,1597.4232539732682,0.2636814301856653,0.2673197901365882,0.3099037438239875,1.187440884462356,0.3156691380109869,34.640946432622044,5.220569835973759,24.12949956222294,10.217403578605827,0.0029795339187771,0.0023121914529834,0.0004106436977624,0.0026967833639026
353,49.26,0.3046871658429053,4209,0.0,90.0,90.0,90.0,90.0,0.0,69314.99788122115,4872.164996968509,4502.116895997056,2857.3577163787145,1759.2612114692854,1770.5875677078889,0.2611267160329209,0.2374346911775859,0.3508837650027177,1.92202808091132,0.2861123216274287,35.738050454574605,5.443357261582098,25.01370915245117,10.512012500002928,0.0025534151651258,0.0019801113674216,0.0003265129900875,0.002246806564727
354,56.19,0.2788418552072351,3572,0.0,90.0,90.0,90.0,90.0,0.0,83846.44567697057,5332.668891475284,5126.175669486596,2954.5786183353,2050.078250735946,2021.2700338362704,0.2535792998529635,0.2441994320611281,0.344817731650139,2.518161874666583,0.0982019943524527,14.467124847632808,2.2839376957925217,10.456379117240177,4.576429205542435,0.0010072251857127,0.0007885333415384,0.0001369176834926,0.0008261552358676
355,61.24,0.244875922151962,1551,0.0,90.0,90.0,90.0,90.0,0.0,73633.07042463224,4567.601604876914,4278.621770701599,2594.956590327777,1789.004363164631,1903.616199982287,0.3101676671236206,0.2954832985460769,0.3373313360780573,1.7688562991000167,0.2728589507380664,35.31116776483024,5.263917078009159,25.23934611794078,10.316342240439065,0.0027094005330564,0.0020229246384989,0.0003571358340124,0.0022999674862075
356,52.26,0.2228700093775518,4868,0.0,90.0,90.0,90.0,90.0,0.0,84890.91748752263,5577.939730804455,5141.330492867708,3054.632342487837,2212.2536709605456,2270.6615166219567,0.3070680949460411,0.294384412406283,0.3560439076558073,2.437981813865258,0.2654144641930929,40.00889665465542,5.760800071304938,27.926554201547884,12.205024853351231,0.002456314861155,0.0021114841653893,0.0003325672614829,0.002183499078781
357,64.02,0.25377019717619,3275,0.0,90.0,90.0,90.0,90.0,0.0,63741.30341372777,4652.761284971943,4203.471455634699,2506.327190730451,1695.28207656289,1710.624864472558,0.2658153972171298,0.2607884258702117,0.3067469306344236,1.5830023473925845,0.1112196086120837,14.17623181673934,2.102018411413652,9.813658326256622,4.197964335347886,0.0011247445019427,0.0008415139429602,0.0001405362164859,0.0008939945279256
358,62.29,0.2328555027876065,4103,0.0,90.0,90.0,90.0,90.0,0.0,84621.37278913964,5847.63788772887,6070.911970608347,3240.0205344420483,2271.2106017444576,2278.1367523452936,0.2413835850749364,0.2475302963855242,0.3178351924301258,2.5364449415937957,0.1687498099165292,26.46742226048663,4.314587346068284,19.61033962356356,8.342520161856072,0.0016619196079124,0.0012586759530249,0.0002395849932572,0.0015493386799297
359,57.68,0.2220908546839755,3383,0.0,90.0,90.0,90.0,90.0,0.0,73340.95321543115,4826.381128171174,4332.539782069047,2531.833634432959,1772.392305431766,1815.9163312252167,0.2870316837437462,0.2832191816616785,0.3019903705048144,1.5175119288804726,0.228331867529749,30.07932379855288,4.189203272397735,19.930579975017267,8.422492272514406,0.0022620320064325,0.0017495186493129,0.0002909994451202,0.0019521071898462
360,44.4,0.1949511391446855,3283,0.0,90.0,90.0,90.0,90.0,0.0,79769.50180721546,5568.168826035992,5103.919525755433,2891.5589583457545,2068.081085472625,1999.8117320102929,0.2995354753986748,0.2936237425889957,0.3391637026415956,2.249573667714993,0.1323506237421438,18.89266965538632,2.944958295850819,13.574974009341757,5.3857129717631445,0.0012451766194948,0.0009582444501247,0.0001636508091516,0.0010924852812068
361,64.14,0.2869166160579676,3637,0.0,90.0,90.0,90.0,90.0,0.0,83155.98363825356,5046.396881323181,5047.90711059772,2994.8535939317558,2271.4630341793068,2088.7878619069447,0.2648421092244376,0.2549572758481752,0.3450619177310289,1.9442035531119333,0.3502099678309349,52.227372500928105,8.185284764101425,35.21680797023406,15.361600508229174,0.0034291446677504,0.0025806858979713,0.000439856832039,0.0029339838976364
362,55.4,0.2611784146243436,2606,0.0,90.0,90.0,90.0,90.0,0.0,67226.58135360898,4125.546508240252,3957.2512759783262,2472.7232800510083,1730.1043128635056,1865.510212423632,0.2704809137785591,0.2578117330591916,0.3603435194141441,1.5258342836297258,0.3940641944896597,52.62026598027556,7.56918294419859,35.18808518804994,15.24917487588918,0.0043087859187483,0.0030389447841127,0.0005563902187675,0.0033788851982843
363,59.37,0.2378036854769357,3704,0.0,90.0,90.0,90.0,90.0,0.0,65922.44068921164,4282.077400619287,4109.298025699629,2338.7750235422127,1630.1970422420218,1669.3860553874222,0.288529649099842,0.2682749679318091,0.3667587747738528,1.3572253060696622,0.4685476257717416,55.429047285555605,8.091999600222627,37.90691686098734,17.241951916485785,0.0045372837202769,0.0036411031227558,0.0005840072237296,0.0039850000984746
364,50.89,0.2755205273582919,3404,0.0,90.0,90.0,90.0,90.0,0.0,67709.8471130871,4179.623780352151,4043.872449903986,2320.9851091188675,1744.8802850501954,1761.1411669699276,0.2402828201843418,0.2360000291608208,0.3716007705526162,1.2251508294255935,0.5146128457809099,55.11251053941064,8.930167664151984,39.90031802983086,17.984358878192495,0.0048243182861346,0.003840110094524,0.0005825838923927,0.0038627822005241
365,54.81,0.2266094576334042,4494,0.0,90.0,90.0,90.0,90.0,0.0,66624.2011338631,4558.284172683377,4252.205408369756,2534.0670155685884,1596.479448096212,1627.899992406728,0.3040670328512311,0.2831460204843702,0.3479434624216639,1.6349714159926168,0.1449854601297377,17.156931647595,2.500555514057172,11.90522690494418,5.120017466800829,0.0013769540647003,0.0010579953217141,0.0001909723603679,0.0010666167756238
366,61.29,0.1986522670222991,2820,0.0,90.0,90.0,90.0,90.0,0.0,70001.07097788501,4886.098385891728,4783.790979156597,2681.315408215697,1815.847826102442,1887.7472220875047,0.2611422685566812,0.2509755980375774,0.3611860717913056,1.3898201522190368,0.5112335529656648,60.44960784088558,9.660708120814476,47.78538294938739,19.40019777583263,0.0048729896629333,0.0038515920239414,0.0006647898719051,0.0041637092658645
367,63.37,0.2575311774225844,4902,0.0,90.0,90.0,90.0,90.0,0.0,67469.78693955149,4569.547663625372,4629.750066415985,2524.418907314542,1884.1907871115257,1812.6726404493263,0.3160358187004738,0.2925787157763979,0.3468877483484311,1.6201479940510972,0.2791858338644783,35.967309724137,5.803061761647173,25.950998526465327,11.153639165729944,0.0028123404641238,0.0022433680157883,0.0003842396051692,0.0023575294505394
368,62.04,0.3185654340021497,2642,0.0,90.0,90.0,90.0,90.0,0.0,77614.85942389634,5261.742897494595,4775.027564238769,3085.0779806900823,2055.344906993644,2242.4994974121296,0.2902423818632008,0.2658970462140096,0.3025132198326484,2.6480884514837806,0.0854663884489133,12.57562531253504,1.8620845836345992,9.246516696084289,4.005529407911896,0.0008203372797965,0.000639656763375,0.0001115970171239,0.0007418711795514
369,58.76,0.2232278301534648,2498,0.0,90.0,90.0,90.0,90.0,0.0,79921.14363859971,5385.333682355042,4742.447942489943,3019.245742089377,2280.3352372635395,2187.5052738257227,0.3140717375183336,0.2941809235332916,0.3499028998870715,2.0988393852011007,0.1968475898591331,30.71919783690614,4.272322902859847,19.86469963024401,8.68780727031268,0.0019322963192558,0.0014739503692618,0.0002523071075373,0.0015760519385649
370,55.26,0.253336118350261,3834,0.0,90.0,90.0,90.0,90.0,0.0,92797.99571142436,5977.216716747912,5524.440960259862,3279.451629150257,2165.65684479734,2142.5403936541616,0.313054226975308,0.3033374206692352,0.3736040741040022,2.2987762019720077,0.3880206841172652,60.71250594502476,9.691220736456772,41.64047899701694,19.099514918656386,0.0039149798004484,0.0028055285464197,0.0005107358099729,0.0031474451676409
371,48.41,0.1891973311555819,3052,0.0,90.0,90.0,90.0,90.0,0.0,65128.37653676606,4027.295749070346,3865.675055995716,2417.027728644814,1695.8469218461803,1682.6901382777228,0.3281423079863962,0.299989627181876,0.3590931986207591,1.2138582219129843,0.5410384459281282,60.00843335289034,8.924740887546298,41.22830250816335,17.660583987670936,0.0051747577866728,0.0036749430653367,0.0006541095745448,0.0043542758975693
372,61.27,0.2765310527236911,3524,0.0,90.0,90.0,90.0,90.0,0.0,80378.29190270153,5788.826747084724,5235.405956527137,3129.734201545705,2182.9498094243463,2192.3858405661385,0.2664400440703693,0.2619657546124165,0.3329058695686877,2.108540596138224,0.3807974497632172,58.50522592247236,8.615295460134229,40.58129577459063,16.72353514263458,0.0037307577361026,0.002741176343156,0.0004833680670457,0.0028809871450516
373,52.19,0.2649187328358964,2244,0.0,90.0,90.0,90.0,90.0,0.0,77521.37167441184,4955.658161016798,4736.567515537564,2759.8431923271105,2062.304199735766,2071.8712797698345,0.2947832648312564,0.2975331816406683,0.316091668429755,1.9351594481212364,0.3883818609508405,56.16694325100897,7.957930247910591,38.08972324452933,16.313601429789205,0.0036462785797878,0.0028383442300652,0.0005029270075184,0.003245708625726
374,59.95,0.2612001115895475,2953,0.0,90.0,90.0,90.0,90.0,0.0,63157.13063726477,4243.907364249276,4120.031271565737,2212.955928920915,1656.9639365353105,1670.109334738549,0.2571598820665596,0.2613329949406947,0.329860131466851,1.3895771706324442,0.2386617962291679,27.384303856661145,4.09324905918644,18.58956570433238,8.908782823147549,0.0023888738088262,0.0018087290381613,0.0003062805354164,0.0019056583180687
375,46.99,0.2039581487769108,2894,0.0,90.0,90.0,90.0,90.0,0.0,82535.7279898923,5618.313357660602,5539.159016168365,3304.669144821297,2196.2873036535734,2255.5031590429417,0.2688615103015701,0.2674457610436536,0.3417255592087011,2.403747589439488,0.3496562195760262,53.98368554768361,8.14009652786162,38.45563496797323,16.382583302370964,0.0035304216196716,0.002446559977823,0.0004656530649039,0.0027301941403957
376,57.53,0.2300555533682219,3941,0.0,90.0,90.0,90.0,90.0,0.0,67194.39002409407,4522.815706072809,4226.632537019119,2634.448717928822,1833.83398687474,1902.640480544502,0.3128129697554535,0.2836424920454618,0.2900428353967256,1.6255448699817872,0.2963974081334717,38.35625792700161,5.710534541002445,27.952770429278253,11.002625188448148,0.0029231966872922,0.0021966325339994,0.0003843322410327,0.0023945822505182
377,53.89,0.2055250934763576,2631,0.0,90.0,90.0,90.0,90.0,0.0,76330.21635283378,5380.064960583368,5239.074169616956,2843.2134492389564,1980.605478844604,1891.5831487708467,0.2606780086684105,0.2592522633561644,0.3223797706765138,2.3681177842532444,0.0844329121562267,13.89053340129287,1.992389326281152,9.175753283638633,4.003811221753624,0.0009223859460623,0.0007092632099032,0.0001151178314399,0.0007312787998613
378,63.7,0.2226032863314504,3616,0.0,90.0,90.0,90.0,90.0,0.0,64674.86392522696,4430.918320023876,4097.801685596461,2524.809623945152,1614.6183687809362,1749.6864340058598,0.2531165678643876,0.2514908175337794,0.3198825980756024,1.8750370361748527,0.067983032071974,8.281992601171284,1.229458959524368,5.842702691318032,2.612659253453783,0.0006514533820777,0.0004878589333059,8.656217549241853e-05,0.000563849489635
379,46.03,0.252184067955355,1850,0.0,90.0,90.0,90.0,90.0,0.0,80231.22478160757,5392.481322340338,4947.542564846776,2948.613567717316,2372.592768108423,2347.3806736453944,0.2874921247062068,0.2998840354108563,0.3610869363755946,2.6261073102010357,0.0677344672805086,10.498190986934768,1.5822902810850756,7.487267931723751,3.204531354143356,0.0006848159136106,0.0005044156235638,8.609102946981042e-05,0.0005489900748868
380,52.21,0.1994492025674179,3164,0.0,90.0,90.0,90.0,90.0,0.0,69049.10344245129,4561.33981473785,4352.952876137193,2537.6668182157364,1879.836494530293,1751.3411715948837,0.296573730300382,0.293544967187264,0.3192566529028639,1.4158765764869217,0.4185464240664373,53.897329670839184,7.926722269524506,37.02961165809673,15.81295796455739,0.0042257283317935,0.0031322328550894,0.0005689493717345,0.0035308657366109
381,46.01,0.2242323175253989,4605,0.0,90.0,90.0,90.0,90.0,0.0,89872.55064154617,5453.25242557737,5209.40100323244,3054.260703995647,2167.4560056453447,2075.231188387804,0.3041300217152238,0.2947847180596612,0.3526479460213638,2.0375426260942087,0.4023516848394413,62.60675732653146,8.98004751809983,42.3280269728315,18.601717179220927,0.0040198366603026,0.0029948459388711,0.0004995357747959,0.0032501243394091
382,56.15,0.2238146085224967,3450,0.0,90.0,90.0,90.0,90.0,0.0,87034.73571008508,5749.359221818739,5174.059530486045,3217.9510182875297,2388.8869805892955,2272.2103353104358,0.2624713603398691,0.2726586781878662,0.371523557315378,1.978743213274843,0.4501819604825451,68.42631147608135,10.63393404990841,48.262294076978456,20.600990918190945,0.0046455652495473,0.0032753795814954,0.0005505071697171,0.0037283994330987
383,51.2,0.2396883523190637,3510,0.0,90.0,90.0,90.0,90.0,0.0,84786.37098693302,5861.531827515279,5759.934057877682,3463.564436298632,2090.862480197322,2187.829092602138,0.2539950020908674,0.2333580763644085,0.3543963133747004,2.5348452146650478,0.1101642514239735,17.883287399056474,2.646522162047769,12.665939846288795,5.355391161620918,0.0010730217242796,0.000823194584555,0.0001486283166453,0.0009057235509803
384,42.33,0.2122506659081631,1570,0.0,90.0,90.0,90.0,90.0,0.0,85635.14327147868,5849.601434466314,5635.995183139805,3111.7165097472243,2059.9851189302817,2288.645610492668,0.2812227112261151,0.2714823329189364,0.3381738606255461,2.1353846034152038,0.3105535086688206,53.33267682822936,7.814063148273153,35.94203115885634,15.815242661912691,0.0033821894752799,0.0024626766151383,0.0004092270161461,0.0025885765742401
385,50.11,0.1834895998376058,2407,0.0,90.0,90.0,90.0,90.0,0.0,84816.0141964369,5961.398831232933,5620.368007366078,3154.6815822331246,2183.7847713740084,2430.938460792195,0.2698267359136139,0.2611477004300919,0.355556406429827,2.4304775641769902,0.1686684470249561,26.55234335383429,3.866465900217343,18.482119943622443,7.957747762622872,0.0016805040513222,0.0013257848703836,0.0002029801440366,0.0013228669463516
386,47.66,0.2895119700202841,2496,0.0,90.0,90.0,90.0,90.0,0.0,85694.72170211685,5483.296084084566,5201.841779729081,2765.681914881989,2016.7915075101196,2076.806928482402,0.3196027208980177,0.3098946049479983,0.3592313674914232,1.86664671035278,0.4254837815420456,60.621970563881625,9.324238882934662,45.01317557628846,18.73196462213835,0.0043880844076992,0.0033357919673784,0.000555803852719,0.0037352079610208
387,49.23,0.2431206613154744,3882,0.0,90.0,90.0,90.0,90.0,0.0,88279.50397627744,5417.26974291707,5119.173798692213,3052.2360343961973,2190.025753344182,2145.8908730128915,0.2686552894140991,0.2592905617399975,0.3168735966197915,2.0944004368442464,0.4367851696798333,61.72325836301874,9.489913677625802,48.193860162862855,18.58563433858292,0.004223817095376,0.0030884493180968,0.0005078426159564,0.0035647207306857
388,53.27,0.3035681934932972,3767,0.0,90.0,90.0,90.0,90.0,0.0,62685.49152335653,4397.315032272812,4020.115129017428,2383.407417571668,1581.2119832027238,1614.5354227695343,0.2930899891488475,0.2925714609080601,0.3759431611853442,1.2674801233392743,0.150801769521701,17.047290135542397,2.792439044685373,12.217743549796133,5.289874907802992,0.0015126912007188,0.0011538812716649,0.0002009590767273,0.0013425428517766
389,64.92,0.2290401634656242,3242,0.0,90.0,90.0,90.0,90.0,0.0,66431.87081422866,4276.587804874373,4338.154803924542,2360.3469919704,1706.5148100254064,1569.787023306231,0.3231339789431288,0.2893753664192957,0.3703597287074815,1.345236186317614,0.224215144814018,27.4851635334599,4.367412763690319,20.088966465014185,8.631661764318174,0.0022444871161552,0.0019214950110153,0.0003165758875278,0.001849703874281
390,48.27,0.2742241846191275,3754,0.0,90.0,90.0,90.0,90.0,0.0,61317.97598594039,3825.906480194075,3382.601964899692,2230.293538132016,1532.1342499542588,1506.5951344066184,0.2703972702775297,0.2592261443236319,0.3073040235101274,1.1793761590338696,0.3252085892496951,34.0336849222205,5.09111122428021,25.051991692797756,10.561728296310292,0.0031608328377093,0.0022786423196771,0.0003868491823405,0.002832236181192
391,51.34,0.2516988732696408,4378,0.0,90.0,90.0,90.0,90.0,0.0,63797.940826482925,4653.274533645434,4241.840919997992,2250.393622615365,1696.3745816888108,1764.192229789155,0.3353453432253571,0.3069068837494918,0.3232520557358375,1.573905631292854,0.1010893391880889,13.250913340908768,1.93341400659791,9.168171987491274,3.720577497851172,0.0009701394641405,0.0007797615717637,0.0001455739979644,0.0008461111301249
392,46.29,0.2078576294416242,2755,0.0,90.0,90.0,90.0,90.0,0.0,77697.61049969084,4916.602067231234,4741.240192212806,2787.1128829912486,2009.914069606084,1881.291154181028,0.2879328323852367,0.2806426272620469,0.3661360021324955,1.4751841399303047,0.4358694011830057,61.61022334998299,9.078160015463004,42.44007621345013,18.20848464497128,0.0046244634525056,0.0033334812203292,0.0005823417907811,0.0037045586378548
393,58.03,0.1869628083394245,1994,0.0,90.0,90.0,90.0,90.0,0.0,74553.07776601904,4814.722842688202,4817.289425693444,3037.6199207220197,1929.6110457648776,1892.8057748435097,0.2476624214030056,0.2604698929999061,0.3873896498865501,1.746673995402538,0.3204686771325519,43.048436941183866,6.310763769437836,31.74134503966337,13.068950141565091,0.0032981076986637,0.002187021201742,0.0004115824297683,0.0026002004802762
394,42.99,0.2278797258326582,2792,0.0,90.0,90.0,90.0,90.0,0.0,71269.95538307108,4988.0836182074745,4656.203976553101,2917.122681633748,2030.5555144363025,1925.82257908548,0.2563601861071322,0.2423817290299779,0.3536102251976322,2.1721763818074264,0.0902062350655967,13.386664042379676,1.973928885802868,9.209009830552684,3.93260838034893,0.0009474994527592,0.0006669204770167,0.0001219896144427,0.0007606209088153
395,63.77,0.22664364213392,3694,0.0,90.0,90.0,90.0,90.0,0.0,81678.7706718051,5532.954644556274,5395.841013678762,3105.664359372492,2114.600970054172,2092.631621711465,0.3081096302166106,0.2992002035876224,0.3899379370870461,2.2644327702273026,0.1632372566810521,24.650054133906806,3.636859264962261,16.38155748220886,7.073577571271577,0.0014907234583507,0.0011999609671318,0.0002035308620761,0.0012674872322185
396,44.63,0.2965401336317534,4326,0.0,90.0,90.0,90.0,90.0,0.0,71476.67329710937,4689.833945484068,4393.455237551763,2564.907263549174,1831.834727182373,1704.3641976051747,0.275285165887807,0.2543197671860109,0.3233586537312186,1.7197474833116069,0.1466761320272762,19.73002811245599,3.019274124527156,13.553688695033822,5.904650604820328,0.0015046790394173,0.0011635073217557,0.0002002075617187,0.0013582901309577
397,58.47,0.1809962034310917,2386,0.0,90.0,90.0,90.0,90.0,0.0,67290.4127190227,4703.755729628573,4480.420040910701,2310.5424004983934,1816.2178705902063,1896.83794747144,0.2324511930775351,0.2392541460794392,0.3799689882376184,1.539755383672672,0.4375491270370694,56.65973507540492,8.18782116225843,38.06975386657605,16.272938621156356,0.0043380902531584,0.0032593231149537,0.0005783636440464,0.0033824368468909
398,58.11,0.2020733551822912,2632,0.0,90.0,90.0,90.0,90.0,0.0,73355.01100112004,4719.160295245968,4348.236964448324,2708.5668153201004,1993.3966820330056,1787.2213583760129,0.3252760668865928,0.2934782637329781,0.3406952613558863,1.7745569287202223,0.2988494384092705,41.72824515013132,5.936445383256293,29.43733353950733,12.06871972414891,0.0028821058478275,0.0023580492387045,0.0003798367923642,0.0027188101084528
399,53.12,0.2648541307655793,4613,0.0,90.0,90.0,90.0,90.0,0.0,77182.52609687492,5124.206396232238,4898.120853031785,2722.962787617615,1928.0155470443776,1877.2851224822632,0.2484405176562659,0.2514157148600626,0.3190792769249125,1.9762306551606643,0.2113135628458592,30.011146152799903,4.594121134281208,21.80519147880969,9.652488615171432,0.0021687075654878,0.0015831832075718,0.0002849767051742,0.0018391958524386
400,64.51,0.2649187328358964,2659,0.0,90.0,90.0,90.0,90.0,0.0,77521.37167441184,4955.658161016798,4736.567515537564,2759.8431923271105,2062.304199735766,2071.8712797698345,0.2947832648312564,0.2975331816406683,0.316091668429755,1.9351594481212364,0.3883818609508405,56.16694325100897,7.957930247910591,38.08972324452933,16.313601429789205,0.0036462785797878,0.0028383442300652,0.0005029270075184,0.003245708625726
401,44.85,0.2422755216845696,4910,0.0,90.0,90.0,90.0,90.0,0.0,61976.88803173222,4038.08922422214,3901.873334301224,2441.1818903545327,1852.7140021335797,1737.306910834367,0.2646726350739206,0.2546400068084538,0.3827951182020029,1.6232126415704884,0.239506137462656,26.59415807853332,4.138747158581314,20.117730221166187,8.38254074954328,0.0023325457766971,0.0016946564176591,0.0003118576646981,0.0020695922069328
402,49.02,0.2597285696804562,2431,0.0,90.0,90.0,90.0,90.0,0.0,63319.42606438743,4453.8305802217055,4126.515697807874,2371.696752872891,1661.4795358467986,1605.6878799243843,0.3148349705956908,0.3225765322490278,0.3448481860755116,1.5968075193758131,0.0889692183553456,10.397884150633766,1.5911055764807405,7.549010317649523,3.399824459468384,0.0008666821992171,0.0006875475752747,0.0001213105902244,0.0007189071735656
403,40.35,0.286436286895127,2738,0.0,90.0,90.0,90.0,90.0,0.0,77746.98190526836,5503.33589520689,4610.4134641169085,2774.804682403717,1953.0502225000469,2022.9267404054444,0.3082521666606541,0.3171701928886597,0.3238372446007744,2.068894924025805,0.0937744352315751,13.727335709613756,2.1663426869501894,9.81915982644212,3.971463467438682,0.0009782725815338,0.0007789669157593,0.0001246737004705,0.0007538316903146
404,43.16,0.19365960628055,3687,0.0,90.0,90.0,90.0,90.0,0.0,78259.99249650973,5579.357449600603,5089.627971828812,2808.5395146122423,2024.9196008478043,2085.77792044115,0.3042140647973778,0.2874311461186983,0.3141378234010524,2.21780253144094,0.0919850587144886,13.953677175184312,2.059975520423862,9.672952970295606,4.239079154590914,0.0009515504394724,0.0006978646211262,0.0001221296686913,0.0007709863134638
405,64.36,0.2118492720050286,1686,0.0,90.0,90.0,90.0,90.0,0.0,67511.11613903061,4785.649138431521,4404.925072172014,2616.3895542628425,1857.000851337271,1824.4948045512624,0.2911170232822025,0.2835272946201993,0.2923329966598522,1.5719737034730776,0.2387466926494456,29.131921788883997,4.357474439687329,20.81235830173156,9.414232126436575,0.0024071265768344,0.0016802549127827,0.0002934412330694,0.0017669460031664
406,47.3,0.2498868444375361,3766,0.0,90.0,90.0,90.0,90.0,0.0,85114.6498467284,5301.7836311447945,5355.743016132165,3127.1498195127083,2107.7738080685817,2017.7971516136288,0.270112680534433,0.2521741457657351,0.3511804810059651,2.85549981945306,0.0893580208985517,15.116131722297093,2.1704208491774684,10.187551125650328,4.389320139582951,0.0008984657388126,0.0006579143210134,0.000115473662166,0.0007543903349899
407,55.95,0.2817644115496385,2017,0.0,90.0,90.0,90.0,90.0,0.0,69115.62088058594,4958.022776680265,4455.390955293315,2625.5549310963997,1566.3771721705125,1671.0032841419195,0.2776697993090103,0.2744123803211287,0.3279014144070069,1.307284806821611,0.4247520275890273,55.41174181688957,8.976252663253732,39.64316832534327,16.790242001041168,0.0044465069996704,0.0032166262472597,0.0005798058398835,0.0036435860334246
408,52.27,0.1955460967892132,4583,0.0,90.0,90.0,90.0,90.0,0.0,79772.49900059767,5645.75622857121,5244.670344771856,3027.28058407746,2006.1900860890091,1952.3551142286328,0.3164929668539691,0.2993488188049775,0.3274012153596696,2.336130999656333,0.1132289247967659,16.689290787781157,2.4812807983431315,11.98825066218622,4.889075267221498,0.0010689537222161,0.000820781670381,0.0001492874169097,0.0008520492202813
409,54.35,0.2187630930043012,1550,0.0,90.0,90.0,90.0,90.0,0.0,69539.52125470279,4188.157774880156,4029.8999937956646,2360.6545046844785,1647.3993962744182,1638.4898740523774,0.2624536083218208,0.2579845942295032,0.338889431325224,1.755790239596285,0.0671548062740471,8.647383703459846,1.275192956149963,5.550292021873555,2.479114020633305,0.0006881124628395,0.0005255024516982,8.680358685811109e-05,0.0005599234231998
410,51.97,0.2216691071462633,3422,0.0,90.0,90.0,90.0,90.0,0.0,86239.45271106392,5780.394916626361,5407.035181140103,3347.2432613072606,2273.013007405446,2370.527174443309,0.2730593647474922,0.2606605044481161,0.3455411747385588,2.2256926176521525,0.3197802222311959,50.42506994247661,7.584288045779599,35.97366076041388,15.11573062273545,0.0031327281194952,0.0022502946411407,0.0004171536822042,0.0025821530516275
411,44.61,0.2866000002913316,2895,0.0,90.0,90.0,90.0,90.0,0.0,78205.17603546995,5438.197933697493,4811.050978679632,3080.420071060368,2039.3271860532077,2132.5331190682627,0.2805975391233994,0.268811507544076,0.3767860991941986,1.865629409517227,0.4501476685235146,66.35879358562268,9.15407406618124,47.91450991019239,19.80340893424647,0.0045507919487544,0.0033527429894439,0.0005782433443404,0.003860696026196
412,46.31,0.2576955294732335,1710,0.0,90.0,90.0,90.0,90.0,0.0,83008.44395043307,5409.468624544203,5254.068933160174,3313.6612980289333,2281.506383951217,2211.446736008528,0.284785502473627,0.2864922403120253,0.3548239383277947,2.268758685112536,0.3018160996551478,48.29485317659621,6.836086359529499,31.143564037900276,13.455590645481466,0.0028553179308562,0.0022627547401157,0.0003746311232939,0.0024070732662579
413,42.85,0.185448234693349,3456,0.0,90.0,90.0,90.0,90.0,0.0,61817.930153437526,4157.625290180409,3997.956326860448,2428.03502029471,1613.6193356868118,1551.405897327584,0.3187598411254504,0.2834379167497721,0.3382973676783601,1.1606906008544644,0.5121663919783275,58.61089076145204,8.611875064349482,40.50519861682714,17.93338722522584,0.0053414059755107,0.0036829156969587,0.0006668786470858,0.0041452316469483
414,50.02,0.1753814603289548,1767,0.0,90.0,90.0,90.0,90.0,0.0,89046.43327271819,5903.8487935662,5672.037965767211,3264.1356376497247,2243.4090047614286,2245.452792936923,0.2523123412691254,0.2314319367501223,0.3360404468100363,2.2569271413688443,0.3100123716382728,54.38869904103447,7.910591514955686,35.47259708877109,15.16557038661731,0.0032678028994551,0.0024313807126729,0.0004334033942385,0.0025963098649962
415,54.43,0.2702266381869301,1803,0.0,90.0,90.0,90.0,90.0,0.0,83161.08552012,5789.596168141712,5576.996333426748,3220.295845093277,2313.8166246374085,2219.894909516202,0.2948158801818119,0.2925226214949554,0.3170379675587172,2.3445098916757967,0.2927655220160823,47.04049236376604,6.487477758609777,33.91449860888346,13.902329698396157,0.0027547048560096,0.0021104500095168,0.0004025779790884,0.0023652768615674
416,41.34,0.237221218716291,4311,0.0,90.0,90.0,90.0,90.0,0.0,71737.58716891188,4249.687785369255,4413.705925240876,2516.228562532263,1849.61260763428,1831.4607950119944,0.2893726473784888,0.2814359169830238,0.3602224537299272,1.6218784809976825,0.2094341096305869,25.55195133707216,3.789111791866712,17.727892513120285,7.3705622716284305,0.0020695810341932,0.0014807896733844,0.0002409851899203,0.001705345010431
417,60.28,0.2518863599909284,2111,0.0,90.0,90.0,90.0,90.0,0.0,83284.45510841695,5262.158942782873,5184.709820801497,2817.552129155488,2070.708440070558,1993.1358343417369,0.2848559313359664,0.2858406758372011,0.3158335118513508,2.159603089758685,0.3651294222094366,53.94384064901087,7.558802662265319,36.83286459419893,16.778135534048708,0.003484357060234,0.0027175863760637,0.0004836578564614,0.0030345839822294
418,42.13,0.2698113877239216,2744,0.0,90.0,90.0,90.0,90.0,0.0,71746.92593154925,4912.088572173322,4585.990877022609,2892.750475845833,1900.4517943444173,1879.0798458359336,0.2853884707097524,0.2700196468569549,0.364935916825953,1.5227383193921264,0.3321154857999631,45.30953969592428,6.198903653026175,30.870241320899275,13.026745919234758,0.0032667736461856,0.002359220896531,0.000435391123608,0.0027744829480331
419,42.96,0.2221089624349466,2516,0.0,90.0,90.0,90.0,90.0,0.0,66465.08219802442,4689.757546818873,4159.88735385358,2420.658510685224,1640.075493558381,1654.4984023767438,0.3094963369694608,0.3004293862957817,0.2883400589634625,1.4900047402724197,0.0747207382895176,9.124354569289332,1.3665366987288678,6.407509792970168,2.639578790757509,0.000764350692823,0.0005593954326427,8.889151081708766e-05,0.0005864667545738
420,50.4,0.1889170846529529,4631,0.0,90.0,90.0,90.0,90.0,0.0,63783.888385485,4159.807861176577,4108.146872428507,2313.605346496648,1521.657333609634,1642.7323883235515,0.2866453228867719,0.266901079161087,0.370892090101198,1.2033435037335125,0.4819923957836308,61.14682755029256,9.129996596710503,41.78244108803824,17.921778531372293,0.0049347771113453,0.0038715206946236,0.0006752465465833,0.00446444423624
421,59.77,0.2465368160728504,3941,0.0,90.0,90.0,90.0,90.0,0.0,71865.57117403459,5032.88715490294,4884.476388846279,2640.441209065558,1956.5345746428648,1783.371770264077,0.3098728714067189,0.2996482133000766,0.2929264385369867,1.927284972692617,0.2338812068136998,30.312729437874065,4.777026380675849,22.0384435230495,9.297383928403706,0.0021157689702729,0.0017803622948773,0.0002961426274329,0.0020091178942262
422,59.39,0.2320686878860378,2424,0.0,90.0,90.0,90.0,90.0,0.0,72244.76935519707,4632.37428696523,4347.300860298741,2695.2442082593657,1734.876727126595,1807.229871028935,0.2981558996813211,0.2785912481686664,0.3567687513098119,1.807753811620609,0.1320566654360262,17.78459728856305,2.5644055469843816,12.141476097717373,5.014793316431694,0.0013110853369186,0.0009530306901048,0.0001665846708183,0.0011451216993104
423,51.26,0.2396883523190637,3058,0.0,90.0,90.0,90.0,90.0,0.0,84786.37098693302,5861.531827515279,5759.934057877682,3463.564436298632,2090.862480197322,2187.829092602138,0.2539950020908674,0.2333580763644085,0.3543963133747004,2.5348452146650478,0.1101642514239735,17.883287399056474,2.646522162047769,12.665939846288795,5.355391161620918,0.0010730217242796,0.000823194584555,0.0001486283166453,0.0009057235509803
424,47.43,0.3021488518814844,3313,0.0,90.0,90.0,90.0,90.0,0.0,70338.58266499374,4378.449720567605,4174.539722710393,2456.864885072021,1644.313178292986,1619.1709158788942,0.3073615958931184,0.3067203826512356,0.3179091023771465,1.4198995471357958,0.369919544764627,41.43306065279701,6.9181676905773575,32.16980090296088,13.430400527550267,0.0033393380045009,0.0025264561577527,0.0004747083860123,0.0032118146358062
425,64.75,0.2016613937011712,3910,0.0,90.0,90.0,90.0,90.0,0.0,70502.5729288401,4569.690759093707,4135.13629435329,2544.9732368965115,1774.6412755808,1815.3051118072087,0.2867181876231099,0.2789641398325272,0.3445462211918,1.4594115194495134,0.1172498342907683,15.158807711831162,2.107656230169568,10.21801893129533,4.336830273193267,0.001223690838177,0.0009046009930963,0.0001583552507438,0.0010104017857464
426,54.22,0.2187630930043012,2750,0.0,90.0,90.0,90.0,90.0,0.0,69539.52125470279,4188.157774880156,4029.8999937956646,2360.6545046844785,1647.3993962744182,1638.4898740523774,0.2624536083218208,0.2579845942295032,0.338889431325224,1.755790239596285,0.0671548062740471,8.647383703459846,1.275192956149963,5.550292021873555,2.479114020633305,0.0006881124628395,0.0005255024516982,8.680358685811109e-05,0.0005599234231998
427,55.24,0.2477861862171781,1746,0.0,90.0,90.0,90.0,90.0,0.0,85748.47092984995,5686.286371273236,4978.644820182895,2957.237378464481,2199.2194812965,2247.4698359166346,0.2512561469190818,0.246790051369813,0.3297362724997381,2.0983684120180595,0.4242434784906039,62.423482856314266,10.202887134020513,43.757039474435146,18.70795973272168,0.0041800857829381,0.0031297927084789,0.0005196367631543,0.0036764488927104
428,42.48,0.2494005460678073,4531,0.0,90.0,90.0,90.0,90.0,0.0,72741.25655457008,5199.1438335492485,4911.991139554683,2698.735201069611,1858.0087129654405,1938.987556549254,0.2545888097956995,0.2418189936562763,0.3289670405753473,2.0057157559966057,0.1662422725414618,21.953845032319148,3.59795960399541,15.659694849280568,6.634254256631233,0.0016629337600468,0.0012596158528044,0.0002241626952983,0.001330754452036
429,45.19,0.2132978562055439,4624,0.0,90.0,90.0,90.0,90.0,0.0,85057.99361755177,5666.67265523526,5202.5915943275,2923.828669871627,2195.636961803088,2250.642603168724,0.2504860707501171,0.2538969272966193,0.2904521031229661,2.420069946865911,0.160047310099156,25.24645535260301,3.6842132380084633,17.951759659698286,7.692076806082977,0.0015467792150454,0.0012230498633848,0.0001907608010551,0.0013158908884196
430,46.62,0.2371829476425548,2364,0.0,90.0,90.0,90.0,90.0,0.0,71484.8137639028,5196.912201084402,4819.426013441625,2874.2315627284224,1865.108216753968,1824.5110285530368,0.3230015315928484,0.301256955873467,0.3343585350372073,1.8891158547815263,0.0869424137861423,12.096286977132689,1.796702664398991,8.385341659739941,3.3297002144810883,0.0008173893205831,0.0006804525121355,0.0001083462918447,0.0006761149253464
431,43.93,0.1828328928896405,1832,0.0,90.0,90.0,90.0,90.0,0.0,67202.69002997392,5072.469428404006,4592.879646043581,2458.8718601018336,1769.4699094948676,1786.4149623814462,0.2654430790260302,0.2607484473463191,0.3263478602128193,1.7503632824079336,0.0954533223731343,13.538055327596572,1.9305179602522915,9.259802172837254,3.9784103891554174,0.0010236727681594,0.0007843675182297,0.0001415060753668,0.0008340590690158
432,53.8,0.2552720299854233,2211,0.0,90.0,90.0,90.0,90.0,0.0,86616.41546963884,5504.723933828268,5374.927279905225,2933.6753084588995,2166.290277076628,2347.608352439566,0.2780578333727458,0.2632569727250186,0.3411226159754549,2.14164896291342,0.2607294374643639,40.28233079893094,6.236338584375039,29.22848212964917,11.649639696236248,0.0026404068326194,0.0020057952379102,0.0003476680093322,0.0021670653653848
433,40.07,0.2225873001672777,2141,0.0,90.0,90.0,90.0,90.0,0.0,66654.50424739938,4589.670466532049,4154.522620954064,2292.1933307187724,1687.2281760793412,1726.834558803507,0.2465345815694526,0.2415182921442823,0.3840253486654738,1.6552224561921138,0.18573585495514,21.71639353326229,3.400956958142941,15.63425772994713,6.456612421758066,0.0018537500526333,0.0014084607999958,0.0002350695835025,0.0014747260407746
434,57.23,0.1953806803495042,3345,0.0,90.0,90.0,90.0,90.0,0.0,77451.83992769371,5169.4584534160485,5171.7751707894095,2910.275397616524,1941.9915456990525,1993.606342683076,0.3129310911370406,0.2909092861529368,0.3173104861972899,1.9619721281409257,0.3432073142453115,51.353674402822,7.880677050933136,36.07135257087339,15.73766971917215,0.003588975758496,0.0026858778298415,0.000498486314841,0.0030682415567139
435,47.28,0.2217750990651068,3424,0.0,90.0,90.0,90.0,90.0,0.0,76329.30261689589,4729.209341326342,4725.890842698695,2783.369265804773,1961.619346265611,1884.244525217959,0.2731832028277379,0.2612606407152642,0.3560220073722213,1.8732071905409544,0.4296890493559127,54.58395924007106,8.706135692065601,43.42895191923328,17.660664739164357,0.0042163126661016,0.0032400985856918,0.000534387602721,0.003448508944021
436,47.2,0.1880503640607075,2448,0.0,90.0,90.0,90.0,90.0,0.0,76397.17398190938,5091.47613074878,4741.171559745573,2567.8544554842038,1873.4405240998035,1871.171566449828,0.3159816733980761,0.3079945116761741,0.3268272312039069,1.7779080367563662,0.2956967329129933,40.56612514978244,6.167283160392459,27.93937167497793,12.144323191525658,0.0029513014280501,0.0023899907911177,0.0003637385389942,0.0024611567106948
437,57.57,0.2557236803563363,2658,0.0,90.0,90.0,90.0,90.0,0.0,80120.88658072741,5253.715299896747,4935.086485193154,2945.315256200865,2107.571920675153,2103.091226235596,0.2880153909141484,0.2922383060124802,0.38361100240434,1.8862713067502968,0.4182212868106162,54.23205019032173,9.110706039468448,40.68919744394195,18.231515006491225,0.0043133621896055,0.0030171217326776,0.0005118366764853,0.0032844679435889
438,41.78,0.2252042737525848,3359,0.0,90.0,90.0,90.0,90.0,0.0,83632.08970006117,5497.31369467262,5357.678962381207,3117.21423257219,2206.760346861197,2188.796094246592,0.276454582023692,0.2686265313202643,0.3840163315855282,2.595203879489581,0.2400643048647061,36.85296825638037,5.780752233925716,27.16989813159404,11.665079609814033,0.0024097384928354,0.0017600328323946,0.0003074682635689,0.0020069275034156
439,63.1,0.2823997320721545,2456,0.0,90.0,90.0,90.0,90.0,0.0,86694.33055069027,5696.670590111184,5112.934228276412,3067.4299597584613,2314.957016512393,2248.5647246730077,0.2813304415731709,0.3006636092407492,0.3532631792566978,2.4876323942151326,0.2584763949638011,39.19340214655039,6.014560140266073,29.302997876507547,12.773611059399212,0.0025493390833106,0.0020142700367646,0.00032501875545,0.0020755053375201
440,59.78,0.2704493896682772,4726,0.0,90.0,90.0,90.0,90.0,0.0,71205.1576061026,4316.975018006273,4413.578750457726,2764.290293805475,1914.257367057028,2090.7388037915543,0.3214287801513118,0.2937199102913863,0.3184193219525946,2.1166101487566045,0.0860743710232799,11.261335435837577,1.7154591201491358,7.866048272771934,3.280198481784207,0.0008553942736581,0.00063165786684,0.000108836697038,0.0007038434649514
441,56.53,0.2832977653962834,3915,0.0,90.0,90.0,90.0,90.0,0.0,71915.73356867337,4827.232552281911,4678.084637147258,2523.063583135078,1824.5421637199909,1814.345345540508,0.2721319981062056,0.2856344491032046,0.3169440685197269,1.702259616860606,0.5022612483229624,61.20072303988445,9.253825386273688,45.91354414657385,19.40863747696807,0.0048984955141456,0.003852114280137,0.0006068452510899,0.0041084380189741
442,50.63,0.2054643809837229,2310,0.0,90.0,90.0,90.0,90.0,0.0,80265.15809759116,5233.642446763174,4679.1676720884425,3030.2956532039207,1897.644703125011,2037.0865703241425,0.294075785077699,0.2916028664256306,0.2927186981215458,2.1646455546239007,0.4544537398272408,63.15062690594814,9.744120771724331,46.11456188219257,19.063924811072887,0.0047305295308912,0.0033695531855515,0.0005717495996478,0.0040277060835012
443,45.62,0.1991429404724242,3730,0.0,90.0,90.0,90.0,90.0,0.0,76241.72918691265,4779.950283147692,4509.404024661733,2835.2188276981087,1887.4177683939608,1846.16451071094,0.3111028359034031,0.2964280591900031,0.3132554927409536,1.723222995724425,0.2975242208475708,40.67816826616964,5.690948803993356,27.45840537451165,12.26524563617181,0.0030414550791387,0.0022141078355946,0.0003732691412329,0.0025562318804674
444,62.71,0.2605022881826825,2110,0.0,90.0,90.0,90.0,90.0,0.0,71303.8629600449,4584.699524307319,4567.66161882845,2622.053297953848,1893.8135079114916,1845.5905093047509,0.2842466443560882,0.258746714357418,0.3314313575098498,1.929482744058784,0.0918932010544728,13.140089725097274,1.8588481546093636,8.572352866696702,3.798576503142353,0.0009569875554668,0.0007185788556785,0.0001248284508116,0.0007665039791952
445,43.56,0.2808620530991186,4885,0.0,90.0,90.0,90.0,90.0,0.0,61319.98186005744,4213.584565287937,4048.326324154319,2574.1277146615766,1645.2493039166188,1688.5839745792018,0.2998556284245601,0.2907041581871588,0.3693832426172182,1.4512894386480084,0.2033034104434961,23.55282067139324,3.5812281545141524,16.324647610155687,6.995881402402362,0.0019708092147981,0.0014216309173887,0.0002629542674116,0.0017257245271419
446,44.15,0.2301931619807739,1744,0.0,90.0,90.0,90.0,90.0,0.0,81037.37602529951,5271.178985079388,4774.401019091384,2877.20005124764,2101.7673986934155,2027.633914036133,0.3051515170433931,0.3029051837315641,0.3555057034108619,2.155853602367009,0.2737447295655191,38.82845039368504,5.837420176840398,27.45046394460096,11.774291942252384,0.0028577355915364,0.002015753027531,0.0003522915556307,0.00221678691531
447,54.88,0.2056915846830841,2759,0.0,90.0,90.0,90.0,90.0,0.0,76160.28337836426,4687.724922885575,4800.3812260325885,2923.1080904449927,1914.7763753308348,1975.999879110171,0.3359716618850922,0.3249267288634734,0.3015101313389618,1.94857848515362,0.1853016898788426,25.989102321701164,3.7861057540397702,18.07342666148373,7.67090420467748,0.0017320293424088,0.0013338542266452,0.0002313783334614,0.0015122649692451
448,54.23,0.2008787824571915,4876,0.0,90.0,90.0,90.0,90.0,0.0,79785.10357994716,5116.788424294565,4998.455489586698,2774.3039420370555,2044.2010465660755,1997.762000583028,0.2966563222234329,0.29705328259433,0.3707578561564891,2.16869816781789,0.2696161770986938,39.09393479008489,5.7048631857968255,26.46071357162011,11.712265327417688,0.0027741960517281,0.0020841019754187,0.0003430511812146,0.0021390568627027
449,50.98,0.29420496617469,2682,0.0,90.0,90.0,90.0,90.0,0.0,81888.03844212746,5632.561873860889,4890.726675169169,3057.6072842581607,2240.3165095388263,2117.792864734859,0.3230910474622751,0.3026064008417279,0.3446574944931344,2.385922732094227,0.3715241113870933,53.48362780833025,8.577879369761005,38.4026174068296,16.203803509663558,0.0034519730047429,0.002566719540027,0.0004601098727685,0.0030755957550899
450,57.22,0.1881130080115521,3419,0.0,90.0,90.0,90.0,90.0,0.0,71878.69474946777,4621.263699971623,4299.158726790131,2502.282595781276,1945.2062142234136,1735.215252579556,0.2762681033204471,0.2693275215186221,0.2910783646139959,1.557620336345936,0.3397898931944133,47.6678640756996,6.695051029599182,31.809638255691286,13.485528249607237,0.0036236155809613,0.002620204746551,0.0004425316751534,0.0029338500893594
451,50.06,0.2320686878860378,4366,0.0,90.0,90.0,90.0,90.0,0.0,72244.76935519707,4632.37428696523,4347.300860298741,2695.2442082593657,1734.876727126595,1807.229871028935,0.2981558996813211,0.2785912481686664,0.3567687513098119,1.807753811620609,0.1320566654360262,17.78459728856305,2.5644055469843816,12.141476097717373,5.014793316431694,0.0013110853369186,0.0009530306901048,0.0001665846708183,0.0011451216993104
452,52.51,0.1989510099885576,2615,0.0,90.0,90.0,90.0,90.0,0.0,79333.11000951982,5714.821178417106,5269.560320060384,2994.630223817298,2308.9291350619537,2172.566433990521,0.3122261509487791,0.3205648076869308,0.3605708558800336,2.1544430579807896,0.2157188169515339,32.92372204076745,4.733757389842545,23.031939195294925,9.88701512474462,0.0020764283586385,0.0016063242972915,0.0002913685444889,0.0017173376608722
453,50.94,0.1986323041260052,3522,0.0,90.0,90.0,90.0,90.0,0.0,72968.0935903816,5114.431043351877,4730.677158480894,3013.321591786898,1857.2388773939351,1854.0914441441728,0.2833398812392864,0.2831329781803124,0.3511098438614674,2.0759961662755657,0.359461331492429,57.70785300373502,8.176125886746163,37.31928089155488,15.717486549709562,0.0038061983507566,0.0028119577756893,0.0004993340947153,0.003436756867652
454,41.0,0.2998710253003072,3949,0.0,90.0,90.0,90.0,90.0,0.0,83845.92682847961,6089.409825186463,5694.116557600848,2760.5077641250623,2308.106268230263,2205.763197245539,0.2885339202098682,0.2939258061823726,0.3308373782250473,2.123916018856624,0.3269521691865112,51.8955579241239,8.049056072997702,38.02593145929349,15.74104772136515,0.0032762620909062,0.0025650098196105,0.0004339313697444,0.0027912359996056
455,58.36,0.2009601596763145,3269,0.0,90.0,90.0,90.0,90.0,0.0,59385.34786098907,4422.189440375698,4193.196019412907,2398.5398839532627,1610.8584471134252,1648.8626187175064,0.2775408548708324,0.2765782772414802,0.298381319895502,1.2650689054127626,0.480744724323956,58.253179656856325,8.850881992638605,44.91149649492546,18.087241062614027,0.0047239809647252,0.0036274392035326,0.0006548874205465,0.0041480707334726
456,46.26,0.2352049892555894,3972,0.0,90.0,90.0,90.0,90.0,0.0,72073.88509212641,4551.114576868371,4311.233907531566,2598.5303185488683,1789.242292100328,1994.9154192590477,0.3029078064579192,0.2933552474230519,0.2955832505277223,1.678631956034765,0.2834854765701883,38.343332861355215,5.625467068482619,26.751484091200137,11.047511758537022,0.0030805955374046,0.0021667303590059,0.0003799248023852,0.0024906874229642
457,45.72,0.2013710862087489,1874,0.0,90.0,90.0,90.0,90.0,0.0,74649.75656559225,4924.626457350955,4562.211942439275,2862.567004834346,2094.615664751141,2027.2370580190868,0.2925794062816486,0.2825358207934811,0.3453034751380349,1.6675162701075397,0.3979044514623661,56.56738446411305,8.165110147480124,35.81520713816398,15.83599717676824,0.0041746568466505,0.0028888784351902,0.0004979253444179,0.0033884754530298
458,60.9,0.2039581487769108,4261,0.0,90.0,90.0,90.0,90.0,0.0,82535.7279898923,5618.313357660602,5539.159016168365,3304.669144821297,2196.2873036535734,2255.5031590429417,0.2688615103015701,0.2674457610436536,0.3417255592087011,2.403747589439488,0.3496562195760262,53.98368554768361,8.14009652786162,38.45563496797323,16.382583302370964,0.0035304216196716,0.002446559977823,0.0004656530649039,0.0027301941403957
459,54.68,0.2033133557469946,3856,0.0,90.0,90.0,90.0,90.0,0.0,79308.58916668515,4849.167583760694,4672.007171047473,2700.094246881949,1894.7812109543888,1756.1942108437725,0.2625823475476805,0.2439088665222988,0.3338354345618241,2.054754472095045,0.1336274500851251,18.13840134999132,2.67731256698154,12.564328175315383,5.169129757286402,0.0012700428109813,0.0009522767214741,0.0001528158170005,0.0011188787249092
460,64.99,0.2873360394368714,1584,0.0,90.0,90.0,90.0,90.0,0.0,78704.07909681283,5278.743732648187,4882.838456364545,3108.197483379065,1946.177320268963,2223.8877517392443,0.3023318254954629,0.2755113815187123,0.3573472737344224,2.483021567060347,0.0559831664879445,7.839824385754666,1.1587259508288597,5.291619003975173,2.325889230806846,0.0005244214433755,0.0003876197553173,6.829874734338412e-05,0.000450184540144
461,60.54,0.2396883523190637,4253,0.0,90.0,90.0,90.0,90.0,0.0,84786.37098693302,5861.531827515279,5759.934057877682,3463.564436298632,2090.862480197322,2187.829092602138,0.2539950020908674,0.2333580763644085,0.3543963133747004,2.5348452146650478,0.1101642514239735,17.883287399056474,2.646522162047769,12.665939846288795,5.355391161620918,0.0010730217242796,0.000823194584555,0.0001486283166453,0.0009057235509803
462,41.01,0.2118501828384257,3860,0.0,90.0,90.0,90.0,90.0,0.0,67860.604012875,4633.547871380573,4251.186663206609,2536.0494922823077,1674.998590096433,1756.4631176656903,0.2827864943477783,0.2791407143109739,0.3088155749496204,1.4979246287539678,0.5091691921656769,65.25065159001242,9.765014317552682,47.241061673304586,19.825989094581136,0.0050884986593448,0.0037233616441184,0.0006688250323331,0.0041972760952371
463,44.38,0.2619418607951019,4597,0.0,90.0,90.0,90.0,90.0,0.0,59160.58189394986,4105.902517822651,3933.9437821034376,2376.814548981259,1625.7608207925398,1587.1044667521212,0.2970678098667794,0.2867530352239533,0.379703510959368,1.3159126401628662,0.1054007612221305,11.394406967563173,1.8368605522796733,8.277067114089933,3.79546420276875,0.001003882004765,0.000791049307848,0.0001474286302138,0.0008644271877387
464,56.29,0.213978944296585,3625,0.0,90.0,90.0,90.0,90.0,0.0,62907.72717879373,4197.690758413186,3864.883223944951,2569.775023825413,1777.7109301423668,1650.546542514483,0.3124195355999196,0.28736639790908,0.3825771997181619,1.2971848629436789,0.2679730170803808,30.51997284924836,4.660067682460405,22.18618982556695,9.48691149418618,0.0026911555985113,0.0019937633137476,0.0003383173379206,0.002260003315805
465,44.54,0.2507596931607323,2639,0.0,90.0,90.0,90.0,90.0,0.0,84342.94488050029,5839.414608454536,5207.561956477593,3154.917849834688,2212.614048275253,2303.5387961948377,0.3256456070364448,0.319636433844617,0.3802778920728817,2.678296200756574,0.054891060871095,8.85354992539761,1.2430583540702174,5.936113442712095,2.6419483783772075,0.0005316965795068,0.0004008960677589,6.806368406510308e-05,0.0004260113695364
466,50.9,0.2853836867830029,3897,0.0,90.0,90.0,90.0,90.0,0.0,75845.24743488646,4899.149752893606,4919.186228069152,2892.6149730954357,2161.5071524637183,2051.57897489421,0.3002104885965213,0.2842906856371859,0.3621389723854342,2.489937731051806,0.0544289527999638,8.033733868613595,1.1775504806545756,5.699353601652807,2.2204118105253423,0.0005225796544194,0.0004047277596049,6.89453090489011e-05,0.0004423338227164
467,52.29,0.2179037433316359,4835,0.0,90.0,90.0,90.0,90.0,0.0,90350.99489302762,5521.490371772779,5696.600232927753,3319.2145095865644,2319.936810753152,2235.604865920064,0.2859000817966098,0.2730417383900828,0.3296401700591023,2.6036225729719624,0.1586888189344937,27.722743917032115,3.8420234664316713,19.60412219722937,8.062624275622186,0.0017285728817218,0.0013172493403385,0.0002108821526491,0.0014252829022179
468,51.75,0.2433947688871397,1873,0.0,90.0,90.0,90.0,90.0,0.0,74056.20452490807,4787.062924500616,4791.332921998215,2736.6561821347614,1897.810976749241,1898.5188463796376,0.2805498983528083,0.2770961453675505,0.3692996055554999,1.9566632793307832,0.2940152762924881,37.77374460393285,6.05267249850834,26.697303984113503,11.280068319459971,0.0026399906813289,0.0022096884424323,0.0003698445506555,0.002239351757158
469,48.33,0.2219308413225631,3172,0.0,90.0,90.0,90.0,90.0,0.0,63704.1764658381,4670.133960581595,4379.87903029946,2418.398428034648,1700.647137109132,1709.0407700627552,0.3097916925370693,0.2913402521561923,0.3092204023240469,1.2832540309523588,0.4987457215853383,61.62199965798388,9.54429104753718,42.91443754740779,19.28435681946453,0.0050240202771426,0.003604252067293,0.0006776372912754,0.0041404187404391
470,42.61,0.2503244505855033,4244,0.0,90.0,90.0,90.0,90.0,0.0,61628.75883865016,3917.0448838335296,3703.0880177803074,2288.694526689781,1562.986267156462,1567.8615039834697,0.30295935205922,0.2746624176368095,0.3324815991195793,1.5096947087784185,0.1385711935409606,15.185076884782926,2.3051849711167205,10.608896372553556,4.410184134422528,0.0012914973632166,0.0010163025677265,0.0001761921354712,0.0011664735441132
471,48.25,0.2809087481417863,2158,0.0,90.0,90.0,90.0,90.0,0.0,64951.18583446172,4358.24350783401,4146.411397651587,2372.0560765276914,1629.2770433754272,1549.949908303325,0.2872631875933745,0.262659030287143,0.3599861821837886,1.121385743429543,0.4194408772329039,51.12193274505984,7.724755311163983,35.13219964018157,14.499560112164772,0.0040313505843196,0.0030282556834307,0.0005375499406178,0.0033148518068045
472,52.39,0.2011448126517714,4341,0.0,90.0,90.0,90.0,90.0,0.0,80356.2577739678,5287.8016143991135,4678.517701989827,2687.7822492379605,1974.8610363766145,1981.457267555652,0.3079212277346483,0.3056347547385236,0.3388162855011316,2.130378129818671,0.3709283304945124,53.533260319197325,7.920486982212907,36.68668227570452,14.877100534461388,0.0035296482268247,0.0027222282843082,0.000441317610679,0.003103100480102
473,63.63,0.2876163779235535,4213,0.0,90.0,90.0,90.0,90.0,0.0,61395.49720325161,4186.107972643847,3757.223208152609,2193.7627165132067,1548.2936803176242,1578.0670875137714,0.288947585710927,0.2746173424933364,0.3455446588020311,1.1852647590972103,0.3520022198844623,38.63384191286925,5.7996021413015,28.01915951224484,11.475453547546849,0.0034775288084294,0.0026586332448342,0.000448051910686,0.0029240477282903
474,59.01,0.2335893574771489,4832,0.0,90.0,90.0,90.0,90.0,0.0,60742.72507040736,4244.62329365476,4105.715601678028,2192.904144363045,1539.0469203041698,1505.9980533156545,0.2937768263888402,0.2889249897134257,0.3482133837370697,0.9845592012492136,0.4856698389236954,56.51761133302661,8.472612612414014,38.11278240266538,15.347084879112378,0.0047072740844603,0.0038663917779885,0.000658874199799,0.0039173770512942
475,51.37,0.2963389770134342,1650,0.0,90.0,90.0,90.0,90.0,0.0,67689.13982080738,4581.883798367838,4233.208658797119,2547.627665297117,1735.590187962723,1813.697832234266,0.2659291866579322,0.2789160004639565,0.3608006762124558,1.6352783612535289,0.3852848127079764,50.22062384081731,7.343290435795307,35.32224333878332,14.768696490653818,0.0040746184924322,0.0031386685472236,0.0005277335506187,0.0032718201414382
476,46.31,0.2118492720050286,2788,0.0,90.0,90.0,90.0,90.0,0.0,67511.11613903061,4785.649138431521,4404.925072172014,2616.3895542628425,1857.000851337271,1824.4948045512624,0.2911170232822025,0.2835272946201993,0.2923329966598522,1.5719737034730776,0.2387466926494456,29.131921788883997,4.357474439687329,20.81235830173156,9.414232126436575,0.0024071265768344,0.0016802549127827,0.0002934412330694,0.0017669460031664
477,64.25,0.2973066831640789,1974,0.0,90.0,90.0,90.0,90.0,0.0,81094.44955720952,5807.812266820475,5343.360445285041,3076.108790363826,2445.178416231095,2241.048939465169,0.2677091103995702,0.2619965621539036,0.3136515778707457,2.563823881814621,0.1850688986714587,28.899230900885385,4.551340692683528,21.36810171389085,9.15978513548532,0.0018542188650714,0.0014976172483899,0.0002493342541245,0.0015649853525717
478,61.62,0.2539758968472252,3155,0.0,90.0,90.0,90.0,90.0,0.0,83225.49514183323,5401.959732041492,5254.269938310281,2872.2616384819003,2053.755968761468,2173.5718125090684,0.2622843206498259,0.2399277411489789,0.3282590565033957,2.012326804385314,0.2823214279217358,43.886913654267815,6.545118458921791,28.970023334122928,12.816489014075056,0.0030389311795317,0.0022319517894805,0.0003883985487851,0.00261662709238
479,64.7,0.2300555533682219,4878,0.0,90.0,90.0,90.0,90.0,0.0,67194.39002409407,4522.815706072809,4226.632537019119,2634.448717928822,1833.83398687474,1902.640480544502,0.3128129697554535,0.2836424920454618,0.2900428353967256,1.6255448699817872,0.2963974081334717,38.35625792700161,5.710534541002445,27.952770429278253,11.002625188448148,0.0029231966872922,0.0021966325339994,0.0003843322410327,0.0023945822505182
480,61.73,0.2717974782554716,4193,0.0,90.0,90.0,90.0,90.0,0.0,91810.0262945276,6038.158869245222,5476.779093175334,3232.346301592084,2331.2752643685426,2263.6144232089305,0.2752640103197479,0.2706718419395558,0.3086787217324929,2.280439226475681,0.2473971875533619,42.54086882759806,6.520455762984976,30.58125842895761,12.786135391278563,0.0026027173905286,0.0019468782291814,0.0003348572022108,0.002167606581652
481,50.33,0.2249679573620382,3392,0.0,90.0,90.0,90.0,90.0,0.0,84415.38528583564,5407.648314932665,5117.504271339896,3066.636667839798,2101.1724710230465,2243.029322695405,0.284440318384085,0.2615982552106587,0.3176364156126416,2.318927903728544,0.1098125078623466,16.875279816128213,2.4981639373864186,11.443709948131827,5.1555372034128935,0.0011304755039722,0.0008099629556798,0.0001497579239275,0.0009259576057585
482,52.96,0.261239688137217,2268,0.0,90.0,90.0,90.0,90.0,0.0,66247.83437255329,4269.288892541635,4190.835920698336,2655.553584043663,1702.5715859260056,1718.7241330044224,0.2792609124308561,0.2656198826235397,0.3140631052604986,1.3997946042827565,0.3837261030563922,50.1385228297653,7.290445495943092,33.53025103939377,14.261746745405162,0.0042197808832174,0.0028063036223242,0.0005021934301394,0.0033664160504822
483,58.91,0.2296986530916737,4050,0.0,90.0,90.0,90.0,90.0,0.0,68619.85068314364,4298.585600319268,3987.391927595718,2509.021374837152,1767.435602704004,1736.7462865963412,0.2583887010168487,0.253088585867717,0.3267450039590359,1.3098948990957455,0.5389256820564772,64.3446104183233,9.427010488469024,44.348170519194944,19.729698984467092,0.0052803752398404,0.0038288042113998,0.0006409596250726,0.0044818619696106
484,51.05,0.2829267243530167,4061,0.0,90.0,90.0,90.0,90.0,0.0,67421.74206032824,4519.705685291706,4410.347806912476,2519.420032233046,1849.8228935248276,1809.4869072472563,0.3088196159844801,0.2922442735597109,0.3403345189501212,1.929730374771131,0.27855330087775,34.85129320668974,5.000537582930803,22.818361747344404,10.168868629381798,0.0025555537771592,0.0018316886656835,0.000356897276211,0.002117444144101
485,45.09,0.2014165500808102,1711,0.0,90.0,90.0,90.0,90.0,0.0,80003.25612471206,5388.046096653849,5229.613073075386,3078.4892971218605,2110.6131573628186,2102.066666926718,0.318605781470592,0.3057008968638375,0.3305735325944732,2.049293554284585,0.3147949590803934,46.923544562939256,7.053207725493122,32.193199326046496,13.78815745258972,0.0029806432202279,0.002298797555049,0.000416934385064,0.0025254267641521
486,43.28,0.2242323175253989,3749,0.0,90.0,90.0,90.0,90.0,0.0,89872.55064154617,5453.25242557737,5209.40100323244,3054.260703995647,2167.4560056453447,2075.231188387804,0.3041300217152238,0.2947847180596612,0.3526479460213638,2.0375426260942087,0.4023516848394413,62.60675732653146,8.98004751809983,42.3280269728315,18.601717179220927,0.0040198366603026,0.0029948459388711,0.0004995357747959,0.0032501243394091
487,50.95,0.2707136531037524,2679,0.0,90.0,90.0,90.0,90.0,0.0,63740.02519630038,4070.457310660774,3700.745153198214,2229.94037387266,1624.49335166756,1573.529755659485,0.2603665560487131,0.2580234796409139,0.3612552051569336,1.3055424890469522,0.1507853367315428,16.04790758916898,2.5577189837026637,11.552892472578057,4.698478758696913,0.001477159914103,0.0010829382034014,0.000179193209544,0.0011501679241081
488,52.12,0.2760102448074545,4360,0.0,90.0,90.0,90.0,90.0,0.0,65197.37715237251,4153.258420469164,4037.755612612405,2475.75181005099,1647.0215835744814,1514.2388188940213,0.2719721261517241,0.2617553758363504,0.3213938316584954,1.6130552390070223,0.1456528997251489,17.98981231978181,2.568272582844351,12.112844104761804,4.953901940273675,0.0014205133064103,0.0010365860976765,0.0001887032009649,0.0011631423542345
489,64.33,0.2744298791344592,1618,0.0,90.0,90.0,90.0,90.0,0.0,68246.99255797952,4494.181607505116,4363.514019827825,2321.055681397668,1729.3050163289754,1729.5894690149732,0.2688418270587537,0.2547618250772945,0.3167995137853158,1.7205039205510462,0.0971740413836151,12.18545967538624,1.846460627775204,8.467240107173982,3.8763227724603584,0.0010008937705146,0.0007554511180539,0.0001348866297775,0.0008205718510785
490,59.98,0.2621895051864139,3993,0.0,90.0,90.0,90.0,90.0,0.0,70781.48419086749,4895.462157361325,4256.618740545476,2631.3637365055606,1874.379583569658,1792.473768974607,0.2560268672380472,0.2614932907535643,0.3069114963440921,1.58703713387905,0.2079032557618615,25.94723655172789,3.898462687206192,18.932886148374003,8.322046802166884,0.0020376343443326,0.0014176267399268,0.0002685387699077,0.0016379779300296
491,43.96,0.2623073907617693,4407,0.0,90.0,90.0,90.0,90.0,0.0,78321.07485354348,4882.710107475293,4659.366624876519,2951.9099973987563,1870.4934605736707,1868.4345084614597,0.3168820051237853,0.2937741725249168,0.3361840819165455,1.630081238478463,0.4785260274773337,59.43551985447064,8.850682190223583,43.17288053674212,18.36978927940167,0.0041936041950564,0.0032900763144931,0.0005677033284968,0.0037176902049492
492,40.34,0.1943753441883267,3756,0.0,90.0,90.0,90.0,90.0,0.0,66338.95623881715,4174.638428536769,4084.19015017658,2556.1646751265557,1826.3520789845545,1770.1136147119953,0.324447260283587,0.3152978501430716,0.3500619303301188,1.8440920066522268,0.1301960179313085,15.779636470650848,2.413130312928046,10.60278196764369,4.585834561768474,0.0013276793357695,0.0009353079070322,0.0001666833733985,0.0011647272932493
493,42.33,0.2499587083270333,3171,0.0,90.0,90.0,90.0,90.0,0.0,65828.31560911945,5036.734335540201,4806.913410343899,2643.6457468347007,1883.229938196282,1845.027324783604,0.2983218838130478,0.2963621898945385,0.3142435529176793,1.9898404833141148,0.2251630152799564,30.243914324817137,4.655327674942733,21.059600141733878,9.246245193008477,0.0022964746557359,0.0017485946874551,0.0003191974870964,0.0017835282681127
494,62.82,0.2231256195007202,4946,0.0,90.0,90.0,90.0,90.0,0.0,66715.99882179238,4430.620221209271,4446.020565701023,2544.030586852836,1821.1641921580597,1745.5440913841085,0.232649806626111,0.2254255198895488,0.3187877421742139,1.4778872879415474,0.3646283364313658,43.73127589643661,6.920502085421969,32.335022715760964,14.34497964922272,0.0035216795453563,0.002780489685664,0.0004649950360532,0.0029352326979631
495,63.68,0.2535229550066813,3390,0.0,90.0,90.0,90.0,90.0,0.0,70779.63066159176,4441.245983813077,4566.067385836259,2526.205076618451,1791.7177178536606,1934.0489372710197,0.2749496406729899,0.2570197796068317,0.3045294773138415,1.5872229663769464,0.200918726179742,26.50545640609419,4.010334618732535,19.293299194968696,7.902248982032322,0.0020084816409418,0.0015394948517687,0.0002666023401381,0.0016658490068276
496,60.8,0.204764443187073,4153,0.0,90.0,90.0,90.0,90.0,0.0,67104.57903995269,4388.322748207315,3961.012416585577,2390.098063292688,1623.4066831244152,1741.0207735194583,0.3055817308481747,0.302098259257193,0.2988519104920383,1.390285436966534,0.3115643567364328,39.11809765730376,5.390428008983,27.23347463613873,11.064203754769624,0.0031990122904392,0.0024100539637085,0.0003869670370325,0.0026957688389442
497,63.32,0.2145745260283403,3541,0.0,90.0,90.0,90.0,90.0,0.0,66296.27617651164,4943.0626679876,4557.790324893098,2804.003297052757,1903.3263307646164,1902.340201074349,0.2352253764221032,0.2299712338007006,0.3129093968649278,1.290580629576923,0.4345626410339558,62.2638819076244,9.06399553899926,40.82917444601285,17.889513197247478,0.0046368822616085,0.0032649319834387,0.0006096930433868,0.0039628708383638
498,52.72,0.2240716618043211,2695,0.0,90.0,90.0,90.0,90.0,0.0,68996.81025061278,4079.12911544031,4190.214440840254,2342.729185063646,1712.1153268042144,1742.682582218482,0.2716221317355886,0.2525760283667606,0.3368905529907615,1.275449587424965,0.3785656205768101,41.18275066147467,6.258921613609888,29.66971462638725,12.54769709658228,0.0036392403405106,0.0027065634754061,0.0004595716652894,0.0031996386801445
499,50.39,0.2688923960635505,2619,0.0,90.0,90.0,90.0,90.0,0.0,81516.4908342257,4939.231370965103,4986.239759412392,2956.6945493704184,2079.223218632345,2110.7470992385,0.2597502086263534,0.2448378114636046,0.3407434042261819,1.7423319699450377,0.4677931802638582,65.76918433614307,9.780747379059305,47.777941180911874,18.485828548440903,0.0046039716132447,0.0033020147019267,0.0005807559653784,0.003935479479431
500,64.51,0.2076441265437217,3476,0.0,90.0,90.0,90.0,90.0,0.0,68341.14466099854,4862.150458212614,4411.893258838892,2581.176193395954,1867.125192638744,1820.5678284136395,0.2452519348805378,0.2362280704799832,0.3152229660968388,1.6300073880763295,0.1892693549138989,24.326141798045107,3.596662921543496,17.76755243159165,7.066334415276486,0.0019970540789869,0.0014795533041755,0.0002576142712941,0.0016628893974
501,51.42,0.2535305851873473,2498,45.0,-45.0,45.0,-45.0,45.0,-45.0,65666.86501911134,4239.6874134789,3937.50901287538,2511.707050783189,1553.6225202796616,1583.3297079467409,0.2941631549597257,0.274417441441004,0.3245232536812373,1.6582699972495534,0.0810107726886863,9.963232864444745,1.516373104176365,7.009915225476054,2.964200323902665,0.000827582749713,0.000553942463577,0.0001107686029533,0.0006958488973148
502,49.59,0.2388160330602207,2092,45.0,-45.0,45.0,-45.0,45.0,-45.0,71183.44001705607,4682.789227713188,4702.207742925006,2563.5214753732785,1855.760198404656,1876.8593359839329,0.2621724828652494,0.2502949752300872,0.306266731592844,1.7913102862253116,0.1237407518252895,15.926451190076968,2.611439366398722,11.511153218293334,4.951771996493172,0.0012662945320752,0.0009902575563199,0.0001678580174786,0.0009854318811473
503,52.71,0.204764443187073,3955,45.0,-45.0,45.0,-45.0,45.0,-45.0,67104.57903995269,4388.322748207315,3961.012416585577,2390.098063292688,1623.4066831244152,1741.0207735194583,0.3055817308481747,0.302098259257193,0.2988519104920383,1.390285436966534,0.3115643567364328,39.11809765730376,5.390428008983,27.23347463613873,11.064203754769624,0.0031990122904392,0.0024100539637085,0.0003869670370325,0.0026957688389442
504,61.6,0.2617171826064864,2059,45.0,-45.0,45.0,-45.0,45.0,-45.0,81547.21770990362,4963.1136768031365,5029.03681485595,2648.8584006004494,1862.2588044870647,1960.4589950866653,0.3009689791089662,0.2862133667877014,0.3315515133012078,1.670302523700857,0.3928550509329825,55.25630241118073,8.196046420352225,37.55374075096831,16.896810551743293,0.0040111807765367,0.0029576793725708,0.0004958761725044,0.0034153496891806
505,59.32,0.2196262099325609,2631,45.0,-45.0,45.0,-45.0,45.0,-45.0,60921.45319397729,3861.780827768514,3737.558128779597,2386.355088032714,1591.0324247941796,1534.466445264584,0.2679593529941472,0.2588264531683476,0.3588525319628152,0.9609306928724214,0.5190545799371687,57.76904214601905,8.68357898927038,40.46546927341553,17.711802104314373,0.0052068602884157,0.0037730613384563,0.0006204318688434,0.0041787151435935
506,50.37,0.2005959551888311,4999,45.0,-45.0,45.0,-45.0,45.0,-45.0,76978.2358158634,4967.909054553803,4884.18412572405,2934.906771089882,1893.9630930206683,2043.2442476945887,0.2761071824342499,0.2693364358851997,0.3416854401484308,2.131380950935648,0.1376347328121668,20.07792586015255,3.1944502135554718,13.868468759421532,6.306536245123314,0.0014901372532691,0.0010397420103139,0.000177522244423,0.0011499610706853
507,52.69,0.291934983578742,4726,45.0,-45.0,45.0,-45.0,45.0,-45.0,85166.04072097139,5475.060952460729,5404.114946176853,3179.647401888114,2183.2473500835213,2202.6762324106257,0.3048110779508472,0.3135653202066292,0.3626161908986923,2.519376783051427,0.0598631236842364,9.73839533971694,1.5121213941272156,6.560443175514508,2.9152341008900136,0.0006039782140129,0.0004684796880004,8.173075241646575e-05,0.0005370115493979
508,40.06,0.1881864862058419,4860,45.0,-45.0,45.0,-45.0,45.0,-45.0,63094.22210927476,4451.73978106543,4109.297260703523,2178.673646730776,1456.2472464822977,1493.140111973072,0.2717521413075272,0.2683214816045579,0.2983716804259843,1.0073958666899243,0.409050813874326,45.76372522620336,6.975436457497989,31.417894159421454,12.96357912263765,0.0040171782416242,0.003201223650321,0.0004799260925364,0.0031361061089082
509,47.46,0.1993672237211884,4473,45.0,-45.0,45.0,-45.0,45.0,-45.0,86291.50344706501,5857.08868530311,5367.717956002366,3104.075865871084,2281.922887824624,2368.467527017908,0.2899786095629496,0.2809941734569434,0.3538783053564852,2.223623785660501,0.2363162686237232,37.913851484589394,5.414439851614694,25.57017409195627,11.13292524359002,0.0022812314695525,0.0016409470654974,0.0002932890176568,0.0018834822868929
510,54.5,0.2192896383230119,3904,45.0,-45.0,45.0,-45.0,45.0,-45.0,90520.81465033496,5578.339737051521,5274.051899266923,3188.0325725574453,2040.113595170029,2166.5101106162515,0.2669537140604695,0.2495034077887709,0.3147873862975355,2.4480255941737865,0.203476760680481,30.838096666486408,4.970593163604959,23.133196128669933,8.83123507577678,0.0019698255952776,0.0015228135119413,0.0002579401799774,0.0016759878558309
511,52.24,0.2604660632585636,4203,45.0,-45.0,45.0,-45.0,45.0,-45.0,66781.08531467212,4728.708458280435,4257.83397047248,2269.560998213502,1803.2509929679936,1762.6114312668738,0.261758514006032,0.2554099405156932,0.3655216962207071,1.3693492568440544,0.118390560753041,15.112819803806218,2.196783830276729,10.328390512146376,4.407622451458356,0.0012482023586402,0.000900938383431,0.0001734837408139,0.0009675696115972
512,51.16,0.1924414900795264,2108,45.0,-45.0,45.0,-45.0,45.0,-45.0,75040.10497101475,4821.000172112937,4607.81383024761,2786.7818982182584,2057.550784764212,1996.5290788170687,0.3049811070157051,0.2940817665452245,0.290813634408707,1.8386164962740732,0.4551955502295863,63.217751569576826,8.847457107184091,43.24098280305033,18.46348491399883,0.0043495771704146,0.0031537085511309,0.0005814187229105,0.0035641997401841
513,48.63,0.2150925373137876,3483,45.0,-45.0,45.0,-45.0,45.0,-45.0,74243.67801286122,5125.357109644706,4967.178971449705,2788.7983808925537,1993.43501951012,1974.298133971211,0.2338986099135832,0.2354582719889019,0.3568161254892135,2.153577739455085,0.1072462234986081,15.44808543942714,2.431950268736784,11.566150471986512,4.412169331472721,0.0010693829352984,0.0008137049144209,0.0001515479097589,0.0008683691213742
514,59.07,0.2269166983911619,3760,45.0,-45.0,45.0,-45.0,45.0,-45.0,67874.59059921477,4710.43410802759,4301.668731387655,2675.3482947296857,1811.725011338366,1826.221441783764,0.2966795222630008,0.293965256404409,0.3062072984249283,1.810455714505602,0.0963025233401499,12.174649688813536,1.82026891043778,8.499925860307492,3.569837882471476,0.0009246045047665,0.0006924748400342,0.0001257075482648,0.0007990245948096
515,51.38,0.208185944972827,3045,45.0,-45.0,45.0,-45.0,45.0,-45.0,73317.48690414419,5257.197732964619,4806.466499725341,2638.4930817529403,1910.603278852001,1849.659316461423,0.2720051727095176,0.2341180910535457,0.3256299037200489,1.775160189130676,0.2051392379301881,28.96886108874984,4.231495945706531,19.992113801985635,8.523109937348547,0.0021616560823076,0.0017081052630099,0.0002643336810701,0.00156586157117
516,61.74,0.2580872658195883,2818,45.0,-45.0,45.0,-45.0,45.0,-45.0,72226.88637886319,4823.356806461028,4683.005034369875,2840.384353631188,2057.5803680376384,1736.0179213452543,0.2631070121355711,0.2485307707673579,0.3624755667904802,1.9890976699477856,0.2641597928718443,37.57989117772656,5.731933752225979,25.743302086228027,10.963166070923702,0.0026279018532662,0.0019028262218739,0.0003405567625025,0.0022127910042674
517,45.97,0.2956740353641336,4356,45.0,-45.0,45.0,-45.0,45.0,-45.0,63535.10270130813,4403.221197388915,4029.562472148276,2519.573849072932,1817.6110849766849,1910.6337154276805,0.3102980737504678,0.3038300859203934,0.3840800438411306,1.7125750970630351,0.1365475494408924,15.871346287252075,2.536615473096009,10.74780812700152,4.7498664542717535,0.0013152604301188,0.0009254420197676,0.0001755075686133,0.0011096657054536
518,45.84,0.2531979241383537,3068,45.0,-45.0,45.0,-45.0,45.0,-45.0,83587.09569075015,4946.557579501161,4951.751112217089,2993.4761475665223,2052.725120781186,2014.6137796202504,0.2727731089332331,0.2590535696373456,0.3377837634276678,2.0075059636817314,0.2559443164559855,38.4209335584859,5.544186555056647,27.07414726632692,11.66375920846911,0.002738107934581,0.0020478401792191,0.0003401848813364,0.0022842700883114
519,50.27,0.2400224201551505,4676,45.0,-45.0,45.0,-45.0,45.0,-45.0,67703.98723134295,4557.697239271217,4294.634610406224,2518.8232693271043,1700.485249559481,1756.8951618286733,0.2869009766572645,0.267489961979069,0.4045550606922674,1.208649591587997,0.4570736149123446,58.70813874170678,8.36323895467752,38.34725674593979,17.728487838388634,0.0046066134698893,0.0036527790650983,0.0005922393372957,0.0036619763381967
520,58.62,0.2412303274224663,2803,45.0,-45.0,45.0,-45.0,45.0,-45.0,65776.7256399977,4248.986497678978,4119.782048827296,2376.498905948741,1553.9532235647828,1666.3067088473751,0.2465655741464137,0.2359658886497395,0.2875983100693005,1.202570951358716,0.3697091325582991,46.107647148441245,6.5518293583587965,30.49095631243295,13.79467758256584,0.0040701677930002,0.0027965687648041,0.0005075953411197,0.003296366934148
521,62.84,0.2570829783295328,4388,45.0,-45.0,45.0,-45.0,45.0,-45.0,65304.63802493672,4369.276536398738,4486.790463302576,2604.4552645501203,1696.0138584646616,1682.4170580078155,0.3104204431411247,0.3028948150922088,0.3090139917988423,1.6095159456810617,0.0997488908658784,12.32712526765954,1.8466039527080984,8.618158015887765,3.864044691157458,0.0010414058488831,0.0008272541488062,0.0001383473229827,0.0007847892997349
522,49.65,0.2774373815782787,3061,45.0,-45.0,45.0,-45.0,45.0,-45.0,78474.42604986424,5414.175210810415,4875.590010548736,2952.520971623887,2246.9537591377743,2036.724204569305,0.3094195371332039,0.2977233297725353,0.3583632268286377,2.16389797239932,0.4424207376339001,63.24012752756001,9.786579620312644,43.56121571667928,20.255781153303975,0.0045936131945339,0.0033501225469468,0.000561417706485,0.0039258043405207
523,59.81,0.2249415538202537,4218,45.0,-45.0,45.0,-45.0,45.0,-45.0,67653.93839527793,4870.949769200938,4519.448080396672,2784.089770982498,1820.3993145873628,1909.512474744222,0.3212019511916254,0.3033592430566684,0.3439076645300937,1.7713056302972414,0.4551510913653473,60.39321651458736,8.95693931219511,42.54739047455894,17.6525979385833,0.0044554780397461,0.0032596409544586,0.0005810385682883,0.0038641113660287
524,64.52,0.2299764296955043,4170,45.0,-45.0,45.0,-45.0,45.0,-45.0,72919.34930332811,4935.971124058201,4314.665273790175,2969.351651996109,1954.6794284685436,1963.3161015419928,0.2933265330840506,0.2992745021650557,0.3486780250252095,1.4944102501585017,0.4436597163998937,58.15459739957248,9.035692693313688,43.78397900591504,18.38266948912253,0.0045528604549453,0.0031809423144688,0.0005830789749951,0.003781387737259
525,64.12,0.2871864201258699,3528,45.0,-45.0,45.0,-45.0,45.0,-45.0,81973.0208209995,5502.154423470644,5382.562383535152,3208.302896466616,2203.116808593098,2241.897450292563,0.2980425383343614,0.2957267485615383,0.3605890328238155,2.3472756532829586,0.3529646101000523,55.519556233910535,8.25178524978552,39.15667868718372,15.834723646541685,0.0037306739048687,0.0026381631014899,0.0004268761278618,0.0030939869133827
526,52.56,0.292945687639116,2017,45.0,-45.0,45.0,-45.0,45.0,-45.0,69070.33077504976,4865.1531437577405,4660.038112550379,2557.786560316298,1798.5410363844112,1837.1911983534028,0.3009686064224139,0.2798897097355265,0.2937839939592471,1.6686944337058094,0.5073791849566024,62.5073028781506,9.681260561063796,47.04372666116687,19.567324224369774,0.005109222902565,0.0041355167041512,0.0006413950131845,0.0042260326919583
527,48.3,0.2928452738776922,3917,45.0,-45.0,45.0,-45.0,45.0,-45.0,74634.43968391321,5138.449259735552,4683.482851950507,2663.700483546246,1787.4607160546902,2042.560953917595,0.2743572757878789,0.2787696736421632,0.2951247646808672,1.551144391674051,0.4113111811071864,56.25677993092962,8.335378826536942,38.71234929425088,16.582815411855904,0.0039624224897569,0.0030332768367472,0.0005159076743801,0.0032949223259356
528,61.85,0.2399285144904026,1911,45.0,-45.0,45.0,-45.0,45.0,-45.0,81955.1066947982,5590.183334311722,5394.663947640931,3130.486316540429,2194.15539142314,2176.2125194744576,0.3090046036585578,0.2900173326620843,0.3453377023177864,2.272975920279034,0.3348303106996423,54.38912508584375,7.787010039246879,37.4845328963704,16.333145935187773,0.003506112247967,0.0025399718859385,0.0004497715779203,0.0028733479985827
529,42.49,0.2854953950877206,3303,45.0,-45.0,45.0,-45.0,45.0,-45.0,86994.04949546246,5908.47183244975,5372.777777176795,3250.775194735788,2278.0251645068347,2195.5285087304123,0.2838500621014642,0.2798203348837885,0.3672807853590794,2.9521711269428472,0.1268475068360681,19.698867602875243,2.938856267504206,14.952624009142289,6.518662181963351,0.0013298489837547,0.0009570177051363,0.000160948034082,0.0010534458832338
530,40.38,0.2340809031102745,3371,45.0,-45.0,45.0,-45.0,45.0,-45.0,68974.91392449505,4727.595968175334,4396.232502699815,2659.2591122705885,1800.8281377295812,1816.1115075426671,0.2343195351431796,0.2566859908317337,0.3382322317811039,1.727610151687352,0.0982338532396371,14.118618699273924,2.1285273595592944,9.885289027095398,4.066156410484871,0.0010209220402187,0.0007820867638723,0.0001327536916473,0.0008535754114449
531,50.25,0.2488897376727294,2090,45.0,-45.0,45.0,-45.0,45.0,-45.0,64825.74273945014,3877.330837390923,3791.704590569485,2248.8545830239736,1631.1871763046777,1622.2172306166844,0.3127390440762252,0.3006056025381105,0.3425449464969259,1.4910108752372109,0.1808072274224849,20.40520570384787,2.885384685077035,15.036281961992044,6.27785538692741,0.0017906773777698,0.0013954597324849,0.0002235666402991,0.0014924476771828
532,64.25,0.2847384911170317,4181,45.0,-45.0,45.0,-45.0,45.0,-45.0,69131.98788394929,4262.816187147115,4219.4389530519165,2440.2397266891194,1871.9267316506337,1936.130546606856,0.2686665095617151,0.2443669945872141,0.3443617875080585,1.5690140519805953,0.3249457750982403,38.76228938538923,6.46670259799443,28.76144698764976,12.018119535866038,0.0031099969041341,0.0023186368178738,0.0004052577913908,0.0026809775914775
533,51.74,0.2967470438107995,1806,45.0,-45.0,45.0,-45.0,45.0,-45.0,69246.06569302279,4512.681260985292,4219.480552257482,2516.771145968252,1707.957261488535,1829.4776769310924,0.3142386121564574,0.2967547066501999,0.3125235972166451,1.7352987357596394,0.0942339245704254,11.521813756591811,1.6926492097593204,7.639838125052331,3.462686433358361,0.0008734114763743,0.0006706700835192,0.0001144339812193,0.000732505208743
534,48.46,0.1969502348627522,2585,45.0,-45.0,45.0,-45.0,45.0,-45.0,60025.60110290394,4088.601797650605,3954.128052360159,2385.7756324750617,1708.0574033663218,1704.5396554185993,0.2711528930986123,0.2721561767890169,0.3675145390764435,1.0180605063432813,0.5443264565695902,58.72716802285968,8.876226822070224,42.02174585325552,17.50182024132689,0.0050397995862065,0.0036493297866201,0.0006760020737487,0.004514254663704
535,49.94,0.1974334099416428,4337,45.0,-45.0,45.0,-45.0,45.0,-45.0,68362.93127215728,4689.765765670057,4410.026944413072,2589.267561678285,1848.825856106083,1878.9075850751688,0.2659391274588645,0.2523230093841617,0.3352291469631095,1.7490176759770812,0.3691584188106205,47.30185352344116,7.240380748198857,33.60531240250383,14.592466809259228,0.003729364353587,0.0027419280695272,0.0004998881375478,0.0031100765315482
536,61.29,0.2343667784570529,1828,45.0,-45.0,45.0,-45.0,45.0,-45.0,72427.50435010619,4804.268149141892,4509.711219166222,2730.93034226638,1964.0162975641176,2042.8386725915925,0.3063470481264009,0.2796500375700445,0.3564608444619556,1.8087504833563568,0.1783982219582166,24.87494887158178,3.785955027323208,16.033121763790778,7.145497053138503,0.0018438546307688,0.0014131936288877,0.0002465985532962,0.0015537625769235
537,56.86,0.2817371250438067,4991,45.0,-45.0,45.0,-45.0,45.0,-45.0,70515.2335671651,5202.520746545554,4830.459736937922,2691.963079932557,1928.0972387883985,1915.8572375822616,0.2579513804141884,0.2386913237685659,0.3546541643056519,1.875489768146296,0.1130161764669505,15.084114102008082,2.0956454215192424,10.445537573453157,4.49189719974197,0.0010967854924471,0.000874821263482,0.0001486151866178,0.0008944205485284
538,49.5,0.277808165073122,3685,45.0,-45.0,45.0,-45.0,45.0,-45.0,63750.78109948409,4472.997212458567,4337.199376324681,2339.2015062023315,1659.715814919782,1735.0488452449945,0.307716798140071,0.2959297221567654,0.3770484588963519,1.7710187071518673,0.096615811485685,12.00361009626726,1.842715590318232,8.744345931745471,3.64364542876264,0.0009755811959532,0.0007586724679568,0.000136976057136,0.0008389484835696
539,55.67,0.2262467298107537,2797,45.0,-45.0,45.0,-45.0,45.0,-45.0,77104.21628869577,4861.512311994143,4676.533479972015,2730.492967049412,2009.726393033764,1885.058113954181,0.3084159247123482,0.29845795915392,0.3783002240440115,2.044497504329957,0.1597034134018955,23.480742807397966,3.2848296779681725,15.866972272894992,6.737903954698158,0.0016612070284798,0.0012108447438667,0.0002189608093554,0.0013342684009508
540,52.2,0.2863363505302667,4610,45.0,-45.0,45.0,-45.0,45.0,-45.0,64310.36758017218,4349.770247680724,4161.64154734373,2321.392868132989,1611.4011807991687,1709.7592714669358,0.2741220557245395,0.2618791848017325,0.3577897413004745,1.0084199408766916,0.4038383039736759,49.31269375955079,7.463754905759087,34.96025316218739,15.13345071270324,0.0042019942547492,0.0032785833518977,0.0005550933009882,0.0033747416725325
541,40.9,0.2472729998050429,3716,45.0,-45.0,45.0,-45.0,45.0,-45.0,63801.60810887257,4291.040420045223,3860.7106723484458,2348.169421805138,1623.771737293656,1649.290773270808,0.3028459667000791,0.2952426270159916,0.3025468853811471,0.9404916879634744,0.5224355542142457,63.19371159416153,9.659266215526658,42.94178722961011,20.06565898425748,0.0053813131320323,0.0041516904871312,0.0006788143825507,0.0047258995566567
542,45.87,0.2056915846830841,1780,45.0,-45.0,45.0,-45.0,45.0,-45.0,76160.28337836426,4687.724922885575,4800.3812260325885,2923.1080904449927,1914.7763753308348,1975.999879110171,0.3359716618850922,0.3249267288634734,0.3015101313389618,1.94857848515362,0.1853016898788426,25.989102321701164,3.7861057540397702,18.07342666148373,7.67090420467748,0.0017320293424088,0.0013338542266452,0.0002313783334614,0.0015122649692451
543,63.02,0.3130482620995031,4303,45.0,-45.0,45.0,-45.0,45.0,-45.0,59603.018724008754,3970.0945369795368,3896.557633304806,2323.7881553385496,1570.3956918980664,1527.8224657706924,0.3006136662474479,0.2859548781546868,0.3336591154485249,1.5322005957839415,0.2836612750634674,32.44380090667768,5.109063545440113,23.681958130323967,10.446997831262737,0.0028593828411292,0.0021888409170498,0.0003810770297541,0.0023746729325017
544,58.67,0.2372168020245585,2431,45.0,-45.0,45.0,-45.0,45.0,-45.0,67176.7895926546,4414.182965128396,4345.323780358833,2481.8248230361573,1791.003506006372,1750.974504678725,0.3106217322065953,0.3074142025655079,0.3517830342352506,1.7077826188924865,0.1782632704015107,22.781306176089103,3.27587800538744,15.305487546156614,6.722268259896561,0.0017768343483684,0.0013003155951542,0.0002351639584013,0.0015484614984214
545,64.46,0.192601156050546,3277,45.0,-45.0,45.0,-45.0,45.0,-45.0,73449.22344225374,4850.084097921892,4635.556205209471,2740.4354274527363,1931.3913419575665,1833.3828632793895,0.3246072240627289,0.2960536002657415,0.3381644646445054,1.810271132537245,0.3031806035537044,41.4713277803833,6.059809181740243,28.679504462474476,11.740725973548637,0.0029039094012934,0.0022614232447149,0.0003612590186493,0.0025706501851167
546,55.84,0.2177512393281908,4614,45.0,-45.0,45.0,-45.0,45.0,-45.0,81427.59098313951,5344.315102000722,5385.603361371463,2938.398494547197,2147.584897381176,1987.5955187523496,0.2542018383275068,0.2569037838550105,0.3386190839776221,2.004240101903194,0.2983781966577803,43.85207885315921,6.782670864444401,33.157742562301415,13.393093858295076,0.00286231406005,0.0023159754777721,0.0004085917570204,0.0024840792014959
547,51.09,0.1880503640607075,1911,45.0,-45.0,45.0,-45.0,45.0,-45.0,76397.17398190938,5091.47613074878,4741.171559745573,2567.8544554842038,1873.4405240998035,1871.171566449828,0.3159816733980761,0.3079945116761741,0.3268272312039069,1.7779080367563662,0.2956967329129933,40.56612514978244,6.167283160392459,27.93937167497793,12.144323191525658,0.0029513014280501,0.0023899907911177,0.0003637385389942,0.0024611567106948
548,47.49,0.2302705109045312,4342,45.0,-45.0,45.0,-45.0,45.0,-45.0,68738.49479099439,4546.861903279447,4428.543248946669,2621.6480365615566,1891.4984366178585,1844.33925028386,0.3027073969786314,0.2887834321367619,0.3705732029427213,1.5979238554296258,0.1980559704077922,25.936870791134368,3.847733738984159,18.009702599641447,7.622940294109176,0.0019383543683381,0.0015560516109254,0.0002556908414505,0.0016762586140728
549,41.15,0.2306738453885661,1618,45.0,-45.0,45.0,-45.0,45.0,-45.0,73509.22837683528,4492.557436200499,4449.197825170263,2634.311998930358,1974.191644706342,1943.1199053441048,0.2623727738452745,0.2493868178775873,0.3901817443460074,1.685809520825746,0.1565476489336588,21.016531105857226,2.99795325603699,13.937205527465194,5.742740742817877,0.0015636842580871,0.0010295149283219,0.0001922706267767,0.0012517315250505
550,41.4,0.2292365221971181,4761,45.0,-45.0,45.0,-45.0,45.0,-45.0,64957.49748621256,4285.472181538679,4040.257938736232,2286.705820901364,1624.361407548325,1706.7520025703725,0.2473897207978486,0.2336643754158145,0.3799887595338403,1.675154260437667,0.1801627309324872,23.341233423389173,3.301826609286892,15.251215405045851,6.847882884152499,0.0017745334277192,0.0013718919770237,0.0002436214875644,0.0015139357521757
551,49.37,0.2593095118887843,2968,45.0,-45.0,45.0,-45.0,45.0,-45.0,71438.79915594311,4498.0969831901775,4109.225214826223,2484.145996414098,1695.6014005061595,1823.620970935682,0.3079085980577399,0.2989091926291075,0.3257831121734243,1.7002250471706386,0.2180253646224301,26.24935582111173,3.901383122855071,18.86951028861147,7.965154068944324,0.0021803329043191,0.0015657307388608,0.0002820442636027,0.0017768412403897
552,46.1,0.2401070000656996,2096,45.0,-45.0,45.0,-45.0,45.0,-45.0,62912.8724509558,4300.144009596684,4072.544500266616,2258.7964310341035,1578.1465615788454,1492.0141775086383,0.239919420189788,0.2472396362703524,0.321041850849144,1.310188246401008,0.2460686093236729,27.76271673907484,4.4374832776716175,20.132854155968182,9.186507497297209,0.0024505067496395,0.0017833807265574,0.0003300534517179,0.002035870364917
553,54.15,0.2075794241581259,3187,45.0,-45.0,45.0,-45.0,45.0,-45.0,69990.63555804732,4792.955175095911,4426.015259497989,2671.147958676176,1868.6519407085975,1793.0647737198492,0.2819314793932495,0.2685397695880395,0.3520090133919114,1.3535838226218786,0.4000752901403016,57.098403331581125,8.848480630849563,37.51593705026873,16.279387563942645,0.0040123985087181,0.0032304271581706,0.0005202911085173,0.0035698804087254
554,44.5,0.187372022246427,4746,45.0,-45.0,45.0,-45.0,45.0,-45.0,73488.74098047377,4625.089972111673,4748.763974527622,2794.7896698884065,1983.860678780275,2045.560238727317,0.2997206502924625,0.2845311162566107,0.302726135742056,1.7441514786533452,0.4264443040704386,54.802362181754496,9.238227387752817,42.71596193986225,19.15694794318737,0.0045246921500547,0.003358048650444,0.0005925726352631,0.0035935073563463
555,41.97,0.2801624241977207,2217,45.0,-45.0,45.0,-45.0,45.0,-45.0,84508.43600040463,5868.50718985917,5504.708889378207,3361.5556003644856,2198.236122429349,2324.0280106601435,0.2348880262694857,0.2318682157064504,0.3407769974327808,2.505976851227558,0.2586594278934094,40.92113793136418,6.278071263191904,28.48698353333212,12.530531742613684,0.002657452435152,0.0019832146487488,0.0003449222281255,0.0020887588663554
556,55.49,0.2192896383230119,3066,45.0,-45.0,45.0,-45.0,45.0,-45.0,90520.81465033496,5578.339737051521,5274.051899266923,3188.0325725574453,2040.113595170029,2166.5101106162515,0.2669537140604695,0.2495034077887709,0.3147873862975355,2.4480255941737865,0.203476760680481,30.838096666486408,4.970593163604959,23.133196128669933,8.83123507577678,0.0019698255952776,0.0015228135119413,0.0002579401799774,0.0016759878558309
557,52.44,0.2020436887129746,2486,45.0,-45.0,45.0,-45.0,45.0,-45.0,75951.58151075404,4834.055593398302,4432.551039798721,2590.978542418348,1841.2209337810916,1850.4924286159803,0.3173459063789057,0.2877061473914861,0.3321416773623921,1.735862081867389,0.3109160996550361,39.35476512646604,6.203882440230507,27.974392485056484,11.999073249581118,0.002983098631159,0.0023466774244797,0.0003696817848191,0.0025073558345893
558,43.58,0.2457493978683581,3888,45.0,-45.0,45.0,-45.0,45.0,-45.0,70500.4403063563,4753.515726710864,4661.13319041791,2650.827222268545,1893.9345989319904,1923.690966598116,0.3096537831113196,0.2967694125574412,0.3603692447316102,1.872973752914384,0.4390645360679087,60.93085601207338,9.630471272018,42.19196599492476,18.36081385125081,0.0044283692719838,0.0034506278161258,0.0006021781666956,0.0038210010740038
559,55.95,0.2747221331946122,3388,45.0,-45.0,45.0,-45.0,45.0,-45.0,64495.65750096195,4481.818057995832,4282.962684661593,2528.478315178412,1758.6153139216308,1837.5796158456087,0.2858662783528915,0.2806567588287013,0.3145585774947951,1.7761358873892588,0.0588336354910685,7.0943112701654725,1.0401664059562954,5.297943792219152,2.223075186076567,0.0005983363864937,0.0004397625116176,7.867841860933141e-05,0.0005280984142437
560,46.38,0.2552381225817481,3382,45.0,-45.0,45.0,-45.0,45.0,-45.0,80445.13943409939,5627.309127311155,4974.335760073917,3079.5119007285725,2286.800861690365,2287.075118846871,0.2980861965895873,0.2715900286028802,0.3526307209618299,2.189060983235757,0.2893371392295268,47.13344876852271,6.5299614348054265,32.44892186255941,13.621859617785466,0.0027044339040614,0.002205926519726,0.000378071787459,0.002353244929551
561,62.47,0.1880334570883349,1538,45.0,-45.0,45.0,-45.0,45.0,-45.0,77748.66273951791,4929.529275516171,4648.196681705262,2686.793455544601,1805.4505528571065,1843.8557667789528,0.322366669220274,0.3185781992034898,0.3040796827715879,1.955400069630462,0.1705931796614952,24.574346727261855,3.6259671106683338,16.444690134096717,6.823215151239113,0.0016874962078066,0.0013137203375389,0.0002314111294943,0.0013574285281231
562,62.53,0.287761995866976,3405,45.0,-45.0,45.0,-45.0,45.0,-45.0,71307.76047904891,4697.100660597329,4344.390225625397,2704.5936210661253,1899.1241297561116,1827.556266229716,0.2887455712459574,0.268004382615138,0.3429509090666284,1.905112120455212,0.0933414254197012,12.518960151057412,1.8169177439108868,8.68549812952277,3.5502221833363983,0.0009509901207535,0.0006867446660976,0.000121697173677,0.0008090132224585
563,53.66,0.2031733449521861,4275,45.0,-45.0,45.0,-45.0,45.0,-45.0,88354.61874307305,5635.690911665876,5029.040155018522,2979.272377464955,2032.868716033038,2092.4812479568614,0.3007769498180635,0.3026864850802876,0.3076943510403052,1.9509912233733275,0.4730087410706004,68.60826643685684,9.824438980062416,45.98947400077105,19.457561372754043,0.0043392343160142,0.0035459297839444,0.0005781394285332,0.0038518708347437
564,51.04,0.1879148266625451,1802,45.0,-45.0,45.0,-45.0,45.0,-45.0,82187.47620900015,5687.419990378736,5670.618363887835,3065.2285141984908,2384.481589684893,2258.622862796736,0.2972862247398505,0.2945998550917865,0.3636462849525013,2.2860422970120844,0.3545953957574576,57.24690064936908,8.464692482520034,41.44950494402162,17.267227137581973,0.0036052748657406,0.0027923200091763,0.0004949003741389,0.002893237963655
565,64.69,0.2388160330602207,2915,45.0,-45.0,45.0,-45.0,45.0,-45.0,71183.44001705607,4682.789227713188,4702.207742925006,2563.5214753732785,1855.760198404656,1876.8593359839329,0.2621724828652494,0.2502949752300872,0.306266731592844,1.7913102862253116,0.1237407518252895,15.926451190076968,2.611439366398722,11.511153218293334,4.951771996493172,0.0012662945320752,0.0009902575563199,0.0001678580174786,0.0009854318811473
566,55.97,0.2063474416671228,2725,45.0,-45.0,45.0,-45.0,45.0,-45.0,70653.8539971665,4882.879098514481,4278.352224043779,2783.121566278468,1939.045681646841,1986.164001181353,0.2971733918229418,0.2947080193471844,0.305779306833806,2.0419808887415845,0.1274054308787,16.96475431294813,2.6836360662492544,11.839718566150584,5.496188389336781,0.0012934121128508,0.0009454757605432,0.0001615949409556,0.0011271329336022
567,57.26,0.2050471744352142,3237,45.0,-45.0,45.0,-45.0,45.0,-45.0,82045.76523624634,5159.627643587568,5171.8651382455455,2888.8765261805065,2168.495469370408,2116.3142843299465,0.257443495168046,0.2483002906063369,0.3472309598734844,2.3664525269111163,0.0720107649899375,10.147146595658985,1.5300203503271723,7.192362047009797,3.084548611773877,0.000688831945164,0.0005032817946681,8.544901202151585e-05,0.0005735787471842
568,61.13,0.2140272380625026,3371,45.0,-45.0,45.0,-45.0,45.0,-45.0,78420.904314207,5349.328929461673,4950.140599690958,2791.715500024437,2189.4236977686605,2143.6456860304934,0.2836212395685649,0.2666095536345622,0.3379728897249194,2.1159300905174354,0.307407922607931,44.09725858424424,6.753255955427472,31.085051493127985,13.45235844582797,0.0029983216756702,0.002331463509421,0.0004021616091557,0.0023866879916183
569,64.98,0.2729731611745356,2315,45.0,-45.0,45.0,-45.0,45.0,-45.0,62480.57806977141,4083.780967096435,3820.41897326439,2393.378600713566,1639.3172023618718,1600.8070002919824,0.2639852476819285,0.2548175581044016,0.3389339405613101,1.2814183086003847,0.3210323362230904,38.33986944911282,5.841370254020584,27.48990595501364,11.604323551523471,0.0031333497743627,0.0023480342653793,0.0004096599097651,0.0027479485691417
570,52.08,0.2468968254563118,4995,45.0,-45.0,45.0,-45.0,45.0,-45.0,73080.93306485351,5110.723423697522,4839.339774018096,2679.794182777231,1811.16306113779,1759.885862351686,0.2660737068654081,0.2433536107972868,0.350322553875907,1.9207909269212449,0.167257898546225,22.405045914329108,3.505536167021752,16.030194203502457,6.843487472377034,0.0015713307285447,0.0013365068661715,0.0002212915164062,0.001312649622395
571,49.53,0.2537072722737045,2471,45.0,-45.0,45.0,-45.0,45.0,-45.0,85378.64858168513,5489.714271791097,5130.606404207524,3340.9635084086544,2253.203583677624,2201.8942980216734,0.238716069763016,0.2665141881103893,0.3372601509012462,1.954222494035242,0.3707785441957614,52.6257496226638,8.283909041042959,39.12398266281188,15.83286599469912,0.0034294272468619,0.0024769387275146,0.0004297263187068,0.0030125556942524
572,54.37,0.2492921309355452,2970,45.0,-45.0,45.0,-45.0,45.0,-45.0,67343.68576687742,4355.313718565692,4077.2038955197904,2464.02067381474,1697.8720720762656,1743.5696972941455,0.2848310846938346,0.2642370752979875,0.3224096395573833,1.353901936157792,0.33757234757576,45.27472767559251,6.440330723242566,30.34980024056224,13.747826391452996,0.0034801092297003,0.0025731194236216,0.0004837391082836,0.003026916494404
573,47.38,0.290691059726778,4364,45.0,-45.0,45.0,-45.0,45.0,-45.0,75259.58251702147,4881.259577576375,4388.082208978398,2693.155559858523,1803.736790734553,1801.15499164473,0.2838236841676224,0.271681151025157,0.3727188581285107,1.3701776807296686,0.4101055499488754,56.8922175290603,8.361883200230055,39.90711724581509,16.17885631992864,0.0042642018999442,0.0030428500125087,0.0005396071865852,0.0035939589339126
574,56.46,0.2925509998772334,4899,45.0,-45.0,45.0,-45.0,45.0,-45.0,65426.88897593033,4206.648860437232,4024.671527354776,2465.2370191727327,1479.7400740763323,1587.1854743628971,0.2771060634852271,0.2673358966367076,0.3607508629772525,1.7631516222354928,0.1384568505882863,16.019104525556198,2.4858459236278905,11.687588362354802,5.064099057766578,0.0013520375471652,0.0010812955955395,0.0001836089818453,0.001143466999946
575,40.2,0.237131422125452,2624,45.0,-45.0,45.0,-45.0,45.0,-45.0,82597.41514173723,5381.097112702706,5156.885381146672,2890.895229316728,2031.961179100291,2154.0525276730173,0.3141390355007204,0.3045952210079022,0.3569643084220851,2.334434411560766,0.1903292314438616,28.67131337301047,3.913201879371334,18.94051005456532,8.107115954018816,0.0018288883694037,0.0013411466426596,0.000245667467405,0.0015169885166625
576,59.46,0.2760102448074545,4309,45.0,-45.0,45.0,-45.0,45.0,-45.0,65197.37715237251,4153.258420469164,4037.755612612405,2475.75181005099,1647.0215835744814,1514.2388188940213,0.2719721261517241,0.2617553758363504,0.3213938316584954,1.6130552390070223,0.1456528997251489,17.98981231978181,2.568272582844351,12.112844104761804,4.953901940273675,0.0014205133064103,0.0010365860976765,0.0001887032009649,0.0011631423542345
577,62.77,0.2186137176912677,1700,45.0,-45.0,45.0,-45.0,45.0,-45.0,70133.74312086884,4556.947904574372,4346.543231783315,2425.567841105864,1714.7113413741597,1797.507099125247,0.2731239546203922,0.2724987475761093,0.3363909730201633,1.444548395308233,0.3662974640698961,46.2685063298436,6.844793472280131,31.03744683923728,13.51354812449536,0.0036456892642265,0.0028504852698783,0.0004758209277855,0.0029512961936889
578,52.42,0.2651289221470514,4552,45.0,-45.0,45.0,-45.0,45.0,-45.0,65660.68734835544,4236.011546344495,4097.824105105261,2626.9646300148893,1636.5609728870922,1664.475580464309,0.3320621448926762,0.3153110674485954,0.3085741172823444,1.3363240223169324,0.41864327444029,49.08687761700765,7.463507826847705,35.94949505353258,15.008774609672772,0.0042045093211628,0.0029469070284581,0.00050414073575,0.0036026462049962
579,59.39,0.3185654340021497,2672,45.0,-45.0,45.0,-45.0,45.0,-45.0,77614.85942389634,5261.742897494595,4775.027564238769,3085.0779806900823,2055.344906993644,2242.4994974121296,0.2902423818632008,0.2658970462140096,0.3025132198326484,2.6480884514837806,0.0854663884489133,12.57562531253504,1.8620845836345992,9.246516696084289,4.005529407911896,0.0008203372797965,0.000639656763375,0.0001115970171239,0.0007418711795514
580,55.18,0.2384866102559524,2442,45.0,-45.0,45.0,-45.0,45.0,-45.0,68225.53155654205,4337.513298612525,4303.725863927725,2497.191396778773,1795.4502601738232,1895.22740651789,0.2962064399071245,0.2538120035450332,0.352963584916615,1.7529644634817956,0.2083420717761213,24.595525764606723,3.8289380190397417,17.227291470758136,7.6026299301277085,0.0021570595569273,0.0015943206981941,0.000264151332285,0.0017529139722356
581,45.48,0.1969000009208534,2943,45.0,-45.0,45.0,-45.0,45.0,-45.0,78029.84723858991,5292.463461059973,5229.287980806063,2986.144709719185,2216.668292932885,2159.8958990698297,0.2970762495842269,0.2618973300766446,0.3040527724167164,2.3124385280373936,0.2523477440776972,36.2478821865043,5.578557907783408,26.332515996875667,11.401446842162782,0.0026502445740342,0.0018765104025837,0.0003309054614497,0.0021564940993233
582,55.52,0.2145598008000586,2278,45.0,-45.0,45.0,-45.0,45.0,-45.0,86213.1120716165,5826.416596709038,5505.425749569412,3192.753077780615,2217.4807347461983,2251.831187833492,0.2714964099623285,0.2507040274277528,0.3510751802428292,2.578114225458964,0.3014051100516033,49.37242497591605,8.172362947182979,37.00568518178121,15.968981185664,0.0031678723428008,0.0026888424545942,0.0004461061728883,0.0027173732063828
583,58.89,0.2257106086075777,4276,45.0,-45.0,45.0,-45.0,45.0,-45.0,82446.97929529437,5714.803936822028,5382.272804326552,3174.854524316954,2246.089365577599,2127.49544654198,0.2445627567421325,0.2499529652328717,0.3081218894960447,2.3811835333181945,0.2918011137548109,47.05251866074575,6.99611933501556,32.57676848778393,13.656967011762225,0.0029441722137152,0.0022223008732617,0.0003797984097157,0.0026330271563107
584,56.48,0.2415479019757801,4643,45.0,-45.0,45.0,-45.0,45.0,-45.0,74851.95080880952,5135.002465089273,4830.464477326547,2874.311219024266,1879.1106173678115,1970.7584145354883,0.2746591169885459,0.273697534764565,0.3810391715551007,1.7881319473191928,0.358010154469892,50.22252461338104,7.409551221524645,37.59402061342456,16.066837658022326,0.0038708238125944,0.0028416167212849,0.0004887847519316,0.0031420079859182
585,43.42,0.1920518058371324,4933,45.0,-45.0,45.0,-45.0,45.0,-45.0,76746.28840468332,5054.874979716634,4646.180090773915,2972.733442523986,1883.034384682781,1886.290832208066,0.2767597249465771,0.2643841767155444,0.3503182326195312,2.0294343154643544,0.1841091700211562,26.0437429403222,3.763793322070055,18.575965666385827,7.580769056373457,0.0019138360848167,0.0013369209081082,0.0002360478161307,0.0015006079960221
586,62.59,0.2781127614466323,1897,45.0,-45.0,45.0,-45.0,45.0,-45.0,67432.2089673032,4533.992844486211,4009.4654569605855,2553.4091214362084,1706.4776819400518,1730.369344636216,0.2562378684426667,0.2383496272444949,0.3275292712579427,1.667742439238037,0.1188710655556338,14.492555100101546,2.2725021417894133,10.834252268206312,4.310273224208844,0.0012320989509811,0.0008890693536047,0.0001552641661899,0.0010128157826753
587,40.99,0.2247625632114184,4147,45.0,-45.0,45.0,-45.0,45.0,-45.0,63292.65833852709,4046.967031353316,3947.26997383312,2446.9090305751424,1593.9959135894974,1641.5168282792995,0.2548378556856318,0.2529637226074606,0.3733751269323278,1.255983792276397,0.2047628137433343,26.945668493931247,4.044445549297667,18.520113921780265,7.97847967266346,0.0021428981568738,0.0016593606611524,0.0002628681102717,0.0018024469039323
588,51.02,0.1935033821866854,4730,45.0,-45.0,45.0,-45.0,45.0,-45.0,79715.76976469815,5433.140931271856,5281.25017850526,2855.450038416141,2003.402861069525,1939.76142120176,0.2478492232926261,0.2342165742460982,0.3739013544034418,2.167315253383744,0.1285599042910487,18.67281727237329,2.848187672037553,13.162055978387512,5.516843759867784,0.0012592808760451,0.0010149380600525,0.0001640366592384,0.0010444462975362
589,49.12,0.1808751924353936,3873,45.0,-45.0,45.0,-45.0,45.0,-45.0,72257.4050768629,5031.713289675722,4632.156839770938,2752.153057063588,1934.1587683621551,1845.3300281910304,0.314545668632229,0.3092292072976321,0.320635251849223,1.681883530329815,0.3514586883469941,47.51543572533993,7.484184681533204,33.39717698206972,14.475752744382762,0.0037364441932771,0.0024567370608919,0.0004511459942632,0.0027515088189452
590,42.25,0.2401660267326647,2038,45.0,-45.0,45.0,-45.0,45.0,-45.0,70196.88355477243,4775.745462019933,4689.309943479348,2623.575601328641,1756.1333609789538,1843.876999521677,0.2564141900902095,0.2297472467572813,0.2967559376374179,1.8161570101537847,0.1292074534088828,16.82772864346185,2.4368855042951,11.50537903672564,5.142312158762969,0.0012082160715228,0.0009963163942245,0.0001647261499701,0.0009804581890244
591,48.17,0.2097618397593721,2708,45.0,-45.0,45.0,-45.0,45.0,-45.0,75109.5060633156,5175.5991970673695,4778.007964382738,2771.580889274152,2035.9294483616889,2055.713018555944,0.3053603312150596,0.2829822543014167,0.3510890139424352,2.476836035392386,0.0575582195482659,8.234426433082552,1.2141750645379992,5.557669173184826,2.335789503839895,0.0005873993779576,0.0004352762359505,7.610903728248275e-05,0.0005097559702542
592,44.39,0.2363987290267139,3201,45.0,-45.0,45.0,-45.0,45.0,-45.0,66588.37349486421,4137.510212686296,4019.773539144693,2336.0210981338323,1698.233880765634,1843.27997424189,0.296080696193937,0.2919933106910291,0.3523970964301327,1.3604301078882413,0.2501488047911651,30.9064513183676,4.119164080845271,20.30457092197747,8.803764052098202,0.0025667789136146,0.0017540066100057,0.0003367526613549,0.0020455542688824
593,59.66,0.2752524204987615,2041,45.0,-45.0,45.0,-45.0,45.0,-45.0,69485.36230818732,4498.170757097886,4379.188742005095,2574.0380585080657,1903.2851948795023,1836.534107092182,0.2649502908834494,0.2588974192837309,0.3272393788886318,1.7082779614401762,0.1521212525666329,20.221496477770916,3.070770737449267,13.74627762287649,5.838325408890518,0.0015137513738121,0.0011175310338216,0.0001999736409052,0.0013784674016366
594,53.27,0.2310519920566519,2998,45.0,-45.0,45.0,-45.0,45.0,-45.0,75679.83363517003,5074.387230622592,4598.527766658122,2738.055904555581,2021.1047693955932,1933.993990058024,0.2595868206924151,0.2342989376875135,0.3639099988141455,2.0047841986838604,0.0884353085432533,13.191870802724894,1.845464263108936,8.892983622688059,4.139091791608655,0.0009046675255072,0.0006611172554624,0.0001207021108329,0.0007548322026597
595,60.76,0.2912882575180331,2616,45.0,-45.0,45.0,-45.0,45.0,-45.0,84932.21990688801,5499.643307647904,4903.724210581448,3198.087465326505,2059.908587551176,2045.0358108255664,0.2731693141437797,0.2589345957141835,0.3565509492698953,2.3738504206769324,0.2757926932553071,40.67926862266033,6.198784347072773,25.987532087164,13.029264065283035,0.0027365797199405,0.0018723682098943,0.000329211031851,0.0022050900303013
596,62.85,0.1870327581539443,2552,45.0,-45.0,45.0,-45.0,45.0,-45.0,76015.14013105462,5505.577902741235,4734.126917590088,2885.20107564842,2004.7763020074287,1958.860718268214,0.3181342082115193,0.3074288209677902,0.3896650625709311,2.267457703311768,0.268146166157275,39.34457506460681,5.89597269983654,26.37274129425441,11.67775790154965,0.0027794164659878,0.0019992019813907,0.0003607664130313,0.002239264868521
597,64.18,0.2402547004069013,3473,45.0,-45.0,45.0,-45.0,45.0,-45.0,83278.90163069507,5405.81994408511,5332.944513312658,2979.989942322127,1977.2910363630651,1893.960363235231,0.3143939909635227,0.3080189949611394,0.2941833186344691,2.2490048545522305,0.1044433188917234,16.29128814851961,2.376099279648052,11.20507060701034,4.623116507525461,0.0010688602246262,0.0008347491966447,0.0001437645959415,0.0008990994221724
598,58.66,0.2411290341226404,2708,45.0,-45.0,45.0,-45.0,45.0,-45.0,73164.86068606918,4952.553032551286,4749.301995230934,2816.4504505533646,1979.29515737162,1876.224946444515,0.295688313021658,0.3089482127829038,0.3264975318714165,2.0611832972813424,0.2111845591234665,28.705485630246407,4.221917973267077,20.103007035516647,9.17079505401799,0.0020348117799702,0.0015285845423403,0.0002668887654749,0.0018241100894783
599,60.11,0.2182945852803647,2887,45.0,-45.0,45.0,-45.0,45.0,-45.0,80542.33809990717,5616.512228814955,4865.224235356336,2940.749108137474,2186.3795113983742,2137.7858106559825,0.2855183338383808,0.2556693367153605,0.3618528963555607,2.0316589642303877,0.3421021854369109,51.91472908940797,7.45656617385301,34.91631753265913,15.415270899385606,0.0033168541828942,0.002538636526808,0.000430734568742,0.0025812049701898
600,64.07,0.2832977653962834,3418,45.0,-45.0,45.0,-45.0,45.0,-45.0,71915.73356867337,4827.232552281911,4678.084637147258,2523.063583135078,1824.5421637199909,1814.345345540508,0.2721319981062056,0.2856344491032046,0.3169440685197269,1.702259616860606,0.5022612483229624,61.20072303988445,9.253825386273688,45.91354414657385,19.40863747696807,0.0048984955141456,0.003852114280137,0.0006068452510899,0.0041084380189741
601,58.85,0.2238146085224967,2076,45.0,-45.0,45.0,-45.0,45.0,-45.0,87034.73571008508,5749.359221818739,5174.059530486045,3217.9510182875297,2388.8869805892955,2272.2103353104358,0.2624713603398691,0.2726586781878662,0.371523557315378,1.978743213274843,0.4501819604825451,68.42631147608135,10.63393404990841,48.262294076978456,20.600990918190945,0.0046455652495473,0.0032753795814954,0.0005505071697171,0.0037283994330987
602,61.5,0.2141087332402473,2424,45.0,-45.0,45.0,-45.0,45.0,-45.0,65482.17127117571,4580.1526823961885,4530.910385162576,2501.798714092187,1724.755447467306,1662.2138726830017,0.2625001496781593,0.2544965629985163,0.3581838289890123,1.5377908947012628,0.1306899080257891,16.285542456549976,2.3056437610653435,11.47174224619384,4.834160421938716,0.0012369850300787,0.0009272504616588,0.0001646942540813,0.0010040987693403
603,56.86,0.2053514621814558,4466,45.0,-45.0,45.0,-45.0,45.0,-45.0,86198.23458683718,5385.8158874141445,5331.7949930305285,3294.87389164364,2124.0426655420906,2207.2419736620745,0.2718495122387884,0.2607219782192924,0.3499950779706931,2.363820987893168,0.327446708449968,53.16341832216979,8.391400747482635,37.71295248845633,18.337059073458324,0.0033259952305896,0.0025236214559437,0.0004477980015215,0.0028273351495803
604,64.18,0.1803095145389452,3127,45.0,-45.0,45.0,-45.0,45.0,-45.0,86305.15844431787,5598.611168470765,5375.494494481887,3087.4340225123865,2324.7274679823418,2276.074165100177,0.2495765159137886,0.2337101869329455,0.3663397766676199,2.573004445997525,0.3745690792716376,59.60937554476817,8.949161281285194,41.20370199724762,19.11632406805333,0.0035266556300823,0.0027254617317417,0.0004985552892913,0.0030285059370387
605,53.93,0.2133991483571897,4795,45.0,-45.0,45.0,-45.0,45.0,-45.0,73001.97369417091,4931.029890888334,4939.96974720171,2837.9419622829228,1925.767695826763,1958.071304160888,0.298142888192848,0.2946384784778001,0.3294447110838211,1.9595846741133895,0.1286142845783461,18.24300936404894,2.57397583140038,12.803753017046889,5.409077621315758,0.0012496466592187,0.0009566672022019,0.0001646038997477,0.0010808646134351
606,59.77,0.1814158151301179,1869,45.0,-45.0,45.0,-45.0,45.0,-45.0,72039.86887914529,4864.90877470751,4616.249386895953,2700.869300765857,1968.6610957623395,1967.0988498593929,0.2415403226281362,0.2409344393405509,0.3556212178993762,1.8923114506759509,0.1934514944261424,27.4139968539024,4.207699954452039,19.068813210482144,8.196409066877523,0.0019524106712953,0.001548158689777,0.0002634378381209,0.001566918000036
607,46.61,0.2497078857472051,1557,45.0,-45.0,45.0,-45.0,45.0,-45.0,74911.80252781717,5093.614577725956,4784.794689306567,2923.1916979265097,1943.777135680164,1948.587588140286,0.2659106528475429,0.2550901164620361,0.3298784212167766,1.7437815244658676,0.2980623948200434,43.071281012685446,6.354526753713827,30.81681054498168,13.647006519176529,0.0030899911248053,0.0022022550060826,0.0004026478298224,0.0024622206676547
608,51.37,0.1827606468290554,2006,45.0,-45.0,45.0,-45.0,45.0,-45.0,78100.54069245752,4871.131694579045,4557.960202258902,2958.320237196492,1979.627708487067,1917.4372017494657,0.2590783288706219,0.2465438139077779,0.3638707500786133,1.7633516470640964,0.3178366202223157,44.76166102865137,6.070736107693991,32.0608098302648,12.960088695285249,0.0029232127063698,0.0023613848391611,0.0003997958487129,0.0026605525802535
609,58.73,0.2127930746858626,4255,45.0,-45.0,45.0,-45.0,45.0,-45.0,87553.44439109154,4899.102733983894,4553.445397418889,2962.0528096344938,2102.0464640449586,2104.7016141173744,0.3217206530849248,0.2948248065434529,0.345310871301433,2.2091218453830237,0.2743288481169786,40.41303433240845,6.323109548614662,28.144262909980068,12.671729864207387,0.0029206134939047,0.0019762663996933,0.0003421548692266,0.0023346242635279
610,54.61,0.2124217866716385,2573,45.0,-45.0,45.0,-45.0,45.0,-45.0,68015.66657750298,4609.254574830375,4232.689985408056,2832.5068858979603,1981.4662372779185,1882.819318308251,0.2397760213885934,0.247852899514963,0.2949098389717386,1.3178047710088452,0.4717164917676154,58.4984850867696,8.897363421682723,43.180709193977314,19.115534348109065,0.0046035048686682,0.0031762271634591,0.000655044283059,0.0039370599710248
611,55.96,0.2872079684685825,4868,45.0,-45.0,45.0,-45.0,45.0,-45.0,63591.22120735449,4548.879930744082,4427.340903298106,2228.0134478476843,1585.5292942428655,1634.8988909412906,0.2594343460143735,0.2271950012152895,0.3170994980358038,1.1906698506423132,0.5035191676228207,60.23375180263738,9.281873449878107,42.28512798087103,18.3122642847938,0.0048818175526506,0.003798170485267,0.0006705141779377,0.0038672319577911
612,42.71,0.258886037246691,3021,45.0,-45.0,45.0,-45.0,45.0,-45.0,75536.98666123777,4606.447032029108,4112.053468046498,2656.585980009624,1843.002668685207,1987.0184582030167,0.2805701774360722,0.2867744427901137,0.30787739248951,1.7586787718393972,0.1784345436029319,23.71991190484129,3.400211581743286,16.30143331101323,6.804587119170933,0.0016338602001871,0.0013234749187141,0.0002308368321969,0.0014683988252144
613,51.79,0.2726207272128704,2457,45.0,-45.0,45.0,-45.0,45.0,-45.0,72873.12687853978,5105.120422823574,5192.170350349825,2683.3987706167604,1923.3701368453487,1886.1733642014303,0.2417072927699385,0.2344551737140652,0.3925079678438498,1.6075300091147724,0.4632763035561612,65.11437676185956,9.444951641693232,43.93409504439533,19.59213834662229,0.0045999701800607,0.003469544847828,0.0006293241155237,0.0037106657732046
614,62.11,0.2790603964351859,4037,45.0,-45.0,45.0,-45.0,45.0,-45.0,67972.0615905875,4302.601881496153,4124.042166307416,2486.506047005965,1708.6486499268317,1663.0961167675437,0.3153486415133674,0.3016989511549529,0.322384390725855,1.7818443525742147,0.1656433783995975,21.241962493908765,3.111996251666733,13.418263656709078,6.133778156488676,0.0017047981886045,0.0012196332534435,0.0001998112208545,0.0014096299102401
615,48.2,0.2141235328802942,3799,45.0,-45.0,45.0,-45.0,45.0,-45.0,68848.10850252706,4774.472840833886,4319.727977355068,2547.060686626622,1668.6880570042197,1724.7638677963455,0.2625271079937276,0.2580204839226716,0.3560194346703616,1.5771156795448027,0.1272314707104882,16.413665747059184,2.208001035477357,11.080597479938568,5.134741981533149,0.0012159589725718,0.0009276036554925,0.0001716015148554,0.0010600452611112
616,45.53,0.2412303274224663,3998,45.0,-45.0,45.0,-45.0,45.0,-45.0,65776.7256399977,4248.986497678978,4119.782048827296,2376.498905948741,1553.9532235647828,1666.3067088473751,0.2465655741464137,0.2359658886497395,0.2875983100693005,1.202570951358716,0.3697091325582991,46.107647148441245,6.5518293583587965,30.49095631243295,13.79467758256584,0.0040701677930002,0.0027965687648041,0.0005075953411197,0.003296366934148
617,55.89,0.2954457671423848,1758,45.0,-45.0,45.0,-45.0,45.0,-45.0,86771.27615479876,5482.983241255284,4878.884051940733,2928.3038956174846,2093.714305291941,2170.622244316887,0.324834839433176,0.3048549471022119,0.3296579299543107,2.172791809414379,0.372252600780843,54.93267897843305,8.324516726440846,39.21752599112694,17.12717342657162,0.0037066770378722,0.0027358442301672,0.0004681200068581,0.0030050907620398
618,62.73,0.2739939014193792,3401,45.0,-45.0,45.0,-45.0,45.0,-45.0,75915.36632044389,4635.485477007454,4556.947318161422,2733.7712578582555,1830.5298397494032,1822.7410642542527,0.2900598722603773,0.3032393083911545,0.3665868757677018,1.7550857991349376,0.3393808701622655,45.84934342290016,7.321519015179335,35.214997561501434,14.326789572112691,0.003786154884664,0.0025665639425737,0.0004566863500843,0.0031080647380642
619,56.23,0.2557977171403295,2737,45.0,-45.0,45.0,-45.0,45.0,-45.0,80016.52310523337,4924.438762310224,4480.988699575277,2809.7076786807274,1877.636607040417,2015.6949502440164,0.3114372722619458,0.2956299223955729,0.3466192913637868,1.6272702828516463,0.4678399838581943,58.18005597818585,9.529991393022993,43.61031336080904,18.398217543689483,0.0043787720669186,0.0031901287584255,0.0005747728062099,0.0037428826173262
620,43.49,0.2497078857472051,1977,45.0,-45.0,45.0,-45.0,45.0,-45.0,74911.80252781717,5093.614577725956,4784.794689306567,2923.1916979265097,1943.777135680164,1948.587588140286,0.2659106528475429,0.2550901164620361,0.3298784212167766,1.7437815244658676,0.2980623948200434,43.071281012685446,6.354526753713827,30.81681054498168,13.647006519176529,0.0030899911248053,0.0022022550060826,0.0004026478298224,0.0024622206676547
621,47.61,0.1988317455397339,1652,45.0,-45.0,45.0,-45.0,45.0,-45.0,85424.2057363383,5704.817978442338,5580.146523597263,3138.788042913639,2171.386438497966,2304.3008494589108,0.2416301843296295,0.2406886464013956,0.3506514683426829,2.075349203174621,0.4099743899532995,62.25017615344003,9.659893695163143,45.14450398902567,18.915691198727743,0.0038480243364931,0.0029763343925013,0.0005167504621163,0.0032885847213622
622,42.9,0.2348132165295824,3517,45.0,-45.0,45.0,-45.0,45.0,-45.0,85613.99155427488,5950.78965483484,5141.909126108843,3422.1770742179,2312.4174439719823,2382.718918930153,0.2587247939768349,0.2410838573039041,0.3138442624305465,2.570862763787686,0.1683263387852015,26.9596366632668,4.271454985826054,19.3890107870017,8.295324645917722,0.0017588433781961,0.0012593498669168,0.0002299721546704,0.0015012430270277
623,62.18,0.2834800368470261,2461,45.0,-45.0,45.0,-45.0,45.0,-45.0,73881.45850939036,4812.769735935489,4637.944927901009,2790.552546297541,1763.354816642727,1907.6541321196023,0.2892594213826208,0.2643121272258367,0.3850563026963447,1.348609345793636,0.4262938082262583,55.4598837373938,8.282084114616241,38.55975679499264,16.72437885413846,0.0040554923368271,0.0031595782165482,0.0005262912096798,0.003531344781592
624,49.72,0.2604637254727655,2055,45.0,-45.0,45.0,-45.0,45.0,-45.0,79637.17887582275,5471.623877819528,5341.340086420406,3242.287906034719,2257.3389801556345,2209.4044015768072,0.2817623048859174,0.2661778999570373,0.3480343961443145,2.2509748845036683,0.1134438798112484,17.529199332328538,2.561596062348728,11.850563861120332,5.225811385353959,0.0011488036199531,0.0008751269698356,0.0001531073375812,0.0009675789054854
625,56.76,0.1955876650451257,3019,45.0,-45.0,45.0,-45.0,45.0,-45.0,70097.55399534154,4725.649907918793,4703.999496360916,2602.758527728688,1792.8851210698297,1886.0398989130451,0.2856444945955931,0.2662877016869457,0.3591914062726029,1.768209675093079,0.0935390436053859,12.404776562855366,1.957821957659264,8.613171051280677,3.552016945136821,0.0009956611597484,0.0007408749444149,0.0001279251404736,0.0007453297888255
626,57.41,0.2783201362150841,4543,45.0,-45.0,45.0,-45.0,45.0,-45.0,78963.95359524529,5307.716492640135,4791.918313972684,2763.356107596909,2001.933321933572,1953.5888373864143,0.3056486802121256,0.3084137811883491,0.3264459747050451,2.3322206462460966,0.1146208814331014,15.587820100963745,2.345549916829121,10.36433489875932,4.910525222316998,0.0010814870943749,0.0007968883098718,0.0001318345011775,0.0009066438924994
627,50.48,0.2551738768668313,3712,45.0,-45.0,45.0,-45.0,45.0,-45.0,83043.22973242839,5581.29727460585,5360.438221277096,3052.7487654603333,2062.824194657121,2042.1541068064605,0.3106889225673009,0.2935216922735367,0.372851220753873,2.3353732792509354,0.155458038245815,25.145191726358476,3.7389248706031832,16.139151824341845,6.992116824420021,0.0014994465737625,0.0011814560343482,0.0002094368090441,0.0013238321791235
628,58.16,0.2542808879474496,4540,45.0,-45.0,45.0,-45.0,45.0,-45.0,79633.18027578051,4867.207472293374,4791.658679400968,2794.00830038611,1775.9543516403687,1838.57706926738,0.3022793483656214,0.3116247400607514,0.3272292508967428,1.808164466628963,0.2914209191021735,41.18814647643365,6.371811789645437,28.61466808756356,12.986099005058769,0.0030325031578149,0.0023639062356996,0.000407608966036,0.0025466885506649
629,56.37,0.214588034725947,3199,45.0,-45.0,45.0,-45.0,45.0,-45.0,85316.54496616176,6085.453323171786,5183.353385380725,3092.8460753581808,2162.0181204769874,2245.483714329232,0.2448074615194447,0.2348559727370683,0.3856916070116135,2.350256518576229,0.2179642076057256,35.066113510606776,5.309003173431287,25.427126142884237,10.799924795486596,0.0020475941162865,0.0016904141038451,0.0003001574405411,0.001799426616346
630,52.23,0.278714255594203,4914,45.0,-45.0,45.0,-45.0,45.0,-45.0,60940.33015204636,4484.801065262208,4162.558842397847,2482.5387181937563,1699.7114961255338,1702.4737734730588,0.301876637729376,0.2731839307212585,0.3836260514967856,1.6812295835652733,0.0973571794370918,11.473134479931543,1.7119604899848364,8.560962782510284,3.7326720868499232,0.0010078145392999,0.000744221562607,0.0001397736534412,0.000829009705102
631,63.48,0.2425794328893663,3171,45.0,-45.0,45.0,-45.0,45.0,-45.0,60505.84744350253,4014.587647232254,3660.774419413709,2343.9739392923275,1605.6852272761855,1666.6093028872988,0.2380149834576214,0.2406425453017834,0.349719771532809,1.3528891368647689,0.2472733745062862,26.06438731782103,3.9266284535088554,17.33187937948229,7.977681585959719,0.0023584677283922,0.0017286838021406,0.0003013255728275,0.0019140683022537
632,40.82,0.2625399150501386,2645,45.0,-45.0,45.0,-45.0,45.0,-45.0,86722.87499612733,5357.331065475249,5289.368896425074,2900.385436737112,2011.2561940107244,1962.213617876536,0.2787914874983521,0.2873754939992561,0.3460225438097639,2.4010949864457256,0.2092453770595507,31.567177642374155,4.605738592963102,20.89504745058552,8.97406495098223,0.0019974581582451,0.0014925122767553,0.0002597512963799,0.0016877974835615
633,45.43,0.1891973311555819,3017,45.0,-45.0,45.0,-45.0,45.0,-45.0,65128.37653676606,4027.295749070346,3865.675055995716,2417.027728644814,1695.8469218461803,1682.6901382777228,0.3281423079863962,0.299989627181876,0.3590931986207591,1.2138582219129843,0.5410384459281282,60.00843335289034,8.924740887546298,41.22830250816335,17.660583987670936,0.0051747577866728,0.0036749430653367,0.0006541095745448,0.0043542758975693
634,63.76,0.1997496507934981,3321,45.0,-45.0,45.0,-45.0,45.0,-45.0,64518.11199619075,4029.7349341531312,3670.859034371561,2515.336878187554,1737.6223613546808,1702.3572755470248,0.2561129785083543,0.2647363971725695,0.3559323001867968,1.4940592715073426,0.0889491510561601,10.3518768780541,1.5190156123798009,7.48967371790235,3.0569615998918054,0.0009051354843556,0.0006714402730714,0.000114905337725,0.0008079561611756
635,42.48,0.2302635621781931,2985,45.0,-45.0,45.0,-45.0,45.0,-45.0,86757.69110129183,5905.480290701505,5718.422900997843,3006.967079960691,2240.592350213936,2166.556162648042,0.2429228918880285,0.2428708127799907,0.3287343899996265,2.521427973249837,0.2920855621844868,49.2904477511234,6.769455208838907,33.61019497521884,13.828290744112524,0.0029410444610022,0.0021729640558127,0.0003703890225493,0.002415826219091
636,49.18,0.1893048054816196,4308,45.0,-45.0,45.0,-45.0,45.0,-45.0,68494.91068320548,4871.811877552623,4676.0672070376695,2436.763602049853,1864.93658596496,1795.8162094627464,0.2452939754147543,0.2297979299418613,0.386692676667855,1.45289164039583,0.4364202357626011,52.09114685456133,7.944910228115791,38.30816019495768,16.361559180435986,0.004002988267647,0.003245798316039,0.0005427603106951,0.0034291536642101
637,48.97,0.2180023329735637,4141,45.0,-45.0,45.0,-45.0,45.0,-45.0,60521.05615439569,4059.32841342982,3963.7507788682906,2373.398525322668,1637.3734447774002,1722.3421626934628,0.2463238946578698,0.2340801639512345,0.3726429203565008,1.3077679124634038,0.4843430650181727,56.390753359007626,7.978595639197802,40.220343081786034,16.414040790331857,0.004957602379679,0.0037415512604145,0.0006066032035598,0.0043305083702725
638,46.9,0.2399469822446574,3130,45.0,-45.0,45.0,-45.0,45.0,-45.0,72966.50662781288,4948.330620346554,4557.69576601778,2942.6648902199317,1884.0489536971843,1915.0344340722663,0.2724800632775087,0.2420655839018618,0.3096336254780633,2.209799127010096,0.2693548261032804,37.53921540180346,5.435280572945419,24.778708901012045,11.032239355620924,0.0025873057008707,0.001873631307464,0.0003477731990654,0.0022580475529604
639,63.73,0.1887204145965516,2000,45.0,-45.0,45.0,-45.0,45.0,-45.0,80698.7617061686,5036.87074914914,5043.514131275687,2806.544065691402,2114.2649389993626,2151.1954114208334,0.2769243985438961,0.2632987235209561,0.3328313740173473,1.7658755436338138,0.4328989269507519,61.84027748627288,9.416390933987206,45.84542767283781,19.102070002610446,0.0045663897598169,0.0034467736965453,0.0005435334769,0.0035266729116083
640,51.37,0.2092554448611195,4875,45.0,-45.0,45.0,-45.0,45.0,-45.0,74573.24672421941,5157.37058051951,5190.187339026295,2947.489877998523,2055.254243588884,1967.2505287610552,0.2542760253391679,0.253117489177745,0.3396107454582042,2.065746530553574,0.0893826657136543,13.196804598416485,1.911899980767494,9.26233245500928,3.782337665658418,0.0008871190583109,0.0006556361829751,0.0001177268805429,0.0007763592240681
641,45.3,0.1983177848172712,4214,45.0,-45.0,45.0,-45.0,45.0,-45.0,73709.93056655624,5240.887175875204,4661.713545642576,2771.214872680372,1959.955213145046,1846.009641811519,0.2574813251489076,0.2530282395319646,0.3602055042075832,2.172014459625782,0.0950358034814383,13.29453505666618,1.9657416233890896,9.098106128245634,3.858492990139767,0.000917449810183,0.0006993452671503,0.0001270555400491,0.0007603957934204
642,54.93,0.2549048874721334,4119,45.0,-45.0,45.0,-45.0,45.0,-45.0,63860.11372483893,4295.816863650364,4398.829384933057,2231.625637394675,1812.7383921714447,1710.2953456871917,0.2480950608512926,0.23764331143609,0.3080996949160416,1.239207569260747,0.3679063390945332,50.9662393291761,6.91887890912526,32.478389285970216,14.074162876859043,0.0036430655896707,0.0031218953813467,0.0005539236475348,0.0031550858511784
643,41.26,0.2908699839291812,1587,45.0,-45.0,45.0,-45.0,45.0,-45.0,72104.60395900435,4725.246017721147,4590.97383681445,2755.688077590992,1889.9648691641812,1941.1208759956992,0.2441656506253321,0.2268627517800121,0.3778340112044563,1.88120798141605,0.3259813066114897,45.51625750409825,7.11052444747339,32.04532992203835,13.645679582115754,0.0033749146223101,0.0026636882779206,0.0004467146824434,0.0029200120783784
644,46.09,0.1934497930000003,2866,45.0,-45.0,45.0,-45.0,45.0,-45.0,82988.31239855416,5725.583608435775,5222.980931083812,3300.5216670775835,2144.894796783214,2329.7194495829604,0.2616091454579751,0.2436519778774759,0.2956956801012201,2.197611318843167,0.1644226031416883,24.650774992812924,3.570195999775906,17.521944850238935,7.1413317381567,0.0016093641138403,0.0011752681437189,0.0001972935145985,0.0013115867234157
645,59.67,0.2680391347144044,2015,45.0,-45.0,45.0,-45.0,45.0,-45.0,82590.6296706961,5383.431774308502,5380.53526110817,3382.612763867484,2212.1260047583064,2175.01840310087,0.2576762116671986,0.2450344753945442,0.3159248127564674,2.296610104808736,0.2148115450151191,34.75524875237439,5.272496207506322,23.69936925718892,10.013713401625926,0.0022630288425549,0.0015142656678779,0.0002839932126751,0.0018179639048914
646,41.72,0.2619974634722692,2340,45.0,-45.0,45.0,-45.0,45.0,-45.0,85909.09052856128,5417.363240506787,5239.816230589501,3048.466204635109,1995.3726916882235,2001.9852017410883,0.2940650223808471,0.2875756538116457,0.3298807614686601,2.401191170204921,0.0534886316271615,7.869141622201527,1.271088900070073,5.780458712321474,2.392157464936264,0.0005481120839475,0.0003826967657746,7.206779885935535e-05,0.0004358009987895
647,53.86,0.2776415132201377,4634,45.0,-45.0,45.0,-45.0,45.0,-45.0,86599.38798293674,5840.130525296437,5327.975573745763,3122.037570948492,2044.1356993145384,2115.3187910216816,0.2963795504834508,0.2784768204683154,0.3402967739359372,2.068395243749979,0.433063334550019,68.28117565466749,10.745692449150212,46.18571494764858,19.076140975675617,0.0042805644755491,0.003193836139632,0.0005601460825142,0.0033814051430982
648,45.4,0.1811709217087295,3901,45.0,-45.0,45.0,-45.0,45.0,-45.0,62786.22679000688,4302.095209868378,3989.400808009338,2415.357598474009,1638.4204177527884,1595.1330064607791,0.2944062835789149,0.2989289727536042,0.3241591934243055,1.074010299467668,0.4320367183061722,48.74527853789008,7.607638350531627,35.16176999608764,15.711376937116825,0.0039853855856123,0.0032164877850122,0.0005734147718528,0.0035451351716158
649,48.21,0.2474224263275457,2454,45.0,-45.0,45.0,-45.0,45.0,-45.0,59837.23799965053,3754.139330176445,3685.484497998536,2325.4207405900715,1586.0938347451606,1639.3076812094348,0.2854556629583183,0.2673145029396157,0.3625215640037589,1.5142749871286885,0.0772975171366983,8.800410385810643,1.3198060113393937,5.985013773468064,2.640002858748431,0.0007841872593192,0.00059281798869,9.923263748436204e-05,0.000666776367955
650,59.72,0.2584333170091819,2104,45.0,-45.0,45.0,-45.0,45.0,-45.0,86534.15397692642,5569.972456549183,5011.519599074169,3160.584770853887,2147.379540173014,2116.2889559902223,0.3031484063280516,0.2893545754019201,0.3576944960088317,2.739992118047031,0.1156219724978469,16.414897687142624,2.589614343220191,12.999810404177191,5.173309910308102,0.0011846326799319,0.0008656248701507,0.000143540772726,0.000935885704978
651,40.07,0.222050967887953,3941,45.0,-45.0,45.0,-45.0,45.0,-45.0,65479.9932073656,4781.364522157457,4164.866666964374,2522.582092834201,1626.8160282564145,1747.7611545768282,0.3032950741701496,0.293120769707006,0.3666434291430087,1.240273658292618,0.4587071015430342,58.93214077138382,8.24760178991444,38.656792017990185,17.43001426967594,0.004438625827343,0.0031967700462585,0.0006200368990827,0.0036132649761613
652,64.69,0.2503244505855033,2092,45.0,-45.0,45.0,-45.0,45.0,-45.0,61628.75883865016,3917.0448838335296,3703.0880177803074,2288.694526689781,1562.986267156462,1567.8615039834697,0.30295935205922,0.2746624176368095,0.3324815991195793,1.5096947087784185,0.1385711935409606,15.185076884782926,2.3051849711167205,10.608896372553556,4.410184134422528,0.0012914973632166,0.0010163025677265,0.0001761921354712,0.0011664735441132
653,46.27,0.2512728479214548,3712,45.0,-45.0,45.0,-45.0,45.0,-45.0,71490.98024359047,4538.073341982043,4177.0645215329705,2574.252224568271,1846.9378729591792,1777.599836599139,0.2801148356994749,0.286130991815835,0.3467990554112495,1.6614342667158877,0.2658048327774093,32.76000083795156,5.04919565527871,23.1999677629332,10.05699968910682,0.0026818768483096,0.0019003023809367,0.0003420976909511,0.0022232625259779
654,42.75,0.2820871299799663,2214,45.0,-45.0,45.0,-45.0,45.0,-45.0,79359.00753830209,5447.755270428112,4910.415596056945,2701.6626165004595,1963.7070667613807,1945.110528245326,0.3047825357759136,0.2906310199918852,0.3052515561207239,2.3488193431985582,0.1088056877122315,16.070657956551212,2.4025734260865663,10.9012216315053,4.651297176427256,0.0010742318238032,0.0007944711806975,0.0001383219264605,0.0008891594167003
655,43.3,0.2133551310254009,1605,45.0,-45.0,45.0,-45.0,45.0,-45.0,67807.92695195523,4753.420137795812,4350.858213633052,2612.1790046849665,1710.6212159040124,1708.6851373912784,0.2911287000057618,0.2903835329960468,0.3061845430614852,1.2002609592063491,0.494545558774382,62.4583542362379,9.856855829641662,44.32740164161076,19.14426914363293,0.0049815916505988,0.0037315510232418,0.0006919891549477,0.0040963643578448
656,59.75,0.2678207468986247,2967,45.0,-45.0,45.0,-45.0,45.0,-45.0,67553.75672808083,4126.417390957679,3945.292711202077,2333.8970042532096,1739.8284604105802,1586.810590810913,0.2927404551461044,0.2925671261239059,0.3366910781038048,1.3303032096612888,0.4850910471600091,54.97198554335161,8.836154712831078,39.45400109008786,17.112934500209207,0.0046036553359746,0.0035273001446712,0.0005940307470596,0.0038419680921322
657,54.72,0.2195386582157876,2474,45.0,-45.0,45.0,-45.0,45.0,-45.0,63666.69805393832,4331.0488484967145,4003.9591055937935,2532.976619444156,1601.0388196671151,1657.1061380041097,0.2976160921626721,0.2898373469223358,0.371660573933991,1.338187881709447,0.268458378053888,30.806068141136517,4.991232722007821,21.687690140066135,9.119773234376703,0.0026438406128234,0.0019853629210945,0.0003343069470497,0.0023420266682988
658,44.36,0.1843271494045903,1564,45.0,-45.0,45.0,-45.0,45.0,-45.0,73079.30871562556,4383.221206899524,4618.931561022599,2394.854615785197,1724.2773212335294,1762.2476913436292,0.2508039090232862,0.2259647165070629,0.298101394974593,1.6623112193124914,0.2614757207580574,31.76986742399117,4.652717466129465,23.75223079295929,9.918931819623516,0.0024295999422289,0.0020011183797958,0.0003256617662665,0.0021434966419133
659,43.17,0.2732730227695164,1714,45.0,-45.0,45.0,-45.0,45.0,-45.0,83101.08592748936,5324.301018803472,4825.50539039766,2865.5704603895497,1978.3972277378064,2146.8223705393334,0.2796896196812687,0.2688982476766092,0.3367520100703214,1.9034720587520908,0.3258026139502876,47.54419115193848,6.722405944708921,33.62150430126113,14.635917061683203,0.0032435849609593,0.0026176734151941,0.0004305270222797,0.0026715858451868
660,53.15,0.2039581487769108,3224,45.0,-45.0,45.0,-45.0,45.0,-45.0,82535.7279898923,5618.313357660602,5539.159016168365,3304.669144821297,2196.2873036535734,2255.5031590429417,0.2688615103015701,0.2674457610436536,0.3417255592087011,2.403747589439488,0.3496562195760262,53.98368554768361,8.14009652786162,38.45563496797323,16.382583302370964,0.0035304216196716,0.002446559977823,0.0004656530649039,0.0027301941403957
661,41.59,0.2743825280973103,4554,45.0,-45.0,45.0,-45.0,45.0,-45.0,81769.02023844994,5045.152935328771,5104.895803787056,2916.8498617230134,1977.849336058252,2006.996132455872,0.2936560730827929,0.2819897028004724,0.3233096294651348,1.5913938182033118,0.3824852227036974,57.74381899948388,8.178578847230598,41.86101117982486,17.66006713676684,0.0040562791282899,0.0028303941430746,0.0005346713042142,0.0032491366713428
662,59.45,0.2398567622461156,3336,45.0,-45.0,45.0,-45.0,45.0,-45.0,86438.27223517431,6219.3842459721645,5457.276411267765,3029.0287130298148,2130.6227273670065,2232.1404878096987,0.2692945394450644,0.2732120065802421,0.3279761463218992,2.508855987903025,0.1695805641816684,27.166973318150077,4.36565510341822,19.354964760053203,7.7722964387037266,0.0017604228516853,0.0013436737767971,0.0002275960952368,0.0013977464258324
663,54.84,0.2453759228435245,3602,45.0,-45.0,45.0,-45.0,45.0,-45.0,79153.43383597273,4725.837185284706,4550.981239329039,2894.021149817354,2072.10528809346,1974.8242228301904,0.2575943310327874,0.2548474755933487,0.2943501577711043,2.0405332761062915,0.1675214784519763,24.600745166450167,3.539856477084288,16.637560821285874,7.1074052978999145,0.0017863093071219,0.0012157325954876,0.0002087746443077,0.0015366745080848
664,52.6,0.2281291211873675,3351,45.0,-45.0,45.0,-45.0,45.0,-45.0,70934.72112705032,5063.555069041287,4269.714165011089,2503.9582778899853,1907.34654909024,1927.538842375767,0.3193946573945989,0.3140369064050227,0.3746225892002125,1.582831471881399,0.4290247898628898,61.57491956099126,9.153128372126194,41.263570532205776,19.19563763693989,0.0044106570350203,0.003339648306104,0.0006051749552839,0.0038943532049174
665,41.08,0.2315238412533916,4019,45.0,-45.0,45.0,-45.0,45.0,-45.0,60789.79459912548,4432.0759169315525,4120.361477773759,2431.398417954676,1749.2632850464197,1730.7987388290214,0.238982259697939,0.2255423060708373,0.3003189353203603,1.4191956345407188,0.0754095733966543,9.412811985862986,1.4161972910845804,6.188621844095139,2.984800394155178,0.0007690696636925,0.0005865695587527,0.0001091984577422,0.0006608272134334
666,62.72,0.2499210587307149,4708,45.0,-45.0,45.0,-45.0,45.0,-45.0,77644.96751387771,5366.300716673013,4922.116163437159,2951.895738938415,2095.142274532056,1997.571202363728,0.2909019401243648,0.2735361164929716,0.3869888746615046,1.9881849030157288,0.3075534472812622,43.43571649325944,6.60173386015513,30.848486355306516,13.325025335433857,0.0030476089623905,0.0023009697489806,0.000386368054498,0.0024900847145385
667,53.04,0.2378814851364077,4198,45.0,-45.0,45.0,-45.0,45.0,-45.0,83842.9442555961,5503.104416442098,5274.823843706845,3221.9904429788644,2124.6812584844115,2109.822115924132,0.259766359989584,0.2398401551797664,0.3703329693777447,2.103350043575452,0.4176935195306147,69.05019525269753,9.94735280414959,45.73857498160713,20.096498555763134,0.0044114294988522,0.0030562044144247,0.0005336926814504,0.0035369286685536
668,56.08,0.281750465700901,3376,45.0,-45.0,45.0,-45.0,45.0,-45.0,71419.34018164771,4586.472625771978,4309.104761652118,2529.4556145741567,1789.894499198073,1771.2182312346222,0.2441211185434571,0.2488418075960962,0.3748953833464274,1.7154593402777532,0.2776219321174721,36.572897218997575,5.383551560875755,25.657856509292163,11.51975948772757,0.0027405135986732,0.0020484659450067,0.0003642540532817,0.0024216725241238
669,41.52,0.2230285018945002,1627,45.0,-45.0,45.0,-45.0,45.0,-45.0,66278.73787828062,4513.973954439949,4154.278783295077,2224.806001507315,1675.5980265127037,1732.1896038544182,0.2502063311539182,0.243485330758936,0.3564067697096199,1.651328985887639,0.1839805418073161,21.42530487220701,3.26631890040793,16.51160650926254,6.667943642052336,0.0018373243398051,0.0013837525066773,0.0002380849374772,0.0014987565734353
670,61.18,0.213848948019519,3461,45.0,-45.0,45.0,-45.0,45.0,-45.0,61701.13929661885,4140.872821291876,3986.078373650406,2316.9766666996206,1703.1013241619337,1548.5794605714657,0.2825955120119624,0.2584663308278955,0.3534153204027099,1.3778219720362594,0.1870856319521071,20.307439667227698,3.3581428796139927,14.892168690614133,6.521651239838588,0.0018575893449087,0.0013828248823825,0.0002458023370065,0.0016075053743596
671,57.15,0.2501757139953396,3246,45.0,-45.0,45.0,-45.0,45.0,-45.0,73251.87938051687,4594.028662400292,4412.462784701324,2588.4671685331878,1797.5436756965964,1899.730399302195,0.261204507084913,0.2267571873798478,0.3587708470734713,1.6319562576237696,0.2001355968430398,27.980489957018484,4.098130902950715,19.301429267821504,8.396634536412064,0.0021470359478417,0.0015857745922648,0.0002778907092971,0.0018426421968076
672,57.81,0.197585628750166,3508,45.0,-45.0,45.0,-45.0,45.0,-45.0,63960.61942656468,3963.5340408329935,3728.0707147273984,2384.8779040095574,1536.1567283322283,1568.585558832316,0.2729468196023422,0.2591021642674897,0.3032077379405239,1.218393242758364,0.2916450833298411,34.61244653799167,5.491919948343485,25.320862845887188,10.027195833054645,0.0030600634998799,0.0023735630711583,0.000402914137639,0.0025773683796111
673,41.84,0.2889218143608699,3316,45.0,-45.0,45.0,-45.0,45.0,-45.0,84832.06234139537,6294.182664287299,5463.601336150858,3013.595958775393,2172.810050979221,2164.0673581277265,0.2831101845878485,0.2640422228726736,0.3387949739350527,2.4928727123065677,0.1989441932083343,32.025254902200246,4.598997872408517,22.271476849919317,9.10957141586287,0.0019382118802074,0.0015426302072985,0.0002579948505367,0.0016810634651255
674,48.05,0.2569735333958558,1830,45.0,-45.0,45.0,-45.0,45.0,-45.0,71244.81831623267,4791.741480673741,4622.591991054656,2708.466508248802,1734.2002322689405,1848.7940125784032,0.2589820922736353,0.2526943337702227,0.3808468529449439,1.854434852995919,0.2772523304303097,36.72436107555471,5.809389118562679,26.03766812723816,11.110855210581889,0.0027939337836713,0.001967228258967,0.0003547998970275,0.0023408147315859
675,41.64,0.2534645965957426,2107,45.0,-45.0,45.0,-45.0,45.0,-45.0,71210.33354634389,4999.9160169842025,4764.896706698169,2726.4238128987176,2072.2035892877416,1936.7158739510892,0.3196377077616639,0.2592693673454763,0.347122049448478,1.853412022543488,0.3063872804487663,42.08738521937209,6.189058591973887,29.36185010928728,12.435245231802378,0.0030343119460212,0.0023514537284824,0.0003787462585286,0.0026151997411783
676,55.61,0.2118350462050393,2626,45.0,-45.0,45.0,-45.0,45.0,-45.0,67614.56983440148,4427.221409468477,4275.673509268344,2460.8190982531582,1707.2471084849635,1736.2807777158137,0.2960430642921481,0.2914575660380639,0.3326423823030995,1.5450892447632818,0.2522329871647417,32.94727529233852,4.745193529478767,21.893173142877867,9.533445922235346,0.0026863422202784,0.0020214251707049,0.000335770918673,0.0021343227116504
677,53.71,0.2728801778911864,3897,45.0,-45.0,45.0,-45.0,45.0,-45.0,86359.98708369059,5621.539167241841,5414.808914310089,3198.084095951859,2182.3184192703666,2153.926960788135,0.2434068077816971,0.226042376327323,0.3381415583647283,2.436117405922946,0.2665780986124335,40.85048132572868,5.967038962469009,27.36242026900329,12.743045995808805,0.0025300268829088,0.0018519594993986,0.0003356962811938,0.0021888016950614
678,49.52,0.1939259441200283,2831,45.0,-45.0,45.0,-45.0,45.0,-45.0,65068.60411909594,4739.533899658144,4656.216785118278,2720.665196746872,1698.5182707479664,1746.550974535476,0.3079978000902376,0.2892890492472674,0.3571891714055316,1.7142247680464269,0.1029923661364508,12.199403073977594,2.0496151437204624,9.033370698478029,4.243788546235346,0.0010636795192708,0.0007948742368417,0.0001392861241977,0.0008627988860458
679,53.26,0.2604637254727655,3946,45.0,-45.0,45.0,-45.0,45.0,-45.0,79637.17887582275,5471.623877819528,5341.340086420406,3242.287906034719,2257.3389801556345,2209.4044015768072,0.2817623048859174,0.2661778999570373,0.3480343961443145,2.2509748845036683,0.1134438798112484,17.529199332328538,2.561596062348728,11.850563861120332,5.225811385353959,0.0011488036199531,0.0008751269698356,0.0001531073375812,0.0009675789054854
680,52.64,0.2517749631292779,3358,45.0,-45.0,45.0,-45.0,45.0,-45.0,65694.59681483642,4292.135038710505,4169.339016315721,2516.409014223577,1646.1157974875764,1564.1420750567645,0.2728157315815699,0.2655254587573412,0.3274050691748615,1.3965903679325462,0.346261041291631,41.737228856655165,5.878979250828676,29.4370547187506,12.607534943906296,0.0035694783599656,0.0025094680328014,0.0004637558166104,0.0029113149440679
681,42.48,0.2693056590880086,3262,45.0,-45.0,45.0,-45.0,45.0,-45.0,86141.77257766173,5804.023607999044,5425.7441251728005,3067.5147200185343,2218.288755684372,2184.527121563651,0.284080435345689,0.2696924662977719,0.2994232583874825,2.6065232628655264,0.0953670972225166,13.982768716718107,2.1343176988897623,9.967358294319862,4.414478055758456,0.000922551601956,0.0006858681923148,0.0001236972530255,0.0007334206106825
682,42.86,0.2459949120327902,4374,45.0,-45.0,45.0,-45.0,45.0,-45.0,63919.37444527115,3882.773868219956,4025.111912534855,2251.367679753701,1590.56213593743,1439.8361380251313,0.3162805210381559,0.3179499859389239,0.3891543252839785,0.8916978800942323,0.4543137333706973,52.10837777966064,8.304810251946156,36.201623038355415,16.61664901457353,0.0046488638715944,0.0033119915572375,0.0005983526332252,0.0039249824165478
683,56.27,0.2045706118689361,4181,45.0,-45.0,45.0,-45.0,45.0,-45.0,81910.29191354061,5714.06180254643,5548.067046077978,3086.043925548871,2270.212611025236,2199.6568301406555,0.2525570965144043,0.2446994342868282,0.3699411796195873,2.262697474993554,0.2281455911642104,34.50971324787347,4.970073513233725,25.242238947500145,11.191759978724924,0.0021251437418159,0.0017858477205799,0.0003065025347511,0.0018352982819357
684,53.78,0.2238146085224967,4649,45.0,-45.0,45.0,-45.0,45.0,-45.0,87034.73571008508,5749.359221818739,5174.059530486045,3217.9510182875297,2388.8869805892955,2272.2103353104358,0.2624713603398691,0.2726586781878662,0.371523557315378,1.978743213274843,0.4501819604825451,68.42631147608135,10.63393404990841,48.262294076978456,20.600990918190945,0.0046455652495473,0.0032753795814954,0.0005505071697171,0.0037283994330987
685,50.75,0.2756436451589462,2380,45.0,-45.0,45.0,-45.0,45.0,-45.0,78371.7921381902,5296.13975265027,5203.760280398312,3017.9098347843337,1996.5374830110425,2122.656699369561,0.3089462862759797,0.2839856618750688,0.3397687028781272,2.3793187793092714,0.1948679991682573,29.866139358928027,4.493358482674973,21.875674550581493,9.33473462821568,0.0019028447257773,0.0016044329195694,0.0002642396869706,0.0016434912047415
686,50.35,0.2083864656976467,2435,45.0,-45.0,45.0,-45.0,45.0,-45.0,64769.705198862655,4877.916124055557,4312.3742006738485,2790.6319985289306,1739.1329471319575,1757.4473920758974,0.2566640408921099,0.2366085827336672,0.3417206270257991,1.5039334752390374,0.2504169556588884,33.33185402977947,4.903195625376849,24.252604616150105,10.632763043626602,0.0026221362066904,0.0017894239044436,0.0003478602223694,0.0022021088963166
687,51.34,0.1888653707234405,4889,45.0,-45.0,45.0,-45.0,45.0,-45.0,85036.20886468659,5272.86763141475,4983.239224879914,3095.855035656657,1999.900167061181,2198.774161379434,0.2744338142504801,0.2613014014320764,0.3877250526340446,2.325618869348442,0.2290154328545793,35.62161376383995,5.367569702426085,24.26350653505641,10.2717160045813,0.0024281402302106,0.0017237370268275,0.0002934164821882,0.0020226934656688
688,58.24,0.2008266158678741,3203,45.0,-45.0,45.0,-45.0,45.0,-45.0,67366.6990779747,4850.014257762517,4957.605244728506,2622.9507697522204,1822.4318561319049,1839.887264668824,0.2575948405624492,0.273944459493526,0.3284837801965199,1.937710692509175,0.0591931459757925,7.966912913600314,1.1340098449497051,5.475085583509585,2.378189573955743,0.0005554569090398,0.0004438308915021,7.739936904620169e-05,0.0004721682669397
689,50.67,0.1944966867429979,2780,45.0,-45.0,45.0,-45.0,45.0,-45.0,77248.208788796,4815.049203731416,5020.585080255572,2829.744343846548,1958.76491279276,2041.350319651152,0.2391327578906301,0.2366554005651475,0.3619744806247748,2.0420507113997792,0.3357654719720851,51.03773440885525,7.690133201292956,33.04413561642777,13.993666859113,0.0035139087216837,0.0027424440890018,0.0004609617843306,0.002988221366728
690,46.37,0.2220234238867626,4224,45.0,-45.0,45.0,-45.0,45.0,-45.0,85931.41337340548,5434.828519192568,5270.22239558145,3197.237208650356,2213.1380381594445,2244.2794019095472,0.2457283614943577,0.2326252588551977,0.3001769707773914,2.3611739381998484,0.2961200509447705,44.870493268463775,6.864073565256805,33.40766428840421,13.87853098405507,0.0031133627666512,0.0021085246350384,0.0003688247334347,0.0025574182103594
691,57.17,0.2945623804653532,2125,45.0,-45.0,45.0,-45.0,45.0,-45.0,60263.37205783906,4377.6161277459305,4059.3615055995383,2318.799322495804,1536.4524160713477,1603.1271970849118,0.318131005277284,0.322061702590479,0.3575575664478073,1.1703933771646249,0.1207401406953567,14.64471871768572,2.2586976210434613,10.329166394479486,4.670466806331496,0.0012294630908233,0.0009453083242415,0.0001600321271953,0.0011189532238976
692,41.68,0.1854940399797187,3442,45.0,-45.0,45.0,-45.0,45.0,-45.0,67659.2420901179,5051.319234632401,4602.96931550398,2510.983714350903,1804.881867810524,1724.9405844085084,0.2610282315314646,0.2546727760957342,0.3320813181130821,1.7729725897585211,0.100081629379913,12.77305041418281,1.9489346901928304,8.73005460595001,4.015483568304241,0.0009766370828336,0.0008200049355194,0.0001369133337792,0.0008930772961556
693,42.13,0.1839660603504339,4906,45.0,-45.0,45.0,-45.0,45.0,-45.0,75881.00951304969,5322.661062244731,4638.318646287307,2756.5701065556864,2070.151602986328,1963.819366768304,0.3108363738037832,0.2953655330422299,0.3016750106463668,1.9783685989503648,0.1526242101245832,21.42084736906522,3.345180741848377,15.254728473867669,6.474981252297613,0.0015564977979519,0.0011830391595029,0.0001921964732133,0.0012523657523898
694,42.41,0.2710882026608199,3268,45.0,-45.0,45.0,-45.0,45.0,-45.0,65541.05029026195,3992.275689232493,3841.066069795108,2112.6307761101552,1490.6505407012137,1499.9491191617026,0.2509179128110694,0.2472473686608722,0.3185045390593215,1.1547572043873695,0.3250966895103317,34.12924759875742,5.057014950760092,24.77583028723321,10.586935570786151,0.0030168516306942,0.002409620313553,0.0004124178884852,0.0026708421410233
695,49.32,0.2457049806057018,4526,45.0,-45.0,45.0,-45.0,45.0,-45.0,77828.23075645814,5523.382837335832,4918.679677802082,3004.792831171703,2135.663450048073,2077.7371607730083,0.3098067759742334,0.3098284125266228,0.3664769647889305,2.1259148444549334,0.3211362105605672,46.10229178702961,6.689262570487843,32.72368430648704,13.50847898591325,0.0030489788940727,0.0024163895342159,0.0004240779084531,0.0026699876064431
696,53.91,0.261239688137217,2032,45.0,-45.0,45.0,-45.0,45.0,-45.0,66247.83437255329,4269.288892541635,4190.835920698336,2655.553584043663,1702.5715859260056,1718.7241330044224,0.2792609124308561,0.2656198826235397,0.3140631052604986,1.3997946042827565,0.3837261030563922,50.1385228297653,7.290445495943092,33.53025103939377,14.261746745405162,0.0042197808832174,0.0028063036223242,0.0005021934301394,0.0033664160504822
697,63.92,0.265014210495792,3902,45.0,-45.0,45.0,-45.0,45.0,-45.0,63015.363439508496,4179.630340112198,3955.151797898463,2244.856650528463,1588.3697783580033,1506.0119982142116,0.293887625207155,0.2768123584791596,0.3193761710492273,1.4402150959291151,0.2731986663735021,31.369608753472644,5.029325863320863,23.342619259640458,9.809909638862424,0.0029465162373325,0.0021019165565247,0.000396427145039,0.0023393739693337
698,48.24,0.2190012545699173,3800,45.0,-45.0,45.0,-45.0,45.0,-45.0,71305.8176116464,4546.094391418254,4508.440461088178,2638.948307765139,1899.8623696322056,1860.173616863248,0.27944834777362,0.2650954836792679,0.3353418931681217,1.9586678202666143,0.2050012424445196,26.55731628793406,3.953748985497382,18.16478018414414,7.474772635044094,0.0019229063852213,0.001469358051059,0.0002597047181366,0.0017024894714039
699,50.27,0.192950896616272,2000,45.0,-45.0,45.0,-45.0,45.0,-45.0,76621.99910528574,5532.187451504108,5136.393711470396,3017.7108317451944,2030.0975632331945,2144.5744357330805,0.2363162908958835,0.2357814798162521,0.3243088000018795,2.326477951876742,0.3269224192202,52.09832650658648,7.408599256838994,34.90574713494452,14.53906247784948,0.0032726663418196,0.0024123702845373,0.0004444452313823,0.0026834413403048
700,63.53,0.2772101482561053,4225,45.0,-45.0,45.0,-45.0,45.0,-45.0,69129.98569683923,4557.197997553243,4221.582991704529,2532.915796823964,1839.5315775833071,1787.0249454046163,0.2819811912356604,0.2542009374301612,0.3109549514351574,1.93416974172602,0.1298730041334192,16.074328046371303,2.373394010855744,11.210683147562538,4.540793771121392,0.001282515342586,0.0009261153152666,0.0001689289321661,0.0010395842599881
701,61.7,0.2628279399129107,3232,45.0,-45.0,45.0,-45.0,45.0,-45.0,72007.63273368904,5171.851644456287,5005.972786075637,2770.553788661868,1992.804365677078,2080.969667936964,0.2666566733968556,0.262109466702526,0.3403390289714876,1.941697027424469,0.2868449050141159,37.82117303818941,5.859178697882284,26.18231554953148,11.897919147149704,0.002795309349456,0.0021068019939639,0.0003953093809481,0.0023538515861774
702,41.29,0.2954457671423848,4453,45.0,-45.0,45.0,-45.0,45.0,-45.0,86771.27615479876,5482.983241255284,4878.884051940733,2928.3038956174846,2093.714305291941,2170.622244316887,0.324834839433176,0.3048549471022119,0.3296579299543107,2.172791809414379,0.372252600780843,54.93267897843305,8.324516726440846,39.21752599112694,17.12717342657162,0.0037066770378722,0.0027358442301672,0.0004681200068581,0.0030050907620398
703,55.01,0.1939148531086396,2678,45.0,-45.0,45.0,-45.0,45.0,-45.0,78542.49532394395,4808.598354294471,4852.256700117403,2845.3396790015818,1952.879865656614,1902.4810804158676,0.2390849131757805,0.2354255387874174,0.3425645951651851,1.718491869814824,0.3530440861367656,49.02531782301738,7.540379396989556,32.50100939620508,14.633549566403168,0.0034250140195467,0.0027313403186886,0.0004417219266469,0.002893173623529
704,42.59,0.2625591916380244,2940,45.0,-45.0,45.0,-45.0,45.0,-45.0,67884.57961914432,4155.580890536143,4150.256090823432,2489.479066995312,1746.890888623135,1784.0726294422786,0.2969855036708473,0.289014810348572,0.3308625894340909,1.6107549448370666,0.3071869872820189,35.71497851059473,5.572404167101923,25.716697869025868,10.439507492317276,0.0031226854961988,0.0022827251765976,0.0003915752123244,0.0026907938814451
705,45.32,0.268300293064204,3578,45.0,-45.0,45.0,-45.0,45.0,-45.0,77435.41956930966,5405.133480397048,5246.454929855389,3081.2787726355327,2101.907133338593,2020.688029207048,0.2348340243426638,0.2426231119543665,0.3167563256184271,2.113831646212497,0.1786754785430523,26.63612309572059,3.909010051086197,18.787716050615067,8.046927727406288,0.0017580828570608,0.0013473746943752,0.0002350769696597,0.0015272442948512
706,52.05,0.2655517547911811,4189,45.0,-45.0,45.0,-45.0,45.0,-45.0,78147.11880447168,4841.950341655384,4968.127208089224,2770.9702018887424,2041.195459902917,1961.3587996730205,0.2518243715250601,0.2464919103266838,0.3143883942286776,2.038308143384474,0.2110495125623684,30.735069268703217,4.50925856170285,21.7690804581444,9.068940638489956,0.0021743200830475,0.0016558594701275,0.0002692811765458,0.001833189530091
707,42.71,0.2400224201551505,4970,45.0,-45.0,45.0,-45.0,45.0,-45.0,67703.98723134295,4557.697239271217,4294.634610406224,2518.8232693271043,1700.485249559481,1756.8951618286733,0.2869009766572645,0.267489961979069,0.4045550606922674,1.208649591587997,0.4570736149123446,58.70813874170678,8.36323895467752,38.34725674593979,17.728487838388634,0.0046066134698893,0.0036527790650983,0.0005922393372957,0.0036619763381967
708,53.91,0.237221218716291,4962,45.0,-45.0,45.0,-45.0,45.0,-45.0,71737.58716891188,4249.687785369255,4413.705925240876,2516.228562532263,1849.61260763428,1831.4607950119944,0.2893726473784888,0.2814359169830238,0.3602224537299272,1.6218784809976825,0.2094341096305869,25.55195133707216,3.789111791866712,17.727892513120285,7.3705622716284305,0.0020695810341932,0.0014807896733844,0.0002409851899203,0.001705345010431
709,59.07,0.2143440049257237,1970,45.0,-45.0,45.0,-45.0,45.0,-45.0,86545.06748730491,5481.446218612177,5350.125889004286,3272.307074764944,2194.398032478243,2232.0495500936454,0.274935389177357,0.2716617157584357,0.3808461990666248,2.067976382190798,0.4459429697206936,68.26901801182744,10.41569166318316,47.30665365838426,21.533343516824274,0.0042863657519884,0.003493772349419,0.0005554618116031,0.0035985529273173
710,45.65,0.2088965563684391,3851,45.0,-45.0,45.0,-45.0,45.0,-45.0,70079.0724374228,4621.090501830451,4365.36111991897,2706.351978953357,1923.2193372807876,1981.2603131357127,0.2900885858872807,0.2772263897033376,0.3203180506691246,2.114010802768987,0.1007839187239836,12.907174086758598,1.9953361515016053,9.323936252124271,3.914367016617884,0.0010012421940505,0.0007499363041044,0.0001259917540369,0.0008656397812866
711,61.13,0.1971287391149067,3257,45.0,-45.0,45.0,-45.0,45.0,-45.0,87634.3506656526,5641.161590870308,4757.281611999912,3047.646113730573,2188.571791333555,2167.5834838855467,0.2830923909814021,0.2695095236684951,0.3115382437161783,2.420647659044844,0.2751479896832174,40.467538286733614,6.348659900516242,27.37644948777548,12.470436731758769,0.0026411405176776,0.001989383206912,0.0003382126879381,0.0022270903528906
712,60.46,0.273053144116047,4643,45.0,-45.0,45.0,-45.0,45.0,-45.0,62956.10952768226,4332.041911449888,4208.569690755502,2293.929872006634,1696.2681585407609,1654.8862140018744,0.2428851271787999,0.2316120402032693,0.3349536955547903,0.9845596606380248,0.5001579072846877,56.9478575836195,8.842045648086009,40.04924498930426,17.393990261532007,0.0050194849243803,0.0038184761040467,0.0006459298310976,0.0039422727835152
713,56.87,0.2551370660592615,4013,45.0,-45.0,45.0,-45.0,45.0,-45.0,82395.70777106388,4957.302511543327,4962.942091906715,2887.382303234111,1947.4995015406505,1860.2218907792928,0.2622893765384042,0.2558456771867323,0.332015449739119,1.8172791458192423,0.3203680172082082,42.45534052211746,6.575808076746537,28.820174421578745,12.90752181038742,0.0029926544033522,0.0020878268397592,0.0003897205885946,0.0025200383295889
714,40.66,0.2880303582391417,3780,45.0,-45.0,45.0,-45.0,45.0,-45.0,66047.82237785551,4348.765627535693,4140.001720804713,2411.8682876783087,1627.7705186018554,1573.931014673173,0.3251387801369073,0.3241213166680992,0.3821881070849866,1.563154956792975,0.1424741310708825,16.74656510334674,2.5653351165031912,11.352055417980154,4.954868312194756,0.0013987808698401,0.0010504499690326,0.0001827244739201,0.0011704339038115
715,60.74,0.206914063098553,4194,45.0,-45.0,45.0,-45.0,45.0,-45.0,64560.4852560578,4476.217659225267,4242.564315458075,2424.4760954441704,1758.0202357449425,1669.8764537832049,0.2582168046118581,0.2575157896453443,0.3420050706601332,1.4883651710798402,0.2365462723533268,29.94495955719916,4.6272949551089,21.7828130705038,9.266771434972224,0.002555086736624,0.0018951202190707,0.0003207800323464,0.0019939538257483
716,40.72,0.1811215555637135,2595,45.0,-45.0,45.0,-45.0,45.0,-45.0,62709.781572460495,4170.278975334302,4061.192462010996,2230.1317435565875,1629.909944637258,1668.0119383846447,0.2973578756892536,0.2950078432019422,0.3265596896603931,1.10776820975799,0.4386665854138503,50.24697993505184,7.239861835216044,35.45740295535387,14.532211869134064,0.0041547466828574,0.0032440460289877,0.0005796270893917,0.0035040862227404
717,57.57,0.2522518553885201,2619,45.0,-45.0,45.0,-45.0,45.0,-45.0,77483.04551172623,4962.129500518518,4755.813908987667,2722.2576908316764,1797.2316048797998,1837.2339631570944,0.3215889263686519,0.2931699446312402,0.3274014878873663,1.9069612387049808,0.1739452813946478,23.366721443709125,3.425561620313136,15.83410530676048,7.259430870305907,0.0016632913560551,0.0012508265071304,0.0002290888643124,0.0013956936302902
718,63.04,0.1869273778600382,2765,45.0,-45.0,45.0,-45.0,45.0,-45.0,67464.67721393607,4729.327606026219,4474.88357940471,2393.982368224832,1631.9323654069333,1637.406557743224,0.2667482006678265,0.2736609924008114,0.3629901272961487,1.0892976982035223,0.3955769702761268,50.17058360805781,7.948612211073191,35.73368757740735,15.142171134712642,0.0041828128832247,0.0031058578280668,0.0005773863300596,0.0034432401262094
719,40.15,0.2577260855505257,2937,45.0,-45.0,45.0,-45.0,45.0,-45.0,60928.728124628055,4317.062419419661,3994.763767154462,2279.5790714367167,1694.563686906203,1683.6356260343632,0.3014897566518948,0.2922791172245353,0.3591035175284201,1.5091045778935228,0.1013347853782679,11.685718177648106,1.846895462986195,8.3423586033689,3.603636479012782,0.0009708802509954,0.0008202359232365,0.0001419664669493,0.0009229558788683
720,54.16,0.2952059726139495,2086,45.0,-45.0,45.0,-45.0,45.0,-45.0,72441.25268659656,4657.138905001707,4460.646395019515,2530.426316761958,1799.0451437754778,1826.803022452324,0.2517965835575658,0.238613819825308,0.3761739082331333,1.7631588838318517,0.3330394869484038,45.65611969252924,6.794924617544671,30.33209450757589,13.138812651093014,0.0033599615406275,0.0025265024728238,0.0004450276795968,0.0027059055491872
721,41.74,0.2469816976817486,3141,45.0,-45.0,45.0,-45.0,45.0,-45.0,83443.51157326363,5048.936604852458,5176.645899067228,2950.514939797509,2094.1296501773445,2236.6606627835067,0.2707393625681458,0.2648225670372232,0.3672454961389198,2.2093791548346746,0.1721524837596126,25.513593796132877,4.119584780032879,18.053954737807736,7.911507994281954,0.0017523450674774,0.0013705099947219,0.0002347448218256,0.0016003021751296
722,55.83,0.1961273433456796,4535,45.0,-45.0,45.0,-45.0,45.0,-45.0,63974.898829767735,4026.127723499932,3754.5350880428728,2536.0814709163265,1658.7107055631564,1665.580340218667,0.2752673317123232,0.260479183450681,0.3610630917739487,1.0573801239778369,0.5097150295017572,60.035898271562345,9.262176014820206,44.63935361915854,17.24617278733669,0.0052833203033558,0.0036735770597497,0.0006140394006403,0.0044594310224175
723,42.29,0.234708880903732,1625,45.0,-45.0,45.0,-45.0,45.0,-45.0,74374.47280748097,5324.364640686146,5088.562169485172,2783.4769392686444,1967.2641242909615,1973.413554548901,0.2591225123986463,0.2671437623071118,0.3139439422307984,2.133355535916096,0.3703124906718683,56.54307000695709,8.362223727793793,37.016584570666,16.80165066179178,0.0037123005767167,0.0029397905243559,0.0005077134798081,0.0033001612409167
724,45.38,0.2339759857681813,3672,45.0,-45.0,45.0,-45.0,45.0,-45.0,76025.10411657364,4825.198978375565,4804.276574766585,2740.480901457811,1755.3754586716625,1944.303673319893,0.2863085377199819,0.2796124449167527,0.3438767704545005,2.0703976102474297,0.063631999359938,8.985041691466988,1.3448418882849182,5.884591208597339,2.589300337251425,0.0006439491025349,0.0004975239484983,8.30062521632624e-05,0.0005482216998953
725,51.34,0.2940842757653767,3219,45.0,-45.0,45.0,-45.0,45.0,-45.0,67809.25282956153,4428.185095838701,4262.225397536216,2565.788888668195,1705.5029128777232,1747.9799768344085,0.3239570669839329,0.3027822793095852,0.3769404354056891,1.5931663441666164,0.4206427522562942,54.26202328965122,8.442080479667483,38.92979727921947,17.187735649594945,0.0041620281743478,0.0034760142582851,0.0005663113626688,0.003656117740627
726,49.25,0.2833405543823252,2144,45.0,-45.0,45.0,-45.0,45.0,-45.0,81273.8812582763,5012.413150149568,5015.72357300621,2898.15737655538,2111.4366724929123,2189.2218602116604,0.3038773921135252,0.3036956641691709,0.3238688818107335,2.371485879882959,0.1390874136224943,20.530986753779715,3.0898491363949554,14.450506415019632,6.266354330599356,0.0015042995205067,0.0010716164374016,0.000173983781313,0.001266032827758
727,48.11,0.2735274275179384,4455,45.0,-45.0,45.0,-45.0,45.0,-45.0,88299.44119060096,5980.179916930218,5946.717830827292,3203.8241325213967,2129.276954660268,2157.2753729650185,0.2797567842893654,0.2790901187052417,0.3565490494119941,2.224042250212689,0.4019177784643679,63.18760638124847,9.549779000832968,45.31778902020023,18.685900196745862,0.0038601915799133,0.0029874114747861,0.0005141255544179,0.0033046049531801
728,54.91,0.2492485979467462,3824,45.0,-45.0,45.0,-45.0,45.0,-45.0,58299.22900987297,4246.109618016157,3949.941721425994,2275.3961017706124,1547.76362452278,1602.3446486715238,0.307909500727945,0.2774621315287944,0.3409912642758677,1.4682841145094758,0.1291271562098576,14.972984742881636,2.255647273254371,10.63704309294864,4.626596572841965,0.0013394582604143,0.0009997903968298,0.0001792393669486,0.001080284593624
729,43.89,0.1979732753204844,1715,45.0,-45.0,45.0,-45.0,45.0,-45.0,75181.08292433136,5251.107435498218,4646.985659625418,2640.307768805942,1725.3081095500074,1798.8155975992786,0.2935439391034691,0.2754581671065679,0.3491066797982657,2.106744124374462,0.0549954254167508,7.373356813318673,1.0940048146269885,4.924280362020031,2.248214015374056,0.0005338179100376,0.0003818759795694,6.917929272580747e-05,0.0004588433458747
730,55.45,0.187372022246427,4590,45.0,-45.0,45.0,-45.0,45.0,-45.0,73488.74098047377,4625.089972111673,4748.763974527622,2794.7896698884065,1983.860678780275,2045.560238727317,0.2997206502924625,0.2845311162566107,0.302726135742056,1.7441514786533452,0.4264443040704386,54.802362181754496,9.238227387752817,42.71596193986225,19.15694794318737,0.0045246921500547,0.003358048650444,0.0005925726352631,0.0035935073563463
731,42.04,0.2452512003430771,4260,45.0,-45.0,45.0,-45.0,45.0,-45.0,58889.13228146,3888.6892682666576,3748.784476844252,2266.844061460141,1723.674811177113,1676.5933373512296,0.2991897451408199,0.2891001089039212,0.3706402597645348,0.8864094812854126,0.5316067547002531,61.66823392243561,8.973181748183325,41.02462132845696,18.79461055027276,0.005526586365495,0.0039570281169088,0.0007285893828728,0.0044345603570459
732,56.55,0.2403261986564876,3314,45.0,-45.0,45.0,-45.0,45.0,-45.0,87304.52303049684,5430.959987733825,5268.404986685685,3164.5999704194937,2416.9634070401344,2313.5083214358965,0.3154536779725679,0.3060386435140405,0.3973069620752679,2.346902571425304,0.3012488445131747,46.45067064424532,7.55142035429617,32.569426813772644,14.358655933950471,0.0029249296500958,0.0022173637191166,0.0003677099232549,0.0026464483708563
733,55.18,0.3056926616717731,3489,45.0,-45.0,45.0,-45.0,45.0,-45.0,70497.96139689142,4543.087404877757,4162.949182119909,2614.063287446905,1791.463430204639,1754.6941616501035,0.2802860250651356,0.271843682217731,0.3392282492206844,1.211500009149419,0.4113816857010162,54.68493237171376,8.216861897555125,39.084630067263205,15.892038526256906,0.0041952626893729,0.0029680489330856,0.0005384086962449,0.0037093838721398
734,46.83,0.2213618146670868,3196,45.0,-45.0,45.0,-45.0,45.0,-45.0,79645.55943457982,5144.307044237872,5113.649083487754,2954.6677668276766,2081.1603340752304,1975.7963741578756,0.296029395276098,0.2956415596819278,0.3311430331845766,1.7535207181905703,0.2924011582190038,45.60589918739026,7.217225835695652,32.46180892289522,13.847694205709956,0.0032220570785172,0.0022801667647854,0.0003987737722654,0.0027187996819471
735,52.81,0.2432303072703245,4592,45.0,-45.0,45.0,-45.0,45.0,-45.0,86164.12039993519,6006.465142092961,5917.92839942776,3106.572042905817,2092.1110624614557,2298.1842549450253,0.2507702439473909,0.2288395463961761,0.3531240402561848,2.4596725310171568,0.1105599012169571,17.735591992741888,2.7904761015846784,12.997601533486623,5.266279632762527,0.0011487394580267,0.0007759202697063,0.0001386846568306,0.0008534354774852
736,50.75,0.2561502075004269,2913,45.0,-45.0,45.0,-45.0,45.0,-45.0,82334.15536650622,5616.616818624259,5598.433461305544,3272.283319659241,1993.3673798860088,2052.240145662874,0.2715107489352122,0.2444695720014374,0.3426119257638219,2.7322321391460767,0.0947308205583081,14.268962085855131,2.273364466990344,10.237981649409395,4.229646327840096,0.0009216435358863,0.0006859122783293,0.0001275624958773,0.000792335705228
737,56.96,0.2667568120341895,2660,45.0,-45.0,45.0,-45.0,45.0,-45.0,86650.35264676479,5577.738850109792,5186.519752664787,3151.658302888594,2298.3257480704306,2209.379611030618,0.306899369185424,0.2926601397581957,0.3725402708751498,2.34970099268178,0.411469160543103,61.908862750085184,9.250882131024124,45.43495383547795,19.324563721309445,0.0041114614897146,0.0029166833810613,0.0005236140831755,0.0034333050178815
738,52.17,0.2963725147294418,3929,45.0,-45.0,45.0,-45.0,45.0,-45.0,87244.68906547967,5818.221983135761,5371.071462104936,3367.778330376133,2435.4709324188625,2309.9666039071712,0.2810052806390953,0.2520973937204779,0.3434035918211953,2.859556008678438,0.0531772282373177,8.06259581480138,1.3081043209588818,5.574792516586949,2.554202338682636,0.0005379054218061,0.0003774706856684,6.482591280444634e-05,0.00044636771124
739,47.71,0.2453574600714647,4232,45.0,-45.0,45.0,-45.0,45.0,-45.0,65948.35752161208,4373.954819275044,3896.6106300155216,2505.848519511937,1783.1166679305882,1735.4855916146596,0.2876048880189915,0.2815512059100892,0.3465416564699277,1.8020793087880045,0.2024208966517263,25.42840786264979,3.571378239156012,17.588760719325123,7.927786562204965,0.0020695496643341,0.0015205058173834,0.0002475160761072,0.0016486038863437
740,49.88,0.2156198226107323,2403,45.0,-45.0,45.0,-45.0,45.0,-45.0,76966.56460835588,5249.717706308704,4911.0268308258255,2885.500919677824,2075.4775740830214,1912.7621778829207,0.2589720236941091,0.2352677017877369,0.3201720850802279,2.14490606955016,0.2036257353465153,29.193300944122083,4.323392724256621,21.327677511238758,8.635060296354808,0.0020400331864438,0.0015496885210178,0.0002702361067653,0.0017157306866336
741,41.37,0.183958228522596,3954,45.0,-45.0,45.0,-45.0,45.0,-45.0,66255.22254247879,4101.335511032455,4031.799761046581,2504.8238374849816,1563.0740082187965,1654.3911396437215,0.2662499762735634,0.2507843023482876,0.313945622987472,1.502735258511586,0.3404877459963812,39.95172554820057,5.908643349493526,26.76299327803285,12.321862865951935,0.0034070193905808,0.0023678060639095,0.0004096274298362,0.002741758788932
742,47.54,0.2178438423078307,2337,45.0,-45.0,45.0,-45.0,45.0,-45.0,70786.36899202202,4513.481859119821,4069.049518426497,2423.5805320316235,1660.87947352327,1625.6859457187688,0.3247987849823711,0.2882578530435201,0.3017953758843297,1.5360792838554989,0.0752078266765002,9.259026508390496,1.4172957989344153,6.46410419695397,2.7692462971056684,0.0007889309067685,0.0005646742170384,9.467041385280732e-05,0.0005967519273173
743,59.18,0.2415479019757801,2365,45.0,-45.0,45.0,-45.0,45.0,-45.0,74851.95080880952,5135.002465089273,4830.464477326547,2874.311219024266,1879.1106173678115,1970.7584145354883,0.2746591169885459,0.273697534764565,0.3810391715551007,1.7881319473191928,0.358010154469892,50.22252461338104,7.409551221524645,37.59402061342456,16.066837658022326,0.0038708238125944,0.0028416167212849,0.0004887847519316,0.0031420079859182
744,46.39,0.202491238530188,4630,45.0,-45.0,45.0,-45.0,45.0,-45.0,68565.3509328063,4873.308444276843,4747.8262171334245,2566.3252681030144,1797.8740557858328,1902.3928207977124,0.2818399898896458,0.2917794022561563,0.3769505036454815,1.8632453548083128,0.0911444553195095,12.485886041550485,1.8985037517730772,9.21016970512099,3.8397024112855496,0.0009284488046711,0.0007817951236664,0.0001271502209435,0.0007457292585169
745,43.0,0.2542790245922243,2843,45.0,-45.0,45.0,-45.0,45.0,-45.0,69227.19401945923,4824.490087589088,4640.535349420561,2649.654910521238,1884.7928608426112,1871.372121593092,0.2556016563744011,0.2345341440236545,0.3130219159198983,1.4213157082382752,0.370286778245662,51.99406493136851,7.889233752190028,34.87756046024885,15.233341352575202,0.0038037708172563,0.00306224396734,0.0004768465637692,0.0033213872801287
746,58.68,0.1995086706455371,3537,45.0,-45.0,45.0,-45.0,45.0,-45.0,86424.4991739309,5960.738336637332,5391.676379055254,3012.769432486164,2182.146921849692,2204.175029108057,0.270889689098738,0.2469125383618797,0.3800443421960212,2.109058750180916,0.2995365113381231,44.97549255526682,7.082038722568074,31.82573821903803,14.658579043439056,0.0028488979900142,0.0024364889157924,0.0003957220987447,0.0023713400108636
747,43.23,0.2674346319051982,2219,45.0,-45.0,45.0,-45.0,45.0,-45.0,78419.76696630307,5075.081872991706,4673.490639279147,2828.761368197177,2051.042368527614,2075.95275716937,0.2594521444573564,0.2565159652239843,0.321617806231757,2.239084112804662,0.0579036462277577,8.119043298712725,1.328441868073036,5.725450021203783,2.420863456682283,0.0005764141292087,0.0004276179182444,7.303090650915356e-05,0.0004775183807591
748,57.59,0.3067729659811623,3681,45.0,-45.0,45.0,-45.0,45.0,-45.0,86956.26397080306,5311.039199511624,5114.9602793677495,3162.650145781463,2217.9718597278115,2204.837258867228,0.3112351145049784,0.3039155952264088,0.3720620013001834,2.3683904855139577,0.3620175496735507,55.50847094560674,8.424465999903896,38.84214839064724,16.873447078263954,0.0034989741753588,0.0026900868917944,0.0004353221865464,0.0030768512980467
749,53.97,0.2829669425380025,3549,45.0,-45.0,45.0,-45.0,45.0,-45.0,82293.69962775386,5508.237913063158,4832.669588251551,2796.169449077177,2124.128637648408,1934.0751050255128,0.2705234366022184,0.2729182300350782,0.3277545495867843,2.03763645614633,0.3321262343208577,50.6934032099482,7.7879502006119665,37.33953718503376,16.164006403603803,0.0036381616401623,0.0026901928747813,0.0004651239986331,0.0027551960882891
750,60.16,0.2939746687659645,4236,45.0,-45.0,45.0,-45.0,45.0,-45.0,86640.02042438585,5228.14311079912,4776.746664675044,2956.319624780093,2048.875906675258,2032.8330407348053,0.2860646558400483,0.290394230634373,0.3802606240972803,2.057592936141336,0.2459514832653278,35.13326917154198,5.1029174104611,24.48994559648532,10.848162081488091,0.0024965329126157,0.0015972969238818,0.0002793553980486,0.0019808035260088
751,49.93,0.2965401336317534,1795,45.0,-45.0,45.0,-45.0,45.0,-45.0,71476.67329710937,4689.833945484068,4393.455237551763,2564.907263549174,1831.834727182373,1704.3641976051747,0.275285165887807,0.2543197671860109,0.3233586537312186,1.7197474833116069,0.1466761320272762,19.73002811245599,3.019274124527156,13.553688695033822,5.904650604820328,0.0015046790394173,0.0011635073217557,0.0002002075617187,0.0013582901309577
752,41.06,0.2613823704708063,4539,45.0,-45.0,45.0,-45.0,45.0,-45.0,82379.92191491074,5438.850288376071,5224.009343863044,2958.170675444017,2073.511710276661,2237.6113799611157,0.2819930280295363,0.2661773451764742,0.30323456263654,2.2866689086178207,0.2544473920845223,39.06575075235602,5.603396662301759,27.944172184915903,11.63479069528669,0.0025695004380226,0.0017712050526282,0.0003068621218117,0.0021624286211774
753,51.49,0.2320686878860378,1576,45.0,-45.0,45.0,-45.0,45.0,-45.0,72244.76935519707,4632.37428696523,4347.300860298741,2695.2442082593657,1734.876727126595,1807.229871028935,0.2981558996813211,0.2785912481686664,0.3567687513098119,1.807753811620609,0.1320566654360262,17.78459728856305,2.5644055469843816,12.141476097717373,5.014793316431694,0.0013110853369186,0.0009530306901048,0.0001665846708183,0.0011451216993104
754,61.55,0.2736559856931248,1818,45.0,-45.0,45.0,-45.0,45.0,-45.0,66835.36443240147,4205.9507164517945,4250.941464100933,2342.866397256014,1725.4867155036434,1797.8420656033322,0.2862467985692226,0.2710075054710825,0.3582824063210667,1.7070112577204002,0.3973647155880172,51.03727343922055,7.820392367239744,34.94239784261481,14.734616639604637,0.0040431973629672,0.0031328837175771,0.0005035931315649,0.0032088677728954
755,50.73,0.2756352410319403,3858,45.0,-45.0,45.0,-45.0,45.0,-45.0,64449.90052474946,4244.477719239953,3871.221151965246,2219.83446975904,1534.0366386342482,1576.1249831697655,0.3229817625551958,0.2966375788975001,0.3307324932448513,1.2090494077428322,0.3648790672694993,41.57062128202289,6.072405623332707,29.84480352627424,12.469579984669975,0.0036340880840599,0.0027589304709485,0.000461774543837,0.0030757655037326
756,57.74,0.2758922448938302,3156,45.0,-45.0,45.0,-45.0,45.0,-45.0,71848.92916374242,4630.8942882862,4465.075649602855,2610.406823189639,1790.3600678894074,1762.501785529877,0.2672647693377691,0.2550547090567875,0.3742021540943256,1.561545450187369,0.3936939907673261,51.04680450259516,7.558572309439465,35.799472382580184,15.67324212518256,0.0039419954805746,0.0033075924853801,0.0005247352471738,0.0031792430695501
757,47.24,0.2008333325737774,3210,45.0,-45.0,45.0,-45.0,45.0,-45.0,63287.6714927848,4473.358700967518,4225.598755220773,2347.852375791787,1755.2876690949245,1733.7911422579914,0.2649086819940479,0.2462376002812228,0.336279947729903,1.6302352173896006,0.2500385069343985,29.42716856099893,4.571305190041426,21.285812868688375,8.991528812286345,0.0024187363951379,0.00186879029413,0.000329793730259,0.0021121621379026
758,40.52,0.1769423780074264,3159,45.0,-45.0,45.0,-45.0,45.0,-45.0,81339.83511077084,5341.523763305448,5168.959107932897,2946.164937609665,2153.5288910581694,2118.4097042444214,0.2389308563730132,0.2493807065266532,0.3501881725864073,2.2836781402949344,0.1082747970955441,17.0560530322164,2.402762630341564,10.743828865759795,4.8183413270401925,0.001086218789338,0.0008335915764589,0.0001417219494589,0.0009342038097437
759,44.3,0.2174072796909794,2830,45.0,-45.0,45.0,-45.0,45.0,-45.0,63810.41470505021,4614.792857854911,4233.936754749447,2595.16590007,1601.5647785131812,1613.1525993479377,0.2512758672392703,0.2550847158734431,0.3149323837226337,1.1947378080450288,0.3778077972346931,48.034315068962506,7.414436338917539,31.435319493040215,13.92442599382986,0.0035557271543845,0.003026675472786,0.0004793145538564,0.0029854588499717
760,51.5,0.2398896275338173,4031,45.0,-45.0,45.0,-45.0,45.0,-45.0,80893.68403372519,5273.146763019623,5238.166492896133,2901.595817542136,2310.1344514077487,2295.743831437916,0.2586210695753982,0.2575842881580988,0.3397844149838315,1.933220043817629,0.4123076209100222,62.76227569146714,9.397446699435818,43.346320643241086,20.26482304377228,0.0040053039052704,0.0032292732867398,0.0005266052737357,0.0035819022239738
761,62.99,0.2179375997201014,4324,45.0,-45.0,45.0,-45.0,45.0,-45.0,69195.31928324763,4865.686457589893,4551.569569883146,2644.390491161885,1937.543007702751,1893.097780671339,0.3152896415805882,0.3163514857280624,0.3548493861495028,1.5675708429670705,0.4377703546464057,60.909741742794864,8.701070887802594,41.65485541718491,17.770384197479164,0.0044544429476421,0.0032181371083923,0.0005700473473966,0.0038966602497101
762,50.92,0.2458881335714101,1860,45.0,-45.0,45.0,-45.0,45.0,-45.0,82820.59228324777,5464.994975983852,5213.7252182501015,3044.853538076796,2092.2647885911942,2003.2993798581297,0.3037423053922903,0.3158187589937009,0.3316931624356077,2.398993706699976,0.2895065181083755,44.27819815369756,6.386404480507117,31.52602617572887,13.355425195199963,0.0028280721910063,0.0022915113117317,0.0003717523003905,0.0023143996018495
763,46.08,0.2929019292933371,1933,45.0,-45.0,45.0,-45.0,45.0,-45.0,63281.64461809017,4560.955047980653,4308.81646566945,2526.1239911557445,1675.297502574079,1711.367050404173,0.2747286040773676,0.2730690156575119,0.3820798364781863,1.3361416994518016,0.3291181759968884,38.05926243144421,5.854914664838975,27.599098492504343,12.036446220589903,0.0030622041569821,0.0023756299452487,0.0004298547433381,0.0026425190376323
764,50.01,0.2242323175253989,3912,45.0,-45.0,45.0,-45.0,45.0,-45.0,89872.55064154617,5453.25242557737,5209.40100323244,3054.260703995647,2167.4560056453447,2075.231188387804,0.3041300217152238,0.2947847180596612,0.3526479460213638,2.0375426260942087,0.4023516848394413,62.60675732653146,8.98004751809983,42.3280269728315,18.601717179220927,0.0040198366603026,0.0029948459388711,0.0004995357747959,0.0032501243394091
765,49.89,0.2127957598985465,1822,45.0,-45.0,45.0,-45.0,45.0,-45.0,77516.27903152638,5133.094784594765,4842.395777605374,2812.174044058564,1993.072485115994,1978.279011420942,0.2719704150201116,0.2530313536287836,0.3482638418573231,1.9811760545488013,0.0746300580099607,10.338603959047528,1.5515776761294076,7.257408835885391,3.069655009754809,0.0007368430400401,0.0005645695919882,9.382980931831508e-05,0.0006190521787353
766,58.65,0.2830342464436262,2770,45.0,-45.0,45.0,-45.0,45.0,-45.0,67997.75528797871,4543.759663655464,4056.99853545185,2524.899933917241,1835.0053298013424,1865.3291373540249,0.2694174070253644,0.2600096921243094,0.3661743652564344,1.6120088939409567,0.4068046802212501,50.74639165260523,7.640040887155428,35.79970343750426,14.190713726473888,0.0040369906697294,0.0030517463748103,0.0005030148305883,0.0034338718131878
767,48.33,0.2133551310254009,2407,45.0,-45.0,45.0,-45.0,45.0,-45.0,67807.92695195523,4753.420137795812,4350.858213633052,2612.1790046849665,1710.6212159040124,1708.6851373912784,0.2911287000057618,0.2903835329960468,0.3061845430614852,1.2002609592063491,0.494545558774382,62.4583542362379,9.856855829641662,44.32740164161076,19.14426914363293,0.0049815916505988,0.0037315510232418,0.0006919891549477,0.0040963643578448
768,41.91,0.264789969125898,2188,45.0,-45.0,45.0,-45.0,45.0,-45.0,71018.69776768993,4501.833154840291,4653.761381795611,2652.5807391750445,1832.3655948954545,1895.9049839237327,0.2809380146111604,0.3014095987149964,0.3884523506496214,1.6986771812289247,0.3158366441336542,41.31533897678276,6.462568879855209,29.20634807067848,13.032031222762082,0.0034046746956946,0.0024013424637177,0.0004208327376247,0.0026558772966916
769,42.85,0.2628279399129107,4093,45.0,-45.0,45.0,-45.0,45.0,-45.0,72007.63273368904,5171.851644456287,5005.972786075637,2770.553788661868,1992.804365677078,2080.969667936964,0.2666566733968556,0.262109466702526,0.3403390289714876,1.941697027424469,0.2868449050141159,37.82117303818941,5.859178697882284,26.18231554953148,11.897919147149704,0.002795309349456,0.0021068019939639,0.0003953093809481,0.0023538515861774
770,44.85,0.2538268890954593,3588,45.0,-45.0,45.0,-45.0,45.0,-45.0,63754.95942537159,4326.258715548116,4182.251934367296,2336.895494413004,1637.803774029364,1568.9737757471912,0.2793802674855269,0.2723471653862713,0.3151764968340088,1.648179965140853,0.1916341767960682,24.114766635052653,3.359578605351387,15.921895760580393,6.762288155579603,0.0017647736115901,0.001408128418035,0.0002574511311379,0.0015208718048169
771,48.73,0.1880334570883349,4679,45.0,-45.0,45.0,-45.0,45.0,-45.0,77748.66273951791,4929.529275516171,4648.196681705262,2686.793455544601,1805.4505528571065,1843.8557667789528,0.322366669220274,0.3185781992034898,0.3040796827715879,1.955400069630462,0.1705931796614952,24.574346727261855,3.6259671106683338,16.444690134096717,6.823215151239113,0.0016874962078066,0.0013137203375389,0.0002314111294943,0.0013574285281231
772,63.96,0.2528775996237392,4479,45.0,-45.0,45.0,-45.0,45.0,-45.0,67111.93770787015,4328.03432778969,4027.199254633303,2426.610205500574,1806.517095733444,1762.4503953676908,0.3138224548570273,0.2949506959522944,0.3302851942541373,1.7550599133399911,0.1583642602882936,20.595457253870123,3.134008417917717,13.837562902877997,6.012499574311455,0.00172850191706,0.0012881866278516,0.0002114833964392,0.0013486614630018
773,60.38,0.2251319558988929,4143,45.0,-45.0,45.0,-45.0,45.0,-45.0,60616.44038248724,4114.811936101882,4009.602418581466,2162.1251823841926,1609.3691173039276,1539.6385683469268,0.2428017643320281,0.2454787618217517,0.3560466001540647,1.3259221369706289,0.1843862779219439,21.779975157489737,3.2132442494562903,14.320770324466432,6.512900506817132,0.0018319199726164,0.0014041387855163,0.0002439971206543,0.0015879610024707
774,42.57,0.2970594314918333,2467,45.0,-45.0,45.0,-45.0,45.0,-45.0,77131.56344472783,4878.75932201104,4387.757055211956,2591.1940166420463,2025.876621196361,1910.572253453082,0.2936949070853039,0.2813461317924191,0.2850872513738071,1.7724098709766327,0.349369250573423,46.49195597953273,6.97182559207024,32.251886496492475,13.72575444744233,0.0035561333089882,0.002518762818629,0.000455329820426,0.0029257101816864
775,44.93,0.2399326642215211,2548,45.0,-45.0,45.0,-45.0,45.0,-45.0,76136.69972913331,4883.400690851946,4955.194338410125,2602.569064124993,1876.065527748612,1941.3670158586735,0.2846611881190156,0.272957696856764,0.3710489776505882,2.0330403416674523,0.1569573637932764,22.206026031511385,3.3125273425379023,15.633866043789787,6.493070904745949,0.0015527619445355,0.0012174809415442,0.00019303320566,0.0012714935578727
776,43.82,0.2144902344870684,3967,45.0,-45.0,45.0,-45.0,45.0,-45.0,81268.65203352399,5423.96505679513,5313.890093350168,3031.737834391654,2042.7209328519652,1970.0184447962251,0.2427738514925247,0.24422593666907,0.337799819847674,1.9068397098465992,0.3797367985252782,57.64956268148948,8.631972061574213,40.25082824640495,17.580028069502315,0.0039337357145018,0.003004024857301,0.0004871741802597,0.0032880476916311
777,56.39,0.269797757316766,4609,45.0,-45.0,45.0,-45.0,45.0,-45.0,65496.25681001315,4384.81926573613,4206.76966936055,2580.633280616661,1659.1850278733264,1576.1303012575506,0.3240488827945691,0.2881168739658076,0.3668026858962195,1.2449058902949783,0.3813913239213632,43.94321478809032,6.43323524207273,29.731294947593025,14.13268072307317,0.0038086277694839,0.0026394011709108,0.0004949026798352,0.0031881133532534
778,63.78,0.210196146208895,2225,45.0,-45.0,45.0,-45.0,45.0,-45.0,80958.07677208036,5081.011492686805,4713.6126239759005,2811.5337216094604,2021.5556858820364,2064.7138221963373,0.2627664208938122,0.2476214362074228,0.3137946310763462,2.29612976449012,0.1810645340334502,25.694301567345345,4.158516479715509,18.13692123141305,8.116865078781007,0.0018223108832594,0.001332977508615,0.0002087205963275,0.0014731750586418
779,52.35,0.1877635047096597,4072,45.0,-45.0,45.0,-45.0,45.0,-45.0,68186.06854564694,4316.902162301036,4091.227468146465,2304.834492041889,1709.8681376345928,1857.9098361023057,0.2531735954788532,0.2301794669911409,0.307305897106727,1.5584196860614272,0.2428817415961717,29.93766214652132,4.4707864145298695,20.38316316085229,8.948751839753857,0.0023244639375229,0.0017019395807211,0.0002934476019768,0.0019959193869594
780,54.09,0.2097618397593721,4590,45.0,-45.0,45.0,-45.0,45.0,-45.0,75109.5060633156,5175.5991970673695,4778.007964382738,2771.580889274152,2035.9294483616889,2055.713018555944,0.3053603312150596,0.2829822543014167,0.3510890139424352,2.476836035392386,0.0575582195482659,8.234426433082552,1.2141750645379992,5.557669173184826,2.335789503839895,0.0005873993779576,0.0004352762359505,7.610903728248275e-05,0.0005097559702542
781,51.22,0.2803692056980654,3873,45.0,-45.0,45.0,-45.0,45.0,-45.0,82403.29473791746,5628.660350976306,5142.808289171506,3274.9497939890152,2287.7057623349424,2131.2428986024806,0.2997373744818744,0.2888020651578703,0.3728191749065181,2.257507126831962,0.1641889489488849,25.378629235205757,3.711905972726126,17.96359984846748,7.611707206239242,0.001674218265411,0.0012287178305579,0.0002130690322011,0.0013274245221993
782,56.07,0.2940816807629788,3812,45.0,-45.0,45.0,-45.0,45.0,-45.0,88725.03225220928,5612.398831406613,5303.193359383196,3483.9599458981625,2261.648092682492,2403.2443994676337,0.2722439786243502,0.2674645160005569,0.3433110791186475,2.8054900891935097,0.0516224226430109,8.449517347720919,1.2486763959528546,6.149326786283968,2.5864925053622905,0.0005457815848617,0.0003790207424656,6.549398447496027e-05,0.000425370422507
783,48.08,0.2969884585914878,4058,45.0,-45.0,45.0,-45.0,45.0,-45.0,69925.537527129,4557.036982413692,4279.110648662777,2416.585197527272,1799.4851286917567,1784.3149220586151,0.2557263267412443,0.2419820205014186,0.3745397122469648,1.7015600247312397,0.2941553562094973,36.62380126395954,5.749487150442372,25.72279818634769,10.885051461250365,0.0028560342257514,0.0022026533934489,0.0003640119643671,0.0026196161781014
784,47.9,0.1993294416110769,4069,45.0,-45.0,45.0,-45.0,45.0,-45.0,83031.65361603306,5732.452087764076,5528.441559028783,3194.737552066543,2193.8605457518265,2130.257829057098,0.2960472624079787,0.2512433663982914,0.2985040729381385,2.432218802909421,0.2792500022683172,46.45883711244125,6.973201889190241,31.757550608498903,12.77971677695561,0.0027590051025741,0.002189540627798,0.0003575290324072,0.0023240564493654
785,41.71,0.2047603044211965,3301,45.0,-45.0,45.0,-45.0,45.0,-45.0,68002.79576474095,4553.412620802549,4427.950846220686,2347.954177432201,1754.9539010765384,1700.0389139472304,0.2829885120461036,0.2975256771566844,0.3796761452528356,1.2770867279157565,0.4448090860512569,52.401149790443,8.110660147110032,38.82040791726082,15.88773703350841,0.0043566192713797,0.0033612744851437,0.0006148187076509,0.0035444153722752
786,55.78,0.2549483707350137,3311,45.0,-45.0,45.0,-45.0,45.0,-45.0,68890.87580841547,4093.617113043156,3952.367271183295,2396.9984375120616,1627.4883370759676,1668.5959665858738,0.2831752550509487,0.2829357436147134,0.3377353537504097,1.2855821416210762,0.4822702857042115,54.74656037488593,8.325379489169233,38.9130146099708,16.47541129764518,0.0045327850620701,0.0034708994931417,0.000614215046305,0.0038335906164302
787,46.87,0.2227451994139563,4761,45.0,-45.0,45.0,-45.0,45.0,-45.0,82141.58259727625,5773.431331870741,5482.84515925965,3104.88913357254,2279.7823683075703,2141.427119030601,0.2483580253489516,0.2630416979984495,0.3760126479853825,2.534165846253241,0.2768615307816608,42.6987059428834,6.07075536498546,29.78502141418662,12.326629240833489,0.0026415217614926,0.0019728094055573,0.0003649960355787,0.0022587902779636
788,48.8,0.2613823704708063,1730,45.0,-45.0,45.0,-45.0,45.0,-45.0,82379.92191491074,5438.850288376071,5224.009343863044,2958.170675444017,2073.511710276661,2237.6113799611157,0.2819930280295363,0.2661773451764742,0.30323456263654,2.2866689086178207,0.2544473920845223,39.06575075235602,5.603396662301759,27.944172184915903,11.63479069528669,0.0025695004380226,0.0017712050526282,0.0003068621218117,0.0021624286211774
789,47.76,0.2063474416671228,1803,45.0,-45.0,45.0,-45.0,45.0,-45.0,70653.8539971665,4882.879098514481,4278.352224043779,2783.121566278468,1939.045681646841,1986.164001181353,0.2971733918229418,0.2947080193471844,0.305779306833806,2.0419808887415845,0.1274054308787,16.96475431294813,2.6836360662492544,11.839718566150584,5.496188389336781,0.0012934121128508,0.0009454757605432,0.0001615949409556,0.0011271329336022
790,40.94,0.2469816976817486,3351,45.0,-45.0,45.0,-45.0,45.0,-45.0,83443.51157326363,5048.936604852458,5176.645899067228,2950.514939797509,2094.1296501773445,2236.6606627835067,0.2707393625681458,0.2648225670372232,0.3672454961389198,2.2093791548346746,0.1721524837596126,25.513593796132877,4.119584780032879,18.053954737807736,7.911507994281954,0.0017523450674774,0.0013705099947219,0.0002347448218256,0.0016003021751296
791,60.79,0.3004024976236039,3010,45.0,-45.0,45.0,-45.0,45.0,-45.0,80963.4709190511,5233.530457560031,5081.453577231985,3166.22366841157,2150.428603984511,2046.8046508767527,0.2912806341965786,0.2889240716694721,0.3768749152878814,1.9662660928004665,0.3874203066794213,61.29395249189693,9.588723656498503,41.62738374541242,18.953373764415403,0.0041650486782623,0.0029283084263014,0.0005275322382012,0.003365177240144
792,56.12,0.2639605547426613,1814,45.0,-45.0,45.0,-45.0,45.0,-45.0,66202.79679971293,4170.951044517619,4052.883562035081,2534.8001442592235,1793.6632316342564,1761.2408549151446,0.3045104462322007,0.2992361550180867,0.3064377733083863,1.6784304117091242,0.3215942216006896,36.360699083189054,5.514899579457044,25.61799129370644,10.838860660021648,0.0031577054323398,0.0022047346471196,0.0003820430853326,0.002575777683895
793,55.38,0.2201314966076114,1869,45.0,-45.0,45.0,-45.0,45.0,-45.0,63490.37771211885,3843.8991671766416,3878.8966289611594,2360.592982550588,1524.6388881305356,1529.2024023895435,0.3046879762925888,0.2808439069538505,0.3141709821626204,1.0269249797928524,0.5327542751640156,55.99946573817583,8.633502166876566,42.12327980820037,16.547325816975174,0.0051325355373031,0.0038070321217065,0.0006517008973491,0.0044945299771538
794,49.61,0.281750465700901,3576,45.0,-45.0,45.0,-45.0,45.0,-45.0,71419.34018164771,4586.472625771978,4309.104761652118,2529.4556145741567,1789.894499198073,1771.2182312346222,0.2441211185434571,0.2488418075960962,0.3748953833464274,1.7154593402777532,0.2776219321174721,36.572897218997575,5.383551560875755,25.657856509292163,11.51975948772757,0.0027405135986732,0.0020484659450067,0.0003642540532817,0.0024216725241238
795,53.86,0.2032721353925243,3877,45.0,-45.0,45.0,-45.0,45.0,-45.0,70666.95120737412,4824.541298029443,4379.372277908868,2636.2858215297365,1763.8510284329975,1850.138101005827,0.282005247412789,0.2662107187540449,0.322713761366196,1.4532444024098763,0.381221277517557,53.69736739801915,7.527192823518987,34.766640984105294,15.379882559836172,0.0037509638168346,0.0029826526598485,0.0005014848105864,0.003328356923873
796,58.47,0.2742801444124868,4743,45.0,-45.0,45.0,-45.0,45.0,-45.0,81009.67122790968,5072.665758251161,4959.585967163568,2681.5968607759924,1972.2960484281348,2023.542024064173,0.2550600008564031,0.2336645955869354,0.3829376225054052,1.8734062188099576,0.4182451233975721,53.81409258944556,7.889463248339293,39.64326277331077,15.849895960022032,0.0040113663985739,0.0029795557013729,0.0004956373241783,0.0033419454753555
797,51.24,0.1994492025674179,1668,45.0,-45.0,45.0,-45.0,45.0,-45.0,69049.10344245129,4561.33981473785,4352.952876137193,2537.6668182157364,1879.836494530293,1751.3411715948837,0.296573730300382,0.293544967187264,0.3192566529028639,1.4158765764869217,0.4185464240664373,53.897329670839184,7.926722269524506,37.02961165809673,15.81295796455739,0.0042257283317935,0.0031322328550894,0.0005689493717345,0.0035308657366109
798,54.29,0.2141365952765992,4817,45.0,-45.0,45.0,-45.0,45.0,-45.0,87153.55860139403,5046.618577740412,4500.995999884663,2905.2394184272093,2007.2035296221177,2027.6020082474972,0.2754619584927292,0.2445820933283246,0.2958696058561897,2.495978253354949,0.1819286341606294,26.70839660424724,3.791961986547574,17.90056471028236,7.609974041732522,0.0017866544054344,0.0013444121539351,0.0002267896148786,0.0014592747786595
799,48.04,0.2269903409499916,2271,45.0,-45.0,45.0,-45.0,45.0,-45.0,88524.0051774451,5650.958502107413,5407.311052163968,3184.8965224308813,2176.152079758528,2232.2490142696984,0.295094354928083,0.2763246309240107,0.3276646835844155,2.6605211692909285,0.1161176181947626,20.31542826974812,2.9112515709632434,13.261828921290832,5.630167456081504,0.0012313773517488,0.000865115078363,0.00015791037262,0.0009584038622794
800,52.53,0.2504376626753083,3448,45.0,-45.0,45.0,-45.0,45.0,-45.0,81030.49482246053,4836.057259264751,5166.360343197726,3109.924957466372,2150.762201957745,2191.869082536237,0.2568947753808935,0.2590824318427421,0.3389726194675184,2.087792265931601,0.3607358913584398,53.48010890174955,7.435829469017698,35.103887703825635,14.912487951826902,0.0034777479040044,0.0026072334823994,0.0004296520634983,0.0028977849042034
801,51.26,0.2137348133498065,1753,45.0,-45.0,45.0,-45.0,45.0,-45.0,82638.4630968538,5622.221950954212,5269.042620933314,3170.850698167675,2356.4026887446653,2271.3622855426333,0.2759939990154664,0.2616897414525843,0.3530523378116132,2.3900194061835056,0.3252393856261626,46.55976430505469,7.234476907424661,34.582487266717585,14.609677067309454,0.0031480964113823,0.0023229064705069,0.0004050204749581,0.0025685214674039
802,62.48,0.2593422798645867,4821,45.0,-45.0,45.0,-45.0,45.0,-45.0,73691.90916463133,5275.294902057393,4990.544115455922,2757.8582128786456,2037.9405165638025,2007.1433446922076,0.251659944083992,0.251548125841723,0.3233160360938161,1.965848223316036,0.2096144652913918,29.423716690954027,4.609157038212829,22.064220017516924,8.480901713233385,0.0020491826277266,0.0015365946789433,0.0002811930043523,0.0017824316461975
803,64.56,0.2677945453414441,2906,45.0,-45.0,45.0,-45.0,45.0,-45.0,86920.8364568356,5347.243923129416,4994.997084835698,3152.9978465784047,2246.3043047710617,2102.447503771834,0.3080359281155131,0.295378335122413,0.3368562849161825,2.7888783077991963,0.1167344392075153,17.39980176602385,2.673020567743463,11.995305545933029,5.247079863973966,0.0011366246668824,0.0008062960577225,0.0001471507524202,0.000941085414237
804,52.61,0.2730897853442094,1845,45.0,-45.0,45.0,-45.0,45.0,-45.0,77406.63954827732,5604.941985082069,5216.108936478256,3014.731122290919,2251.506258248808,2061.0226112493465,0.2988975040280722,0.2716654831303829,0.3246315880219682,2.0801738114293165,0.3868591233505918,60.344079568617126,8.779287326193925,40.81056009647367,17.685927438868415,0.0039974312755012,0.0028035703571643,0.0005001042902434,0.0033103269981384
805,40.98,0.2599080751220821,2206,45.0,-45.0,45.0,-45.0,45.0,-45.0,65222.27581627916,4168.518387375348,3852.2012986938103,2317.6821471917497,1574.9977085007536,1543.2736595223848,0.2394523406389566,0.2293129876704573,0.3490788171150165,1.3872933482026,0.2617210526780319,29.243879259555392,4.195561318693575,21.181005713412507,8.44515012253027,0.0024033478852744,0.0018178402094234,0.000330702857691,0.0019889550113187
806,50.94,0.2838197402773126,4398,45.0,-45.0,45.0,-45.0,45.0,-45.0,81640.40743473677,4972.712023722132,4986.37507387402,2871.914721228456,1983.0896750170823,1857.8370186172217,0.3145963789533196,0.3064248546746689,0.319548009318957,1.8806123690501804,0.3155049959831919,44.10447008750514,6.486021254865349,31.10928554599678,13.605632037833306,0.0030922612316323,0.0022911893146445,0.0003955636634034,0.0027429011784206
807,53.1,0.2487369882193756,3299,45.0,-45.0,45.0,-45.0,45.0,-45.0,70699.98479289291,4540.988993027588,4358.252844751188,2481.64827525941,1738.2692525199502,1709.9640607567264,0.3221660250390631,0.2925544333322274,0.3033431853784086,1.1800550457043597,0.5043310425968114,66.37837755027658,9.877031570526572,43.68500059012356,19.5205714861839,0.0050103044770315,0.0038904144686378,0.0006644640504975,0.0042499554183018
808,43.97,0.1974334099416428,3997,45.0,-45.0,45.0,-45.0,45.0,-45.0,68362.93127215728,4689.765765670057,4410.026944413072,2589.267561678285,1848.825856106083,1878.9075850751688,0.2659391274588645,0.2523230093841617,0.3352291469631095,1.7490176759770812,0.3691584188106205,47.30185352344116,7.240380748198857,33.60531240250383,14.592466809259228,0.003729364353587,0.0027419280695272,0.0004998881375478,0.0031100765315482
809,62.95,0.1846541273896033,3027,45.0,-45.0,45.0,-45.0,45.0,-45.0,70635.82863256568,5228.296854295294,5184.72791288252,2787.139827974323,2069.2430309356328,2056.97416978626,0.2497358655184697,0.2511527727499579,0.352534609133408,1.9091864157203096,0.2706297763863476,39.35072917317239,5.879592647929848,28.206811413279443,11.942579268492622,0.0028341730264085,0.0020967430827839,0.000374647318624,0.0022623456972409
810,50.22,0.2755205273582919,3086,45.0,-45.0,45.0,-45.0,45.0,-45.0,67709.8471130871,4179.623780352151,4043.872449903986,2320.9851091188675,1744.8802850501954,1761.1411669699276,0.2402828201843418,0.2360000291608208,0.3716007705526162,1.2251508294255935,0.5146128457809099,55.11251053941064,8.930167664151984,39.90031802983086,17.984358878192495,0.0048243182861346,0.003840110094524,0.0005825838923927,0.0038627822005241
811,56.97,0.2815837933567235,2885,45.0,-45.0,45.0,-45.0,45.0,-45.0,69511.03313784796,4572.950550781294,4212.713751120134,2438.6970506123657,1935.390901174476,1731.966265434021,0.328117372723697,0.2861322360718136,0.364347391109925,1.458100666938035,0.2520819157423418,30.332545617348234,4.457824893915862,21.362539387200936,8.994143235621554,0.0021737672420234,0.0017840343096545,0.0003138929070683,0.0019960517799101
812,59.73,0.2512728479214548,1714,45.0,-45.0,45.0,-45.0,45.0,-45.0,71490.98024359047,4538.073341982043,4177.0645215329705,2574.252224568271,1846.9378729591792,1777.599836599139,0.2801148356994749,0.286130991815835,0.3467990554112495,1.6614342667158877,0.2658048327774093,32.76000083795156,5.04919565527871,23.1999677629332,10.05699968910682,0.0026818768483096,0.0019003023809367,0.0003420976909511,0.0022232625259779
813,48.37,0.2242323175253989,4151,45.0,-45.0,45.0,-45.0,45.0,-45.0,89872.55064154617,5453.25242557737,5209.40100323244,3054.260703995647,2167.4560056453447,2075.231188387804,0.3041300217152238,0.2947847180596612,0.3526479460213638,2.0375426260942087,0.4023516848394413,62.60675732653146,8.98004751809983,42.3280269728315,18.601717179220927,0.0040198366603026,0.0029948459388711,0.0004995357747959,0.0032501243394091
814,42.36,0.2032721353925243,2850,45.0,-45.0,45.0,-45.0,45.0,-45.0,70666.95120737412,4824.541298029443,4379.372277908868,2636.2858215297365,1763.8510284329975,1850.138101005827,0.282005247412789,0.2662107187540449,0.322713761366196,1.4532444024098763,0.381221277517557,53.69736739801915,7.527192823518987,34.766640984105294,15.379882559836172,0.0037509638168346,0.0029826526598485,0.0005014848105864,0.003328356923873
815,49.66,0.185724511720056,4278,45.0,-45.0,45.0,-45.0,45.0,-45.0,76648.09160998155,5418.445166167186,4728.906569217114,2767.9685411284786,2027.3931722305897,1978.3477619203604,0.2818497791315698,0.2589270040427593,0.3549175157658293,2.3977420908866924,0.0581006952961727,8.79975049394351,1.1702624480461596,5.570367011598511,2.4716532016064323,0.0005925956234148,0.0004387497507566,7.470281380547976e-05,0.0004630526250958
816,58.09,0.2368644539158726,2532,45.0,-45.0,45.0,-45.0,45.0,-45.0,79109.64148816063,5389.665423509659,5084.254164768512,3025.6848432664297,2022.3743880505192,2064.112777807586,0.248417918133816,0.2510026496891723,0.3531758388308675,2.1130358853187565,0.1540094700478867,23.11931232719279,3.4516434197871693,16.130612459176138,6.752429806422698,0.0015572441088124,0.0011688187726218,0.0002195534521707,0.0013018213018538
817,64.11,0.193241250438725,4189,45.0,-45.0,45.0,-45.0,45.0,-45.0,67790.12799051548,4863.004933284396,4303.352565518838,2590.3638447375624,1833.5906915940088,1825.8178730253856,0.2661184085861408,0.2483575488685954,0.3542495071149317,1.8506184134191812,0.3709279884097307,51.85445937215039,7.124029406584643,32.762032547681905,14.492720987888475,0.0038407676578462,0.0027282676142312,0.0004693460537291,0.0031316806863902
818,61.83,0.2579985949540137,3968,45.0,-45.0,45.0,-45.0,45.0,-45.0,78209.09536600723,4865.444535956289,4533.319317284382,2781.366535790221,2027.202004446002,2048.210890470657,0.3030078116143408,0.3210635255016038,0.3629564773550792,1.7635120991117066,0.4558543249186029,60.98460780902153,8.977203267742146,43.24586424788777,19.49419167140112,0.0044316637833431,0.0032836570005226,0.0005605557470045,0.0038485422126092
819,42.04,0.2206240268615509,2865,45.0,-45.0,45.0,-45.0,45.0,-45.0,87287.34516162184,5688.205900146048,5307.241060063401,3430.254140244246,2302.1723632467765,2296.8831025682416,0.2666062554963703,0.2451332711758486,0.3412284703281367,2.598725969227331,0.2549929592697607,38.66954321546219,5.940478517240466,27.668733071063564,11.618987452950742,0.0024434331397419,0.0018631127247467,0.0003080357374257,0.0021966391597499
820,43.54,0.2728924735417674,4218,45.0,-45.0,45.0,-45.0,45.0,-45.0,64250.30028756784,4259.747392535484,3908.594002558578,2390.602281702392,1710.0157671058507,1658.4272979455022,0.2873039615972831,0.2898853676701207,0.390859668995711,1.237933281432744,0.1508661651970113,18.483618150939517,2.6162604611680957,12.082596940352197,5.538175968851406,0.001535731159825,0.001164536155266,0.0001998851025737,0.0012800146927058
821,47.76,0.2218523572734189,2932,45.0,-45.0,45.0,-45.0,45.0,-45.0,75054.81742813432,5069.430420225811,4905.157098569098,2824.232618607675,1954.6091987187767,1892.3332800445428,0.2627081055454484,0.2640071574249364,0.3721363359406111,1.9894151802425728,0.2166010108935272,32.75879989174525,4.897032548019772,23.57985478749783,9.34178949559139,0.0023553476722635,0.0016387862760202,0.0002912191087263,0.001954031093126
822,57.46,0.1799907243074569,4187,45.0,-45.0,45.0,-45.0,45.0,-45.0,75426.08654889031,5015.063125678889,4584.015311102241,2622.850782349952,1849.579922511372,1958.5941042316776,0.3019482786114551,0.2918667116877039,0.3377868283408497,1.5410948437468466,0.3546792692644006,50.179758849298345,6.609108116064811,32.70883622908785,14.625863780167888,0.0035181781811685,0.0025640008740875,0.0004498643931839,0.0028838264660807
823,43.22,0.2812545974033205,3105,45.0,-45.0,45.0,-45.0,45.0,-45.0,79866.48061180227,5094.905158512953,4889.382109609043,2977.680745697231,2068.8351236668527,2131.133859176366,0.297476593704966,0.2595675156392164,0.3750613802952684,2.0908546155224994,0.2701065341897321,39.31745974584968,6.095531321951368,29.205127345154885,12.19450172498128,0.0026130206103199,0.0020583326450089,0.0003576040722894,0.0022382442591432
824,63.45,0.2299764296955043,4403,45.0,-45.0,45.0,-45.0,45.0,-45.0,72919.34930332811,4935.971124058201,4314.665273790175,2969.351651996109,1954.6794284685436,1963.3161015419928,0.2933265330840506,0.2992745021650557,0.3486780250252095,1.4944102501585017,0.4436597163998937,58.15459739957248,9.035692693313688,43.78397900591504,18.38266948912253,0.0045528604549453,0.0031809423144688,0.0005830789749951,0.003781387737259
825,53.97,0.2860818375252618,2768,45.0,-45.0,45.0,-45.0,45.0,-45.0,71138.12933604611,4870.54848242026,4468.710070947977,2667.8009425124883,1904.8111983260571,1870.083398748488,0.2459328959910544,0.2371258202248293,0.3551395710493926,1.741131013792462,0.4643217402889195,65.74014497159185,9.761483814247246,44.705426951206974,19.273413902207047,0.0046302242120836,0.0036233767955323,0.0006385962762094,0.0040354786935397
826,59.79,0.220881768370239,4135,45.0,-45.0,45.0,-45.0,45.0,-45.0,77144.90879167344,5333.323241524038,4781.355723656911,2939.184369276571,2143.3366070714933,2179.559641691869,0.2745661865731583,0.2581474549603885,0.3643060483708826,1.9432933522379527,0.3288449643823736,49.021878510895625,7.584655581204695,34.977471761797666,15.16677190002614,0.0035105537049467,0.0026045368938627,0.0004522113990301,0.0029127171426439
827,43.19,0.251431170200983,4830,45.0,-45.0,45.0,-45.0,45.0,-45.0,59243.83607894249,3868.852630267128,3913.8595497945794,2309.8880952463937,1581.231437145994,1635.4658853837911,0.2972487336049495,0.2766978786025301,0.3637250469848012,0.9292302537301768,0.5640127123908684,63.49182834508149,9.423741812588434,44.03316612424507,19.449499875681425,0.0057399386483186,0.0037578236229507,0.0007281218361232,0.0050671757746824
828,60.72,0.2673287904842486,4378,45.0,-45.0,45.0,-45.0,45.0,-45.0,63355.316552232296,4338.779621241507,4218.077280506671,2362.353223285179,1648.7664757984824,1691.8914355108857,0.3017815977122992,0.2864347527726169,0.3612802161376242,1.8219867058698729,0.0967150587317703,11.965429231093024,1.81515547023444,8.4780844623048,3.6472751145396898,0.0009793506918545,0.0007580466633274,0.0001377902068434,0.0008155720206795
829,64.93,0.254988897604223,4526,45.0,-45.0,45.0,-45.0,45.0,-45.0,66865.8980744425,4494.275190042898,4076.875501104785,2567.3840484673005,1658.878329997459,1634.4509570667708,0.2790879828873067,0.2891451093534651,0.3152728134596476,1.7833267125853958,0.0865649317575344,10.214475754764903,1.4580599463896513,6.727678669873945,3.079115702220532,0.0008227296472692,0.0005625953956313,0.0001031611903521,0.0007133191544276
830,42.34,0.2465368160728504,3656,45.0,-45.0,45.0,-45.0,45.0,-45.0,71865.57117403459,5032.88715490294,4884.476388846279,2640.441209065558,1956.5345746428648,1783.371770264077,0.3098728714067189,0.2996482133000766,0.2929264385369867,1.927284972692617,0.2338812068136998,30.312729437874065,4.777026380675849,22.0384435230495,9.297383928403706,0.0021157689702729,0.0017803622948773,0.0002961426274329,0.0020091178942262
831,50.59,0.2693056590880086,4246,45.0,-45.0,45.0,-45.0,45.0,-45.0,86141.77257766173,5804.023607999044,5425.7441251728005,3067.5147200185343,2218.288755684372,2184.527121563651,0.284080435345689,0.2696924662977719,0.2994232583874825,2.6065232628655264,0.0953670972225166,13.982768716718107,2.1343176988897623,9.967358294319862,4.414478055758456,0.000922551601956,0.0006858681923148,0.0001236972530255,0.0007334206106825
832,40.46,0.1988317455397339,2982,45.0,-45.0,45.0,-45.0,45.0,-45.0,85424.2057363383,5704.817978442338,5580.146523597263,3138.788042913639,2171.386438497966,2304.3008494589108,0.2416301843296295,0.2406886464013956,0.3506514683426829,2.075349203174621,0.4099743899532995,62.25017615344003,9.659893695163143,45.14450398902567,18.915691198727743,0.0038480243364931,0.0029763343925013,0.0005167504621163,0.0032885847213622
833,44.51,0.3223176257755818,2765,45.0,-45.0,45.0,-45.0,45.0,-45.0,85545.71554328866,5598.400009781924,5208.503478428922,3237.0861859649167,2149.8712142091917,2236.461725113504,0.2879854081987327,0.2839814089073133,0.3445268060449337,2.2523715457540803,0.3978431500078496,58.99859950326502,9.058560254238545,42.88330035224949,18.314787915431687,0.004064501353952,0.0030442092270165,0.0004852476968779,0.0030840844855093
834,48.54,0.1753814603289548,2377,45.0,-45.0,45.0,-45.0,45.0,-45.0,89046.43327271819,5903.8487935662,5672.037965767211,3264.1356376497247,2243.4090047614286,2245.452792936923,0.2523123412691254,0.2314319367501223,0.3360404468100363,2.2569271413688443,0.3100123716382728,54.38869904103447,7.910591514955686,35.47259708877109,15.16557038661731,0.0032678028994551,0.0024313807126729,0.0004334033942385,0.0025963098649962
835,52.16,0.1955931196478457,4638,45.0,-45.0,45.0,-45.0,45.0,-45.0,60882.35899490998,4159.725830357324,4020.039473277447,2307.061920027121,1620.9781027014644,1692.620462632162,0.2711080323656322,0.2609592365912597,0.3787389057607324,1.188317713211402,0.5067110033657409,61.684237867662986,8.956529249686593,43.9382904861879,19.247133621488533,0.0050728091175187,0.0038502518302246,0.0006537788874271,0.0041980246435484
836,65.0,0.251806318134563,2427,45.0,-45.0,45.0,-45.0,45.0,-45.0,65466.23763049209,4354.087035770724,3984.028517602257,2408.1308100219794,1677.3329108990642,1676.647732208697,0.3050208939882535,0.2977062565773511,0.3102235437106653,1.478363448959792,0.1259408988175166,15.491652075410045,2.1650811694136314,11.178770514989315,4.603865445256103,0.0012828813448173,0.0009625335222961,0.0001541842035861,0.0010817264275039
837,41.93,0.233739863827121,2134,45.0,-45.0,45.0,-45.0,45.0,-45.0,72197.8678655443,5008.89452645796,4948.1565181128935,2885.7612578651024,1946.0896415697807,1817.4145504754108,0.3225159008658045,0.3042353303236882,0.3260888495407898,1.917945980212617,0.0823085019634822,11.873762362854226,1.8099224249646164,8.541522753738928,3.498155425148452,0.0008368918000867,0.0006431267739571,0.0001102906656722,0.0006952276532865
838,59.7,0.2564716007322389,4958,45.0,-45.0,45.0,-45.0,45.0,-45.0,71736.03700820549,4288.063878200032,4239.277194556673,2303.0846575548235,1777.322602180358,1676.1280093001997,0.2406450313436927,0.2422818563422626,0.3457688980957332,1.778793666096819,0.1498088319447418,18.51651951971294,2.7565225659981314,12.504558724770202,5.349060916953283,0.0014192355936382,0.0011605140986378,0.0001894534218823,0.001238721695052
839,59.27,0.2584147210666578,3579,45.0,-45.0,45.0,-45.0,45.0,-45.0,66836.18392053826,4641.632458305289,4188.289900220287,2783.619333737372,1855.728905113596,1840.445885695388,0.3142875077965656,0.3005800540665148,0.3253304346996464,1.9101775730085124,0.2625221410737724,36.25974612049462,5.3247396853730695,24.03676910717176,10.11497334284146,0.0027168949987463,0.0019321976900312,0.0003290529622898,0.0022910761181068
840,58.47,0.2252144105374106,4920,45.0,-45.0,45.0,-45.0,45.0,-45.0,77519.75041943588,5123.126138752401,5169.276439828544,3133.824419338652,2078.654507398284,2055.390344002049,0.3054441478555933,0.3162705571069164,0.3914742995118085,1.916525870850392,0.3722333744658928,55.75194674613221,8.83024234707922,38.691124410133405,16.77153787884936,0.0038430169703814,0.0028377613158748,0.0005118834868984,0.0031958076014807
841,40.94,0.2960145801999724,3656,45.0,-45.0,45.0,-45.0,45.0,-45.0,85009.40003340367,5885.425042802808,5568.5026571750805,3197.125066173039,2122.901010072491,2128.6674452235,0.2916203138401465,0.2824380876389497,0.304700718670917,2.558711196988035,0.1411965777791103,20.092469805765013,2.9540649696359176,14.566418452664154,6.237555524911873,0.0012223392638731,0.0009618843668218,0.0001613879377564,0.001056269473783
842,61.91,0.1855922177358641,2879,45.0,-45.0,45.0,-45.0,45.0,-45.0,74000.76396450821,5026.119041981666,4878.55788000151,2937.545525434205,2013.5310356470984,1974.3800583991929,0.2395038113422286,0.2413456396731013,0.3715218663428367,2.1244322211337283,0.110215939525587,16.78780812212132,2.598724172799941,12.210513490213929,4.971332208712711,0.0012470809785794,0.00083265813754,0.0001520605325514,0.0010005858976671
843,43.28,0.2329205670305961,4031,45.0,-45.0,45.0,-45.0,45.0,-45.0,64366.26158176091,4505.195719062177,4498.479310332226,2469.6640727959248,1900.940808685121,1751.036111426672,0.2877174492211898,0.2670449273547112,0.3295219234384584,1.519235467847279,0.3174655415611007,41.38361420658309,6.079675107839472,28.7562011433384,11.53048028090715,0.0030733839818461,0.0023859148282469,0.0004200047960525,0.0025626546446793
844,43.86,0.1721450922364133,3043,45.0,-45.0,45.0,-45.0,45.0,-45.0,55777.18603804126,4418.423390524053,4076.320447594449,2194.5541936265263,1675.6767602939406,1667.2388811309877,0.3156949543427211,0.2878327207474754,0.311405966117303,1.2839690970031876,0.3547622739086959,40.76818248195106,6.16290056890247,28.31931489123592,12.381944873915463,0.0035638406916115,0.0026845766658141,0.0004870632552028,0.0030567564430988
845,60.78,0.1969641347123336,2240,45.0,-45.0,45.0,-45.0,45.0,-45.0,68251.51049525934,4662.892602963562,4565.955151720292,2654.9190184792656,1794.1409471129004,1843.8687664538936,0.2666068182521067,0.2412183729663911,0.3282157045168521,1.6422807135741024,0.2564485105020956,32.09805889733965,5.244268949229513,24.25338287570035,9.76093712158474,0.0025733429462232,0.0018654831848456,0.0003669727088028,0.0021547783855252
846,55.62,0.2078930162938991,4658,45.0,-45.0,45.0,-45.0,45.0,-45.0,61820.53778760475,4340.287689319201,4207.828254824538,2022.1496353863936,1561.2951937559671,1509.7909066951918,0.2535125210964072,0.2608084559086882,0.3706728924150133,1.103165382486651,0.2032497659406431,23.116094985720924,3.4699521521253964,15.913806489749623,7.043152133499531,0.0020206234149085,0.0016507753403655,0.0002625186241531,0.0016045268971668
847,58.03,0.2833405543823252,2178,45.0,-45.0,45.0,-45.0,45.0,-45.0,81273.8812582763,5012.413150149568,5015.72357300621,2898.15737655538,2111.4366724929123,2189.2218602116604,0.3038773921135252,0.3036956641691709,0.3238688818107335,2.371485879882959,0.1390874136224943,20.530986753779715,3.0898491363949554,14.450506415019632,6.266354330599356,0.0015042995205067,0.0010716164374016,0.000173983781313,0.001266032827758
848,50.27,0.258789448443176,1678,45.0,-45.0,45.0,-45.0,45.0,-45.0,64095.794038051965,3930.094920719911,3887.962238751763,2175.574762747231,1601.4984785367903,1490.1551343194608,0.27624415543927,0.2590597626712613,0.3712477840037751,1.2717836426330562,0.1703895972664787,18.889183170917093,2.9609342233245246,14.042746855735649,6.09761482900431,0.001701698407298,0.0013450331391809,0.0002246294116736,0.0014255144657856
849,57.99,0.2572059337299039,4270,45.0,-45.0,45.0,-45.0,45.0,-45.0,78170.06476158243,5307.117843582791,4829.893974585175,2842.419227981233,1911.4220373578248,2028.352392017062,0.2568374214859545,0.2395845970369801,0.3357060993885229,1.9766483867384976,0.3241749545604662,44.008614009235366,6.90390366308266,32.615332926420365,14.50795290641,0.0031907030792837,0.0023139252250688,0.0004237146515507,0.0027801603658726
850,55.26,0.2380166872258202,3319,45.0,-45.0,45.0,-45.0,45.0,-45.0,70263.8441109104,4969.953165182629,4805.844302393786,2588.046436652478,1769.3402698485695,1744.0883877635133,0.2625376781796112,0.2629621494345313,0.3171729428122763,1.6511153659224516,0.2035247943312175,27.63733813692688,4.123580628140053,19.729491488094077,7.9373251474013635,0.0021557221814222,0.0015875099126643,0.0002933550313872,0.0017542093726202
851,58.71,0.2661668109819249,4581,45.0,-45.0,45.0,-45.0,45.0,-45.0,63364.37731181113,4140.538580251826,3984.396480584837,2396.4670366103283,1573.2195604224555,1678.047487863477,0.2614418386453963,0.238291135975021,0.3558819848768207,1.270070092779796,0.322256320910118,38.85004321831652,5.783345741263141,26.4971328932102,11.163417425823871,0.0032714436093046,0.0025334208483508,0.0004177284306062,0.0029813192613058
852,45.85,0.1811215555637135,3338,45.0,-45.0,45.0,-45.0,45.0,-45.0,62709.781572460495,4170.278975334302,4061.192462010996,2230.1317435565875,1629.909944637258,1668.0119383846447,0.2973578756892536,0.2950078432019422,0.3265596896603931,1.10776820975799,0.4386665854138503,50.24697993505184,7.239861835216044,35.45740295535387,14.532211869134064,0.0041547466828574,0.0032440460289877,0.0005796270893917,0.0035040862227404
853,47.74,0.2427285970505092,2479,45.0,-45.0,45.0,-45.0,45.0,-45.0,86523.25980977982,5993.958619135329,5560.625966367396,3041.011540554351,2318.987835255152,2244.850781202709,0.3316825931482432,0.3002325841487714,0.394384429398179,2.8317866442509154,0.049089173379242,8.678550924109292,1.241968071726679,5.945118963685222,2.662570439313005,0.0005201049409817,0.0003936622134267,7.039486715004821e-05,0.0004496443755793
854,59.61,0.2412303274224663,4812,45.0,-45.0,45.0,-45.0,45.0,-45.0,65776.7256399977,4248.986497678978,4119.782048827296,2376.498905948741,1553.9532235647828,1666.3067088473751,0.2465655741464137,0.2359658886497395,0.2875983100693005,1.202570951358716,0.3697091325582991,46.107647148441245,6.5518293583587965,30.49095631243295,13.79467758256584,0.0040701677930002,0.0027965687648041,0.0005075953411197,0.003296366934148
855,44.85,0.2357960458214703,4920,45.0,-45.0,45.0,-45.0,45.0,-45.0,64238.687389964245,4036.7432045614983,3955.6263391813454,2540.361588268874,1758.6381520943291,1717.6614076778128,0.2777450081691458,0.2545439273554755,0.3530107415973042,1.7150337879423816,0.2348462815954863,28.06398695086939,3.947667483799243,19.5526387432322,8.177130469077099,0.0023626737031402,0.0017275980236735,0.0002899021267363,0.002091580249414
856,63.68,0.193896187303006,4278,45.0,-45.0,45.0,-45.0,45.0,-45.0,70997.15990754963,4254.698037420017,4285.829057930591,2506.8468251716367,1884.979726117335,1793.0293243545618,0.2388935712682521,0.234604216578681,0.2930401893368284,1.5351409073601223,0.2484062500601712,29.263224271835263,4.338362913034562,19.670596022276083,8.479495413431028,0.002315638543829,0.0017846441614878,0.0002977382087528,0.0019697465117603
857,51.54,0.1988317455397339,3304,45.0,-45.0,45.0,-45.0,45.0,-45.0,85424.2057363383,5704.817978442338,5580.146523597263,3138.788042913639,2171.386438497966,2304.3008494589108,0.2416301843296295,0.2406886464013956,0.3506514683426829,2.075349203174621,0.4099743899532995,62.25017615344003,9.659893695163143,45.14450398902567,18.915691198727743,0.0038480243364931,0.0029763343925013,0.0005167504621163,0.0032885847213622
858,59.45,0.2207207994548204,2654,45.0,-45.0,45.0,-45.0,45.0,-45.0,69455.26815022736,4778.200789455209,4447.724959626615,2862.495829906812,1700.6060089464468,1765.0455938292266,0.2793578136811863,0.2884874407345866,0.2844600272480053,1.5582672264226158,0.5071877827314708,62.22045522031702,9.77606068066726,45.62407441501266,18.401028654361436,0.0050959812102662,0.0037259214213665,0.0006441841622362,0.0043348158179281
859,53.19,0.1916123681690617,3559,45.0,-45.0,45.0,-45.0,45.0,-45.0,89933.85793424974,6022.820802920031,5328.471781285402,3335.5924825724883,2200.234663439411,2197.0649999162656,0.3004945257686695,0.3018074611229632,0.3117432290726526,2.2771557918003875,0.4171168883304604,68.93592086429078,10.0603208703483,45.53379033504106,20.866591977126426,0.0043161897279509,0.00312460303239,0.000553722602745,0.0034958442999339
860,60.42,0.2499307192469153,2163,45.0,-45.0,45.0,-45.0,45.0,-45.0,63637.78060331689,3937.007103078429,3703.0708753530894,2224.05750621331,1565.0170313070364,1622.3973365589932,0.289352782919492,0.2897662725012597,0.3365981613086964,1.4563269797105072,0.1367139539885593,14.169928889905192,2.359994646516296,10.512120106821577,4.624095566461492,0.001305000247418,0.0010309531978432,0.0001754497450113,0.0010584921469028
861,55.12,0.2034950704730934,4781,45.0,-45.0,45.0,-45.0,45.0,-45.0,65613.40087388425,4813.893378354317,4318.715154822799,2557.117110234908,1621.795997869941,1654.0534040323755,0.2733370642386101,0.2756835750890104,0.3419005396926502,1.4987942770331553,0.2203077567685987,28.79225149804966,4.125202932486557,21.487904277685114,8.573373303902603,0.0024643084360475,0.001813783536753,0.000316661018461,0.0019615085077216
862,41.3,0.1809962034310917,2524,45.0,-45.0,45.0,-45.0,45.0,-45.0,67290.4127190227,4703.755729628573,4480.420040910701,2310.5424004983934,1816.2178705902063,1896.83794747144,0.2324511930775351,0.2392541460794392,0.3799689882376184,1.539755383672672,0.4375491270370694,56.65973507540492,8.18782116225843,38.06975386657605,16.272938621156356,0.0043380902531584,0.0032593231149537,0.0005783636440464,0.0033824368468909
863,61.85,0.272930919933343,3468,45.0,-45.0,45.0,-45.0,45.0,-45.0,82067.89630788087,5665.39425174422,5445.373025785425,3086.6130606439606,2325.1958113160617,2264.3823022458814,0.2459502797679034,0.2383088221670738,0.2982476372694286,2.3362130999096697,0.2352552518592927,36.44259475569002,5.660891467990285,25.9479496788307,11.958349299244096,0.0022495861407167,0.0017830317477562,0.0002942505028913,0.0020253773874365
864,63.36,0.2857448047773205,3771,45.0,-45.0,45.0,-45.0,45.0,-45.0,67651.48864966804,4424.850463629134,4108.179848152649,2245.478737445184,1499.8300789164778,1449.3870504897304,0.255015448761643,0.2376752733859999,0.3481567691251154,1.3397871744013723,0.1439633827366941,16.185231974927852,2.5977221418325325,12.289147289235332,5.138215143984359,0.0014019362946,0.0010700461642841,0.0001781702686843,0.0011613271540006
865,61.15,0.1949675110692667,4413,45.0,-45.0,45.0,-45.0,45.0,-45.0,72350.07435382772,4764.072226825325,4194.918028515463,2885.7288972943784,1894.4602371402316,2008.1685326234735,0.248767607088534,0.241085022749827,0.2983066730533213,2.0577941023184514,0.0840414028806777,10.96955232770716,1.7213566562866665,7.445050211363938,3.336031344556328,0.0008122077333107,0.0005794460451437,0.0001060851597112,0.0007342794344668
866,43.12,0.2605022881826825,4986,45.0,-45.0,45.0,-45.0,45.0,-45.0,71303.8629600449,4584.699524307319,4567.66161882845,2622.053297953848,1893.8135079114916,1845.5905093047509,0.2842466443560882,0.258746714357418,0.3314313575098498,1.929482744058784,0.0918932010544728,13.140089725097274,1.8588481546093636,8.572352866696702,3.798576503142353,0.0009569875554668,0.0007185788556785,0.0001248284508116,0.0007665039791952
867,59.08,0.1868291303184232,1843,45.0,-45.0,45.0,-45.0,45.0,-45.0,63127.45556952583,4288.8113361581845,4343.659778429708,2364.4289925677863,1838.826503054982,1674.2669395120038,0.2776140457167302,0.261684367382198,0.3237317531271489,1.4549665703077324,0.1757639066286994,22.566329659228437,3.430324361810712,16.049879287137014,6.815956068539907,0.0017110072430513,0.0012703376674448,0.0002263967934417,0.0014451598480486
868,51.23,0.2063474416671228,2617,45.0,-45.0,45.0,-45.0,45.0,-45.0,70653.8539971665,4882.879098514481,4278.352224043779,2783.121566278468,1939.045681646841,1986.164001181353,0.2971733918229418,0.2947080193471844,0.305779306833806,2.0419808887415845,0.1274054308787,16.96475431294813,2.6836360662492544,11.839718566150584,5.496188389336781,0.0012934121128508,0.0009454757605432,0.0001615949409556,0.0011271329336022
869,43.68,0.2874442736167499,3602,45.0,-45.0,45.0,-45.0,45.0,-45.0,60800.09124384978,3917.869342675628,3852.993085606235,2127.178085389448,1580.3855008560677,1655.448046944875,0.2401161625357382,0.2392319392905251,0.3827579815437383,1.195957320347402,0.4335987299506246,51.930461617069696,7.729211306948572,37.84161279988236,14.697466602544576,0.0043702439659372,0.0034678655378339,0.0005713903717559,0.0037392392931924
870,42.29,0.2451524932455548,3291,45.0,-45.0,45.0,-45.0,45.0,-45.0,70159.78106916505,4801.615239654692,4379.236279383326,2608.586005583717,1679.6400380718585,1582.274922931723,0.311480546020848,0.3085141679942412,0.3200665163064998,1.242163047783524,0.5116973531796817,64.11467532769899,10.018693295466232,43.00861708991411,19.22895594505414,0.0049010087226982,0.0039664956466857,0.0006545605341246,0.0042327817497962
871,60.42,0.1904994980767266,2409,45.0,-45.0,45.0,-45.0,45.0,-45.0,76643.6203728755,4937.410422940979,5147.97421916537,2834.915464946628,1837.5862454437056,1771.1491544128778,0.3313637896155536,0.3024996771637058,0.3070244072776337,2.0173067757536725,0.1718767349720818,23.503027400623065,3.621331599821832,16.91366962397848,7.339527747692421,0.0017544175568923,0.0012752605445175,0.0002226446628863,0.0014386153247117
872,63.26,0.2902644203739035,2931,45.0,-45.0,45.0,-45.0,45.0,-45.0,82267.46304299551,5499.807982139623,5167.852357229708,3087.2520597459634,2103.018110967232,2237.808917199006,0.2962857161681653,0.2692862562064738,0.3758870302452947,2.2413796230415866,0.1600861640042047,24.87416373549892,3.769171477109207,18.20007843814924,7.422665867092822,0.0016000028455988,0.0011411216727033,0.0002141689670293,0.0013735298254163
873,41.33,0.1877635047096597,3199,45.0,-45.0,45.0,-45.0,45.0,-45.0,68186.06854564694,4316.902162301036,4091.227468146465,2304.834492041889,1709.8681376345928,1857.9098361023057,0.2531735954788532,0.2301794669911409,0.307305897106727,1.5584196860614272,0.2428817415961717,29.93766214652132,4.4707864145298695,20.38316316085229,8.948751839753857,0.0023244639375229,0.0017019395807211,0.0002934476019768,0.0019959193869594
874,49.35,0.2002213634409128,3556,45.0,-45.0,45.0,-45.0,45.0,-45.0,64278.32961486238,4276.876873776273,3953.036314982005,2547.5141551277297,1743.7938201442532,1697.1174297852035,0.3223153690737035,0.3075122259624276,0.3526806764825866,1.839770320980112,0.1367185659140541,16.910733662975407,2.4558618410379327,11.452903463633575,5.06858053128442,0.0013714447893355,0.0009276421918708,0.0001688727670314,0.0011587365898282
875,64.86,0.2412463246356206,3081,45.0,-45.0,45.0,-45.0,45.0,-45.0,86047.88033405294,5374.187251153066,5251.577935856774,3332.089422414106,2298.2303309987947,2261.203176757946,0.2575366998356554,0.277463764359547,0.3216411752014926,2.6147554781624227,0.2334029582924882,34.585001782871885,5.329596233029266,26.336691075096617,10.84263124915428,0.0022210528613426,0.0016692556770596,0.0002975189988979,0.0019528894438644
876,45.61,0.2387431739682184,3035,45.0,-45.0,45.0,-45.0,45.0,-45.0,69768.91589933101,5088.348152883317,4882.137919867667,2922.745863419588,1793.9622524150004,1860.5177837320568,0.2933525535953242,0.2816315505151847,0.3015246809816536,1.4106268131254522,0.4330477059559124,64.38153568850304,9.680767311508893,43.49424214155119,18.866151007910496,0.0044223159167771,0.0031629044037077,0.0005923063270695,0.0036119933951463
877,63.27,0.1816244860024351,2805,45.0,-45.0,45.0,-45.0,45.0,-45.0,71133.24099687846,4788.616714718956,4638.168454604071,2500.3808084969423,1914.1565349197024,1892.8877822811132,0.3175006374203571,0.3066240705776897,0.3425082142349521,1.611136568443184,0.2019663145512312,25.84451845705437,3.827281917204608,19.006650320133136,7.886077125074017,0.0020685446705398,0.0015321666843931,0.0002632139232277,0.0016739610431875
878,57.87,0.2064428349326666,4937,45.0,-45.0,45.0,-45.0,45.0,-45.0,81393.81219866773,5379.486755020018,5447.38070171404,2952.102882835089,2168.127059652764,2192.591421750684,0.2395103264493528,0.2422927164588894,0.3425231452109556,2.1293314772151115,0.4580317122333707,67.21528774737719,9.759363609791754,45.64049114735408,20.25145785383065,0.0046412248192095,0.0033823778885325,0.0005620437755585,0.0036683045623426
879,59.78,0.2220908546839755,2873,45.0,-45.0,45.0,-45.0,45.0,-45.0,73340.95321543115,4826.381128171174,4332.539782069047,2531.833634432959,1772.392305431766,1815.9163312252167,0.2870316837437462,0.2832191816616785,0.3019903705048144,1.5175119288804726,0.228331867529749,30.07932379855288,4.189203272397735,19.930579975017267,8.422492272514406,0.0022620320064325,0.0017495186493129,0.0002909994451202,0.0019521071898462
880,40.96,0.2133991483571897,2063,45.0,-45.0,45.0,-45.0,45.0,-45.0,73001.97369417091,4931.029890888334,4939.96974720171,2837.9419622829228,1925.767695826763,1958.071304160888,0.298142888192848,0.2946384784778001,0.3294447110838211,1.9595846741133895,0.1286142845783461,18.24300936404894,2.57397583140038,12.803753017046889,5.409077621315758,0.0012496466592187,0.0009566672022019,0.0001646038997477,0.0010808646134351
881,51.81,0.2742801444124868,4898,45.0,-45.0,45.0,-45.0,45.0,-45.0,81009.67122790968,5072.665758251161,4959.585967163568,2681.5968607759924,1972.2960484281348,2023.542024064173,0.2550600008564031,0.2336645955869354,0.3829376225054052,1.8734062188099576,0.4182451233975721,53.81409258944556,7.889463248339293,39.64326277331077,15.849895960022032,0.0040113663985739,0.0029795557013729,0.0004956373241783,0.0033419454753555
882,43.47,0.2473560634424673,4904,45.0,-45.0,45.0,-45.0,45.0,-45.0,84436.89349695494,5966.706850902702,5518.049247586088,3392.234982136133,2239.313414694367,2266.212471923612,0.2855945242708831,0.2780572478985247,0.304807606205292,2.425808255652325,0.273414954789106,46.05992914494032,6.770262627026102,31.904134616673343,13.70837619012647,0.0029405128978319,0.0021417071968294,0.0003722663034219,0.0024655207997007
883,51.73,0.1888375572067441,4389,45.0,-45.0,45.0,-45.0,45.0,-45.0,80158.249584555,5536.747976683852,5283.877038889897,3012.3342587972147,1933.755631867179,2017.2751336457188,0.2620861043931786,0.2545932808056768,0.3284254676364973,2.1396473613342644,0.2793039077394792,42.87988777389109,6.1555304492515726,30.25067406715648,12.820293142378128,0.0028052678823424,0.0022540178799811,0.0003970737564383,0.0024096673255196
884,40.13,0.2393225506725886,4020,45.0,-45.0,45.0,-45.0,45.0,-45.0,79285.57841770982,5688.741389403104,5203.937595023076,2992.630953635522,2179.083407793311,2091.035491582536,0.3018714226238672,0.286276751676449,0.361825363006139,2.4104485057804417,0.2559974607068329,39.68076721500484,6.059424793140042,26.82845399918348,11.69701463157589,0.0028125876319403,0.0019653547339779,0.0003487577979229,0.002110963344442
885,40.48,0.2929044283093762,1824,45.0,-45.0,45.0,-45.0,45.0,-45.0,71591.45905123604,4815.159589289315,4584.104658124968,2630.0633001471037,1847.5068441373191,1729.3965605314752,0.2561548479927332,0.2237435641066229,0.3740144477489804,1.688313356094246,0.3268597206396059,43.81994498873191,6.38013091072505,32.1632821565416,13.512229474630166,0.0034295833805724,0.002578980468137,0.0004028039036924,0.002814601346805
886,60.87,0.2024303792853775,2383,45.0,-45.0,45.0,-45.0,45.0,-45.0,79643.26936513439,5404.3450171965615,5118.425054290689,2995.338549103245,2007.1712494519493,2134.6170352696868,0.2825342651869785,0.3009314410073279,0.3266785392295669,2.474150442301899,0.1075258998746553,17.18405405085038,2.359969676439696,12.06419130923442,5.065075309090399,0.0011001605816875,0.0008038568544752,0.0001513061234575,0.0008975054764873
887,63.51,0.2935873078748816,3747,45.0,-45.0,45.0,-45.0,45.0,-45.0,63154.08621573697,3936.591978098773,3746.9023188836977,2346.4671241811648,1489.2594525869947,1676.956896018182,0.2935728491423403,0.3120745469479929,0.3431526660477632,1.5769141382925422,0.0662137976313036,7.387830360721824,1.0213564933369732,4.973410444536732,2.305593636901942,0.0006335901794641,0.0004594138097854,7.689412366312118e-05,0.0005449298307916
888,53.19,0.2308451551456787,3993,45.0,-45.0,45.0,-45.0,45.0,-45.0,62245.41307754363,4538.128071040207,4213.361255735948,2458.050735899057,1632.2320554887758,1725.0401464052445,0.2447287657392859,0.2418127401166849,0.3150201877451934,1.416120871037044,0.0788033117269815,9.197072684001332,1.4493595811273523,6.927200688188157,2.7094467707295204,0.0007691588457371,0.0005977432456432,0.0001057308736021,0.0006758138381319
889,59.4,0.2711678433004622,1955,45.0,-45.0,45.0,-45.0,45.0,-45.0,66564.24654003237,4096.087028789516,3907.6091411556417,2365.7250790781827,1747.4214147457783,1709.2727549516376,0.2547822576112102,0.2350211923127527,0.3140878197474195,1.5250204062852402,0.1557939517301493,18.88137230318851,2.772180291260117,13.288455240192894,5.613872650068664,0.001675944632658,0.0011943826146438,0.0002025455842534,0.0013419315809758
890,47.53,0.2686134334263523,2473,45.0,-45.0,45.0,-45.0,45.0,-45.0,73203.8647471445,4907.804063208394,4367.507505654805,2744.967645816416,1850.1970754653871,1886.858060286864,0.2606913094486211,0.246019122310367,0.3606126110265463,1.6947078277933327,0.4671663313574057,59.37501654632416,9.228740198993068,43.1211260950336,17.656972060933974,0.0044848462031273,0.0032922270008758,0.0006059033206829,0.0038427818330624
891,45.96,0.2410464415406756,1695,45.0,-45.0,45.0,-45.0,45.0,-45.0,65891.26503491547,4615.529316195175,4431.924712674084,2693.8403682510016,1839.547363935143,1900.2826037963075,0.2832390699614842,0.2709771188246601,0.3747351751107236,1.990810838446951,0.0609504653484706,7.97840642030727,1.2379385469375026,5.55856992916893,2.3162664545094955,0.0006117627753475,0.0004769256654794,8.089744543434243e-05,0.0005046763828521
892,59.85,0.260140232120564,4117,45.0,-45.0,45.0,-45.0,45.0,-45.0,68605.08711433902,4791.557376133429,4418.156493472688,2572.923567647894,1849.0134366749887,1893.642705683401,0.244232674692775,0.2498711322406542,0.3713601789709459,1.7375661964320002,0.0721243271756299,9.224582508960244,1.3579085633148644,6.546520979446637,2.8698859434377684,0.0007307101242472,0.0005257991498257,9.090069222496024e-05,0.0005844775618864
893,41.57,0.2371118558091862,3372,45.0,-45.0,45.0,-45.0,45.0,-45.0,76059.78291164825,5010.033586990003,4654.165205637191,3095.6586878888306,2002.6311590865305,2040.1886938192072,0.3099304863152077,0.2840312883370278,0.3711974437206254,2.002250214320906,0.2680915237471586,40.8967116015856,6.100781962116568,27.26292592921916,11.381493105619336,0.0026938847590726,0.0019925073755803,0.00034674231978,0.002372967801859
894,62.63,0.2492485979467462,4927,45.0,-45.0,45.0,-45.0,45.0,-45.0,58299.22900987297,4246.109618016157,3949.941721425994,2275.3961017706124,1547.76362452278,1602.3446486715238,0.307909500727945,0.2774621315287944,0.3409912642758677,1.4682841145094758,0.1291271562098576,14.972984742881636,2.255647273254371,10.63704309294864,4.626596572841965,0.0013394582604143,0.0009997903968298,0.0001792393669486,0.001080284593624
895,53.4,0.2503244505855033,3944,45.0,-45.0,45.0,-45.0,45.0,-45.0,61628.75883865016,3917.0448838335296,3703.0880177803074,2288.694526689781,1562.986267156462,1567.8615039834697,0.30295935205922,0.2746624176368095,0.3324815991195793,1.5096947087784185,0.1385711935409606,15.185076884782926,2.3051849711167205,10.608896372553556,4.410184134422528,0.0012914973632166,0.0010163025677265,0.0001761921354712,0.0011664735441132
896,52.88,0.2783201362150841,4088,45.0,-45.0,45.0,-45.0,45.0,-45.0,78963.95359524529,5307.716492640135,4791.918313972684,2763.356107596909,2001.933321933572,1953.5888373864143,0.3056486802121256,0.3084137811883491,0.3264459747050451,2.3322206462460966,0.1146208814331014,15.587820100963745,2.345549916829121,10.36433489875932,4.910525222316998,0.0010814870943749,0.0007968883098718,0.0001318345011775,0.0009066438924994
897,57.96,0.2497078857472051,2490,45.0,-45.0,45.0,-45.0,45.0,-45.0,74911.80252781717,5093.614577725956,4784.794689306567,2923.1916979265097,1943.777135680164,1948.587588140286,0.2659106528475429,0.2550901164620361,0.3298784212167766,1.7437815244658676,0.2980623948200434,43.071281012685446,6.354526753713827,30.81681054498168,13.647006519176529,0.0030899911248053,0.0022022550060826,0.0004026478298224,0.0024622206676547
898,50.73,0.2934003586395461,2693,45.0,-45.0,45.0,-45.0,45.0,-45.0,83688.0228512662,5825.628504661439,5579.035813026535,2978.857607355497,2256.759874522997,2365.2359225284267,0.2780609507444209,0.272085344624234,0.3133923350011809,2.093264188153241,0.3327046719110801,50.14122540071055,8.406355897794091,36.61088713985998,15.799740160197324,0.003352194346257,0.0026802450916987,0.0004491381779683,0.0026117773256135
899,48.82,0.2480711979372361,4018,45.0,-45.0,45.0,-45.0,45.0,-45.0,66230.22114456589,4192.258310708898,4329.122736512922,2532.525787055833,1734.1985047151898,1790.8266684845985,0.289449715354895,0.2755727971453948,0.3701160947655204,1.576859592551736,0.3191552972608968,40.31450534942624,6.024906559133044,27.422510078726823,12.448260157464992,0.0032258335256149,0.0024266482806571,0.0004357510637536,0.0026408450520396
900,50.41,0.2488671077458253,3837,45.0,-45.0,45.0,-45.0,45.0,-45.0,63671.11828183592,4267.146676105955,4083.464252296532,2323.617531935055,1599.9447694957216,1704.4079531110465,0.2924365161283406,0.2915876378191234,0.3034741274691734,1.4894722197887933,0.1730570855132313,20.325925437061297,3.12862173463906,14.186734119208742,5.96240243021968,0.0017693421969808,0.0013267922101648,0.0002254047512744,0.0014065925401406
901,56.71,0.1807031824196578,4221,45.0,-45.0,45.0,-45.0,45.0,-45.0,67817.5070188664,4285.216519528576,3948.367520713584,2588.642434887213,1661.1104687684551,1770.5589380309625,0.2659362898001834,0.2514024933718484,0.3895959165760447,1.468195909071912,0.1602108065492652,20.316620805336168,2.769189064868484,14.710560690837855,5.873113964817489,0.0016673832989198,0.0011223568014232,0.0002142828373852,0.001326469774894
902,64.37,0.2301351474926775,3644,45.0,-45.0,45.0,-45.0,45.0,-45.0,84907.47185752763,5520.539800053739,5216.640140086721,3129.457057657319,2310.977808181574,2222.4069206118083,0.2852302869340249,0.2988269246199511,0.308005483313871,2.467638212174255,0.0766087648670471,11.368333582068091,1.7395990499267306,8.268896739812861,3.639243190718697,0.0007587797422778,0.0005718820754318,0.0001015088847312,0.000647694309144
903,63.84,0.2132289283005439,1777,45.0,-45.0,45.0,-45.0,45.0,-45.0,78630.45821304445,5061.32420279297,4969.703676554795,2989.4662725998533,2047.506807873664,1893.7002433502344,0.2597460286861795,0.2447625359524291,0.3067922925405061,2.3208527026169667,0.1837546076601484,25.818592990380125,4.001596857306453,17.9971918144621,7.504333985832425,0.001948981397272,0.0013618087393095,0.0002236906925667,0.0015168799206868
904,52.68,0.2668678059037486,3728,45.0,-45.0,45.0,-45.0,45.0,-45.0,62896.17462136783,4555.975903779125,4392.480442999179,2610.773385741207,1752.6799055029758,1778.6547095641536,0.2471482086182985,0.2300143049384558,0.3158402994125393,1.6459835376757757,0.1990205481428158,24.965340581718426,3.714957627331121,17.27399145678531,6.91972607115715,0.0019558505273015,0.0014585632648362,0.000261340431057,0.0016119211662952
905,53.85,0.2135029026267212,3579,45.0,-45.0,45.0,-45.0,45.0,-45.0,70442.88102017452,4747.562419087631,4619.544507998947,2684.7723788280155,1960.704281067333,2038.90648388628,0.2898918308351738,0.2824470126085697,0.3303717570838673,1.9534329556394991,0.1282556798947267,17.508237133348864,2.578432297236689,12.244823610020749,5.541791525885978,0.0012648345303394,0.0009115565330469,0.0001712390492309,0.0011114350335526
906,61.83,0.2017679893290429,3099,45.0,-45.0,45.0,-45.0,45.0,-45.0,79345.15662093862,4891.24701194168,5106.096179755074,2969.3159744687364,2116.4109046416684,2238.282512378887,0.3225502236837389,0.2968932043658733,0.3281824292363854,2.320127815643036,0.2752247823661938,40.91243534896002,6.038736737223688,27.60249567409975,12.011101300484732,0.0028035706349728,0.0019989826618249,0.0003302041674281,0.0023958195952869
907,55.89,0.2802551489758462,1678,45.0,-45.0,45.0,-45.0,45.0,-45.0,65240.27190064296,4434.017077594947,4222.946772752859,2598.5509417335097,1761.508715999733,1750.0113128328817,0.2411581122693811,0.2388388730107181,0.3266918983063841,1.6182969365946889,0.1904604259885026,24.37151135269332,3.691408744845862,17.737508962846334,7.667296382705474,0.0020770900924801,0.0015952248988422,0.0002589431463738,0.0016150785054076
908,46.34,0.281827260038918,3029,45.0,-45.0,45.0,-45.0,45.0,-45.0,69036.12155989034,4607.020544660057,4359.058092489716,2445.076482419877,1874.0540643095887,1823.9354502767849,0.268470822216539,0.2576371429850236,0.3649918680508246,1.5382155174062362,0.3101118986587767,40.18068563432319,6.091973324552091,26.71424361188098,11.89393634497458,0.0031498170269208,0.002376133869072,0.0004142298442745,0.0026783154099563
909,48.93,0.2463922034602873,1566,45.0,-45.0,45.0,-45.0,45.0,-45.0,76706.28156563421,5502.910551495813,5157.266674912451,3266.1157586056365,2083.1053316127704,2150.7072665569526,0.2728197613283497,0.2804740901637037,0.3764283400657476,2.483512319683376,0.3089468267416929,49.3713002491025,6.9955742609289375,34.54119734355369,13.787970508094231,0.0030628701677878,0.0022408748671986,0.0004040818640969,0.002372044829137
910,48.62,0.2060625130179585,1776,45.0,-45.0,45.0,-45.0,45.0,-45.0,72426.86119087349,5179.116712500333,4931.328830145013,3017.9862202650293,1938.2048938246428,1994.5722795309127,0.3123455650544694,0.2921307465294142,0.3562903060065221,2.464990078201598,0.0713445587842219,10.37934865161446,1.6009732063940407,7.494930577850582,3.2067743267118995,0.0007324945604565,0.0005185585263884,0.0001013063838435,0.0006255928561185
911,56.43,0.250413762681654,4502,45.0,-45.0,45.0,-45.0,45.0,-45.0,67686.42020911134,4642.662162305816,4230.299683483164,2519.9207090075997,1708.7429472846404,1791.9433226071392,0.3051857841085554,0.2982930985907814,0.3854119575871409,1.591597040939272,0.1256662216790256,16.063664220699142,2.4267247733670034,11.411871929705102,4.8060954096473765,0.001262528372202,0.0009338135487809,0.0001736054392773,0.0010333288134362
912,59.29,0.2488976331657541,1924,45.0,-45.0,45.0,-45.0,45.0,-45.0,82434.68414335868,5211.066657004324,5233.072234711425,2959.5661873450163,2059.0144025725967,2088.850362354722,0.2693996861939265,0.2772843715816323,0.3762581418996855,2.243607143248794,0.1884406065636084,26.44688096006504,3.8258741250022985,18.15547937975442,7.621216168353746,0.0017592340833443,0.0013562307355307,0.0002362782614984,0.0015241233146813
913,58.92,0.2399326642215211,4511,45.0,-45.0,45.0,-45.0,45.0,-45.0,76136.69972913331,4883.400690851946,4955.194338410125,2602.569064124993,1876.065527748612,1941.3670158586735,0.2846611881190156,0.272957696856764,0.3710489776505882,2.0330403416674523,0.1569573637932764,22.206026031511385,3.3125273425379023,15.633866043789787,6.493070904745949,0.0015527619445355,0.0012174809415442,0.00019303320566,0.0012714935578727
914,41.11,0.2820853342457451,2046,45.0,-45.0,45.0,-45.0,45.0,-45.0,81508.36251412553,5023.316062996741,4817.196250732409,2910.966647485648,2112.89904550908,2096.7756888458666,0.2333551875148445,0.2397627117661173,0.3394004790869573,2.05457522110841,0.1907300512896887,27.98029529200927,4.258136155388185,19.955999269022435,8.894334460201842,0.001839718947869,0.0014604942719586,0.0002669242488594,0.0017638937158952
915,48.46,0.2644575486656851,3736,45.0,-45.0,45.0,-45.0,45.0,-45.0,70232.38809262119,4828.651792896091,4669.260297111005,2771.292497758504,1810.7093975701323,1709.679626994228,0.2805120538219621,0.2619843022323584,0.3743585406731657,1.538967179927552,0.3900193009186863,50.05841104826175,8.08913563798741,36.41701426339985,15.048317666428291,0.0040972526586116,0.0029807855314012,0.0005292118727038,0.0029391134112081
916,44.38,0.2701916398602681,4132,45.0,-45.0,45.0,-45.0,45.0,-45.0,66316.72595248283,4140.7668214987225,4023.269694214187,2251.0762519585383,1672.0502032720854,1615.6181592130258,0.266216241208317,0.2670783241482398,0.3344173086287078,1.3210732922319262,0.3191205996667391,40.203039470406864,5.932485241050636,27.87023145386449,11.212512100003748,0.0034705891248794,0.0027556930781427,0.0004295007086219,0.0026068684291996
917,57.12,0.1973625968782312,4691,45.0,-45.0,45.0,-45.0,45.0,-45.0,81225.37982027892,5395.93774540706,5070.564513560966,2849.577416126646,2144.7721642364104,2204.0785655242453,0.2702553823608482,0.2701662837927684,0.3243815297957368,1.785221174707842,0.4596602605251451,65.23043109896446,9.9373071643391,47.02752653232271,19.672605877635032,0.004245149764463,0.0034375757300434,0.0005594468695008,0.0035285746378189
918,51.96,0.2716489422709254,4348,45.0,-45.0,45.0,-45.0,45.0,-45.0,70614.73641344754,4688.3797789632745,4290.747763567719,2707.895133232512,1865.2933099620336,1907.616551374836,0.2829345521057851,0.2684072721687703,0.3428847349854156,1.94771700280961,0.0912226165996,12.685882141499926,1.8102458991233807,8.682951456202247,3.6960679440283513,0.0008869469906003,0.0006898565941332,0.0001234535906581,0.0008144579200887
919,60.29,0.2014396739955855,2246,45.0,-45.0,45.0,-45.0,45.0,-45.0,77957.23909176775,5125.4419443985325,4462.442229768462,2951.685097971137,1906.5582032943212,1923.9223482530692,0.3343639087192755,0.3126051815355093,0.3135036229846165,2.198600192996382,0.4378854201530192,65.76171321887415,10.030320790444566,46.29159342275224,18.964036004728968,0.0044029233460614,0.0032036564744101,0.0005386698820734,0.0036525943314012
920,57.9,0.2669693033837157,1758,45.0,-45.0,45.0,-45.0,45.0,-45.0,66753.82044713065,4184.026497988598,4012.7795685825504,2463.413046171155,1669.3447723744,1642.929254412666,0.2530563207542828,0.2553126325429063,0.3804439469480213,1.0359158716144634,0.4273257542209879,50.51832397330456,7.589439384703311,33.88514846056923,14.981327691390955,0.0041525734678771,0.0033388807599314,0.00053479294665,0.0032242247689201
921,40.92,0.2577260855505257,3374,45.0,-45.0,45.0,-45.0,45.0,-45.0,60928.728124628055,4317.062419419661,3994.763767154462,2279.5790714367167,1694.563686906203,1683.6356260343632,0.3014897566518948,0.2922791172245353,0.3591035175284201,1.5091045778935228,0.1013347853782679,11.685718177648106,1.846895462986195,8.3423586033689,3.603636479012782,0.0009708802509954,0.0008202359232365,0.0001419664669493,0.0009229558788683
922,41.1,0.2262467298107537,2325,45.0,-45.0,45.0,-45.0,45.0,-45.0,77104.21628869577,4861.512311994143,4676.533479972015,2730.492967049412,2009.726393033764,1885.058113954181,0.3084159247123482,0.29845795915392,0.3783002240440115,2.044497504329957,0.1597034134018955,23.480742807397966,3.2848296779681725,15.866972272894992,6.737903954698158,0.0016612070284798,0.0012108447438667,0.0002189608093554,0.0013342684009508
923,62.14,0.2494002710892031,2317,45.0,-45.0,45.0,-45.0,45.0,-45.0,72582.03414133094,5002.517325468616,4620.116187677346,2666.3659619318096,1863.2598046873616,1987.8004938542852,0.3162457837305312,0.3081713297712756,0.3176667115352506,2.045066607421594,0.0837613672374104,11.569144911678626,1.680130800040267,8.14608779333079,3.421343630871418,0.0008783488741349,0.0006564324095426,0.000114412590797,0.0006980713618038
924,63.33,0.260140232120564,2792,45.0,-45.0,45.0,-45.0,45.0,-45.0,68605.08711433902,4791.557376133429,4418.156493472688,2572.923567647894,1849.0134366749887,1893.642705683401,0.244232674692775,0.2498711322406542,0.3713601789709459,1.7375661964320002,0.0721243271756299,9.224582508960244,1.3579085633148644,6.546520979446637,2.8698859434377684,0.0007307101242472,0.0005257991498257,9.090069222496024e-05,0.0005844775618864
925,49.96,0.2873360394368714,3611,45.0,-45.0,45.0,-45.0,45.0,-45.0,78704.07909681283,5278.743732648187,4882.838456364545,3108.197483379065,1946.177320268963,2223.8877517392443,0.3023318254954629,0.2755113815187123,0.3573472737344224,2.483021567060347,0.0559831664879445,7.839824385754666,1.1587259508288597,5.291619003975173,2.325889230806846,0.0005244214433755,0.0003876197553173,6.829874734338412e-05,0.000450184540144
926,53.58,0.2442527989243173,4839,45.0,-45.0,45.0,-45.0,45.0,-45.0,63819.10124764083,4054.660464947441,3874.531807607456,2282.025767535494,1559.953535396382,1654.8591392260769,0.3180609651157109,0.291072000656366,0.2984852650565273,0.9173573887894798,0.5126538206960687,64.63996682421201,9.359225544836647,42.52412440008514,19.00802217927924,0.0054074149674424,0.0041090803969799,0.0007325341105591,0.0046774780481117
927,40.92,0.2890274290766957,2537,45.0,-45.0,45.0,-45.0,45.0,-45.0,65680.04946305828,4616.649359544327,4165.879620575263,2595.923648236531,1703.153076853746,1808.3203174257771,0.3075957255614605,0.2909631291099774,0.322658410085161,1.6642699388524005,0.0891523441414522,11.033020460780495,1.629819746164505,7.325338605151828,3.1811101583695987,0.0008706647416087,0.0006761405158935,0.0001149631892621,0.0007611153275404
928,44.78,0.2404134355253,4149,45.0,-45.0,45.0,-45.0,45.0,-45.0,80635.72483387154,5064.127301983588,4845.234595148073,2894.5647058895647,2031.059775354805,2091.152585211146,0.3134294638700907,0.285684118188669,0.3448534488491002,2.303337850111296,0.1677446158856215,24.56263018871145,3.899583084199492,17.60905514448691,7.893570677956178,0.0016990699795159,0.0012441478087341,0.0002256096288741,0.0013881022104843
929,61.55,0.1907206573276305,2962,45.0,-45.0,45.0,-45.0,45.0,-45.0,87345.3444511815,6054.255274389685,5524.1771617654495,2971.816774668422,2217.608159263417,2125.35547928037,0.2482396575737026,0.2284294837444093,0.3069357422245028,2.3751588402521557,0.3499315211880811,59.539237398870576,8.67201753488929,42.1267459064762,16.41740591055004,0.0034496490260407,0.0027556366663556,0.0004849570667935,0.0027392101714236
930,61.64,0.2583332482865431,1695,45.0,-45.0,45.0,-45.0,45.0,-45.0,75256.16290471672,5233.479531193409,4898.990898708486,2746.0089721410595,2098.987931709498,2154.9001544943894,0.2753138682732635,0.2675104417447198,0.3046095147305933,1.9634502842829504,0.2676595539255443,40.49348078758707,5.530898895472138,27.256781981665306,11.11952300478679,0.0026770272650554,0.0018460207817874,0.0003355313054317,0.0022384950900903
931,46.83,0.2770526413957037,2859,45.0,-45.0,45.0,-45.0,45.0,-45.0,86548.77946017582,5716.036219710242,5487.9898418549565,2989.4007938780137,2108.651595507305,2131.812795492543,0.2923185914851623,0.274495451505066,0.3012112457735266,2.669930148974397,0.0889043581560338,14.839683706506598,2.27050488712478,10.533141103754511,4.524215405202672,0.0009012331171276,0.0007180563369022,0.0001198327603816,0.0007300412005584
932,49.2,0.2498924076725822,4774,45.0,-45.0,45.0,-45.0,45.0,-45.0,73348.25540690693,4899.8501170964655,4954.869116450321,2797.604967223564,1741.675129908093,1828.3806704801816,0.3330060015341924,0.3182738785511467,0.3471067049884438,1.875627796037163,0.2987465980493499,41.77920448972408,6.359767187087504,29.850957064491546,13.103754483909244,0.0030601269410721,0.0023457628101762,0.0003972566229642,0.0025613019740468
933,58.58,0.2278713419578485,3138,45.0,-45.0,45.0,-45.0,45.0,-45.0,88050.89031309723,5274.620440572023,4872.041232558189,3038.616810271696,2203.989166635535,2198.512489636003,0.2572122632921857,0.2735701024478097,0.3381247715313762,2.184087247477308,0.4307474354961087,64.05192161145492,9.741667619241634,43.49900190951749,20.419857720696797,0.0042170990599092,0.0031034016796529,0.0005096857095934,0.0037668506909749
934,48.48,0.2507201629518862,3083,45.0,-45.0,45.0,-45.0,45.0,-45.0,80149.89037590251,5074.1168989871385,4793.746111443887,2974.441302394413,2050.9334646746106,2012.294490643604,0.2861614442549926,0.2709568701054095,0.3219084633360124,2.2308165019573325,0.2792220272987289,40.05747721958723,6.054246575339904,27.89773894218911,12.84111405895488,0.0027273901369698,0.0020800471021655,0.0003676098680508,0.0023850452440447
935,52.41,0.2422755216845696,2265,45.0,-45.0,45.0,-45.0,45.0,-45.0,61976.88803173222,4038.08922422214,3901.873334301224,2441.1818903545327,1852.7140021335797,1737.306910834367,0.2646726350739206,0.2546400068084538,0.3827951182020029,1.6232126415704884,0.239506137462656,26.59415807853332,4.138747158581314,20.117730221166187,8.38254074954328,0.0023325457766971,0.0016946564176591,0.0003118576646981,0.0020695922069328
936,49.18,0.2238146085224967,3537,45.0,-45.0,45.0,-45.0,45.0,-45.0,87034.73571008508,5749.359221818739,5174.059530486045,3217.9510182875297,2388.8869805892955,2272.2103353104358,0.2624713603398691,0.2726586781878662,0.371523557315378,1.978743213274843,0.4501819604825451,68.42631147608135,10.63393404990841,48.262294076978456,20.600990918190945,0.0046455652495473,0.0032753795814954,0.0005505071697171,0.0037283994330987
937,52.98,0.1946132346351327,4765,45.0,-45.0,45.0,-45.0,45.0,-45.0,78223.18516496079,5526.481070195402,5263.148689416053,2805.6757630245725,1981.948645427265,2037.617891276999,0.2958331796678485,0.2920699928198316,0.3015551499315748,2.0532362949984595,0.2681114722518299,37.384853136027175,5.936319797564123,28.042425300793948,11.459037271878277,0.0026813979496655,0.0020466869829364,0.0003405476855277,0.0022145323504791
938,42.07,0.2633259584126797,4781,45.0,-45.0,45.0,-45.0,45.0,-45.0,72390.17065996949,4840.522451413075,4854.229794964896,2642.8972481550218,2017.4780106035869,2004.2653127902709,0.2712351789011638,0.2485437047790192,0.3666168281803052,1.9280482516862596,0.2617710380054158,37.291805600943256,5.953894300922847,26.52192388457177,11.778631975187126,0.0026938315775335,0.002114778825549,0.0004155557342731,0.0023178083543501
939,41.97,0.1936558542120679,3238,45.0,-45.0,45.0,-45.0,45.0,-45.0,70610.64903417259,5007.323545944409,4861.557481830156,2654.8093134337787,1893.2008121115111,1932.4965781498029,0.2746435734827255,0.2580547009466925,0.3258378406468667,1.8219223016754251,0.290746662477735,38.46550215299517,5.832258848823706,29.146609814807743,12.050808361701453,0.0027112158655356,0.0022855323036584,0.0003860176961798,0.0024067574481241
940,64.88,0.2401660267326647,3967,45.0,-45.0,45.0,-45.0,45.0,-45.0,70196.88355477243,4775.745462019933,4689.309943479348,2623.575601328641,1756.1333609789538,1843.876999521677,0.2564141900902095,0.2297472467572813,0.2967559376374179,1.8161570101537847,0.1292074534088828,16.82772864346185,2.4368855042951,11.50537903672564,5.142312158762969,0.0012082160715228,0.0009963163942245,0.0001647261499701,0.0009804581890244
941,53.64,0.1994492025674179,2239,45.0,-45.0,45.0,-45.0,45.0,-45.0,69049.10344245129,4561.33981473785,4352.952876137193,2537.6668182157364,1879.836494530293,1751.3411715948837,0.296573730300382,0.293544967187264,0.3192566529028639,1.4158765764869217,0.4185464240664373,53.897329670839184,7.926722269524506,37.02961165809673,15.81295796455739,0.0042257283317935,0.0031322328550894,0.0005689493717345,0.0035308657366109
942,42.56,0.2690488097927686,2815,45.0,-45.0,45.0,-45.0,45.0,-45.0,72688.5025425289,5175.842840504891,5037.783023577058,2686.5593021283303,1836.5635970335125,1980.089078543004,0.2609853996456339,0.2339912593973741,0.3694904492612133,1.92461269843924,0.1070734856687964,15.216729872182489,2.381160588356157,10.806023216148509,4.807436253191103,0.0010964439111173,0.0009059113995124,0.0001477797816698,0.0009118574414655
943,56.52,0.2826391201757422,2843,45.0,-45.0,45.0,-45.0,45.0,-45.0,60418.5479349816,4114.111347477303,4035.34665666222,2241.078267599833,1757.4229428720696,1674.9509359654387,0.274714139616308,0.2384827446921692,0.3635628794685596,1.683470888079388,0.1910119369862429,19.601761438674888,3.187991489394812,14.736554305815533,6.651173044248736,0.0018697071472895,0.0014240448248585,0.0002359697541091,0.001555841498352
944,51.15,0.2306738453885661,2755,45.0,-45.0,45.0,-45.0,45.0,-45.0,73509.22837683528,4492.557436200499,4449.197825170263,2634.311998930358,1974.191644706342,1943.1199053441048,0.2623727738452745,0.2493868178775873,0.3901817443460074,1.685809520825746,0.1565476489336588,21.016531105857226,2.99795325603699,13.937205527465194,5.742740742817877,0.0015636842580871,0.0010295149283219,0.0001922706267767,0.0012517315250505
945,50.65,0.2220908546839755,4439,45.0,-45.0,45.0,-45.0,45.0,-45.0,73340.95321543115,4826.381128171174,4332.539782069047,2531.833634432959,1772.392305431766,1815.9163312252167,0.2870316837437462,0.2832191816616785,0.3019903705048144,1.5175119288804726,0.228331867529749,30.07932379855288,4.189203272397735,19.930579975017267,8.422492272514406,0.0022620320064325,0.0017495186493129,0.0002909994451202,0.0019521071898462
946,51.1,0.2717336192465538,4325,45.0,-45.0,45.0,-45.0,45.0,-45.0,82795.84462421137,5815.34156277664,5616.581417635209,3121.4630477021765,2160.9600409214527,2351.948270462579,0.2804208236270683,0.2476060042384909,0.3148110352540452,2.2341757872873926,0.3946888872790165,66.69199292857758,10.276101163915431,45.75754732499084,20.99853426266861,0.0043230050038489,0.003291169596013,0.0005805140336679,0.0033247607059141
947,41.06,0.2335893574771489,3331,45.0,-45.0,45.0,-45.0,45.0,-45.0,60742.72507040736,4244.62329365476,4105.715601678028,2192.904144363045,1539.0469203041698,1505.9980533156545,0.2937768263888402,0.2889249897134257,0.3482133837370697,0.9845592012492136,0.4856698389236954,56.51761133302661,8.472612612414014,38.11278240266538,15.347084879112378,0.0047072740844603,0.0038663917779885,0.000658874199799,0.0039173770512942
948,55.37,0.2115701785363872,2944,45.0,-45.0,45.0,-45.0,45.0,-45.0,73623.03770154955,4628.924277610189,4134.130328396042,2832.590590231404,2027.8245712314647,2002.9794296851792,0.269605310510899,0.2638813883152805,0.3537546718279821,1.6553151502781522,0.4151465663322377,53.0011062582007,8.219608618088069,37.4211058586822,15.803074312370471,0.0040606394457963,0.0030360066851678,0.0004996805063482,0.0035558176574168
949,46.86,0.2794623143353266,3281,45.0,-45.0,45.0,-45.0,45.0,-45.0,68345.18987816584,4256.864263492791,4005.897212359194,2158.021988901842,1782.0616687466857,1800.689388906758,0.2628356177011735,0.2545582594182867,0.3179497635142511,1.6521548213452932,0.3761049073919436,43.04674864785102,6.403286550285706,30.53066959410272,13.652530324212911,0.0036804239074688,0.002787503989584,0.0004623195150244,0.0032532982088938
950,63.7,0.2502460030259495,4741,45.0,-45.0,45.0,-45.0,45.0,-45.0,56397.264659094406,3903.626975092959,3869.517545618423,2303.716488906512,1462.6191457081477,1547.644718949531,0.275181531707057,0.2641261209003413,0.3224101970927684,1.256571967359178,0.352149898111503,43.56607472364252,6.243021947313535,28.782511278982973,12.72235704600542,0.0035211149129698,0.002579297301828,0.0005077115176612,0.0030911308252975
951,56.78,0.2912882575180331,1807,45.0,-45.0,45.0,-45.0,45.0,-45.0,84932.21990688801,5499.643307647904,4903.724210581448,3198.087465326505,2059.908587551176,2045.0358108255664,0.2731693141437797,0.2589345957141835,0.3565509492698953,2.3738504206769324,0.2757926932553071,40.67926862266033,6.198784347072773,25.987532087164,13.029264065283035,0.0027365797199405,0.0018723682098943,0.000329211031851,0.0022050900303013
952,49.08,0.2302705109045312,3163,45.0,-45.0,45.0,-45.0,45.0,-45.0,68738.49479099439,4546.861903279447,4428.543248946669,2621.6480365615566,1891.4984366178585,1844.33925028386,0.3027073969786314,0.2887834321367619,0.3705732029427213,1.5979238554296258,0.1980559704077922,25.936870791134368,3.847733738984159,18.009702599641447,7.622940294109176,0.0019383543683381,0.0015560516109254,0.0002556908414505,0.0016762586140728
953,58.75,0.244875922151962,4781,45.0,-45.0,45.0,-45.0,45.0,-45.0,73633.07042463224,4567.601604876914,4278.621770701599,2594.956590327777,1789.004363164631,1903.616199982287,0.3101676671236206,0.2954832985460769,0.3373313360780573,1.7688562991000167,0.2728589507380664,35.31116776483024,5.263917078009159,25.23934611794078,10.316342240439065,0.0027094005330564,0.0020229246384989,0.0003571358340124,0.0022999674862075
954,63.82,0.2037973856963825,2155,45.0,-45.0,45.0,-45.0,45.0,-45.0,63891.652812537424,4597.0421099026125,4427.7869714888375,2426.093817028496,1857.4199711526908,1894.826086217032,0.3016899076334237,0.2914942625346897,0.3363801714611089,1.2836342514511887,0.5095774716206197,64.79764513080815,9.496117170095248,44.01058385673179,18.314130091051357,0.0048935890070295,0.0037018071042304,0.0005821168053155,0.0040811087189601
955,61.22,0.2994098045979126,2084,45.0,-45.0,45.0,-45.0,45.0,-45.0,63737.68542229997,3981.872975955893,3710.895937193092,2349.948026792675,1488.9010811260669,1554.1632937447816,0.2986746341220326,0.2784423432851575,0.3423137991646821,1.1202361553758655,0.3416365269123805,39.59897825315585,6.0603628598850685,29.015326405271622,12.106318486311794,0.0034294921929187,0.0025181614424005,0.0004407074961552,0.0029598107882154
956,59.53,0.1782838587287953,4277,45.0,-45.0,45.0,-45.0,45.0,-45.0,72842.53485934867,4260.226057857418,4421.438475705104,2585.6476296050014,1848.2110143505065,1859.17824197073,0.282921485966882,0.2706887004227447,0.3741432452948895,1.5049898093038387,0.3449866825122842,42.14887741662147,6.207302652510299,31.128058544948782,12.202547374427102,0.003497290815739,0.0023868303244919,0.0004290514139124,0.0030196136962709
957,43.16,0.1857283042121608,1642,45.0,-45.0,45.0,-45.0,45.0,-45.0,88414.98843630732,5654.597955294289,5360.642781019695,3116.7052136146262,2123.295470208623,2133.271692752985,0.2780096186939318,0.2994943812187183,0.364888445825122,2.564464208803868,0.1787271973326106,29.00944853321065,4.111706206486496,19.127259215791188,8.707827183812354,0.0017307726058594,0.0013864850091717,0.0002500810076605,0.0014727295035807
958,59.46,0.2773960436062486,2466,45.0,-45.0,45.0,-45.0,45.0,-45.0,77365.781224053,5509.195525872954,5158.117383856165,2915.762494246323,2082.592839792628,2128.3408221738405,0.2635934429155638,0.2397952410444412,0.3363173511262494,2.075357627153747,0.3677771558574119,58.65004893367578,8.638808630763258,39.94166211225077,17.837706508788717,0.0038862319932523,0.0027823300912011,0.0004906160927523,0.0032596838354135
959,49.05,0.1909145997113545,3000,45.0,-45.0,45.0,-45.0,45.0,-45.0,67064.41352637639,4307.433322315614,3891.724224238813,2595.203946596587,1675.2811853624455,1654.3426182311302,0.3133190597845384,0.3100717342528296,0.3535784589497085,1.93496583487744,0.1367485496029527,15.611923749422289,2.3825201178957305,11.763913901517148,5.137930352118755,0.0012976378929242,0.000944411420881,0.0001781697799317,0.0011369036551979
960,40.81,0.2654553111512184,3823,45.0,-45.0,45.0,-45.0,45.0,-45.0,67111.2367958912,4277.79344645765,4205.244055910072,2494.739312852469,1757.1661499961865,1736.227400169342,0.2850356268389196,0.2801463767531167,0.3339651016417704,1.3893833560803877,0.3715446731069221,43.3603773966352,6.200751538713968,30.13472767094254,12.30616180331842,0.0036950735493441,0.0025433575552001,0.0004593391653032,0.0030820365414155
961,56.98,0.2177512393281908,2128,45.0,-45.0,45.0,-45.0,45.0,-45.0,81427.59098313951,5344.315102000722,5385.603361371463,2938.398494547197,2147.584897381176,1987.5955187523496,0.2542018383275068,0.2569037838550105,0.3386190839776221,2.004240101903194,0.2983781966577803,43.85207885315921,6.782670864444401,33.157742562301415,13.393093858295076,0.00286231406005,0.0023159754777721,0.0004085917570204,0.0024840792014959
962,49.3,0.2540649823941895,3019,45.0,-45.0,45.0,-45.0,45.0,-45.0,87894.23526416231,5790.42167260647,5311.466348445623,3405.008553087355,2190.549689938855,2170.8986453305747,0.2653060669523047,0.2732537183649551,0.3487095016116584,2.5027948438949976,0.2722149611463572,42.86044814057396,6.111538527817299,32.070517118363554,13.59908198210338,0.002643907205612,0.0020024648554054,0.0003433660866629,0.0023176278349461
963,41.92,0.2023391758632578,4625,45.0,-45.0,45.0,-45.0,45.0,-45.0,75737.8483015623,5202.327686378685,4739.8011404007575,2802.628861780797,1863.862737398644,2027.3393099714583,0.2716251237117902,0.2746965001869144,0.3731324415571203,1.6687747356098703,0.3766744898265333,54.32994207590929,8.607465841998799,38.74765107726756,16.290578571069453,0.0038316237073594,0.0030361732032618,0.0005507943497361,0.0032445067651503
964,53.24,0.2473453633917317,2063,45.0,-45.0,45.0,-45.0,45.0,-45.0,62360.64001741695,4210.539040622548,4186.360901720903,2313.3568800175854,1673.1656852485153,1645.4739887581131,0.3044473569529961,0.304526284074825,0.314122120657783,1.3339572259644017,0.1662766385525538,20.895898875114124,3.0725534235051555,13.969963731146803,5.876426816714248,0.0016453246494255,0.001305852265003,0.0002168213076603,0.0014193655470201
965,47.86,0.2179764826851713,3130,45.0,-45.0,45.0,-45.0,45.0,-45.0,66978.85298897923,4100.2748324527765,4168.584173610532,2358.6790071002306,1681.116398010024,1588.1325348156631,0.2465098570354444,0.2378373286107714,0.3796872449148832,1.288321890302914,0.2102324111191019,24.37458798613197,3.8639465621021447,19.43335261127818,7.477634466704537,0.0022335721960905,0.0015203695613592,0.0002717584987474,0.0018836148700776
966,46.24,0.2804984933108218,2641,45.0,-45.0,45.0,-45.0,45.0,-45.0,88253.48329851074,5394.940748041705,5302.2125109639765,3106.1476036862964,2083.0621413492527,2240.883998975338,0.2657375021158388,0.2594277334089542,0.3182869557716738,2.4387793720445337,0.1902495433979044,28.15972094140008,4.5781365081783365,18.97655621253929,8.359327334897193,0.0017743539408796,0.0013456959001263,0.0002312495741937,0.0015038668348912
967,40.65,0.1786676858673853,1964,45.0,-45.0,45.0,-45.0,45.0,-45.0,77330.52350545171,5362.353365106589,5267.823228690482,2999.829692058258,2165.3557896866946,2168.403980047445,0.2924326821781579,0.2952205440794178,0.3564399789569847,2.117976204057397,0.417117433831197,59.21997677523629,8.959313071064805,41.20421052609008,18.01042791488189,0.0041538003027972,0.0030664469915935,0.0005329118551821,0.0033526932524342
968,52.48,0.2758922448938302,2262,45.0,-45.0,45.0,-45.0,45.0,-45.0,71848.92916374242,4630.8942882862,4465.075649602855,2610.406823189639,1790.3600678894074,1762.501785529877,0.2672647693377691,0.2550547090567875,0.3742021540943256,1.561545450187369,0.3936939907673261,51.04680450259516,7.558572309439465,35.799472382580184,15.67324212518256,0.0039419954805746,0.0033075924853801,0.0005247352471738,0.0031792430695501
969,62.84,0.2403261986564876,3085,45.0,-45.0,45.0,-45.0,45.0,-45.0,87304.52303049684,5430.959987733825,5268.404986685685,3164.5999704194937,2416.9634070401344,2313.5083214358965,0.3154536779725679,0.3060386435140405,0.3973069620752679,2.346902571425304,0.3012488445131747,46.45067064424532,7.55142035429617,32.569426813772644,14.358655933950471,0.0029249296500958,0.0022173637191166,0.0003677099232549,0.0026464483708563
970,46.54,0.2857448047773205,1982,45.0,-45.0,45.0,-45.0,45.0,-45.0,67651.48864966804,4424.850463629134,4108.179848152649,2245.478737445184,1499.8300789164778,1449.3870504897304,0.255015448761643,0.2376752733859999,0.3481567691251154,1.3397871744013723,0.1439633827366941,16.185231974927852,2.5977221418325325,12.289147289235332,5.138215143984359,0.0014019362946,0.0010700461642841,0.0001781702686843,0.0011613271540006
971,57.6,0.1881182967362983,2566,45.0,-45.0,45.0,-45.0,45.0,-45.0,74697.4658648391,5401.007296260663,5206.282681513726,2949.1850944146977,2113.4426572139605,2138.599054898352,0.2867665755978145,0.3111307787515792,0.3379540276487422,2.11627052146572,0.3900191625686864,62.076646895923965,8.28749418887459,41.27859480053255,17.794719235818025,0.0038640846741898,0.0030356059281106,0.0005577624092675,0.0033384980382923
972,64.91,0.2355069024347703,2378,45.0,-45.0,45.0,-45.0,45.0,-45.0,78009.5651302256,5489.838025829738,5064.751529534651,3042.2674217744125,1902.413938851837,1977.4635805919268,0.2387734591572737,0.243876571450107,0.3259968077263138,2.123298906746077,0.3135426294759308,45.923405909835,7.395854992799033,34.37707913325546,14.66646520692282,0.0030741865543806,0.0024800349009134,0.0004147624728358,0.0025893989466006
973,57.35,0.2931885509257907,2669,45.0,-45.0,45.0,-45.0,45.0,-45.0,69037.56427406346,4811.446431832681,4399.994455008167,2533.3519022552427,1743.6308068852286,1837.1389828197289,0.282486476948058,0.2567941255385885,0.33594334834833,1.7315743230844514,0.1681965498164126,21.42799591908141,3.234217116987562,15.10607761727373,6.196415875011423,0.0015803546306934,0.0013101412913889,0.0002058544692764,0.0013775167311551
974,45.0,0.2942690488743737,3511,45.0,-45.0,45.0,-45.0,45.0,-45.0,87523.98994208893,5686.545506594622,5060.517671646569,3022.9739518224133,2334.990368125833,2149.0303278039087,0.2936719708032104,0.2694035927472973,0.3502195340615422,2.315802154504995,0.1769500476207394,27.59322225203068,4.409226300483227,19.14310076475017,8.143047058842887,0.0017722467482551,0.0013495955950191,0.0002212042183635,0.001564263420599
975,61.32,0.1772937921541449,2055,45.0,-45.0,45.0,-45.0,45.0,-45.0,68427.61348714276,4248.63091210685,4174.007499025466,2534.420251762539,1843.4435037341825,1862.8056526617636,0.311826004018826,0.3041641950434168,0.3649479609268958,1.3601038997332944,0.4029018294324529,49.593256359720144,7.151145620267397,34.12188396324498,13.755105417458278,0.0040513954843619,0.0028902499665012,0.0005108493009866,0.0034599824017002
976,44.32,0.2833479786495063,3351,45.0,-45.0,45.0,-45.0,45.0,-45.0,69494.09568896097,4921.749242633667,4455.65202441576,2499.436019747332,1985.930742067756,1806.2004908259423,0.2748471981759089,0.2881320544712678,0.3352281099863548,1.8283381142213664,0.225219615392428,31.24543826923554,4.32935971473069,21.429820721169367,8.869118818967838,0.0022545443742757,0.0017091790985314,0.0003177440119804,0.0018459471340365
977,51.13,0.2650384635352096,4421,45.0,-45.0,45.0,-45.0,45.0,-45.0,79714.41589491215,5012.513882613116,4792.655156352785,2935.574062676814,1975.479753065739,1984.2617927852443,0.3127098631104822,0.3146923630465497,0.3233443717092022,1.944242033530868,0.3240789909561161,48.26047881288444,7.344674074072838,35.211067259454246,13.498243901563267,0.0034036902105157,0.002429501361231,0.0004532645103767,0.0026568046132322
978,60.26,0.2071023109726904,1859,45.0,-45.0,45.0,-45.0,45.0,-45.0,74054.28207047457,5198.819937359016,4738.802739141646,2873.6369781329245,2073.0739428135944,1994.1139486785944,0.3042324908727568,0.2921805225192682,0.3475950373460704,2.448420783150204,0.0730453287287237,10.145122359556147,1.4956091082915446,7.448046010608181,3.069045921763831,0.0007443053742367,0.0005360874918844,9.179440831459073e-05,0.000580362818677
979,64.66,0.2240717857423566,4963,45.0,-45.0,45.0,-45.0,45.0,-45.0,73320.13662802521,4678.621974464309,4543.018562219231,2498.7218187109947,1808.1112121407516,1852.3522490547475,0.2428697261836036,0.234687411127343,0.3741295064119221,1.9173463670946536,0.1768723199139709,23.364887586223617,3.3032110161980346,15.7202086215588,6.759657430893,0.0017068889298084,0.0013245022882646,0.0002213248187539,0.0014186598717258
980,48.69,0.3061593582829662,4235,45.0,-45.0,45.0,-45.0,45.0,-45.0,76338.74524263463,5470.316882948711,4833.525918683187,2835.5935370685243,1971.3506161038397,1886.753656826605,0.2588167538849994,0.2442944045740035,0.3160136171932216,2.514371830974323,0.1246814900198731,17.68881868310826,2.676892396519099,12.505729870804394,5.7738746873040006,0.0012687313067447,0.0009739742376383,0.0001595182152737,0.0010777477975901
981,53.75,0.2303070494597133,1765,45.0,-45.0,45.0,-45.0,45.0,-45.0,68081.71023198243,4188.326682845686,3914.199761047653,2484.393246770904,1750.568463864074,1659.690670704087,0.2898703956583239,0.2593366640795307,0.350540661726233,1.3716330372124617,0.3915084142115207,44.21238389065586,6.37806007878645,30.516109106966628,13.79522457180984,0.0036442293022308,0.0026053065685459,0.0004553165790007,0.00313059347471
982,62.28,0.2285571965762308,2689,45.0,-45.0,45.0,-45.0,45.0,-45.0,62728.21701926461,4334.904110527255,4100.4883166672535,2297.383627975741,1598.151972011879,1639.084748670837,0.2604267730272691,0.2705158358642712,0.3213693052247898,1.143542791305855,0.413013273844375,49.88211693837692,7.048874386388727,33.89571782807877,14.836922328757067,0.0043101561768936,0.0031027541978304,0.0005446081264609,0.0032843555860348
983,43.94,0.2178329956913582,4987,45.0,-45.0,45.0,-45.0,45.0,-45.0,64181.93592415553,4101.516246436316,4064.506193918416,2255.0940825177254,1522.2890449576869,1633.901780848961,0.254288733051359,0.2418611299588378,0.3831785128313497,1.4214447352839483,0.1839497622190018,21.25374412736249,3.2755949286477257,15.02628326901084,6.31955910329314,0.0017476714509573,0.0014103041258188,0.000225400834326,0.0015136506905325
984,63.18,0.2002205440634956,4406,45.0,-45.0,45.0,-45.0,45.0,-45.0,78427.19482378465,5284.231580169166,5175.413976775337,3077.6135719968875,2067.5121877387887,2245.223267935016,0.2758574237737726,0.2748664458559641,0.3114727657054876,2.230325587439949,0.2746744871923379,42.74665552462017,6.056855374338566,29.551824835912846,12.15184392224751,0.0026496138139524,0.0020073505080903,0.0003475500055314,0.0023384558206209
985,44.35,0.2701916398602681,4112,45.0,-45.0,45.0,-45.0,45.0,-45.0,66316.72595248283,4140.7668214987225,4023.269694214187,2251.0762519585383,1672.0502032720854,1615.6181592130258,0.266216241208317,0.2670783241482398,0.3344173086287078,1.3210732922319262,0.3191205996667391,40.203039470406864,5.932485241050636,27.87023145386449,11.212512100003748,0.0034705891248794,0.0027556930781427,0.0004295007086219,0.0026068684291996
986,52.72,0.30255419703423,2980,45.0,-45.0,45.0,-45.0,45.0,-45.0,83978.88503706832,5036.500748761436,4842.412903848114,2801.448123086805,1935.1111651906515,1872.705658487296,0.2406816978423418,0.2441270060918247,0.3419487909227172,2.4796078899858376,0.1314211304057387,18.544677729704567,2.779870730427747,13.295578212052718,5.2906169292693965,0.0012151103701132,0.0009652932095409,0.000166860943042,0.0010290444111421
987,64.63,0.248637029906894,1997,45.0,-45.0,45.0,-45.0,45.0,-45.0,75843.55707808057,4884.128822279916,4699.146496327729,2846.0103883383194,1882.4911427778093,1956.5722585655265,0.2543884396969311,0.2633939447315456,0.3693136627612562,1.957661437711828,0.2715036214873635,36.24057981555367,5.264395998300038,26.113726324711447,10.7882199274125,0.0027169326474838,0.0020163450099573,0.0003372761034817,0.0023021863216792
988,43.47,0.1772937921541449,4744,45.0,-45.0,45.0,-45.0,45.0,-45.0,68427.61348714276,4248.63091210685,4174.007499025466,2534.420251762539,1843.4435037341825,1862.8056526617636,0.311826004018826,0.3041641950434168,0.3649479609268958,1.3601038997332944,0.4029018294324529,49.593256359720144,7.151145620267397,34.12188396324498,13.755105417458278,0.0040513954843619,0.0028902499665012,0.0005108493009866,0.0034599824017002
989,52.35,0.2158208872880617,4737,45.0,-45.0,45.0,-45.0,45.0,-45.0,72382.1892913118,5019.663547992585,4654.1234763099055,2784.1353089096665,1901.1758949202372,1856.2619656645188,0.3031636037012757,0.2927866116855586,0.3544581973874509,2.144459486094764,0.1458863025537794,20.75602121366079,2.9776737788526786,14.4827366536884,5.890153620918539,0.0014445084232586,0.0010229565567065,0.0002020201260019,0.0011667462113465
990,53.85,0.191925698159594,2978,45.0,-45.0,45.0,-45.0,45.0,-45.0,74571.68932470464,4817.485596919017,4925.021433434351,2656.662268510603,1891.3821519436808,1890.1111519032395,0.2708342407727436,0.2596550517331886,0.3359787190990067,1.692732827746244,0.4570676359528318,64.18356233235647,8.78792414173328,38.93163952474466,18.062068074326916,0.0043700251324318,0.0032026684887868,0.0005858029042738,0.0037388568157326
991,51.69,0.2738799247338642,3011,45.0,-45.0,45.0,-45.0,45.0,-45.0,66626.02018552461,4567.572365587135,4159.198950211059,2437.1331979695547,1802.3821230557285,1813.104254964016,0.2763373171707565,0.2686175711683907,0.3526579128932088,1.5708555388331882,0.415464745268374,50.75576576349372,7.36865695454839,36.44700388188269,14.656528565761556,0.0039575744941695,0.0030320657642683,0.0005444544015412,0.003408604476607
992,43.24,0.3116964331934198,3759,45.0,-45.0,45.0,-45.0,45.0,-45.0,83469.54792502959,5788.451298173742,5487.336392102196,3037.724614662397,2112.470796391892,2078.0767398165785,0.2689492762098674,0.2628608397079599,0.3458074649522876,2.3780672663960623,0.2943142449441753,47.98662953678746,6.898798505451196,31.677587605286288,14.478360706553945,0.0027749620024535,0.0022645739829038,0.0004084955783338,0.002480509083367
993,41.64,0.2171263883936568,1853,45.0,-45.0,45.0,-45.0,45.0,-45.0,79689.21189635446,5037.120099585538,4866.365822909117,2982.194934413812,1991.6436782856024,1967.303728079228,0.2702070779648265,0.2495607642225495,0.3054256336241949,2.2781510461447785,0.1972992327778923,29.34956277106618,4.2451545373837725,20.623967112154077,8.216700526237009,0.0019435177536327,0.0015950787198193,0.0002613158380788,0.0017833443994232
994,64.99,0.2833405543823252,3130,45.0,-45.0,45.0,-45.0,45.0,-45.0,81273.8812582763,5012.413150149568,5015.72357300621,2898.15737655538,2111.4366724929123,2189.2218602116604,0.3038773921135252,0.3036956641691709,0.3238688818107335,2.371485879882959,0.1390874136224943,20.530986753779715,3.0898491363949554,14.450506415019632,6.266354330599356,0.0015042995205067,0.0010716164374016,0.000173983781313,0.001266032827758
995,51.97,0.2161078911119816,4444,45.0,-45.0,45.0,-45.0,45.0,-45.0,63397.97522094361,3945.090193821751,3622.094642378815,2270.385397767195,1605.1322961574813,1485.0824906895873,0.2582260724296309,0.2549758403126834,0.3640422145777113,1.3616065962153652,0.2825533447221257,30.10546796626967,4.49586311890769,21.746583658578984,8.845845382530761,0.0028110172824632,0.0020044176488223,0.0003516354037534,0.0024168915554493
996,59.23,0.2284891882633535,3182,45.0,-45.0,45.0,-45.0,45.0,-45.0,65327.79655608629,4414.237631310364,4111.174774027184,2456.6221693076845,1611.3687118546893,1666.83828638157,0.2831891364585875,0.2782865143018705,0.3736984003890598,1.7323187878503958,0.1410248987165178,17.140391278366774,2.635867198928328,12.301848454686896,5.00064988176867,0.001453978919079,0.0010647846708954,0.0001841079825237,0.0010809889484035
997,54.37,0.2159671033304675,4872,45.0,-45.0,45.0,-45.0,45.0,-45.0,75780.75624673587,4758.043038358256,4334.3593563951,2758.684419373403,1896.8435641536344,1966.845271157206,0.2557474951848604,0.2451418858111852,0.3469507930778635,1.7108445128628431,0.2348253020545338,31.53967414973294,4.688556698408246,22.986813127584977,9.824944840315991,0.002311702165471,0.0017130819931347,0.0003141396682928,0.001902218552539
998,64.31,0.1756402725240362,2013,45.0,-45.0,45.0,-45.0,45.0,-45.0,76390.43310031372,4631.072830096274,4732.69642763904,2741.851512804033,1971.757053795592,1996.7052848121505,0.2454423920325479,0.2362547216392652,0.3444906204571961,1.877657934192088,0.1271791115803998,17.321657757995883,2.5766582690582016,12.801551641126013,5.1696221582019,0.0012836848907583,0.0009854566356482,0.0001696572368218,0.0011239017823001
999,41.85,0.2833462232325215,4131,45.0,-45.0,45.0,-45.0,45.0,-45.0,71669.46714884554,4170.594225592867,4048.8194544617736,2682.093683858662,1798.644364437503,1738.8495858576168,0.278104894417966,0.2690474234166364,0.3504254430594155,1.763440374732241,0.3930681212971281,50.24809587211779,7.405289308369848,35.912060507354454,14.882923116335618,0.0042618950970649,0.0031983569143801,0.0005131714244667,0.0035145301857142
1000,57.0,0.2776202779813396,3408,45.0,-45.0,45.0,-45.0,45.0,-45.0,75004.94118237653,4975.70502770735,4358.580205999196,2875.327794024469,1903.680128889403,1866.465858229103,0.2368920099415304,0.237551407251506,0.2997198629221459,1.7369156022569483,0.3348215422544857,49.17312207185506,6.801062026505545,32.72404072057649,14.103558916570208,0.0033286999177942,0.0024177592909239,0.0004348350906539,0.0029594733126596
1001,43.21,0.2756642410206518,2911,0.0,45.0,-45.0,90.0,90.0,-45.0,64030.32953436435,4312.600699226473,4100.957673202555,2328.151994001825,1822.898273884292,1776.3636901270777,0.2986299939595044,0.2608892413514658,0.3626721119568716,1.3005545683106556,0.3156429547115281,40.33441592557013,6.183341274562927,30.72005050121383,13.008119845732791,0.0035074018243577,0.002650060881374,0.0004419680875568,0.0027621580067529
1002,59.51,0.2792986338933635,4895,0.0,45.0,-45.0,90.0,90.0,-45.0,72408.24343149048,4667.9870013424415,4597.725490536956,2543.598051643395,1808.7834612267447,1849.9279929395057,0.3201323901798982,0.3130623569644838,0.3297472999398517,1.8810588829611672,0.2121074909663225,27.21443633290172,4.321215857866071,20.529485255622568,8.42565395860844,0.0021255338038852,0.0018023539369696,0.0002957157423045,0.0017138274960502
1003,54.69,0.2315664817227141,4120,0.0,45.0,-45.0,90.0,90.0,-45.0,64082.42398965406,4087.190510369323,4023.1713451290575,2391.15337978169,1658.3016168621225,1651.982117104798,0.263181112485999,0.2758145073151726,0.3314018877825502,1.0705994321773196,0.4300871405706303,49.829256538571634,7.541376999888932,34.83342775663747,14.622727467170796,0.0041530658381858,0.0031522246134217,0.000546589337719,0.0034158002807845
1004,64.16,0.2644575486656851,4644,0.0,45.0,-45.0,90.0,90.0,-45.0,70232.38809262119,4828.651792896091,4669.260297111005,2771.292497758504,1810.7093975701323,1709.679626994228,0.2805120538219621,0.2619843022323584,0.3743585406731657,1.538967179927552,0.3900193009186863,50.05841104826175,8.08913563798741,36.41701426339985,15.048317666428291,0.0040972526586116,0.0029807855314012,0.0005292118727038,0.0029391134112081
1005,52.57,0.1989510099885576,3272,0.0,45.0,-45.0,90.0,90.0,-45.0,79333.11000951982,5714.821178417106,5269.560320060384,2994.630223817298,2308.9291350619537,2172.566433990521,0.3122261509487791,0.3205648076869308,0.3605708558800336,2.1544430579807896,0.2157188169515339,32.92372204076745,4.733757389842545,23.031939195294925,9.88701512474462,0.0020764283586385,0.0016063242972915,0.0002913685444889,0.0017173376608722
1006,60.78,0.193567724638423,1726,0.0,45.0,-45.0,90.0,90.0,-45.0,79813.65792995354,5183.58060778799,4806.249860090096,2938.573560928555,2113.53417160366,2066.0227511539456,0.2865386162096207,0.2818018215965905,0.3311170176836441,1.838804028533369,0.4466482405516389,64.43657774024705,9.348129781770348,46.44535689429887,20.55602966384617,0.0044098269033584,0.0034607295177492,0.0006007612603853,0.003695918342511
1007,43.83,0.2523060517338547,3622,0.0,45.0,-45.0,90.0,90.0,-45.0,79393.06258305075,4681.644406168721,4797.6764022073685,2746.2132610295307,2012.2635210528076,1972.753469219237,0.2486254757078987,0.229115438882642,0.3876509689838993,1.836143182558354,0.3971226110080122,58.24049497186233,8.367356539843653,38.53608670923753,16.749747176396518,0.0041517412879132,0.003067544995645,0.0005156583966865,0.003443361472513
1008,44.05,0.2781127614466323,2174,0.0,45.0,-45.0,90.0,90.0,-45.0,67432.2089673032,4533.992844486211,4009.4654569605855,2553.4091214362084,1706.4776819400518,1730.369344636216,0.2562378684426667,0.2383496272444949,0.3275292712579427,1.667742439238037,0.1188710655556338,14.492555100101546,2.2725021417894133,10.834252268206312,4.310273224208844,0.0012320989509811,0.0008890693536047,0.0001552641661899,0.0010128157826753
1009,45.64,0.248079353326251,4405,0.0,45.0,-45.0,90.0,90.0,-45.0,64121.44585464311,4104.942750415966,3886.985722900788,2418.4561365250524,1503.3188172017872,1436.4231114757476,0.2583115301341219,0.2605658219105889,0.3446854484477497,1.200353158676316,0.3872907390610327,41.63633431425559,6.4304398052532425,29.08265477600625,12.353019894332023,0.0035212995046821,0.0026644612247027,0.0004715150628952,0.0032071786511532
1010,62.37,0.2950720303208676,3625,0.0,45.0,-45.0,90.0,90.0,-45.0,69019.01171528254,4383.978320939419,4618.757723193999,2565.7904980562903,1870.546678301477,1896.9735917996552,0.2683425926627015,0.268452659765186,0.3742988105854118,1.9626142026297275,0.2460394983186517,28.63596595071712,4.653823430620306,20.81237997719607,9.193094864113586,0.0024214332696688,0.0017791928649631,0.0002986729779702,0.0020206125495241
1011,41.97,0.2008266158678741,4964,0.0,45.0,-45.0,90.0,90.0,-45.0,67366.6990779747,4850.014257762517,4957.605244728506,2622.9507697522204,1822.4318561319049,1839.887264668824,0.2575948405624492,0.273944459493526,0.3284837801965199,1.937710692509175,0.0591931459757925,7.966912913600314,1.1340098449497051,5.475085583509585,2.378189573955743,0.0005554569090398,0.0004438308915021,7.739936904620169e-05,0.0004721682669397
1012,55.88,0.2297097864425444,2304,0.0,45.0,-45.0,90.0,90.0,-45.0,68864.30450537543,4786.385277314256,4735.024946886618,2569.9206293390635,1906.3400643633595,1867.458401057095,0.2802391004130127,0.2786668560987253,0.3637521108400749,2.007410061346796,0.0673465979057725,8.297535979764756,1.2546080643024862,6.162255239637596,2.6864020718312798,0.0006470180217355,0.0005012563810957,8.147517248183761e-05,0.0005438407867839
1013,46.86,0.2596417084705389,3756,0.0,45.0,-45.0,90.0,90.0,-45.0,65716.7008724274,4204.530589025239,4182.96466578576,2469.134932090409,1736.1386608509497,1673.4963096394183,0.2754402885487089,0.2880920419549646,0.3776830938972947,1.6208182687745765,0.3343169063160596,39.726579244308105,6.056013868937975,26.68787601277507,12.261098130638684,0.0032922730495233,0.0024464281978068,0.0004175924092178,0.0027813399001395
1014,47.57,0.2774767068149455,4060,0.0,45.0,-45.0,90.0,90.0,-45.0,73471.50440403016,4942.649287326472,5236.99347840158,2955.041875195465,2101.2630303210785,2026.1710199589447,0.277072208800157,0.2725125784050078,0.3001861308226396,1.8637658760785385,0.3075311793483563,49.07511202813392,7.360198880609339,32.41399347877517,13.87396459616737,0.0031900984103321,0.0024100424892251,0.0004287942804474,0.0026586135610937
1015,42.34,0.2907161926696565,3685,0.0,45.0,-45.0,90.0,90.0,-45.0,81721.87348789226,5375.696826373988,5052.38929638639,3180.9341957678403,2014.40582041954,2135.024395561089,0.2934237646523158,0.2703256080735029,0.3739287692920652,1.899532004743533,0.3815180816580711,62.71894124667948,8.85799776789542,42.90116979711109,18.60751198178037,0.0041388812114031,0.0027752206895187,0.0005302087228083,0.0033248590918658
1016,44.22,0.1832287408166937,4125,0.0,45.0,-45.0,90.0,90.0,-45.0,67798.03088090221,4712.148576557733,4105.733478829878,2569.065161109062,1795.1774941539752,1812.6721758404717,0.2430586937375727,0.2196845196532636,0.335920320149219,1.5903983450582018,0.2458844175266471,30.376174533644168,4.561762830862854,19.4223377451972,8.743565304884319,0.0022111669030976,0.0018465159974053,0.000297962783127,0.0021112503650369
1017,43.85,0.2029930327573832,3878,0.0,45.0,-45.0,90.0,90.0,-45.0,64414.50156265521,4000.279279711706,3975.546865039755,2263.9615094534183,1642.1907694066806,1641.408565925837,0.3143789985503283,0.2962897916068212,0.3000783071536491,1.0736082419837656,0.5151404122011374,61.68867872389317,9.196609848922757,43.74106353666328,18.908159049070964,0.0053265912744713,0.0040690237608678,0.0006306780935911,0.0043250821151381
1018,55.61,0.2201314966076114,4198,0.0,45.0,-45.0,90.0,90.0,-45.0,63490.37771211885,3843.8991671766416,3878.8966289611594,2360.592982550588,1524.6388881305356,1529.2024023895435,0.3046879762925888,0.2808439069538505,0.3141709821626204,1.0269249797928524,0.5327542751640156,55.99946573817583,8.633502166876566,42.12327980820037,16.547325816975174,0.0051325355373031,0.0038070321217065,0.0006517008973491,0.0044945299771538
1019,48.44,0.2788418552072351,3978,0.0,45.0,-45.0,90.0,90.0,-45.0,83846.44567697057,5332.668891475284,5126.175669486596,2954.5786183353,2050.078250735946,2021.2700338362704,0.2535792998529635,0.2441994320611281,0.344817731650139,2.518161874666583,0.0982019943524527,14.467124847632808,2.2839376957925217,10.456379117240177,4.576429205542435,0.0010072251857127,0.0007885333415384,0.0001369176834926,0.0008261552358676
1020,41.03,0.27244385321045,3808,0.0,45.0,-45.0,90.0,90.0,-45.0,75469.17382528026,4981.216256131639,5158.716701051385,2812.0824662296686,1995.0590304916573,2037.11036030632,0.2713173840545594,0.2506559864903671,0.3163473665358135,2.0946225530344638,0.2214783746476588,31.52115974689163,4.702380644315234,21.632040069973247,8.917601762832268,0.0022196037445972,0.0017156590476823,0.0002760542206442,0.0017748557601091
1021,42.03,0.2321384432336738,1616,0.0,45.0,-45.0,90.0,90.0,-45.0,59689.13235219557,4360.556888359072,4089.042273725917,2313.145842550957,1536.6424389020851,1536.7330558989174,0.2908986713999072,0.2847482260816225,0.3125044955371674,1.2768042889205136,0.4641397388863598,53.11904013865931,8.701345786663012,39.272376633744265,16.669821818612895,0.0047140778478231,0.003622370708177,0.0006428447095309,0.0037059050840422
1022,59.28,0.2405531499040284,4127,0.0,45.0,-45.0,90.0,90.0,-45.0,81529.19926999325,5638.299997896121,5293.9821439754105,3170.53552272828,2130.30074459443,2173.5485751822903,0.2525336650736178,0.2409772387628782,0.3424219764644163,2.701754911300022,0.0460098016321302,7.847943161283232,1.105565216498516,5.631374749039705,2.293724377970979,0.0004616596591965,0.0003446919331811,6.108438706535397e-05,0.0003842399208145
1023,56.28,0.1872538541658456,2584,0.0,45.0,-45.0,90.0,90.0,-45.0,68992.50185027339,4464.262344158183,4138.31640404634,2391.818652537881,1658.3472370017205,1728.3167291651214,0.2885666301093099,0.2884672941119993,0.3318070129261274,1.5771157424908795,0.2154442740904509,28.34606514549605,4.03983349703264,18.13987523098003,8.010463858587595,0.002157817352705,0.0016167879628649,0.0002869217165122,0.0018449991646181
1024,54.3,0.217263040667406,4641,0.0,45.0,-45.0,90.0,90.0,-45.0,82398.86713177514,5200.558061247469,5182.576560730523,3265.920137148691,2029.1478778864464,2063.8496119997067,0.3248924813314043,0.3059417114208214,0.3593275046022852,2.2152790150234183,0.3722534349781006,54.85023720241214,8.358762782440774,36.48656979039812,16.324606170966216,0.0037260761311063,0.0027912396626869,0.0004691713526253,0.0031050904977629
1025,55.97,0.3026498642663213,4031,0.0,45.0,-45.0,90.0,90.0,-45.0,83835.45050868497,5320.140236498237,5107.7400267245,2860.502286179008,1902.2191415595887,1953.9482378015343,0.2680809186854682,0.2762664925609349,0.3225264339533228,1.8303533337146023,0.4149207364593859,59.334897669062144,9.748662394090909,46.00353887027962,18.11857404597036,0.0042958523129181,0.0033113470549763,0.0005581807833666,0.0034115376530795
1026,62.22,0.193896187303006,3539,0.0,45.0,-45.0,90.0,90.0,-45.0,70997.15990754963,4254.698037420017,4285.829057930591,2506.8468251716367,1884.979726117335,1793.0293243545618,0.2388935712682521,0.234604216578681,0.2930401893368284,1.5351409073601223,0.2484062500601712,29.263224271835263,4.338362913034562,19.670596022276083,8.479495413431028,0.002315638543829,0.0017846441614878,0.0002977382087528,0.0019697465117603
1027,47.24,0.2770998854702146,3734,0.0,45.0,-45.0,90.0,90.0,-45.0,89028.39249131671,5851.312526212625,5457.012691211571,3183.308952967203,2275.9193560021995,2320.344389996786,0.265821146053584,0.2599138949503385,0.3952586850458852,2.343397832098967,0.257125232035463,40.7225511989271,6.013762369858375,28.125604767347184,11.847169689078283,0.0026574369185122,0.0018875526150789,0.0003307658425487,0.0020094505611995
1028,52.07,0.2921677586813606,2737,0.0,45.0,-45.0,90.0,90.0,-45.0,65483.17491002291,4598.409841555423,4090.8150168868888,2360.8581849698667,1687.539222760062,1676.8336359069149,0.3052495019477913,0.286881985597464,0.3709397301055556,1.3887308005053445,0.3456214050414329,39.73241461927359,6.341036245463696,29.208750372250265,12.243048318046522,0.0034454398390523,0.002736513070771,0.0004335070937304,0.0026885528130592
1029,60.18,0.2400224201551505,4796,0.0,45.0,-45.0,90.0,90.0,-45.0,67703.98723134295,4557.697239271217,4294.634610406224,2518.8232693271043,1700.485249559481,1756.8951618286733,0.2869009766572645,0.267489961979069,0.4045550606922674,1.208649591587997,0.4570736149123446,58.70813874170678,8.36323895467752,38.34725674593979,17.728487838388634,0.0046066134698893,0.0036527790650983,0.0005922393372957,0.0036619763381967
1030,47.44,0.2150757803177023,3163,0.0,45.0,-45.0,90.0,90.0,-45.0,60681.63111255479,4021.135595969345,3946.827875651927,2277.2808227885625,1528.1129969085057,1607.3930525671778,0.2907322960075074,0.2814376485192651,0.3441857241028678,1.0358757708096276,0.3424442711690801,37.51331357383085,5.685092554071802,25.84924276230555,11.25939186383962,0.0033751808515606,0.0026466774788283,0.0004537642628189,0.0027645350242249
1031,57.22,0.2545462087234456,1798,0.0,45.0,-45.0,90.0,90.0,-45.0,69705.83553057635,4522.898331453634,4631.438852422126,2502.3230258628328,1761.8150129600613,1835.3882548561292,0.2916415596864988,0.2836863999319687,0.3660466119774498,1.737856048569939,0.2810806632488518,35.56007427557738,5.453959215390989,27.66763355807964,11.029912934397878,0.0029922000835525,0.0019828308681609,0.0003885886358442,0.0024775376149158
1032,50.99,0.2242323175253989,2147,0.0,45.0,-45.0,90.0,90.0,-45.0,89872.55064154617,5453.25242557737,5209.40100323244,3054.260703995647,2167.4560056453447,2075.231188387804,0.3041300217152238,0.2947847180596612,0.3526479460213638,2.0375426260942087,0.4023516848394413,62.60675732653146,8.98004751809983,42.3280269728315,18.601717179220927,0.0040198366603026,0.0029948459388711,0.0004995357747959,0.0032501243394091
1033,51.61,0.1904994980767266,3483,0.0,45.0,-45.0,90.0,90.0,-45.0,76643.6203728755,4937.410422940979,5147.97421916537,2834.915464946628,1837.5862454437056,1771.1491544128778,0.3313637896155536,0.3024996771637058,0.3070244072776337,2.0173067757536725,0.1718767349720818,23.503027400623065,3.621331599821832,16.91366962397848,7.339527747692421,0.0017544175568923,0.0012752605445175,0.0002226446628863,0.0014386153247117
1034,55.17,0.2746222380725966,2893,0.0,45.0,-45.0,90.0,90.0,-45.0,67987.95684939847,4562.321927193452,4207.959337722861,2602.6272333881743,1865.9566868189695,1829.9989838292272,0.2964938073520556,0.277526259699078,0.2985439084847239,1.8863340167602831,0.0608294361248251,7.700255021639875,1.1302808718604909,5.1794317552181655,2.21822616294122,0.0005948869448154,0.0004486056496814,7.985499973625745e-05,0.0005232425405883
1035,61.54,0.1963627955825823,2780,0.0,45.0,-45.0,90.0,90.0,-45.0,78926.81880529113,5018.423122965452,4654.70841421973,2846.9120114858083,1973.600714502406,1857.9825367284243,0.2491911393311254,0.2366008916129391,0.3773573122828979,2.090273098359901,0.2298903828796676,34.11849611159178,4.988848461359965,23.55710476284872,10.266951287776308,0.0023070289887443,0.0018073900356229,0.000299646670242,0.0020673862791961
1036,58.35,0.2363987290267139,2807,0.0,45.0,-45.0,90.0,90.0,-45.0,66588.37349486421,4137.510212686296,4019.773539144693,2336.0210981338323,1698.233880765634,1843.27997424189,0.296080696193937,0.2919933106910291,0.3523970964301327,1.3604301078882413,0.2501488047911651,30.9064513183676,4.119164080845271,20.30457092197747,8.803764052098202,0.0025667789136146,0.0017540066100057,0.0003367526613549,0.0020455542688824
1037,64.38,0.2963389770134342,2914,0.0,45.0,-45.0,90.0,90.0,-45.0,67689.13982080738,4581.883798367838,4233.208658797119,2547.627665297117,1735.590187962723,1813.697832234266,0.2659291866579322,0.2789160004639565,0.3608006762124558,1.6352783612535289,0.3852848127079764,50.22062384081731,7.343290435795307,35.32224333878332,14.768696490653818,0.0040746184924322,0.0031386685472236,0.0005277335506187,0.0032718201414382
1038,59.02,0.2480711979372361,2035,0.0,45.0,-45.0,90.0,90.0,-45.0,66230.22114456589,4192.258310708898,4329.122736512922,2532.525787055833,1734.1985047151898,1790.8266684845985,0.289449715354895,0.2755727971453948,0.3701160947655204,1.576859592551736,0.3191552972608968,40.31450534942624,6.024906559133044,27.422510078726823,12.448260157464992,0.0032258335256149,0.0024266482806571,0.0004357510637536,0.0026408450520396
1039,54.04,0.2833462232325215,3609,0.0,45.0,-45.0,90.0,90.0,-45.0,71669.46714884554,4170.594225592867,4048.8194544617736,2682.093683858662,1798.644364437503,1738.8495858576168,0.278104894417966,0.2690474234166364,0.3504254430594155,1.763440374732241,0.3930681212971281,50.24809587211779,7.405289308369848,35.912060507354454,14.882923116335618,0.0042618950970649,0.0031983569143801,0.0005131714244667,0.0035145301857142
1040,46.04,0.2406036548050892,2807,0.0,45.0,-45.0,90.0,90.0,-45.0,70311.90293922336,4852.930472601879,4571.854036294541,2581.691045798664,1858.925199433824,1699.663959795943,0.3027957270822125,0.3180215156071453,0.3169302129837386,1.8666607937505908,0.2178549307557741,31.196602296595877,4.418029185708963,20.876625591342705,9.42605625866912,0.0022281066630868,0.0017869534624752,0.0002964092124207,0.0018365297655949
1041,46.69,0.2473249626373124,2001,0.0,45.0,-45.0,90.0,90.0,-45.0,67977.29037289823,3971.241971598678,4027.900276529287,2552.009030652461,1649.183680642664,1611.9792076993765,0.2954671591653788,0.2717786883717056,0.3020265274507557,1.7718203431548505,0.0867793923600985,9.624467092457628,1.526976511935317,6.90140568537667,3.049591541020392,0.0007989032186462,0.0005669866019426,0.000104377169678,0.0006672621957166
1042,43.52,0.251373173742235,2515,0.0,45.0,-45.0,90.0,90.0,-45.0,63777.76874181121,4413.497614052863,4064.572422831447,2311.791463973087,1653.8222736578734,1681.4356908325058,0.2726192436941133,0.2645912960724589,0.317002802124387,1.5170268805318343,0.3026866560710996,36.46475189046209,5.357819563001469,24.32570967318483,10.28747707366768,0.0030296025984483,0.0025137773077173,0.0003956137093482,0.0024699504330222
1043,47.26,0.2570521340485253,1707,0.0,45.0,-45.0,90.0,90.0,-45.0,73684.99720135717,5012.05244143775,4888.797567615192,2613.941334114065,1914.1673736071532,1809.3548659394276,0.3198585323310917,0.3012318295448312,0.3077573694457123,1.685243646510329,0.2512560355122712,38.08645485922324,5.6148198126109525,25.41200293162828,11.178321443150594,0.0026827742588469,0.0020234125810693,0.0003388617348633,0.0020918506102
1044,61.6,0.2157570484163556,3073,0.0,45.0,-45.0,90.0,90.0,-45.0,76648.31946397242,5514.750001913985,5584.299469544467,2934.0104036274,1966.1456164932704,2039.5366185239584,0.2614488834479797,0.2531089077876103,0.3521474814218301,2.2055750780381915,0.1043144472522095,14.996781977515036,2.39611609541969,9.943671267192483,4.490233399741484,0.0009997379629725,0.0007848814084129,0.0001270716333174,0.0008489564894868
1045,46.21,0.214274881601488,3212,0.0,45.0,-45.0,90.0,90.0,-45.0,77425.96958657044,5390.722922853112,4850.958062973154,3109.1324197974604,2209.552646459698,2082.10561521538,0.267182037141605,0.2462602414069874,0.3853178388499264,2.3866172570620527,0.1741795198126528,25.83135639057129,3.9078135580552265,18.271729739905428,8.368950199651925,0.0018033010726233,0.0012708772570805,0.0002505143151402,0.0014322008909063
1046,60.34,0.2776415132201377,2154,0.0,45.0,-45.0,90.0,90.0,-45.0,86599.38798293674,5840.130525296437,5327.975573745763,3122.037570948492,2044.1356993145384,2115.3187910216816,0.2963795504834508,0.2784768204683154,0.3402967739359372,2.068395243749979,0.433063334550019,68.28117565466749,10.745692449150212,46.18571494764858,19.076140975675617,0.0042805644755491,0.003193836139632,0.0005601460825142,0.0033814051430982
1047,58.03,0.2728924735417674,3866,0.0,45.0,-45.0,90.0,90.0,-45.0,64250.30028756784,4259.747392535484,3908.594002558578,2390.602281702392,1710.0157671058507,1658.4272979455022,0.2873039615972831,0.2898853676701207,0.390859668995711,1.237933281432744,0.1508661651970113,18.483618150939517,2.6162604611680957,12.082596940352197,5.538175968851406,0.001535731159825,0.001164536155266,0.0001998851025737,0.0012800146927058
1048,59.08,0.2025893501786349,2277,0.0,45.0,-45.0,90.0,90.0,-45.0,65362.5147923947,4455.689257436322,4313.516634092009,2439.8764716470173,1803.028879921608,1723.938123902332,0.2801105763292201,0.2672860574677236,0.3123623729371593,1.501029140046623,0.1881573994332882,21.485205328748204,3.30915183392386,15.311425038638726,6.799479425957826,0.0017668922511548,0.0013379007880097,0.0002396477286393,0.0014328946105437
1049,64.9,0.2024303792853775,3540,0.0,45.0,-45.0,90.0,90.0,-45.0,79643.26936513439,5404.3450171965615,5118.425054290689,2995.338549103245,2007.1712494519493,2134.6170352696868,0.2825342651869785,0.3009314410073279,0.3266785392295669,2.474150442301899,0.1075258998746553,17.18405405085038,2.359969676439696,12.06419130923442,5.065075309090399,0.0011001605816875,0.0008038568544752,0.0001513061234575,0.0008975054764873
1050,52.47,0.3014333618032269,3412,0.0,45.0,-45.0,90.0,90.0,-45.0,79426.27836062737,5564.6235364194135,5346.966933513265,3209.855178396408,2123.260601020153,2147.4189036422777,0.2663176591126193,0.278313347855244,0.3722274251957196,2.383873508471664,0.3063843261497083,49.41918310593815,6.972783106949609,31.90662287302713,13.455993883852877,0.0029139668560479,0.0023758218403729,0.0003838177037832,0.0025615459660073
1051,52.43,0.2803491841283252,2763,0.0,45.0,-45.0,90.0,90.0,-45.0,78857.14798404943,5163.966214808981,4855.43665433393,2613.2169439678405,2045.9947747221927,2006.645021540025,0.3197055537540262,0.3006486471985314,0.3807194336332689,1.751381189600682,0.3792007724173509,52.304900004685095,8.155293631040943,38.202349973975,15.833149622290785,0.0038321623226478,0.0030162214874945,0.0004652511945145,0.0032536100566274
1052,63.63,0.2178329956913582,1868,0.0,45.0,-45.0,90.0,90.0,-45.0,64181.93592415553,4101.516246436316,4064.506193918416,2255.0940825177254,1522.2890449576869,1633.901780848961,0.254288733051359,0.2418611299588378,0.3831785128313497,1.4214447352839483,0.1839497622190018,21.25374412736249,3.2755949286477257,15.02628326901084,6.31955910329314,0.0017476714509573,0.0014103041258188,0.000225400834326,0.0015136506905325
1053,51.43,0.190124342164686,3570,0.0,45.0,-45.0,90.0,90.0,-45.0,81398.01097489461,5071.466666868264,5115.225975133868,3001.432078804018,2089.3942241522823,2168.4276258188406,0.2566780077832697,0.2423371950831684,0.3789285964686378,2.0078777895347946,0.4162900720683641,67.24148706427901,8.997571286907885,45.0475990518551,18.756225340596192,0.0040579567026966,0.0030746237599508,0.0005703081189829,0.0034559877768232
1054,45.38,0.2425396131592218,2486,0.0,45.0,-45.0,90.0,90.0,-45.0,77563.57242807982,4740.712352556574,4426.8032136882575,2642.553265081955,1919.986464345476,1893.9821886058096,0.3126706829456251,0.3132560784273085,0.3223163154359671,1.8183435773360688,0.1518584234727654,19.703632126282383,3.038498560497878,14.924446299900918,6.237516281519596,0.0014651428629578,0.0011177276388689,0.0001991451318338,0.0013426117131952
1055,41.22,0.2174072796909794,2945,0.0,45.0,-45.0,90.0,90.0,-45.0,63810.41470505021,4614.792857854911,4233.936754749447,2595.16590007,1601.5647785131812,1613.1525993479377,0.2512758672392703,0.2550847158734431,0.3149323837226337,1.1947378080450288,0.3778077972346931,48.034315068962506,7.414436338917539,31.435319493040215,13.92442599382986,0.0035557271543845,0.003026675472786,0.0004793145538564,0.0029854588499717
1056,52.37,0.2126441009417819,2652,0.0,45.0,-45.0,90.0,90.0,-45.0,75354.96076172584,5175.881934607822,4631.44672372941,2814.220952399785,1934.791201468624,1871.1444040634656,0.3213596934007057,0.2987967257226926,0.3349401632895061,1.885458958690955,0.4073604885650175,56.47974128727905,8.09867243147022,38.52741955728686,17.079404845701934,0.0040730997064874,0.0031740815948866,0.0005238816471045,0.0032486504218028
1057,56.36,0.1834781135324174,4952,0.0,45.0,-45.0,90.0,90.0,-45.0,74045.87035887816,4432.184118583931,4426.627858778767,2582.713882869835,1888.5468426328653,1820.922817084672,0.3043753861790466,0.2908454553264845,0.3418141255259804,1.5401187728617003,0.2013896692798185,26.031828068696807,3.841999964010688,18.72796887188702,8.177886190057263,0.0020376914614632,0.0015695843703952,0.0002529934682122,0.0016795241690876
1058,47.14,0.2020436887129746,3427,0.0,45.0,-45.0,90.0,90.0,-45.0,75951.58151075404,4834.055593398302,4432.551039798721,2590.978542418348,1841.2209337810916,1850.4924286159803,0.3173459063789057,0.2877061473914861,0.3321416773623921,1.735862081867389,0.3109160996550361,39.35476512646604,6.203882440230507,27.974392485056484,11.999073249581118,0.002983098631159,0.0023466774244797,0.0003696817848191,0.0025073558345893
1059,61.18,0.2262467298107537,1533,0.0,45.0,-45.0,90.0,90.0,-45.0,77104.21628869577,4861.512311994143,4676.533479972015,2730.492967049412,2009.726393033764,1885.058113954181,0.3084159247123482,0.29845795915392,0.3783002240440115,2.044497504329957,0.1597034134018955,23.480742807397966,3.2848296779681725,15.866972272894992,6.737903954698158,0.0016612070284798,0.0012108447438667,0.0002189608093554,0.0013342684009508
1060,43.35,0.2347064912575639,3265,0.0,45.0,-45.0,90.0,90.0,-45.0,83039.15208207199,5404.2835103523485,4926.964165572706,3245.559120297917,1879.2762769237436,2051.431642731108,0.2530886699202319,0.2666768650835797,0.3438872353178295,2.1763574348729016,0.1554385592344798,23.808397466489225,3.563990280761334,16.4321365613973,7.058332366422433,0.0015660952602711,0.0011761118120316,0.0002129394475889,0.0012709473418064
1061,58.19,0.1974803090089302,2583,0.0,45.0,-45.0,90.0,90.0,-45.0,72038.81492137433,4991.155820193193,4529.748842530006,2712.36952457357,1855.5806146395712,1781.4066037320213,0.259742589253297,0.2425764389831035,0.3343711343975398,1.6286009654250913,0.215114977011236,28.866446115449925,4.453127283487738,21.797594846622832,8.839573187628035,0.0021460403748405,0.0018132240237649,0.0002831117545209,0.0017595550043441
1062,50.08,0.2800522642078437,4628,0.0,45.0,-45.0,90.0,90.0,-45.0,70792.69667992007,4473.68168822167,4266.241603417006,2386.8433626445494,1714.111213517284,1674.8767870496968,0.2948036936989513,0.2908045819601683,0.3476512085658768,1.7965638934287007,0.2105045915458602,25.698890210358865,3.879744773742935,18.49710494958857,8.041828675295712,0.0021049598676394,0.0015841386187894,0.0002674177056779,0.0017663000420794
1063,50.01,0.2979176858540682,1685,0.0,45.0,-45.0,90.0,90.0,-45.0,76372.32233827349,4934.130587312264,4653.811254373079,2692.708524720973,1949.4340252308807,1975.8533743015068,0.2747302988977581,0.2720170002974438,0.3101631834680199,2.062331048899952,0.2368274406841432,30.90790160496012,4.357763102157361,22.100236607000664,8.97279950926647,0.002264666284543,0.001591630132168,0.0002818476483203,0.0019157349283305
1064,54.05,0.2232278301534648,3835,0.0,45.0,-45.0,90.0,90.0,-45.0,79921.14363859971,5385.333682355042,4742.447942489943,3019.245742089377,2280.3352372635395,2187.5052738257227,0.3140717375183336,0.2941809235332916,0.3499028998870715,2.0988393852011007,0.1968475898591331,30.71919783690614,4.272322902859847,19.86469963024401,8.68780727031268,0.0019322963192558,0.0014739503692618,0.0002523071075373,0.0015760519385649
1065,53.83,0.278714255594203,2984,0.0,45.0,-45.0,90.0,90.0,-45.0,60940.33015204636,4484.801065262208,4162.558842397847,2482.5387181937563,1699.7114961255338,1702.4737734730588,0.301876637729376,0.2731839307212585,0.3836260514967856,1.6812295835652733,0.0973571794370918,11.473134479931543,1.7119604899848364,8.560962782510284,3.7326720868499232,0.0010078145392999,0.000744221562607,0.0001397736534412,0.000829009705102
1066,49.66,0.2075794241581259,1801,0.0,45.0,-45.0,90.0,90.0,-45.0,69990.63555804732,4792.955175095911,4426.015259497989,2671.147958676176,1868.6519407085975,1793.0647737198492,0.2819314793932495,0.2685397695880395,0.3520090133919114,1.3535838226218786,0.4000752901403016,57.098403331581125,8.848480630849563,37.51593705026873,16.279387563942645,0.0040123985087181,0.0032304271581706,0.0005202911085173,0.0035698804087254
1067,59.11,0.2668838071444501,3344,0.0,45.0,-45.0,90.0,90.0,-45.0,64172.98364617171,4180.769413242243,3865.476240094737,2461.905287327412,1729.626468012231,1690.409010048974,0.3141587902282942,0.3066182233540055,0.389815358334489,1.3090089912685616,0.19828041050266,23.229173073742583,3.44127273885894,16.758529106027673,7.4084797550830865,0.0018895032888082,0.0014531448223096,0.0002486990312415,0.001608724462103
1068,60.63,0.1786676858673853,2645,0.0,45.0,-45.0,90.0,90.0,-45.0,77330.52350545171,5362.353365106589,5267.823228690482,2999.829692058258,2165.3557896866946,2168.403980047445,0.2924326821781579,0.2952205440794178,0.3564399789569847,2.117976204057397,0.417117433831197,59.21997677523629,8.959313071064805,41.20421052609008,18.01042791488189,0.0041538003027972,0.0030664469915935,0.0005329118551821,0.0033526932524342
1069,57.01,0.2052808927448932,4052,0.0,45.0,-45.0,90.0,90.0,-45.0,87364.598614464,5599.613338058298,5294.960314626048,3092.274192768196,2149.0357718833898,2220.3877128165755,0.2602159647527581,0.2623054744010102,0.3398134495629293,2.1397539583563363,0.3993542866489845,61.35242937123028,9.348443006641512,40.70290492346033,18.17657208768726,0.0040015601583101,0.0029722656070616,0.0004721134439248,0.0032551732869424
1070,43.22,0.2106817361806787,1986,0.0,45.0,-45.0,90.0,90.0,-45.0,77606.68427234486,5577.290116903053,5199.912210482002,3086.7318581729246,2116.458567366831,2119.9519908871075,0.2681704948156699,0.2526833164272194,0.3395763333311943,2.0744077772621026,0.300250795669187,45.74257665860694,6.945257102540057,30.77413219243584,14.259158258898704,0.0029728404094933,0.0022790374428208,0.000409961182077,0.0025654720937127
1071,49.85,0.1936008978942318,1896,0.0,45.0,-45.0,90.0,90.0,-45.0,64933.70122243294,4637.448954348741,4380.2478108953,2425.3159539709613,1709.4400524153818,1723.5021475247174,0.2772429378974101,0.2561234201051167,0.3752996638266069,1.241132313755913,0.4032672606107149,54.21463922523392,8.178929752044093,36.2134431902913,15.387148728197198,0.0042423829600232,0.0035872114518681,0.0005790702389676,0.0036881071633887
1072,64.67,0.1934497930000003,4755,0.0,45.0,-45.0,90.0,90.0,-45.0,82988.31239855416,5725.583608435775,5222.980931083812,3300.5216670775835,2144.894796783214,2329.7194495829604,0.2616091454579751,0.2436519778774759,0.2956956801012201,2.197611318843167,0.1644226031416883,24.650774992812924,3.570195999775906,17.521944850238935,7.1413317381567,0.0016093641138403,0.0011752681437189,0.0001972935145985,0.0013115867234157
1073,63.47,0.2498417972749386,3784,0.0,45.0,-45.0,90.0,90.0,-45.0,65033.32531146181,4261.530000614151,4113.683824422269,2596.2131400323883,1657.7230501127692,1594.582545711476,0.3185418566104324,0.3001132229867769,0.2967013353388986,1.433703409939865,0.1385196811241449,15.890895577443478,2.3676537970385465,11.507290640951602,4.903584533493922,0.0013208718208467,0.0009698916576907,0.0001815724525867,0.0011198339225737
1074,43.61,0.2446094388082783,4592,0.0,45.0,-45.0,90.0,90.0,-45.0,71375.96482583473,4451.392833467863,4315.23529774742,2674.2888137164505,1858.4418423977663,1846.3401325110992,0.290083492854866,0.2927327651206758,0.3398988489797382,1.8639203300275955,0.1357152917789151,17.648368863603228,2.681001150570045,12.338687056866338,5.2669928120229565,0.0014171704933125,0.0009241688756316,0.0001679929129074,0.0011143779207331
1075,52.73,0.2301931619807739,3967,0.0,45.0,-45.0,90.0,90.0,-45.0,81037.37602529951,5271.178985079388,4774.401019091384,2877.20005124764,2101.7673986934155,2027.633914036133,0.3051515170433931,0.3029051837315641,0.3555057034108619,2.155853602367009,0.2737447295655191,38.82845039368504,5.837420176840398,27.45046394460096,11.774291942252384,0.0028577355915364,0.002015753027531,0.0003522915556307,0.00221678691531
1076,41.01,0.2763887699981433,3548,0.0,45.0,-45.0,90.0,90.0,-45.0,73088.87095314001,5283.736360165504,4786.811456115436,2736.1500399751926,2008.522063805755,1946.0480984899796,0.246010181512465,0.2404790504302869,0.3828080116438317,1.62947502893449,0.4707251419862863,65.41635941424349,9.344515313741802,46.026234203318,19.986623806188,0.0045345011684813,0.0034129888253492,0.0005913196377402,0.003849960363712
1077,43.43,0.2570521340485253,1659,0.0,45.0,-45.0,90.0,90.0,-45.0,73684.99720135717,5012.05244143775,4888.797567615192,2613.941334114065,1914.1673736071532,1809.3548659394276,0.3198585323310917,0.3012318295448312,0.3077573694457123,1.685243646510329,0.2512560355122712,38.08645485922324,5.6148198126109525,25.41200293162828,11.178321443150594,0.0026827742588469,0.0020234125810693,0.0003388617348633,0.0020918506102
1078,60.1,0.2014114335447515,2864,0.0,45.0,-45.0,90.0,90.0,-45.0,78380.03357140084,5498.101853559055,5413.69648137902,2945.497063907025,2036.919164813737,2028.6660611372984,0.307149372684931,0.2868412746958426,0.3326909136351225,2.2428578154230467,0.1420651365518837,22.01036438587885,3.257728299553206,14.936298970977022,6.434898466227717,0.0013689477597759,0.0010607644587633,0.0001926773568436,0.0012106602866245
1079,51.42,0.1898998198666411,3627,0.0,45.0,-45.0,90.0,90.0,-45.0,73711.22336371648,5172.669724756159,5045.921801485363,2851.234629757404,1867.2835841377544,2012.08925738926,0.236767021693698,0.2251765165785025,0.3393315563569616,2.0130446365371424,0.344088298598166,49.48745054256421,7.770827781763997,36.59222550469772,15.601974142520874,0.0036062534493006,0.002743923548437,0.0004619314468072,0.0028401136766261
1080,62.33,0.295488238962529,3983,0.0,45.0,-45.0,90.0,90.0,-45.0,85043.8195598509,5855.131096904047,5357.923656969379,3028.4692122910787,2196.498781449738,2208.83575474587,0.2932453930937214,0.2790837201538693,0.310303564696951,2.1681648877065323,0.331961468145141,54.83331684270457,7.905605703313388,36.11509016428471,15.834041347851375,0.0033402762688883,0.0025929965112754,0.0004174735165482,0.0025959354594452
1081,48.2,0.2453217681136653,2072,0.0,45.0,-45.0,90.0,90.0,-45.0,62464.34871243511,4123.256582374265,3722.3601937534127,2412.663603087885,1668.2289749928404,1611.390004249119,0.2896823106547825,0.2828815033161899,0.3640313559210504,0.936313358645812,0.5704212224651278,62.83437286205305,9.166627511261945,43.98082178742777,19.300164393464414,0.0054150340179302,0.0041970915562879,0.0007685164408979,0.0050370435136505
1082,47.96,0.2492921309355452,4011,0.0,45.0,-45.0,90.0,90.0,-45.0,67343.68576687742,4355.313718565692,4077.2038955197904,2464.02067381474,1697.8720720762656,1743.5696972941455,0.2848310846938346,0.2642370752979875,0.3224096395573833,1.353901936157792,0.33757234757576,45.27472767559251,6.440330723242566,30.34980024056224,13.747826391452996,0.0034801092297003,0.0025731194236216,0.0004837391082836,0.003026916494404
1083,64.77,0.2304493711619283,3109,0.0,45.0,-45.0,90.0,90.0,-45.0,86378.1746612835,5241.07486581575,5061.335537588503,3288.040077624031,2127.569453451497,2154.8005481502173,0.2660789768148858,0.269752567864459,0.3350645154319222,2.111850838864967,0.4427540478830183,66.26534319331849,10.126203221767582,46.51259754066607,18.677721676279223,0.0041604872403242,0.0031236019857933,0.0005370430144629,0.0035756934909016
1084,61.07,0.2026037964269962,4528,0.0,45.0,-45.0,90.0,90.0,-45.0,87495.47099764048,5991.531768495379,5721.642703992394,3178.7540943957565,2289.299415311312,2307.7716702298085,0.3145034172460078,0.3132461581820634,0.3265146068630823,1.956274572113164,0.349750696981113,63.48827090550605,8.835472622633118,41.19009676032484,18.642213158479382,0.0038005516994515,0.0029600594661336,0.000491203209298,0.0031303243681961
1085,48.41,0.2436095657744912,3931,0.0,45.0,-45.0,90.0,90.0,-45.0,81561.05426111448,5477.908661750993,5391.252269166461,2965.2775652443447,2292.781031170141,2153.923204064569,0.3099741801393502,0.2769406758676204,0.3706778607202412,2.24658332381194,0.1577770089440228,23.83338524573147,3.587514352603905,17.049410601181524,7.112123772737291,0.0015826081199385,0.0012901477467255,0.000203431087427,0.0012971706306089
1086,52.74,0.2501757139953396,4892,0.0,45.0,-45.0,90.0,90.0,-45.0,73251.87938051687,4594.028662400292,4412.462784701324,2588.4671685331878,1797.5436756965964,1899.730399302195,0.261204507084913,0.2267571873798478,0.3587708470734713,1.6319562576237696,0.2001355968430398,27.980489957018484,4.098130902950715,19.301429267821504,8.396634536412064,0.0021470359478417,0.0015857745922648,0.0002778907092971,0.0018426421968076
1087,57.72,0.2281883046598242,3506,0.0,45.0,-45.0,90.0,90.0,-45.0,65547.59904171439,4951.659657773664,4728.699583289643,2760.6636061032427,1885.1625859564276,1841.1194964437905,0.2617834825901452,0.2546054982842817,0.3244716302873284,1.9916123803012893,0.1434081612739486,18.699378848663624,2.763227551791983,13.46564231283121,5.409627138381316,0.0014208739550917,0.0010258520436169,0.0001901399235186,0.0011579386729376
1088,51.87,0.2817371250438067,2727,0.0,45.0,-45.0,90.0,90.0,-45.0,70515.2335671651,5202.520746545554,4830.459736937922,2691.963079932557,1928.0972387883985,1915.8572375822616,0.2579513804141884,0.2386913237685659,0.3546541643056519,1.875489768146296,0.1130161764669505,15.084114102008082,2.0956454215192424,10.445537573453157,4.49189719974197,0.0010967854924471,0.000874821263482,0.0001486151866178,0.0008944205485284
1089,49.21,0.2371829476425548,1568,0.0,45.0,-45.0,90.0,90.0,-45.0,71484.8137639028,5196.912201084402,4819.426013441625,2874.2315627284224,1865.108216753968,1824.5110285530368,0.3230015315928484,0.301256955873467,0.3343585350372073,1.8891158547815263,0.0869424137861423,12.096286977132689,1.796702664398991,8.385341659739941,3.3297002144810883,0.0008173893205831,0.0006804525121355,0.0001083462918447,0.0006761149253464
1090,42.74,0.1986522670222991,4259,0.0,45.0,-45.0,90.0,90.0,-45.0,70001.07097788501,4886.098385891728,4783.790979156597,2681.315408215697,1815.847826102442,1887.7472220875047,0.2611422685566812,0.2509755980375774,0.3611860717913056,1.3898201522190368,0.5112335529656648,60.44960784088558,9.660708120814476,47.78538294938739,19.40019777583263,0.0048729896629333,0.0038515920239414,0.0006647898719051,0.0041637092658645
1091,54.59,0.2721689970967968,3206,0.0,45.0,-45.0,90.0,90.0,-45.0,65391.59357997544,4142.977122238922,3916.218054569957,2337.4575407864686,1692.7553899648813,1647.10618846282,0.2793608954828739,0.2834180335231481,0.3711481351207427,1.1330888875066278,0.4217689361928591,49.40448191850861,7.298792783205697,33.78767378964709,15.11676833005346,0.0042095008798052,0.0031069904092096,0.0005304034017446,0.0035036741364911
1092,62.47,0.2741299705484422,4763,0.0,45.0,-45.0,90.0,90.0,-45.0,77848.10777454033,4874.339268475417,5041.336715014742,2936.1055293340787,2062.044759496034,2174.714784160575,0.2432835613465674,0.232545620858372,0.3298175616100942,1.851338132986355,0.4418479135712752,66.10237863446388,9.65811921311111,45.4937404428035,19.512898316021783,0.004427330194346,0.0033383713378456,0.0005909763429554,0.00384026030685
1093,55.73,0.2680410892622608,4318,0.0,45.0,-45.0,90.0,90.0,-45.0,61258.89897984803,4521.714691844304,4364.690837048652,2627.340480127493,1556.6269642896077,1612.6618145946518,0.2747143089124927,0.2691569050024189,0.3147858197361889,1.635031163634466,0.1388827239429857,18.12406188990239,2.4697777860718926,11.55513012014802,5.194338716614222,0.0015096688348256,0.0009564285780901,0.0001864965765414,0.0011601693620185
1094,51.86,0.2673506249471205,3944,0.0,45.0,-45.0,90.0,90.0,-45.0,77764.185651066,5221.664094110317,5148.604089002079,3102.468129495419,2048.8680586893997,2145.8033331211573,0.23995672613985,0.2343181295932777,0.3231902627921389,2.02088894046183,0.1980926233365658,28.412669149036564,4.258089281643256,20.29458995924753,8.573032577829537,0.001883127697667,0.0014502006036184,0.0002425599269348,0.0016477390393264
1095,59.57,0.2278713419578485,4185,0.0,45.0,-45.0,90.0,90.0,-45.0,88050.89031309723,5274.620440572023,4872.041232558189,3038.616810271696,2203.989166635535,2198.512489636003,0.2572122632921857,0.2735701024478097,0.3381247715313762,2.184087247477308,0.4307474354961087,64.05192161145492,9.741667619241634,43.49900190951749,20.419857720696797,0.0042170990599092,0.0031034016796529,0.0005096857095934,0.0037668506909749
1096,54.46,0.27244385321045,4679,0.0,45.0,-45.0,90.0,90.0,-45.0,75469.17382528026,4981.216256131639,5158.716701051385,2812.0824662296686,1995.0590304916573,2037.11036030632,0.2713173840545594,0.2506559864903671,0.3163473665358135,2.0946225530344638,0.2214783746476588,31.52115974689163,4.702380644315234,21.632040069973247,8.917601762832268,0.0022196037445972,0.0017156590476823,0.0002760542206442,0.0017748557601091
1097,58.04,0.3076201098004779,2432,0.0,45.0,-45.0,90.0,90.0,-45.0,83340.85157724946,5985.760954459409,5275.790179787314,3165.2372391159324,2203.5941946793505,2191.486821508232,0.2964014943045241,0.2971257400343262,0.3299083144782472,2.269827235471118,0.3091645521679821,48.54737422035007,7.09453006248812,34.07170730479734,14.35009877297087,0.0031392034219579,0.0023316578298575,0.0003860891742874,0.0025738718548697
1098,52.01,0.1813990038507384,3890,0.0,45.0,-45.0,90.0,90.0,-45.0,72522.75604894871,4550.501340300253,4468.753856272042,2527.229342059043,1817.294494286396,1775.647295594358,0.2990089156124421,0.2513821763445293,0.3061482365737851,1.5455249899152623,0.3563696075653346,43.558942661642696,6.660097047198692,31.644054746081608,13.42393664966094,0.0035405362929489,0.0027052426949311,0.0004357769003462,0.0029283739451962
1099,55.73,0.1855138956207144,3647,0.0,45.0,-45.0,90.0,90.0,-45.0,75648.92828745212,4775.331767445541,4867.593822939397,2770.4828706985263,1867.989052419569,1866.5489133986212,0.2572416548889031,0.2506039517325473,0.3101892544855517,2.149078457974243,0.0807569753129554,12.092163315142308,1.8217822093949552,8.089998232726616,3.418194147323208,0.0008219504014416,0.0006070158329518,0.0001081697818958,0.0006884777144543
1100,59.37,0.2277302957157913,4038,0.0,45.0,-45.0,90.0,90.0,-45.0,65838.24492206765,4907.600387195467,4708.577373756054,2657.3749004428514,1884.7054996807503,1858.1609226341145,0.291252948942845,0.3038981543270052,0.3239761497451291,1.791453761822298,0.1349981893029736,17.636933252242056,2.625811568178152,11.807410218455283,5.29410344696784,0.0013465333384649,0.0009851904563847,0.000173048894032,0.001130447411071
1101,43.69,0.2319247433747749,3057,0.0,45.0,-45.0,90.0,90.0,-45.0,63679.58321726819,4256.817506472012,3966.328645151726,2298.622991598988,1560.8366483137172,1550.558138126256,0.2698931649371271,0.258989100457263,0.3170544998982327,1.087041837054762,0.3591681589082564,39.7826816990596,6.294610788466088,29.02557591958065,12.388605279026557,0.0037077181577198,0.0027384951938703,0.0004870358256194,0.0029886693474144
1102,46.05,0.1809962034310917,4288,0.0,45.0,-45.0,90.0,90.0,-45.0,67290.4127190227,4703.755729628573,4480.420040910701,2310.5424004983934,1816.2178705902063,1896.83794747144,0.2324511930775351,0.2392541460794392,0.3799689882376184,1.539755383672672,0.4375491270370694,56.65973507540492,8.18782116225843,38.06975386657605,16.272938621156356,0.0043380902531584,0.0032593231149537,0.0005783636440464,0.0033824368468909
1103,63.71,0.2240717857423566,3845,0.0,45.0,-45.0,90.0,90.0,-45.0,73320.13662802521,4678.621974464309,4543.018562219231,2498.7218187109947,1808.1112121407516,1852.3522490547475,0.2428697261836036,0.234687411127343,0.3741295064119221,1.9173463670946536,0.1768723199139709,23.364887586223617,3.3032110161980346,15.7202086215588,6.759657430893,0.0017068889298084,0.0013245022882646,0.0002213248187539,0.0014186598717258
1104,44.77,0.2498924076725822,1950,0.0,45.0,-45.0,90.0,90.0,-45.0,73348.25540690693,4899.8501170964655,4954.869116450321,2797.604967223564,1741.675129908093,1828.3806704801816,0.3330060015341924,0.3182738785511467,0.3471067049884438,1.875627796037163,0.2987465980493499,41.77920448972408,6.359767187087504,29.850957064491546,13.103754483909244,0.0030601269410721,0.0023457628101762,0.0003972566229642,0.0025613019740468
1105,47.84,0.1990855688606141,3306,0.0,45.0,-45.0,90.0,90.0,-45.0,63222.22581081864,4287.888700530691,3967.184042674668,2342.561374231429,1527.554299835571,1557.7177733728065,0.29726756760114,0.2729110157456764,0.3116886901085922,1.27136730263398,0.3508572318305142,42.06297783969717,6.535341905924877,29.88793402289529,12.814516743386577,0.0034764530028759,0.0027885715619089,0.0004883077841533,0.0029441818353686
1106,50.32,0.2214197169537775,2120,0.0,45.0,-45.0,90.0,90.0,-45.0,85195.76369112382,5945.586526313145,5250.5585212875,3186.237587692372,2266.8592872347094,2217.8653044849843,0.3189628221444574,0.2969159477970342,0.3340573038743378,2.4024991949642613,0.2691307365416203,38.94073302673648,5.970778834758272,25.9148699368214,11.752436679507882,0.0024959918847318,0.0020014168721855,0.0003385666476147,0.0021572926790747
1107,50.26,0.1898998198666411,2335,0.0,45.0,-45.0,90.0,90.0,-45.0,73711.22336371648,5172.669724756159,5045.921801485363,2851.234629757404,1867.2835841377544,2012.08925738926,0.236767021693698,0.2251765165785025,0.3393315563569616,2.0130446365371424,0.344088298598166,49.48745054256421,7.770827781763997,36.59222550469772,15.601974142520874,0.0036062534493006,0.002743923548437,0.0004619314468072,0.0028401136766261
1108,55.29,0.2269860131742912,4674,0.0,45.0,-45.0,90.0,90.0,-45.0,87379.20965158871,5602.221053404485,5645.214652279797,3103.7441586598893,2325.189707475571,2190.607352860673,0.2916589355785291,0.2803978451101542,0.3771922446425657,2.5985043773988403,0.0759119813936084,12.01275087394384,1.718226263309335,8.407335794301272,3.6284935060076,0.0007216610577921,0.0005270673388323,0.000104339805655,0.0006452359820543
1109,61.82,0.2072795465769608,3431,0.0,45.0,-45.0,90.0,90.0,-45.0,76639.05352395565,4679.251687340927,4631.954423438448,2751.75012193317,1937.931843168549,2001.1079108681756,0.2784949975720018,0.2665337723798318,0.360098511339651,1.686956029466545,0.4203723616325053,52.11596356227284,8.505431757410186,37.94647715670671,16.29293302519971,0.0040772542994131,0.0031385684493508,0.000506686357196,0.0033630845772158
1110,58.19,0.1989510099885576,4513,0.0,45.0,-45.0,90.0,90.0,-45.0,79333.11000951982,5714.821178417106,5269.560320060384,2994.630223817298,2308.9291350619537,2172.566433990521,0.3122261509487791,0.3205648076869308,0.3605708558800336,2.1544430579807896,0.2157188169515339,32.92372204076745,4.733757389842545,23.031939195294925,9.88701512474462,0.0020764283586385,0.0016063242972915,0.0002913685444889,0.0017173376608722
1111,43.45,0.1867088407118085,4390,0.0,45.0,-45.0,90.0,90.0,-45.0,72973.85616888358,5031.226037212985,4532.3792758625,2952.470369757493,2090.289304673788,2116.359303052699,0.3052792612872757,0.2766254554811563,0.2866399859301632,1.780328304329672,0.4481263023332745,61.36709175399257,9.25114292463872,43.42453747411849,18.89408151818373,0.0042339291942026,0.003309782928166,0.0005661408634276,0.0037265074559794
1112,54.02,0.2682390111418186,2349,0.0,45.0,-45.0,90.0,90.0,-45.0,83278.35809333483,5568.201627181421,5459.652688718826,3002.218860073641,2068.0513267398937,2052.9817639220464,0.2994199395332435,0.2766438156864784,0.3550838210695495,2.3851639189645506,0.2032610542610973,30.14255513630395,4.76350816196943,20.694917384496847,9.9107662744701,0.001981989451491,0.0015766633366359,0.0002551500485271,0.0017234617298707
1113,51.96,0.2277302957157913,4212,0.0,45.0,-45.0,90.0,90.0,-45.0,65838.24492206765,4907.600387195467,4708.577373756054,2657.3749004428514,1884.7054996807503,1858.1609226341145,0.291252948942845,0.3038981543270052,0.3239761497451291,1.791453761822298,0.1349981893029736,17.636933252242056,2.625811568178152,11.807410218455283,5.29410344696784,0.0013465333384649,0.0009851904563847,0.000173048894032,0.001130447411071
1114,47.84,0.2664591976193258,3043,0.0,45.0,-45.0,90.0,90.0,-45.0,63318.62701259709,4407.682557189259,4208.944973047585,2462.868967405874,1825.122754439892,1847.520091621952,0.2681257539744973,0.2541521043247158,0.3084300972801864,1.3068742387313903,0.4038510677581134,53.4836648121538,8.075407515827656,36.17868792717736,16.822184224285394,0.0044432615118805,0.0032699951610905,0.0005834736973472,0.0034797828446116
1115,51.49,0.2657232595848516,2209,0.0,45.0,-45.0,90.0,90.0,-45.0,82093.78782166062,5353.240179054326,5117.618521966732,2920.756283641341,2148.24246668532,2142.3040168149128,0.2782156638440707,0.2675699298970598,0.3545484809753493,2.1726929091608658,0.2546752301633715,37.214758791515536,5.684541196164652,26.904523763271516,11.554982184049267,0.0025640552136397,0.0021753283922061,0.0003426524746127,0.0021149523638214
1116,48.56,0.2919201326799582,3683,0.0,45.0,-45.0,90.0,90.0,-45.0,79799.80284557225,5466.768757494371,5470.1389165285855,3045.626065150702,2040.6430775196848,1917.949736746604,0.3331241848790805,0.2959404928488331,0.3348086101392126,1.9000102618976864,0.2458666949608039,37.46850872674121,5.732900771677268,25.11176323449961,10.989802661724289,0.0024129713835459,0.0019933366918511,0.0003237749910097,0.0020122518421752
1117,56.9,0.2167162739762997,2951,0.0,45.0,-45.0,90.0,90.0,-45.0,72374.71845819686,4979.229792885418,4454.4635026416345,2501.6354677233494,1882.590376772824,1890.1267493644973,0.2763547157942652,0.2529672983093025,0.331241026003645,1.4785887806284492,0.4055698850080139,57.26395437325995,8.20409643267587,37.782931018879694,17.44566317658097,0.004145728248296,0.003119054435918,0.0005350465923823,0.0034319931571536
1118,57.02,0.2013710862087489,4452,0.0,45.0,-45.0,90.0,90.0,-45.0,74649.75656559225,4924.626457350955,4562.211942439275,2862.567004834346,2094.615664751141,2027.2370580190868,0.2925794062816486,0.2825358207934811,0.3453034751380349,1.6675162701075397,0.3979044514623661,56.56738446411305,8.165110147480124,35.81520713816398,15.83599717676824,0.0041746568466505,0.0028888784351902,0.0004979253444179,0.0033884754530298
1119,57.33,0.2248354121847931,4791,0.0,45.0,-45.0,90.0,90.0,-45.0,87188.99732266154,5469.449562293812,5517.425554832113,3197.4436938753256,2246.9929174167414,2345.373581262199,0.3109912529496281,0.2951619410821603,0.3139572755803705,2.8288800231711435,0.0856324079351134,14.769749311655334,2.1775637400108483,10.40170495472042,4.572810681969879,0.0008914616206539,0.000686607663857,0.0001091880249653,0.0007788407908072
1120,52.1,0.1867088407118085,3998,0.0,45.0,-45.0,90.0,90.0,-45.0,72973.85616888358,5031.226037212985,4532.3792758625,2952.470369757493,2090.289304673788,2116.359303052699,0.3052792612872757,0.2766254554811563,0.2866399859301632,1.780328304329672,0.4481263023332745,61.36709175399257,9.25114292463872,43.42453747411849,18.89408151818373,0.0042339291942026,0.003309782928166,0.0005661408634276,0.0037265074559794
1121,46.98,0.2033133557469946,2509,0.0,45.0,-45.0,90.0,90.0,-45.0,79308.58916668515,4849.167583760694,4672.007171047473,2700.094246881949,1894.7812109543888,1756.1942108437725,0.2625823475476805,0.2439088665222988,0.3338354345618241,2.054754472095045,0.1336274500851251,18.13840134999132,2.67731256698154,12.564328175315383,5.169129757286402,0.0012700428109813,0.0009522767214741,0.0001528158170005,0.0011188787249092
1122,45.62,0.2387854936717868,2722,0.0,45.0,-45.0,90.0,90.0,-45.0,62209.27001396395,4096.244106865984,3896.216587706536,2486.065984015724,1742.0807820315224,1729.880350418083,0.3079343208653675,0.3049616475711308,0.316762690383476,1.3184731768961755,0.2408541925393076,28.735630927361004,4.315799353463094,21.18797262305653,8.081716595591914,0.0025843419114014,0.0019209471679256,0.0003125971254421,0.0022245616856712
1123,59.28,0.2928452738776922,2719,0.0,45.0,-45.0,90.0,90.0,-45.0,74634.43968391321,5138.449259735552,4683.482851950507,2663.700483546246,1787.4607160546902,2042.560953917595,0.2743572757878789,0.2787696736421632,0.2951247646808672,1.551144391674051,0.4113111811071864,56.25677993092962,8.335378826536942,38.71234929425088,16.582815411855904,0.0039624224897569,0.0030332768367472,0.0005159076743801,0.0032949223259356
1124,45.18,0.2182945852803647,4387,0.0,45.0,-45.0,90.0,90.0,-45.0,80542.33809990717,5616.512228814955,4865.224235356336,2940.749108137474,2186.3795113983742,2137.7858106559825,0.2855183338383808,0.2556693367153605,0.3618528963555607,2.0316589642303877,0.3421021854369109,51.91472908940797,7.45656617385301,34.91631753265913,15.415270899385606,0.0033168541828942,0.002538636526808,0.000430734568742,0.0025812049701898
1125,52.23,0.2208043911965429,4387,0.0,45.0,-45.0,90.0,90.0,-45.0,69954.92822835254,4963.512657933814,4506.715166972857,2708.69691109283,2076.383509451222,1863.2238603002,0.3069610646519164,0.3060882577245588,0.3839089845387118,1.8639229092478995,0.4564800636773183,60.67666094607856,9.082138094948014,42.72264176210418,17.427500500388827,0.0044595142979633,0.0033454276471531,0.0005922628132959,0.003785256006978
1126,48.72,0.2553825804116837,3465,0.0,45.0,-45.0,90.0,90.0,-45.0,77054.99906608241,4622.37000727838,4517.901064416199,2787.516942931862,1986.365057899832,1889.724566412136,0.3366201162570798,0.3114591980685249,0.3303280257252969,2.1620142554265964,0.2030668447517649,26.76896652195908,4.003457609889757,19.498902719261245,8.712962671412097,0.0019528477946863,0.0013672769839627,0.0002241563327198,0.0016133609424788
1127,58.04,0.2331257500502915,4757,0.0,45.0,-45.0,90.0,90.0,-45.0,87676.70691724007,6126.493817892673,5790.962986096803,3462.761527391729,2204.5696412607767,2122.386850766316,0.313871498057984,0.3055662470816754,0.3569200946665546,2.2869318628395394,0.3978339448327745,68.63480060333025,10.08709451152382,46.95148432325671,20.63374747540976,0.0042879419090862,0.0032402262313082,0.0005465422471383,0.0035253354847555
1128,43.05,0.1845509923754746,2678,0.0,45.0,-45.0,90.0,90.0,-45.0,63490.43993776998,4393.825404342952,4297.156689029593,2321.0557597872344,1727.423457080477,1690.2335692145805,0.2712289139942794,0.2792478484480497,0.364425800090225,1.620439894415189,0.1747389052368648,22.993490709498406,3.305712271962236,15.592459470287224,6.796973141849144,0.0017949979981298,0.001422765201355,0.0002243930209742,0.0015867530735843
1129,53.58,0.2554495542625223,4271,0.0,45.0,-45.0,90.0,90.0,-45.0,72797.36608853121,5216.730671493625,5220.706161645343,2844.0261040844803,1994.415659768729,1984.4921139435444,0.2855309618010316,0.2891458108113541,0.3474850151303826,2.1494328403927514,0.1769633233909688,26.05842695461653,3.78511798429879,18.3267854475088,7.865697415909666,0.0017814138924059,0.0013300927671143,0.0002340841863113,0.0015537689453467
1130,60.46,0.2099996921588187,3116,0.0,45.0,-45.0,90.0,90.0,-45.0,62728.69040242896,4253.497093933876,3862.850131587479,2324.3719152360936,1634.4812773454537,1655.981298784268,0.2411894722926431,0.2412822210960874,0.3410532026239113,1.249800751139166,0.2821419591856435,31.658986976943048,4.74899261249254,22.590064045618444,9.19957170761389,0.0026980005102671,0.0018974168560443,0.0003420537041133,0.0021731517118262
1131,60.12,0.224732486191179,4666,0.0,45.0,-45.0,90.0,90.0,-45.0,64291.33720184996,4069.8961062550175,3724.561378110616,2214.1896336481736,1844.3747213335375,1785.5153005034144,0.3164032779097046,0.3054319918646342,0.3412122646200528,1.3848035801040148,0.2382711667551545,29.508151965634347,4.296233413607545,20.74368117118707,8.859937028906488,0.0025371913023726,0.0017589414747776,0.0003198013043938,0.0022188205898882
1132,41.05,0.3168714463753312,2689,0.0,45.0,-45.0,90.0,90.0,-45.0,76378.48952908037,4895.450574296858,4460.956657284446,2585.2533519682856,2034.36621673523,1992.950906888609,0.2880938618891492,0.2861423825131341,0.3346096308155931,1.927091719237452,0.2201427003394158,27.8191812177301,4.428229553362929,21.77525362077805,8.978850340863826,0.0021735364756508,0.0016647666001905,0.0002623173061915,0.0018530620774578
1133,41.98,0.1782838587287953,4425,0.0,45.0,-45.0,90.0,90.0,-45.0,72842.53485934867,4260.226057857418,4421.438475705104,2585.6476296050014,1848.2110143505065,1859.17824197073,0.282921485966882,0.2706887004227447,0.3741432452948895,1.5049898093038387,0.3449866825122842,42.14887741662147,6.207302652510299,31.128058544948782,12.202547374427102,0.003497290815739,0.0023868303244919,0.0004290514139124,0.0030196136962709
1134,56.4,0.2956740353641336,3311,0.0,45.0,-45.0,90.0,90.0,-45.0,63535.10270130813,4403.221197388915,4029.562472148276,2519.573849072932,1817.6110849766849,1910.6337154276805,0.3102980737504678,0.3038300859203934,0.3840800438411306,1.7125750970630351,0.1365475494408924,15.871346287252075,2.536615473096009,10.74780812700152,4.7498664542717535,0.0013152604301188,0.0009254420197676,0.0001755075686133,0.0011096657054536
1135,51.98,0.2488976331657541,4561,0.0,45.0,-45.0,90.0,90.0,-45.0,82434.68414335868,5211.066657004324,5233.072234711425,2959.5661873450163,2059.0144025725967,2088.850362354722,0.2693996861939265,0.2772843715816323,0.3762581418996855,2.243607143248794,0.1884406065636084,26.44688096006504,3.8258741250022985,18.15547937975442,7.621216168353746,0.0017592340833443,0.0013562307355307,0.0002362782614984,0.0015241233146813
1136,60.7,0.2648541307655793,2327,0.0,45.0,-45.0,90.0,90.0,-45.0,77182.52609687492,5124.206396232238,4898.120853031785,2722.962787617615,1928.0155470443776,1877.2851224822632,0.2484405176562659,0.2514157148600626,0.3190792769249125,1.9762306551606643,0.2113135628458592,30.011146152799903,4.594121134281208,21.80519147880969,9.652488615171432,0.0021687075654878,0.0015831832075718,0.0002849767051742,0.0018391958524386
1137,63.33,0.2248354121847931,2610,0.0,45.0,-45.0,90.0,90.0,-45.0,87188.99732266154,5469.449562293812,5517.425554832113,3197.4436938753256,2246.9929174167414,2345.373581262199,0.3109912529496281,0.2951619410821603,0.3139572755803705,2.8288800231711435,0.0856324079351134,14.769749311655334,2.1775637400108483,10.40170495472042,4.572810681969879,0.0008914616206539,0.000686607663857,0.0001091880249653,0.0007788407908072
1138,46.79,0.2431098517810795,4351,0.0,45.0,-45.0,90.0,90.0,-45.0,62188.10539327555,4154.608848760749,4164.599458329511,2262.8212559528565,1615.8399630900108,1464.4896961274371,0.318925968269085,0.3072737818399593,0.354672246927864,1.4046823004237097,0.204309717418899,24.7552132227688,3.558999105982286,18.088024072481566,7.346738276373726,0.0022057667491897,0.0017582211554122,0.0002908590059754,0.0017429201173517
1139,55.39,0.2304819241437599,1947,0.0,45.0,-45.0,90.0,90.0,-45.0,81037.60938490722,5418.883845350571,5288.132643245431,3119.2337223757863,2223.4183059550164,2163.1688221570657,0.2953017505085337,0.3113639942189043,0.3439090926756599,2.236058838253673,0.1527637393265664,22.780794480400694,3.734403804603772,16.557204881649884,7.0640332335155,0.0015439854677265,0.0011167049370333,0.0002079315454171,0.0013660414525061
1140,45.98,0.2633876603474014,3903,0.0,45.0,-45.0,90.0,90.0,-45.0,64847.2766729209,4567.086569774954,4393.198603428446,2594.3332390596256,1740.1276667974212,1664.731159683861,0.2411644772356518,0.2444697901510999,0.3307160977006282,1.555918467518469,0.1956745262178933,25.563076028349872,3.7727379815672135,17.719764658643967,7.353545988933233,0.0020037777556014,0.001578208559429,0.0002600186280337,0.0015688354918935
1141,56.75,0.2483444369931136,1707,0.0,45.0,-45.0,90.0,90.0,-45.0,81210.55969888854,5348.463184994919,5055.994599232466,2968.1737489904194,2172.2899450499344,2113.9018160748747,0.3214803924046697,0.2938294735105415,0.3289872400027905,1.9755916499460229,0.317853281570665,44.83991887085088,6.657125388669058,32.62886036988474,13.553567285978756,0.0031773821356975,0.0023554124523783,0.0003893652191221,0.0025674067051694
1142,45.64,0.2414218387654103,3675,0.0,45.0,-45.0,90.0,90.0,-45.0,66149.15961803781,4379.392748859501,4094.0210683530568,2378.791667613657,1652.7229565413252,1732.8352968183476,0.2648268074403396,0.2612410795114945,0.3889299831922757,1.2810969506270673,0.4732901816764145,53.42482651581762,8.341020159880845,39.22212321729733,15.867403773269787,0.0044911247559247,0.003341737013975,0.0005853283213943,0.0039749707429706
1143,41.31,0.2456140707347343,2453,0.0,45.0,-45.0,90.0,90.0,-45.0,86788.85917759845,5510.044757068542,5074.0961113324365,3028.735119621638,2222.867744688214,2256.894179894173,0.2716316790512061,0.2596123941527861,0.3359824770989839,2.154127731959025,0.4274684423946105,61.10716696073356,9.548671047421674,44.05192411153149,18.784438478811303,0.0040502004998593,0.0031278262772074,0.0005142779743625,0.0035401718908492
1144,48.26,0.2562766799960921,3192,0.0,45.0,-45.0,90.0,90.0,-45.0,79458.82707748629,5101.856165830176,4654.671586791873,2599.4332290027173,1988.5835256418388,1952.3382773435085,0.2780845110013256,0.2567735243035189,0.323079078647626,2.321021738569412,0.106020104500661,14.913393935325416,2.291238198638452,10.563764154134905,4.413276276289609,0.0010919427510072,0.0007790417626895,0.0001372166899995,0.0009049566608375
1145,42.51,0.2626904443824117,3434,0.0,45.0,-45.0,90.0,90.0,-45.0,73191.88923169592,5008.002291188741,4655.562969469564,2549.8353853818444,2013.2840403286928,1874.342904058769,0.3058500776178748,0.2970338128230644,0.3543256199545597,1.9434273657671095,0.1310622715256702,17.938736176027405,2.6513564118981416,12.452815299291968,5.520152843367543,0.0014827362898374,0.0010657313307126,0.0001760215555359,0.0011510810741937
1146,43.44,0.2969441316416191,4657,0.0,45.0,-45.0,90.0,90.0,-45.0,67331.8532478902,4622.196711332715,4154.133796697134,2381.960207073853,1698.365801464201,1737.0027810794793,0.3225763993873827,0.3009803508413728,0.3229211805216517,1.6795541719323968,0.0861660686418625,10.665008632555974,1.6423394568263616,7.526101774877514,3.3813114681208902,0.0008640444403319,0.0007064669785747,0.0001112937122003,0.0006980746176604
1147,64.45,0.2511416374758489,3754,0.0,45.0,-45.0,90.0,90.0,-45.0,80991.5455987133,5101.168821952185,4644.1484885278805,2876.0675232944623,1955.2211041309,2023.5093783535888,0.2573731372600349,0.2395636435836725,0.321942912211582,1.9042608968439392,0.3120638497203077,44.97295557712562,6.928872289283678,30.140352962801067,13.511719610070765,0.0032817754882589,0.0024281705007257,0.000409376393548,0.0025405755782787
1148,50.17,0.216947918881541,2146,0.0,45.0,-45.0,90.0,90.0,-45.0,60330.01923210032,4533.592819714752,4339.865297961564,2359.666886600249,1716.934673228523,1659.5798663799217,0.3167058842391769,0.3102555351991344,0.380222381571126,1.2932848828815688,0.34312772866536,43.82087434975562,6.646257881182886,29.39284183705152,13.23754858477542,0.0035138780037428,0.0027116458772991,0.0004820796530905,0.0030052733257802
1149,51.94,0.1880503640607075,3448,0.0,45.0,-45.0,90.0,90.0,-45.0,76397.17398190938,5091.47613074878,4741.171559745573,2567.8544554842038,1873.4405240998035,1871.171566449828,0.3159816733980761,0.3079945116761741,0.3268272312039069,1.7779080367563662,0.2956967329129933,40.56612514978244,6.167283160392459,27.93937167497793,12.144323191525658,0.0029513014280501,0.0023899907911177,0.0003637385389942,0.0024611567106948
1150,58.9,0.2195418616076707,2316,0.0,45.0,-45.0,90.0,90.0,-45.0,65319.489213751935,3837.0158962235664,3581.1996015142104,2335.4053769524485,1510.4208344922745,1616.0033493597282,0.3184860436292546,0.287608715683977,0.3128635220965024,0.9922453777627857,0.5188463705176934,57.97753654925769,8.39354918434504,38.509208653658725,16.918727040295494,0.0051373264870508,0.0036367266202352,0.0006592339312311,0.0047007734423804
1151,48.03,0.2756352410319403,2676,0.0,45.0,-45.0,90.0,90.0,-45.0,64449.90052474946,4244.477719239953,3871.221151965246,2219.83446975904,1534.0366386342482,1576.1249831697655,0.3229817625551958,0.2966375788975001,0.3307324932448513,1.2090494077428322,0.3648790672694993,41.57062128202289,6.072405623332707,29.84480352627424,12.469579984669975,0.0036340880840599,0.0027589304709485,0.000461774543837,0.0030757655037326
1152,41.48,0.2604660632585636,4145,0.0,45.0,-45.0,90.0,90.0,-45.0,66781.08531467212,4728.708458280435,4257.83397047248,2269.560998213502,1803.2509929679936,1762.6114312668738,0.261758514006032,0.2554099405156932,0.3655216962207071,1.3693492568440544,0.118390560753041,15.112819803806218,2.196783830276729,10.328390512146376,4.407622451458356,0.0012482023586402,0.000900938383431,0.0001734837408139,0.0009675696115972
1153,42.24,0.186343574514123,4648,0.0,45.0,-45.0,90.0,90.0,-45.0,71974.0080268965,4690.342830224378,4317.657418250216,2504.2112902849667,1738.9795361740494,1661.1438174213529,0.2539176594887383,0.2221384289589393,0.3294252739539032,1.7185481102450255,0.2463183522998725,31.297400205088497,4.721553026721404,22.598730859419295,9.342326887996414,0.0025781592712652,0.0018616236112821,0.0003291227545577,0.0021438340765899
1154,45.81,0.2191411175373257,3851,0.0,45.0,-45.0,90.0,90.0,-45.0,72744.72381418377,5012.8545262912085,4675.904586814292,2767.8636842722026,1887.1394060231637,1953.8033543722477,0.3097019686277039,0.2925861676397547,0.3407671061750847,2.0667944318096123,0.103195570877284,13.742045046061842,2.1733880808189894,9.848250900420853,4.087128265160301,0.0010850761879163,0.00078289112705,0.0001295843182996,0.0008379920826875
1155,58.08,0.2052808927448932,4525,0.0,45.0,-45.0,90.0,90.0,-45.0,87364.598614464,5599.613338058298,5294.960314626048,3092.274192768196,2149.0357718833898,2220.3877128165755,0.2602159647527581,0.2623054744010102,0.3398134495629293,2.1397539583563363,0.3993542866489845,61.35242937123028,9.348443006641512,40.70290492346033,18.17657208768726,0.0040015601583101,0.0029722656070616,0.0004721134439248,0.0032551732869424
1156,62.83,0.216947918881541,1652,0.0,45.0,-45.0,90.0,90.0,-45.0,60330.01923210032,4533.592819714752,4339.865297961564,2359.666886600249,1716.934673228523,1659.5798663799217,0.3167058842391769,0.3102555351991344,0.380222381571126,1.2932848828815688,0.34312772866536,43.82087434975562,6.646257881182886,29.39284183705152,13.23754858477542,0.0035138780037428,0.0027116458772991,0.0004820796530905,0.0030052733257802
1157,50.45,0.2550928565724666,2217,0.0,45.0,-45.0,90.0,90.0,-45.0,73227.13392778322,4752.773226938236,4698.362787093882,2838.1645005289406,1921.9109377389505,1914.1545203782969,0.3016344084382693,0.2921374232783011,0.3540165263734243,1.7362050153489172,0.4473281138533233,63.86676181785076,9.17645717539738,43.50738671137275,18.92467212220417,0.0042487866736212,0.0034547496610843,0.0005810446025044,0.0039115338863008
1158,44.39,0.2472379560679885,4930,0.0,45.0,-45.0,90.0,90.0,-45.0,63715.13020453825,4295.3441636481375,4111.307730643301,2459.265155417819,1815.0937301293209,1666.9991479451814,0.2750370004594511,0.2647511347748299,0.2777363924614279,1.2787670484821565,0.5088813018073594,57.21978178655316,8.97158067733837,41.7421676507055,17.60375351626323,0.0049199869484329,0.0034456183857122,0.0006325199202977,0.0042258376577784
1159,64.93,0.2692282706408275,1648,0.0,45.0,-45.0,90.0,90.0,-45.0,68358.63314892047,4596.007806549264,4324.719609798321,2691.3341797616667,1958.599627584322,1795.8922233278124,0.3091950183212937,0.289441072188049,0.3033574242910857,1.8328162999674704,0.2720249351305268,33.35632585843235,5.2235370223048285,23.81288759223799,10.855454997545165,0.0026313072892214,0.0019405226754943,0.0003384757260631,0.0023651949379059
1160,59.7,0.2554495542625223,3126,0.0,45.0,-45.0,90.0,90.0,-45.0,72797.36608853121,5216.730671493625,5220.706161645343,2844.0261040844803,1994.415659768729,1984.4921139435444,0.2855309618010316,0.2891458108113541,0.3474850151303826,2.1494328403927514,0.1769633233909688,26.05842695461653,3.78511798429879,18.3267854475088,7.865697415909666,0.0017814138924059,0.0013300927671143,0.0002340841863113,0.0015537689453467
1161,63.42,0.2640887267844792,2263,0.0,45.0,-45.0,90.0,90.0,-45.0,61226.75760378844,4289.351247273814,4348.691952793527,2690.3076871637813,1653.901491142575,1563.8594351237082,0.3039688015189192,0.2852480256988183,0.3154896230188032,1.7402750911098592,0.0697951509147851,8.267826682552977,1.1978537441007524,5.9669476594510895,2.468044398347573,0.0006543696181908,0.0004745519011708,9.076497618017736e-05,0.000564403702264
1162,61.92,0.2554495542625223,2685,0.0,45.0,-45.0,90.0,90.0,-45.0,72797.36608853121,5216.730671493625,5220.706161645343,2844.0261040844803,1994.415659768729,1984.4921139435444,0.2855309618010316,0.2891458108113541,0.3474850151303826,2.1494328403927514,0.1769633233909688,26.05842695461653,3.78511798429879,18.3267854475088,7.865697415909666,0.0017814138924059,0.0013300927671143,0.0002340841863113,0.0015537689453467
1163,47.46,0.2019876537814916,1537,0.0,45.0,-45.0,90.0,90.0,-45.0,61180.63034295137,4404.435707499122,4180.58563764777,2248.328053746951,1635.7454700972162,1682.8912361251405,0.309499133954823,0.2999460373650839,0.3398799485453112,1.4940003843667675,0.4009078553486191,53.21164762539888,7.752375562258759,34.69982809889185,15.816768239663595,0.0039374368605594,0.0033747970733934,0.0005662267217901,0.003494836196818
1164,42.68,0.2259748121773842,3968,0.0,45.0,-45.0,90.0,90.0,-45.0,73779.87460855999,5133.454216958455,5158.888291768567,2764.5729070950715,1970.175331512462,1979.9180696073704,0.2439586238817328,0.2460269296918857,0.3683799928163112,2.028816731375564,0.1092025399512015,16.247382196004786,2.427129404155615,11.03127805668742,4.725282448831086,0.0010372252467702,0.0008372176984603,0.0001514601038797,0.0008344086103155
1165,47.11,0.2132978562055439,2872,0.0,45.0,-45.0,90.0,90.0,-45.0,85057.99361755177,5666.67265523526,5202.5915943275,2923.828669871627,2195.636961803088,2250.642603168724,0.2504860707501171,0.2538969272966193,0.2904521031229661,2.420069946865911,0.160047310099156,25.24645535260301,3.6842132380084633,17.951759659698286,7.692076806082977,0.0015467792150454,0.0012230498633848,0.0001907608010551,0.0013158908884196
1166,53.58,0.2548974546054299,4126,0.0,45.0,-45.0,90.0,90.0,-45.0,73019.50496670973,4941.388506713924,4623.203064152558,2602.92780256662,1937.5827970350767,1903.823368294333,0.2898046318256709,0.276603403773149,0.3564135774302487,2.0250702057734555,0.1031662927346815,13.79529760560266,2.165248274614924,10.181621627997364,4.12162462445722,0.0010774591576338,0.0008452407812208,0.0001329386989619,0.0008736100354432
1167,62.23,0.2132978562055439,3523,0.0,45.0,-45.0,90.0,90.0,-45.0,85057.99361755177,5666.67265523526,5202.5915943275,2923.828669871627,2195.636961803088,2250.642603168724,0.2504860707501171,0.2538969272966193,0.2904521031229661,2.420069946865911,0.160047310099156,25.24645535260301,3.6842132380084633,17.951759659698286,7.692076806082977,0.0015467792150454,0.0012230498633848,0.0001907608010551,0.0013158908884196
1168,61.28,0.27990423354544,2049,0.0,45.0,-45.0,90.0,90.0,-45.0,83462.63269333265,5537.255634190302,5445.188001257521,3232.48461235258,2110.7215801996067,2081.950274246074,0.3112657774964589,0.3103833585541269,0.374336922104352,2.313962561921719,0.1811963603152367,27.04378324349352,4.275231885380312,20.144187563258757,8.2910111617309,0.0018020164238595,0.0013394734209438,0.000220877782259,0.001455828630331
1169,46.82,0.2792002232228697,3417,0.0,45.0,-45.0,90.0,90.0,-45.0,89686.77805639525,6192.394221072366,5697.505019139171,3369.452652206052,2202.563004235719,2187.9157282657984,0.2661066595829511,0.2727890338970828,0.3583121527459381,2.2013564851815484,0.3807961043252835,65.65476828988535,9.690188140053875,43.91148686316425,19.218632106839262,0.004028016074891,0.0029006401777414,0.0005288432787237,0.0031195601227308
1170,42.82,0.2494002710892031,4812,0.0,45.0,-45.0,90.0,90.0,-45.0,72582.03414133094,5002.517325468616,4620.116187677346,2666.3659619318096,1863.2598046873616,1987.8004938542852,0.3162457837305312,0.3081713297712756,0.3176667115352506,2.045066607421594,0.0837613672374104,11.569144911678626,1.680130800040267,8.14608779333079,3.421343630871418,0.0008783488741349,0.0006564324095426,0.000114412590797,0.0006980713618038
1171,58.28,0.25377019717619,2165,0.0,45.0,-45.0,90.0,90.0,-45.0,63741.30341372777,4652.761284971943,4203.471455634699,2506.327190730451,1695.28207656289,1710.624864472558,0.2658153972171298,0.2607884258702117,0.3067469306344236,1.5830023473925845,0.1112196086120837,14.17623181673934,2.102018411413652,9.813658326256622,4.197964335347886,0.0011247445019427,0.0008415139429602,0.0001405362164859,0.0008939945279256
1172,46.43,0.2054755025095816,4155,0.0,45.0,-45.0,90.0,90.0,-45.0,71917.72826428094,4852.095733983496,4557.081138797156,2764.3356074019257,1929.0864035442216,1809.1491745863325,0.2899401386150007,0.2699771704493242,0.3518216780507125,2.1225311699848795,0.0621318709016492,8.93043439818161,1.271585510475194,6.098011571839587,2.490550625897665,0.0006287614437849,0.0004700167892163,8.60497132241506e-05,0.0004948951836268
1173,40.35,0.1988317455397339,2262,0.0,45.0,-45.0,90.0,90.0,-45.0,85424.2057363383,5704.817978442338,5580.146523597263,3138.788042913639,2171.386438497966,2304.3008494589108,0.2416301843296295,0.2406886464013956,0.3506514683426829,2.075349203174621,0.4099743899532995,62.25017615344003,9.659893695163143,45.14450398902567,18.915691198727743,0.0038480243364931,0.0029763343925013,0.0005167504621163,0.0032885847213622
1174,59.77,0.2793335250063699,2880,0.0,45.0,-45.0,90.0,90.0,-45.0,69023.01723593641,4431.174083650242,4290.999496856099,2660.187753734401,1857.7265936059175,1729.7685753342644,0.282086456583301,0.275691028542845,0.3023386923111018,1.8288971747645564,0.056362859220602,7.182138018513267,1.0906022807718412,4.930657997248455,2.2321400600272616,0.000600876652872,0.0004174702638934,7.798770179913477e-05,0.0005117500313236
1175,56.86,0.2201871958502828,3825,0.0,45.0,-45.0,90.0,90.0,-45.0,83338.72658216562,5790.845077520285,5169.872692868656,3099.341308957699,2123.020088091258,2194.35028412298,0.2628235290262538,0.2613353545759585,0.3250379596550069,2.539304342917293,0.2040604976124607,31.88202672406717,4.604003335120951,22.09263146239412,9.16342964378314,0.0020937684898679,0.0015944820316971,0.0002507886364562,0.001720110473337
1176,44.39,0.1872921951041092,2291,0.0,45.0,-45.0,90.0,90.0,-45.0,79913.74293384235,5156.692434295115,5267.373778761616,2992.289061476226,2090.758095344972,2073.947517583449,0.2316323977709382,0.2447306982860599,0.3598696426002843,2.391130357295025,0.1116394746151745,15.738063162932438,2.3825381963950565,11.409997851436172,4.791400490918615,0.0011262948533882,0.000800558356261,0.0001486046639849,0.0008948589678556
1177,62.43,0.248079353326251,4116,0.0,45.0,-45.0,90.0,90.0,-45.0,64121.44585464311,4104.942750415966,3886.985722900788,2418.4561365250524,1503.3188172017872,1436.4231114757476,0.2583115301341219,0.2605658219105889,0.3446854484477497,1.200353158676316,0.3872907390610327,41.63633431425559,6.4304398052532425,29.08265477600625,12.353019894332023,0.0035212995046821,0.0026644612247027,0.0004715150628952,0.0032071786511532
1178,50.69,0.2967724920988536,4887,0.0,45.0,-45.0,90.0,90.0,-45.0,84185.43625740001,5511.668505473844,5378.269578835826,3121.9924269165867,2165.562105507122,2100.708117584698,0.2998730181195232,0.3001628157224935,0.3507866456230421,2.383626019180391,0.108085293280306,17.26687963266624,2.547166850995401,11.60701676150829,4.961529533798677,0.0010060386682027,0.0007841568106825,0.0001424634678026,0.0009108290316082
1179,42.17,0.20917675560071,2843,0.0,45.0,-45.0,90.0,90.0,-45.0,62647.63642233068,4268.6283443164375,3979.8792006419126,2106.483041553957,1573.8181290017274,1571.7391541184384,0.2715455364951857,0.2377333557408838,0.3543865031904502,1.105027992590387,0.1883790514686836,23.36555801981365,3.500435216108256,15.95928019294039,7.130901298716854,0.0019898077702687,0.0016385965663184,0.0002777494010727,0.0016035609454873
1180,42.38,0.2729731611745356,4241,0.0,45.0,-45.0,90.0,90.0,-45.0,62480.57806977141,4083.780967096435,3820.41897326439,2393.378600713566,1639.3172023618718,1600.8070002919824,0.2639852476819285,0.2548175581044016,0.3389339405613101,1.2814183086003847,0.3210323362230904,38.33986944911282,5.841370254020584,27.48990595501364,11.604323551523471,0.0031333497743627,0.0023480342653793,0.0004096599097651,0.0027479485691417
1181,51.94,0.2873360394368714,2075,0.0,45.0,-45.0,90.0,90.0,-45.0,78704.07909681283,5278.743732648187,4882.838456364545,3108.197483379065,1946.177320268963,2223.8877517392443,0.3023318254954629,0.2755113815187123,0.3573472737344224,2.483021567060347,0.0559831664879445,7.839824385754666,1.1587259508288597,5.291619003975173,2.325889230806846,0.0005244214433755,0.0003876197553173,6.829874734338412e-05,0.000450184540144
1182,40.17,0.1912311805680769,2516,0.0,45.0,-45.0,90.0,90.0,-45.0,66190.17234293827,4267.288605748449,3873.7561514443714,2231.6152047515952,1735.9118368535037,1619.5825159530516,0.2935169806243674,0.2644187380088246,0.3733415888785423,1.2221472871739922,0.5112230655810494,60.434888550921386,9.083650997062495,45.06712647041458,18.043174003324204,0.0053106209642064,0.003779529062067,0.0006604850759126,0.0042723551989224
1183,45.89,0.312457709082093,3071,0.0,45.0,-45.0,90.0,90.0,-45.0,72213.2839305233,4352.575815574271,4318.044040905503,2695.7198648354592,1850.202692988494,1935.370617177233,0.3024680500200479,0.2804740948099784,0.3678624662935514,1.6291673119364285,0.3704217601018674,45.37015768678284,7.212521089577734,33.13992811291548,14.870858587139724,0.0036084609355234,0.0025974189754741,0.0004614158327915,0.0031175745679407
1184,46.67,0.2468968254563118,4587,0.0,45.0,-45.0,90.0,90.0,-45.0,73080.93306485351,5110.723423697522,4839.339774018096,2679.794182777231,1811.16306113779,1759.885862351686,0.2660737068654081,0.2433536107972868,0.350322553875907,1.9207909269212449,0.167257898546225,22.405045914329108,3.505536167021752,16.030194203502457,6.843487472377034,0.0015713307285447,0.0013365068661715,0.0002212915164062,0.001312649622395
1185,47.55,0.2717336192465538,2850,0.0,45.0,-45.0,90.0,90.0,-45.0,82795.84462421137,5815.34156277664,5616.581417635209,3121.4630477021765,2160.9600409214527,2351.948270462579,0.2804208236270683,0.2476060042384909,0.3148110352540452,2.2341757872873926,0.3946888872790165,66.69199292857758,10.276101163915431,45.75754732499084,20.99853426266861,0.0043230050038489,0.003291169596013,0.0005805140336679,0.0033247607059141
1186,54.32,0.2624180578615546,4460,0.0,45.0,-45.0,90.0,90.0,-45.0,61004.15877750256,4179.425784306808,3806.059870582766,2156.8320723085985,1484.695834385476,1462.2905385237173,0.2673432370431911,0.276306824641612,0.3528921909813884,1.2635443876661137,0.1689282700572847,18.64149763450805,3.0012227061767964,13.258598242675744,5.71952000611237,0.0017480319976593,0.0013763789635425,0.0002226480973909,0.001495199513339
1187,56.34,0.1830491846996562,2571,0.0,45.0,-45.0,90.0,90.0,-45.0,62441.817781693215,4099.64290385932,4136.593916785311,2340.297674665185,1705.955155902497,1649.2498192455685,0.2922818606385488,0.2685922438462402,0.3637746909333901,1.2706630831831895,0.4901958378024248,60.18236270007224,9.4465887238456,44.02826205036074,19.072146310646986,0.0051950088258902,0.0038348471068719,0.0006841016776496,0.0040211090668988
1188,45.91,0.2116169874997719,4337,0.0,45.0,-45.0,90.0,90.0,-45.0,64243.75440894931,4653.69725705294,4173.871399113824,2426.402330938874,1660.8061205380486,1643.206896881428,0.2894303201280212,0.2769328512172192,0.3708712591613343,1.1386765592667398,0.4213333850114974,55.22732778405441,8.273150296943404,39.45723568143343,17.119645445262847,0.0043963157824239,0.0033206681394076,0.0005906083333032,0.0035469216157671
1189,42.96,0.2266094576334042,4235,0.0,45.0,-45.0,90.0,90.0,-45.0,66624.2011338631,4558.284172683377,4252.205408369756,2534.0670155685884,1596.479448096212,1627.899992406728,0.3040670328512311,0.2831460204843702,0.3479434624216639,1.6349714159926168,0.1449854601297377,17.156931647595,2.500555514057172,11.90522690494418,5.120017466800829,0.0013769540647003,0.0010579953217141,0.0001909723603679,0.0010666167756238
1190,43.99,0.2876163779235535,2756,0.0,45.0,-45.0,90.0,90.0,-45.0,61395.49720325161,4186.107972643847,3757.223208152609,2193.7627165132067,1548.2936803176242,1578.0670875137714,0.288947585710927,0.2746173424933364,0.3455446588020311,1.1852647590972103,0.3520022198844623,38.63384191286925,5.7996021413015,28.01915951224484,11.475453547546849,0.0034775288084294,0.0026586332448342,0.000448051910686,0.0029240477282903
1191,52.56,0.2304819241437599,4310,0.0,45.0,-45.0,90.0,90.0,-45.0,81037.60938490722,5418.883845350571,5288.132643245431,3119.2337223757863,2223.4183059550164,2163.1688221570657,0.2953017505085337,0.3113639942189043,0.3439090926756599,2.236058838253673,0.1527637393265664,22.780794480400694,3.734403804603772,16.557204881649884,7.0640332335155,0.0015439854677265,0.0011167049370333,0.0002079315454171,0.0013660414525061
1192,59.25,0.2361388832918244,4381,0.0,45.0,-45.0,90.0,90.0,-45.0,74298.96769206699,5042.546180478903,5089.880427306902,2977.0965162629595,2136.140882434848,1987.1576566602132,0.3065331655303428,0.3218498394293519,0.3195459002495528,1.6581360345035372,0.4411353759807399,64.77210558886316,9.636338293730995,43.170591381210336,20.40711990067761,0.0043758408567156,0.0034244662281903,0.0006101572207992,0.0035820729446177
1193,42.94,0.2425396131592218,4327,0.0,45.0,-45.0,90.0,90.0,-45.0,77563.57242807982,4740.712352556574,4426.8032136882575,2642.553265081955,1919.986464345476,1893.9821886058096,0.3126706829456251,0.3132560784273085,0.3223163154359671,1.8183435773360688,0.1518584234727654,19.703632126282383,3.038498560497878,14.924446299900918,6.237516281519596,0.0014651428629578,0.0011177276388689,0.0001991451318338,0.0013426117131952
1194,49.19,0.2168194601995541,2708,0.0,45.0,-45.0,90.0,90.0,-45.0,85783.79861848605,5005.394127469876,4887.420723991553,2981.964007260912,2105.541976123402,2080.244295658065,0.3138679025323401,0.3029042939483747,0.36255846418469,2.26308601221314,0.2793999013111866,40.96580421930536,6.114443319546859,29.23595955890139,11.928576215998032,0.0029267738952149,0.0019839871907609,0.0003372921030198,0.0023368781988036
1195,45.48,0.210997279892731,2404,0.0,45.0,-45.0,90.0,90.0,-45.0,68649.18345226569,4580.180766179715,4437.027298909815,2651.708139127176,1717.5720144707243,1766.5404546237755,0.2916131594286745,0.2746234306445748,0.332402830964764,1.6341001183491326,0.3796396607000286,50.93520076779067,7.438668195261102,35.39070250521435,14.898346750443682,0.00379448463307,0.002853539833402,0.0004726300355996,0.0030170640021489
1196,51.95,0.3061593582829662,2047,0.0,45.0,-45.0,90.0,90.0,-45.0,76338.74524263463,5470.316882948711,4833.525918683187,2835.5935370685243,1971.3506161038397,1886.753656826605,0.2588167538849994,0.2442944045740035,0.3160136171932216,2.514371830974323,0.1246814900198731,17.68881868310826,2.676892396519099,12.505729870804394,5.7738746873040006,0.0012687313067447,0.0009739742376383,0.0001595182152737,0.0010777477975901
1197,58.69,0.203707469971023,3363,0.0,45.0,-45.0,90.0,90.0,-45.0,70153.08834694613,5068.256805912351,4753.977190213418,2856.3610421620965,1948.6585976000847,1904.351361692701,0.2717171682908075,0.2679563394156202,0.3491214774814835,1.7069266350661287,0.4659732449067343,62.20876918295409,8.90925287989845,41.673264064169786,17.88885140821977,0.0042451949056156,0.0031891191383574,0.0005516709935153,0.0037898304093359
1198,49.34,0.2412052126630679,3981,0.0,45.0,-45.0,90.0,90.0,-45.0,68137.55686549774,4536.064392515088,4286.94348827155,2465.706030789569,1697.956605467285,1727.84093504595,0.2899055780243707,0.261489519617358,0.3143358848270603,1.3135333734296053,0.3354770779021215,45.79453984737653,6.355560345766669,31.81091718591035,13.00498860123359,0.0034199571102651,0.0028730826109617,0.0004766009061814,0.0030316283503303
1199,53.73,0.2919201326799582,4375,0.0,45.0,-45.0,90.0,90.0,-45.0,79799.80284557225,5466.768757494371,5470.1389165285855,3045.626065150702,2040.6430775196848,1917.949736746604,0.3331241848790805,0.2959404928488331,0.3348086101392126,1.9000102618976864,0.2458666949608039,37.46850872674121,5.732900771677268,25.11176323449961,10.989802661724289,0.0024129713835459,0.0019933366918511,0.0003237749910097,0.0020122518421752
1200,58.93,0.2401660267326647,3428,0.0,45.0,-45.0,90.0,90.0,-45.0,70196.88355477243,4775.745462019933,4689.309943479348,2623.575601328641,1756.1333609789538,1843.876999521677,0.2564141900902095,0.2297472467572813,0.2967559376374179,1.8161570101537847,0.1292074534088828,16.82772864346185,2.4368855042951,11.50537903672564,5.142312158762969,0.0012082160715228,0.0009963163942245,0.0001647261499701,0.0009804581890244
1201,56.6,0.2291326590527179,4784,0.0,45.0,-45.0,90.0,90.0,-45.0,70964.84273515793,5065.782135323256,4632.729307303897,2746.3732806873554,1768.5467314835369,1861.3510637389224,0.2488009572361763,0.2470711573954107,0.3158144130208871,2.054447742544447,0.1356508096985352,19.145295474723348,2.8205188398436483,12.696796777426869,5.555538968531804,0.0014095251450348,0.0010492396452388,0.0001841821256042,0.0011000176650811
1202,59.05,0.2831403797917886,2394,0.0,45.0,-45.0,90.0,90.0,-45.0,84540.30049028042,5402.545133623699,5405.709892305524,2985.227088368251,2139.425685127318,2157.013146954286,0.2470618533430569,0.2551672289701396,0.3414218130744025,2.0744570727061604,0.3919661497448118,55.89863936836994,8.914472341736179,40.243566544664,17.24673509040911,0.0037213259885789,0.0027753167119825,0.0005053704386792,0.002973277773662
1203,58.87,0.1796992114477977,4286,0.0,45.0,-45.0,90.0,90.0,-45.0,69564.10937854255,4588.228864229714,4548.475200789652,2613.104688587797,1805.3678795693377,1764.385759209417,0.2453254207735868,0.2314529043661334,0.3044595831460492,1.5581416155626644,0.3253378822048076,42.196678849239646,6.390171653099416,28.54291153816956,13.187181377809308,0.0032396764315126,0.0023110487612016,0.0004122565364634,0.0027175608564003
1204,42.05,0.2199031971784399,4725,0.0,45.0,-45.0,90.0,90.0,-45.0,70295.59623156041,4905.792046777233,5067.544718996992,2647.624938277569,1892.783736357412,1802.0963032074917,0.3104435783503678,0.2922598905171327,0.3399992584818325,1.832022451800722,0.2219682014836061,30.44593692615394,4.914700392683505,22.513010086668235,9.72415904960778,0.0023224418528361,0.0016823744785361,0.0003111412868336,0.0019334898704376
1205,53.2,0.2967247727761296,3329,0.0,45.0,-45.0,90.0,90.0,-45.0,69138.9147247179,4616.306783143804,4129.984150227866,2645.602864998145,1900.8166786068111,1839.6767740480943,0.2359050331897873,0.2318900354112141,0.3430778791227248,1.445315501400476,0.404822363445459,48.803105328548185,7.502202110086491,36.006876726379204,14.83061712036829,0.0042329861073332,0.0028256613715359,0.0005347183678028,0.0032072025765369
1206,41.95,0.2007984980344692,2981,0.0,45.0,-45.0,90.0,90.0,-45.0,76936.88515633935,5215.795601455898,4895.077471868764,2938.269861903896,1940.514655208789,1956.5905201986104,0.2325259406947042,0.2183445751976759,0.3600817536476543,2.276582467339964,0.1153574034926387,16.371183640602656,2.519401579685582,11.504503782342098,5.103227111420182,0.0010963309899689,0.0008547121023662,0.0001571150401536,0.0009662632637706
1207,42.81,0.1803095145389452,3810,0.0,45.0,-45.0,90.0,90.0,-45.0,86305.15844431787,5598.611168470765,5375.494494481887,3087.4340225123865,2324.7274679823418,2276.074165100177,0.2495765159137886,0.2337101869329455,0.3663397766676199,2.573004445997525,0.3745690792716376,59.60937554476817,8.949161281285194,41.20370199724762,19.11632406805333,0.0035266556300823,0.0027254617317417,0.0004985552892913,0.0030285059370387
1208,53.69,0.247035833266035,4894,0.0,45.0,-45.0,90.0,90.0,-45.0,71466.29262765494,5159.487205102485,4807.986988196034,2979.276058888566,1818.4343134990784,1737.365387327124,0.330400489065672,0.3104730088049627,0.3402869128810371,1.867117340643212,0.3121561366439869,42.14141315340852,6.518557313381903,30.005431376499597,13.296743150327943,0.0031619439030735,0.0023896495854255,0.0003835249608589,0.0023967908954178
1209,45.05,0.1822322032823971,3570,0.0,45.0,-45.0,90.0,90.0,-45.0,57401.55104039039,4362.128463925072,4169.91881179702,2095.803013838337,1470.559029329418,1501.4588638365983,0.2870818623855192,0.2743340604782925,0.2992523224594581,1.009184507265288,0.3694268175221119,46.08982822090152,6.835029301271226,31.57641323610489,12.94758801944119,0.0038442594127174,0.003319306551911,0.0005331152527937,0.0032918331512666
1210,43.75,0.2324167522729037,3698,0.0,45.0,-45.0,90.0,90.0,-45.0,74716.51327101637,4681.842451480768,4646.666926889305,2709.138827773204,2105.54748540438,2034.910258085072,0.3038448259231342,0.2800512039088699,0.3146647953481912,1.984637151255126,0.1254925538212682,17.009607483101792,2.6351575162709846,12.37170113451488,5.152701183197691,0.0013118772214114,0.0009576654363542,0.0001646635690228,0.0011161680571764
1211,61.36,0.2426378686758821,2843,0.0,45.0,-45.0,90.0,90.0,-45.0,79622.99055076965,5378.067383772122,5041.040689562708,2957.470713225081,2127.2978830935795,2041.9132261922816,0.2592321441142926,0.2347918660502702,0.3449550957754749,1.8128433983809773,0.3692145283165204,59.04813224834288,9.001113020295902,41.925795856092336,18.259269484792394,0.0038508691743735,0.0029941746563821,0.000503911244028,0.0033849147569464
1212,42.91,0.1932350524901358,3309,0.0,45.0,-45.0,90.0,90.0,-45.0,73969.45292234114,4864.8666048492,4737.048334552425,2787.654454575119,1954.455871680048,1926.744040236054,0.2916696641760469,0.2761807532942189,0.3509235046485671,1.5814950484002763,0.4608077518573073,62.38580406178045,9.311703233368956,45.019942646668575,17.733056565380124,0.0043983860889498,0.0032977042693374,0.0005459319243511,0.0036481619265004
1213,57.92,0.2115140398597681,2341,0.0,45.0,-45.0,90.0,90.0,-45.0,70187.73894675597,4493.370864402774,4335.071184472922,2472.099322630721,1778.589723507574,1830.2605937290043,0.2817357770818953,0.2510738889399643,0.3383537393557576,1.894515328834717,0.0663677860140802,7.977185914548616,1.2338082453039296,5.583349510037534,2.4647780781860424,0.000663314990886,0.0004896836469013,8.162359481154198e-05,0.0005456388637067
1214,42.27,0.1882110514728449,3502,0.0,45.0,-45.0,90.0,90.0,-45.0,68007.34758003856,4684.911432818154,4426.167912940445,2392.130850481727,1725.2527274335605,1690.807073959185,0.2955108548206012,0.3119677997131446,0.3744886838420788,1.2954177838522924,0.414917573468118,54.95468687932554,8.415182096403829,39.02199070509521,16.822552504166914,0.0040823188620953,0.0031240970662016,0.0006043866818038,0.0034513175941293
1215,51.14,0.2257976536665682,3590,0.0,45.0,-45.0,90.0,90.0,-45.0,70754.65272275644,4378.9019872635145,4428.357640769752,2831.0481035857265,1849.3132570742664,1825.0368114166213,0.2663447633245452,0.2447073653369064,0.3484805568393773,1.8528017899348983,0.2168138028779742,27.75829814619931,4.151240731476391,20.36352177853508,8.343151464807077,0.0022454645522694,0.0015236643258269,0.0002790600603358,0.0019171604834834
1216,51.34,0.2854953950877206,1727,0.0,45.0,-45.0,90.0,90.0,-45.0,86994.04949546246,5908.47183244975,5372.777777176795,3250.775194735788,2278.0251645068347,2195.5285087304123,0.2838500621014642,0.2798203348837885,0.3672807853590794,2.9521711269428472,0.1268475068360681,19.698867602875243,2.938856267504206,14.952624009142289,6.518662181963351,0.0013298489837547,0.0009570177051363,0.000160948034082,0.0010534458832338
1217,50.39,0.2833405543823252,3602,0.0,45.0,-45.0,90.0,90.0,-45.0,81273.8812582763,5012.413150149568,5015.72357300621,2898.15737655538,2111.4366724929123,2189.2218602116604,0.3038773921135252,0.3036956641691709,0.3238688818107335,2.371485879882959,0.1390874136224943,20.530986753779715,3.0898491363949554,14.450506415019632,6.266354330599356,0.0015042995205067,0.0010716164374016,0.000173983781313,0.001266032827758
1218,41.44,0.2140272380625026,3809,0.0,45.0,-45.0,90.0,90.0,-45.0,78420.904314207,5349.328929461673,4950.140599690958,2791.715500024437,2189.4236977686605,2143.6456860304934,0.2836212395685649,0.2666095536345622,0.3379728897249194,2.1159300905174354,0.307407922607931,44.09725858424424,6.753255955427472,31.085051493127985,13.45235844582797,0.0029983216756702,0.002331463509421,0.0004021616091557,0.0023866879916183
1219,56.82,0.1965431121988443,3393,0.0,45.0,-45.0,90.0,90.0,-45.0,90553.13229165784,5668.197849645226,5346.933021983105,3313.632358945654,2206.90104440274,2319.2024296587115,0.3239483967196808,0.3013517674504118,0.31146405294219,2.1353356386497206,0.4245167560177996,65.2697557772661,10.087283854478075,47.21740468689092,21.32462916546362,0.0043208533330138,0.0032077324362069,0.0005648986874643,0.0034817251760444
1220,58.08,0.2404687944723703,2762,0.0,45.0,-45.0,90.0,90.0,-45.0,77570.96324151031,5223.637405633658,4941.916607484687,3101.539154308277,2097.037196826743,2136.734118856996,0.2649707677338384,0.2537659487897445,0.3193442176139684,2.213765796639612,0.1512962612394711,22.19340930266357,3.6309883562681353,15.024729487061515,6.6348900192501965,0.0015603435518385,0.0011539516532994,0.0001990017763129,0.0013504105690489
1221,46.36,0.1871569291228162,3121,0.0,45.0,-45.0,90.0,90.0,-45.0,75321.62371075434,4867.029301690189,4784.756432930661,2751.6389972673437,2054.188107280702,1903.50674238012,0.2924809991035597,0.3018559054291528,0.3094518681376886,1.956256047894055,0.1579271749967467,20.6122213943756,3.1775712055491603,15.466661913401618,6.366045703502542,0.0015782129311488,0.0011014920728633,0.0001939477970778,0.0013309104876277
1222,58.65,0.2516260792584447,1512,0.0,45.0,-45.0,90.0,90.0,-45.0,87611.0213289133,5297.984368498472,5066.623513813586,2920.797280341726,2198.437869915869,2104.6242847447597,0.24720191767762,0.2405526576582728,0.3413830656561103,2.0582456892329057,0.433935405671457,64.97536446523274,9.71813417419104,46.3568233097626,19.50915709222167,0.0043109405788627,0.0030788712632705,0.0005280158298424,0.0036519121704646
1223,41.83,0.2398030819529581,3868,0.0,45.0,-45.0,90.0,90.0,-45.0,73302.45472356224,4651.117773855921,4532.925160180266,3001.7443453257606,1840.1746185366048,1898.953794540303,0.2541277913027248,0.2498163613508232,0.3196460407768879,1.8016006412220784,0.2938138645271055,43.31512234611971,5.77389141849931,28.281795034110477,11.79750733413865,0.0031635126512442,0.0021570188977107,0.0004139705768056,0.0026316933599344
1224,48.61,0.2287897720210008,3235,0.0,45.0,-45.0,90.0,90.0,-45.0,70460.51689438723,4143.238592958277,4261.633654044357,2363.5248069713784,1807.7464219528315,1664.8891027591712,0.2354869758031275,0.2472122346024034,0.3671622430272983,1.5236467651951635,0.1856517624991792,22.62092458033218,3.237005061616637,16.151765991294948,6.371558037839185,0.0017431641225322,0.0013753606458525,0.0002366833386338,0.0014586192323406
1225,53.53,0.2281291211873675,1761,0.0,45.0,-45.0,90.0,90.0,-45.0,70934.72112705032,5063.555069041287,4269.714165011089,2503.9582778899853,1907.34654909024,1927.538842375767,0.3193946573945989,0.3140369064050227,0.3746225892002125,1.582831471881399,0.4290247898628898,61.57491956099126,9.153128372126194,41.263570532205776,19.19563763693989,0.0044106570350203,0.003339648306104,0.0006051749552839,0.0038943532049174
1226,63.36,0.2636757982568565,1746,0.0,45.0,-45.0,90.0,90.0,-45.0,71568.80282611688,5083.91209996851,4702.001122920997,2548.1164056092334,1961.4676325781068,1918.175825177168,0.2634818238178459,0.2547480423893332,0.3528543488289273,1.726710326527294,0.1534312507251152,21.202769308622557,3.2789463526130995,14.439877520495656,6.320006199120285,0.0015391206729783,0.0011476536713287,0.0002047830476443,0.0012712575762112
1227,64.65,0.238884599588197,1782,0.0,45.0,-45.0,90.0,90.0,-45.0,90510.97748246817,5715.576289254194,5170.599321258131,3392.0400185424123,2306.250227329721,2233.3415559286004,0.2800088684036749,0.2564040733852167,0.4123223991352555,2.749009659102249,0.2406564353957991,39.05316263690055,5.507172138290145,27.020989633203072,11.624539446536469,0.0022498972255381,0.0017544378594488,0.0002950847606295,0.0018884647041431
1228,40.79,0.2793053197235523,3433,0.0,45.0,-45.0,90.0,90.0,-45.0,88008.29489554751,5408.8895013613965,5360.206958931121,3034.062701599169,2151.018396529568,2150.3645526698024,0.3150907599785517,0.2985618282525046,0.3963903894218967,2.270270722575863,0.3576699609904777,52.79922246656337,8.754977337341307,38.56602608128156,17.840880781596393,0.0036078493532965,0.0027307770267438,0.0004584157416856,0.0030405188940087
1229,44.5,0.2580872658195883,3174,0.0,45.0,-45.0,90.0,90.0,-45.0,72226.88637886319,4823.356806461028,4683.005034369875,2840.384353631188,2057.5803680376384,1736.0179213452543,0.2631070121355711,0.2485307707673579,0.3624755667904802,1.9890976699477856,0.2641597928718443,37.57989117772656,5.731933752225979,25.743302086228027,10.963166070923702,0.0026279018532662,0.0019028262218739,0.0003405567625025,0.0022127910042674
1230,59.15,0.2798564522004222,2054,0.0,45.0,-45.0,90.0,90.0,-45.0,70698.86739384953,4877.5681806618295,4473.588419992034,2678.59570052574,1933.6602428927577,1762.5195966398735,0.266940658083203,0.2265775447718893,0.3622204019416029,1.6873203737909108,0.2129564563480307,28.37447462258957,4.2965225481577205,20.473345779441512,8.611844260269649,0.0021298077892909,0.0015969322369394,0.0002757461832291,0.0018933171152427
1231,56.15,0.2250993819170066,4487,0.0,45.0,-45.0,90.0,90.0,-45.0,67184.5546487285,4459.087851655812,4335.098209940253,2283.8706108327706,1766.103670648155,1728.5272658340778,0.2862656045665079,0.2669375041068874,0.3170143202285691,1.42097759675722,0.2539369993732328,30.622662117572087,5.440526679407887,22.38104735465541,9.396439346948148,0.0025807596290699,0.0019617540767108,0.0003211245822048,0.0021564382761151
1232,49.36,0.2287897720210008,3221,0.0,45.0,-45.0,90.0,90.0,-45.0,70460.51689438723,4143.238592958277,4261.633654044357,2363.5248069713784,1807.7464219528315,1664.8891027591712,0.2354869758031275,0.2472122346024034,0.3671622430272983,1.5236467651951635,0.1856517624991792,22.62092458033218,3.237005061616637,16.151765991294948,6.371558037839185,0.0017431641225322,0.0013753606458525,0.0002366833386338,0.0014586192323406
1233,51.21,0.3004024976236039,3066,0.0,45.0,-45.0,90.0,90.0,-45.0,80963.4709190511,5233.530457560031,5081.453577231985,3166.22366841157,2150.428603984511,2046.8046508767527,0.2912806341965786,0.2889240716694721,0.3768749152878814,1.9662660928004665,0.3874203066794213,61.29395249189693,9.588723656498503,41.62738374541242,18.953373764415403,0.0041650486782623,0.0029283084263014,0.0005275322382012,0.003365177240144
1234,49.39,0.2825942865692062,3046,0.0,45.0,-45.0,90.0,90.0,-45.0,79591.58741512144,5205.8174309042615,5042.460943870019,2903.904555531129,2117.1681624748426,2210.15079476795,0.2610987564081088,0.2383915873106995,0.3508151190464694,2.003685063326164,0.2049904053407172,29.17388458325339,4.319524946084094,19.41033255107719,8.573687144193887,0.0020287733994981,0.00149235474759,0.000262549112276,0.0017129065835441
1235,64.1,0.2159671033304675,4296,0.0,45.0,-45.0,90.0,90.0,-45.0,75780.75624673587,4758.043038358256,4334.3593563951,2758.684419373403,1896.8435641536344,1966.845271157206,0.2557474951848604,0.2451418858111852,0.3469507930778635,1.7108445128628431,0.2348253020545338,31.53967414973294,4.688556698408246,22.986813127584977,9.824944840315991,0.002311702165471,0.0017130819931347,0.0003141396682928,0.001902218552539
1236,43.32,0.2990017882792824,3708,0.0,45.0,-45.0,90.0,90.0,-45.0,65179.58008161795,4074.3726200124,4264.341819578693,2479.98304177149,1632.098709131344,1717.629079601913,0.3114239629110314,0.3233921599198849,0.3294145592362572,1.793867411399684,0.1361116820538467,16.5943135409674,2.561393808661971,11.254351602151068,5.042825680947423,0.0013459411102461,0.0010155930521233,0.0001761559681437,0.0011492726993178
1237,42.97,0.2719733594151166,2924,0.0,45.0,-45.0,90.0,90.0,-45.0,70911.94409807606,4716.177772105352,4661.80230881338,2534.798420191624,1860.880480870175,1830.958523328125,0.3057038305541282,0.3162601351661261,0.3203744665021894,1.8116194154300465,0.4572311402286129,60.62126499442547,9.625048742455329,41.59090012567682,18.337368579067597,0.0047252031945522,0.0035209345076603,0.0005950047925412,0.0039045992596809
1238,49.83,0.2758965292968232,3700,0.0,45.0,-45.0,90.0,90.0,-45.0,84393.493783432,5656.768733523821,5838.901356518735,3127.476808344382,2354.6420519697317,2189.4744713817963,0.24267239668904,0.2488512233760887,0.3027931099411003,2.473220395998192,0.2293557957461381,36.389309904343285,5.5273961953588895,25.783106760173347,10.396875766082394,0.0022311106078745,0.0017667461429041,0.0003086457947404,0.0020082300989936
1239,58.2,0.2680410892622608,2021,0.0,45.0,-45.0,90.0,90.0,-45.0,61258.89897984803,4521.714691844304,4364.690837048652,2627.340480127493,1556.6269642896077,1612.6618145946518,0.2747143089124927,0.2691569050024189,0.3147858197361889,1.635031163634466,0.1388827239429857,18.12406188990239,2.4697777860718926,11.55513012014802,5.194338716614222,0.0015096688348256,0.0009564285780901,0.0001864965765414,0.0011601693620185
1240,60.87,0.2704493896682772,2412,0.0,45.0,-45.0,90.0,90.0,-45.0,71205.1576061026,4316.975018006273,4413.578750457726,2764.290293805475,1914.257367057028,2090.7388037915543,0.3214287801513118,0.2937199102913863,0.3184193219525946,2.1166101487566045,0.0860743710232799,11.261335435837577,1.7154591201491358,7.866048272771934,3.280198481784207,0.0008553942736581,0.00063165786684,0.000108836697038,0.0007038434649514
1241,40.57,0.241619306353958,4597,0.0,45.0,-45.0,90.0,90.0,-45.0,63078.005236033205,4301.736032014744,4148.3405573887085,2110.5929052681977,1562.2664999200751,1720.0254848287457,0.3407749512077418,0.2901831283464255,0.3034572111679491,0.9021657693650458,0.5380551285215839,67.99323118199982,9.185447780557611,41.68601819744668,17.898718768904676,0.005541848083121,0.0043207131588381,0.0006533044371269,0.004653620914556
1242,51.58,0.2834800368470261,2722,0.0,45.0,-45.0,90.0,90.0,-45.0,73881.45850939036,4812.769735935489,4637.944927901009,2790.552546297541,1763.354816642727,1907.6541321196023,0.2892594213826208,0.2643121272258367,0.3850563026963447,1.348609345793636,0.4262938082262583,55.4598837373938,8.282084114616241,38.55975679499264,16.72437885413846,0.0040554923368271,0.0031595782165482,0.0005262912096798,0.003531344781592
1243,53.61,0.2488976331657541,4445,0.0,45.0,-45.0,90.0,90.0,-45.0,82434.68414335868,5211.066657004324,5233.072234711425,2959.5661873450163,2059.0144025725967,2088.850362354722,0.2693996861939265,0.2772843715816323,0.3762581418996855,2.243607143248794,0.1884406065636084,26.44688096006504,3.8258741250022985,18.15547937975442,7.621216168353746,0.0017592340833443,0.0013562307355307,0.0002362782614984,0.0015241233146813
1244,49.48,0.2906677761940714,3678,0.0,45.0,-45.0,90.0,90.0,-45.0,76372.54705432482,4796.946741137515,4595.005800222628,2767.0720590324604,1900.8791681299624,1964.5077457055188,0.2795760152837356,0.2668322837654576,0.3275992396997822,2.150422120534447,0.2225372921063847,29.612641192561203,4.593392716289223,20.48468674666789,9.027899504575206,0.0022565734206222,0.0016539760109977,0.0002933550534542,0.001894986932166
1245,46.19,0.1974334099416428,2440,0.0,45.0,-45.0,90.0,90.0,-45.0,68362.93127215728,4689.765765670057,4410.026944413072,2589.267561678285,1848.825856106083,1878.9075850751688,0.2659391274588645,0.2523230093841617,0.3352291469631095,1.7490176759770812,0.3691584188106205,47.30185352344116,7.240380748198857,33.60531240250383,14.592466809259228,0.003729364353587,0.0027419280695272,0.0004998881375478,0.0031100765315482
1246,43.88,0.2214197169537775,2917,0.0,45.0,-45.0,90.0,90.0,-45.0,85195.76369112382,5945.586526313145,5250.5585212875,3186.237587692372,2266.8592872347094,2217.8653044849843,0.3189628221444574,0.2969159477970342,0.3340573038743378,2.4024991949642613,0.2691307365416203,38.94073302673648,5.970778834758272,25.9148699368214,11.752436679507882,0.0024959918847318,0.0020014168721855,0.0003385666476147,0.0021572926790747
1247,63.44,0.2458881335714101,2272,0.0,45.0,-45.0,90.0,90.0,-45.0,82820.59228324777,5464.994975983852,5213.7252182501015,3044.853538076796,2092.2647885911942,2003.2993798581297,0.3037423053922903,0.3158187589937009,0.3316931624356077,2.398993706699976,0.2895065181083755,44.27819815369756,6.386404480507117,31.52602617572887,13.355425195199963,0.0028280721910063,0.0022915113117317,0.0003717523003905,0.0023143996018495
1248,59.14,0.1880503640607075,4469,0.0,45.0,-45.0,90.0,90.0,-45.0,76397.17398190938,5091.47613074878,4741.171559745573,2567.8544554842038,1873.4405240998035,1871.171566449828,0.3159816733980761,0.3079945116761741,0.3268272312039069,1.7779080367563662,0.2956967329129933,40.56612514978244,6.167283160392459,27.93937167497793,12.144323191525658,0.0029513014280501,0.0023899907911177,0.0003637385389942,0.0024611567106948
1249,60.24,0.2042529605048311,1631,0.0,45.0,-45.0,90.0,90.0,-45.0,76763.15884082015,4815.03201814058,4823.234125842184,2743.21313457079,1961.5277508286977,1930.177228304908,0.2993203910311141,0.276154615190997,0.3015515781722681,1.7096364617171664,0.3882720427854891,56.94807600420414,8.604671875545721,39.10844398839132,16.421626472855948,0.0037340000454111,0.002915987781561,0.0004983919660687,0.003358553132969
1250,55.37,0.2507596931607323,3217,0.0,45.0,-45.0,90.0,90.0,-45.0,84342.94488050029,5839.414608454536,5207.561956477593,3154.917849834688,2212.614048275253,2303.5387961948377,0.3256456070364448,0.319636433844617,0.3802778920728817,2.678296200756574,0.054891060871095,8.85354992539761,1.2430583540702174,5.936113442712095,2.6419483783772075,0.0005316965795068,0.0004008960677589,6.806368406510308e-05,0.0004260113695364
1251,46.02,0.2715850819478833,1564,0.0,45.0,-45.0,90.0,90.0,-45.0,67029.03061026298,4023.43282247096,3872.8662319103782,2215.665968236491,1568.3758420881168,1611.688405254765,0.2765086604699656,0.2502491715783378,0.3800676511882034,1.0377398192083558,0.4183689359779028,50.77537976011965,7.285704056558512,38.32571525835694,14.782352544075277,0.0043757659450835,0.0032981610326244,0.0005650503908502,0.0036518742734121
1252,42.52,0.2770638183465242,1775,0.0,45.0,-45.0,90.0,90.0,-45.0,62029.011669503234,4168.353083832086,3684.0338925627543,2304.117527294487,1685.6867227545629,1657.2966514534255,0.2691977729879366,0.2648374505760078,0.3762673671879732,1.6954090942273474,0.1903885941455212,21.323684414130422,3.305835076555278,15.279059698127636,6.044222785066302,0.0018709245724206,0.0013447173509433,0.0002392515938917,0.0016581708122783
1253,51.16,0.2636757982568565,1637,0.0,45.0,-45.0,90.0,90.0,-45.0,71568.80282611688,5083.91209996851,4702.001122920997,2548.1164056092334,1961.4676325781068,1918.175825177168,0.2634818238178459,0.2547480423893332,0.3528543488289273,1.726710326527294,0.1534312507251152,21.202769308622557,3.2789463526130995,14.439877520495656,6.320006199120285,0.0015391206729783,0.0011476536713287,0.0002047830476443,0.0012712575762112
1254,57.58,0.2024303792853775,4252,0.0,45.0,-45.0,90.0,90.0,-45.0,79643.26936513439,5404.3450171965615,5118.425054290689,2995.338549103245,2007.1712494519493,2134.6170352696868,0.2825342651869785,0.3009314410073279,0.3266785392295669,2.474150442301899,0.1075258998746553,17.18405405085038,2.359969676439696,12.06419130923442,5.065075309090399,0.0011001605816875,0.0008038568544752,0.0001513061234575,0.0008975054764873
1255,46.12,0.2299764296955043,1699,0.0,45.0,-45.0,90.0,90.0,-45.0,72919.34930332811,4935.971124058201,4314.665273790175,2969.351651996109,1954.6794284685436,1963.3161015419928,0.2933265330840506,0.2992745021650557,0.3486780250252095,1.4944102501585017,0.4436597163998937,58.15459739957248,9.035692693313688,43.78397900591504,18.38266948912253,0.0045528604549453,0.0031809423144688,0.0005830789749951,0.003781387737259
1256,50.06,0.244875922151962,1681,0.0,45.0,-45.0,90.0,90.0,-45.0,73633.07042463224,4567.601604876914,4278.621770701599,2594.956590327777,1789.004363164631,1903.616199982287,0.3101676671236206,0.2954832985460769,0.3373313360780573,1.7688562991000167,0.2728589507380664,35.31116776483024,5.263917078009159,25.23934611794078,10.316342240439065,0.0027094005330564,0.0020229246384989,0.0003571358340124,0.0022999674862075
1257,53.49,0.2969884585914878,2459,0.0,45.0,-45.0,90.0,90.0,-45.0,69925.537527129,4557.036982413692,4279.110648662777,2416.585197527272,1799.4851286917567,1784.3149220586151,0.2557263267412443,0.2419820205014186,0.3745397122469648,1.7015600247312397,0.2941553562094973,36.62380126395954,5.749487150442372,25.72279818634769,10.885051461250365,0.0028560342257514,0.0022026533934489,0.0003640119643671,0.0026196161781014
1258,61.59,0.2106333318042655,4589,0.0,45.0,-45.0,90.0,90.0,-45.0,69331.03731758153,4313.849571829961,4402.243891059615,2626.45290576959,1743.914456832642,1905.277470551115,0.2851269097399564,0.2765280257312659,0.3052880064034078,1.4418139410058328,0.4880215423869918,62.4259711288028,9.815180296592612,46.3531294594737,19.826896723415626,0.0050840655287281,0.0038174742233273,0.000645297166869,0.0042937785791726
1259,43.5,0.2791595650963815,1731,0.0,45.0,-45.0,90.0,90.0,-45.0,61511.80709764794,4317.148598631503,4098.572827017133,2457.2360837888828,1775.1743652609923,1786.86349498879,0.2844055731796743,0.2662183047303627,0.3412830887225064,1.1556762685379856,0.4677176419091182,57.51603660890626,8.278119377567998,39.34517599421321,16.561488617076556,0.0046952786582766,0.0033019909293555,0.0006016269142635,0.0040551199437067
1260,45.85,0.2872079684685825,2684,0.0,45.0,-45.0,90.0,90.0,-45.0,63591.22120735449,4548.879930744082,4427.340903298106,2228.0134478476843,1585.5292942428655,1634.8988909412906,0.2594343460143735,0.2271950012152895,0.3170994980358038,1.1906698506423132,0.5035191676228207,60.23375180263738,9.281873449878107,42.28512798087103,18.3122642847938,0.0048818175526506,0.003798170485267,0.0006705141779377,0.0038672319577911
1261,54.4,0.2562766799960921,4496,0.0,45.0,-45.0,90.0,90.0,-45.0,79458.82707748629,5101.856165830176,4654.671586791873,2599.4332290027173,1988.5835256418388,1952.3382773435085,0.2780845110013256,0.2567735243035189,0.323079078647626,2.321021738569412,0.106020104500661,14.913393935325416,2.291238198638452,10.563764154134905,4.413276276289609,0.0010919427510072,0.0007790417626895,0.0001372166899995,0.0009049566608375
1262,54.95,0.2343100072328174,3865,0.0,45.0,-45.0,90.0,90.0,-45.0,61633.5589997167,3949.0756691644297,3691.734767030447,2136.406821822869,1618.1977312026502,1639.4450455522633,0.2635584812573221,0.25951816994483,0.3513395430147197,1.5617840094122115,0.0805004507018239,8.57168309636843,1.245732959541905,5.9349012753939485,2.4579785228808237,0.0007746169173107,0.0005565562420627,0.0001035885377141,0.0007063854255176
1263,60.46,0.2446787764172805,4254,0.0,45.0,-45.0,90.0,90.0,-45.0,85120.39863047589,5308.640908584496,4893.814653083858,3079.0347935559826,2045.7515104579727,2125.7198346809064,0.2492163884468362,0.2372217357753724,0.3354941117476094,2.032528460188129,0.3669827449612715,53.97410754865597,8.136241519842846,38.08315909536546,16.03169678469652,0.0036308408992514,0.0027637866697829,0.0004320805611261,0.0030207550764974
1264,47.54,0.2087938791426453,2470,0.0,45.0,-45.0,90.0,90.0,-45.0,66690.68622823496,4134.790510577564,4148.876144853101,2489.5583491644884,1793.8346163678343,1879.8757734768717,0.2690097074809129,0.2521115603740543,0.3018851022122713,1.3960068203114424,0.4918175884872374,61.980371785235775,9.27533155578335,42.45580496324963,18.148191352574862,0.0052936450524165,0.0037527075956908,0.0006114455140398,0.0042993752466194
1265,64.64,0.269797757316766,2086,0.0,45.0,-45.0,90.0,90.0,-45.0,65496.25681001315,4384.81926573613,4206.76966936055,2580.633280616661,1659.1850278733264,1576.1303012575506,0.3240488827945691,0.2881168739658076,0.3668026858962195,1.2449058902949783,0.3813913239213632,43.94321478809032,6.43323524207273,29.731294947593025,14.13268072307317,0.0038086277694839,0.0026394011709108,0.0004949026798352,0.0031881133532534
1266,45.53,0.2823486451945895,3635,0.0,45.0,-45.0,90.0,90.0,-45.0,74142.76528616385,5142.263796961563,4999.269904127636,2936.3613192367643,1779.7583139793198,1798.6877232643517,0.254146380581787,0.2412257632287922,0.3408866684147008,2.166648115602744,0.0770950482262181,10.57815240779205,1.5791841004190053,7.785023051809942,3.354685410616533,0.0007233237884762,0.0005590642764154,0.0001032587735685,0.0005971528672384
1267,46.88,0.2353909629113912,2730,0.0,45.0,-45.0,90.0,90.0,-45.0,65370.71338138966,5107.729301197689,4895.210087516311,2710.997791039032,1824.927283500826,1819.1160518358847,0.2581837400591176,0.2536972429409159,0.3381780032387552,1.869581422719972,0.1731691502453083,21.10729831960547,3.5943318844128207,15.8053305115205,6.841175739985071,0.0016086148622485,0.0013001902713383,0.0002219648906671,0.0013582756546188
1268,63.71,0.2221089624349466,3780,0.0,45.0,-45.0,90.0,90.0,-45.0,66465.08219802442,4689.757546818873,4159.88735385358,2420.658510685224,1640.075493558381,1654.4984023767438,0.3094963369694608,0.3004293862957817,0.2883400589634625,1.4900047402724197,0.0747207382895176,9.124354569289332,1.3665366987288678,6.407509792970168,2.639578790757509,0.000764350692823,0.0005593954326427,8.889151081708766e-05,0.0005864667545738
1269,62.79,0.2008333325737774,4511,0.0,45.0,-45.0,90.0,90.0,-45.0,63287.6714927848,4473.358700967518,4225.598755220773,2347.852375791787,1755.2876690949245,1733.7911422579914,0.2649086819940479,0.2462376002812228,0.336279947729903,1.6302352173896006,0.2500385069343985,29.42716856099893,4.571305190041426,21.285812868688375,8.991528812286345,0.0024187363951379,0.00186879029413,0.000329793730259,0.0021121621379026
1270,56.97,0.2362438250992645,4064,0.0,45.0,-45.0,90.0,90.0,-45.0,77941.14035188207,4537.952356263879,4165.8946474420445,2869.6109165624075,1990.6564872648405,1821.3288110608903,0.2661330120754394,0.2495026378961178,0.3620697150613627,1.902435578596832,0.2129362490974707,29.9205634275635,4.192682884763928,20.565075966903528,8.373837089537773,0.0021821904725374,0.0015166566955769,0.0002641683837322,0.0019225426491115
1271,52.39,0.1830491846996562,3776,0.0,45.0,-45.0,90.0,90.0,-45.0,62441.817781693215,4099.64290385932,4136.593916785311,2340.297674665185,1705.955155902497,1649.2498192455685,0.2922818606385488,0.2685922438462402,0.3637746909333901,1.2706630831831895,0.4901958378024248,60.18236270007224,9.4465887238456,44.02826205036074,19.072146310646986,0.0051950088258902,0.0038348471068719,0.0006841016776496,0.0040211090668988
1272,63.54,0.2860818375252618,2910,0.0,45.0,-45.0,90.0,90.0,-45.0,71138.12933604611,4870.54848242026,4468.710070947977,2667.8009425124883,1904.8111983260571,1870.083398748488,0.2459328959910544,0.2371258202248293,0.3551395710493926,1.741131013792462,0.4643217402889195,65.74014497159185,9.761483814247246,44.705426951206974,19.273413902207047,0.0046302242120836,0.0036233767955323,0.0006385962762094,0.0040354786935397
1273,49.53,0.2511163062678783,4249,0.0,45.0,-45.0,90.0,90.0,-45.0,60030.69851684489,4497.573218481015,4619.693308505852,2473.664105522529,1789.5543854923762,1742.6646293765216,0.2713712802760347,0.2651870142695503,0.3120555946788505,1.6334891334764738,0.2661488068706267,31.73442855463847,4.835577918835857,21.705127581793995,9.971710370014383,0.0025428417091939,0.0019490609817521,0.0003605788924521,0.0022402434837288
1274,47.97,0.2195418616076707,3648,0.0,45.0,-45.0,90.0,90.0,-45.0,65319.489213751935,3837.0158962235664,3581.1996015142104,2335.4053769524485,1510.4208344922745,1616.0033493597282,0.3184860436292546,0.287608715683977,0.3128635220965024,0.9922453777627857,0.5188463705176934,57.97753654925769,8.39354918434504,38.509208653658725,16.918727040295494,0.0051373264870508,0.0036367266202352,0.0006592339312311,0.0047007734423804
1275,50.21,0.1884184906326591,3205,0.0,45.0,-45.0,90.0,90.0,-45.0,75120.4114769996,4832.180224175116,4755.879675487066,2796.641517645404,2086.7551711359897,1842.1002171798864,0.273339881230596,0.2549260455056797,0.3157369908038119,2.172402346735877,0.0821098725623615,11.399630170668,1.6633438710215696,7.604957618295851,3.4731562924481163,0.0008203015610198,0.0006070593933668,0.0001029718436086,0.0006875126646638
1276,49.41,0.2195418616076707,2728,0.0,45.0,-45.0,90.0,90.0,-45.0,65319.489213751935,3837.0158962235664,3581.1996015142104,2335.4053769524485,1510.4208344922745,1616.0033493597282,0.3184860436292546,0.287608715683977,0.3128635220965024,0.9922453777627857,0.5188463705176934,57.97753654925769,8.39354918434504,38.509208653658725,16.918727040295494,0.0051373264870508,0.0036367266202352,0.0006592339312311,0.0047007734423804
1277,53.45,0.2523145129794122,4590,0.0,45.0,-45.0,90.0,90.0,-45.0,79088.15954298947,5455.620621949238,5119.018974930433,3232.4490696162547,2192.6616352735373,2101.1331207352378,0.2559285005566198,0.242803309175131,0.3642791480056497,2.047179147098993,0.4224194074144998,70.44681904895602,10.08188953084283,44.99357805750287,19.749462702001367,0.0043347847283865,0.003231396740522,0.0005502590615395,0.0035273707508675
1278,61.23,0.2668838071444501,2487,0.0,45.0,-45.0,90.0,90.0,-45.0,64172.98364617171,4180.769413242243,3865.476240094737,2461.905287327412,1729.626468012231,1690.409010048974,0.3141587902282942,0.3066182233540055,0.389815358334489,1.3090089912685616,0.19828041050266,23.229173073742583,3.44127273885894,16.758529106027673,7.4084797550830865,0.0018895032888082,0.0014531448223096,0.0002486990312415,0.001608724462103
1279,61.44,0.2002275070629971,2731,0.0,45.0,-45.0,90.0,90.0,-45.0,79404.05831472705,5066.552824939055,4907.812261103327,2798.3023773218792,1942.488820441051,1893.3505612103927,0.2452845449117699,0.2469887326093937,0.3515929520399635,1.9648153804451187,0.3559340977089208,50.24925367900633,7.669088757153907,36.09352690096269,14.151170384269625,0.0033971363026967,0.0025511888134183,0.0004689598877419,0.0028373310322469
1280,60.14,0.2056915846830841,2091,0.0,45.0,-45.0,90.0,90.0,-45.0,76160.28337836426,4687.724922885575,4800.3812260325885,2923.1080904449927,1914.7763753308348,1975.999879110171,0.3359716618850922,0.3249267288634734,0.3015101313389618,1.94857848515362,0.1853016898788426,25.989102321701164,3.7861057540397702,18.07342666148373,7.67090420467748,0.0017320293424088,0.0013338542266452,0.0002313783334614,0.0015122649692451
1281,54.06,0.2694294537755485,1736,0.0,45.0,-45.0,90.0,90.0,-45.0,88434.41310216345,5956.309873045072,5449.268304670178,2938.177157385629,2153.1782058855856,2149.025270805144,0.2903392738312645,0.2731532438595233,0.3173567397884941,2.743469582386556,0.0919263678204428,14.312243515073597,2.320188584863093,10.464522330113512,4.147466523458095,0.0009202053766671,0.0007153672016605,0.000118654405106,0.0007468437705762
1282,53.93,0.2399326642215211,3206,0.0,45.0,-45.0,90.0,90.0,-45.0,76136.69972913331,4883.400690851946,4955.194338410125,2602.569064124993,1876.065527748612,1941.3670158586735,0.2846611881190156,0.272957696856764,0.3710489776505882,2.0330403416674523,0.1569573637932764,22.206026031511385,3.3125273425379023,15.633866043789787,6.493070904745949,0.0015527619445355,0.0012174809415442,0.00019303320566,0.0012714935578727
1283,49.71,0.2240959888655717,2049,0.0,45.0,-45.0,90.0,90.0,-45.0,60894.42815425075,4833.6283550079725,4405.198547830531,2354.9573427406917,1651.4696527959777,1576.8253039797962,0.3210504796585736,0.3025519806272307,0.3743535201081364,1.393489245987532,0.2456007749162231,28.09574041642087,4.2068820215028895,19.91096505010892,8.878961254321924,0.0023533902592243,0.0018268475766026,0.0003110938609489,0.001867745210146
1284,45.08,0.1938723765076862,2544,0.0,45.0,-45.0,90.0,90.0,-45.0,80378.83156976869,5098.995185301109,4690.552628517339,2858.133195448843,2000.30918812132,2082.098336383432,0.2588653798712564,0.2466574627615532,0.3298109755385717,1.661687676915563,0.4230069491109175,57.8780800323216,8.676367047496814,37.552182040917565,16.651623419974737,0.0039699240335923,0.0033363200424527,0.0005290336376522,0.0034162845482373
1285,41.98,0.2148927847806542,4148,0.0,45.0,-45.0,90.0,90.0,-45.0,84350.14261779303,4999.983177612635,4793.889149049635,2914.0523904125143,2031.4310866944284,2036.0834615112017,0.251414478957311,0.2472339226869445,0.3107819179721149,2.3766994232823078,0.1770765834833779,25.168473235379764,4.009683613366102,17.644937305373393,7.792442214578853,0.0018610681884392,0.001357917236673,0.0002327714159722,0.0014428237133971
1286,61.18,0.2140461973406884,3342,0.0,45.0,-45.0,90.0,90.0,-45.0,65987.9233131744,4189.751960009963,4094.726861896799,2438.8880327312427,1882.7667912244924,1916.1459390502573,0.2525960760540745,0.2493595027895458,0.2991597577291599,1.3198696579096991,0.5137049851059919,62.165615719526976,9.141561462149603,40.87618422305211,17.86680995050513,0.0050556238317489,0.0038404017381593,0.0005989594723173,0.0044110113707152
1287,53.39,0.237131422125452,1878,0.0,45.0,-45.0,90.0,90.0,-45.0,82597.41514173723,5381.097112702706,5156.885381146672,2890.895229316728,2031.961179100291,2154.0525276730173,0.3141390355007204,0.3045952210079022,0.3569643084220851,2.334434411560766,0.1903292314438616,28.67131337301047,3.913201879371334,18.94051005456532,8.107115954018816,0.0018288883694037,0.0013411466426596,0.000245667467405,0.0015169885166625
1288,44.76,0.2949824898676318,4897,0.0,45.0,-45.0,90.0,90.0,-45.0,89674.24097353197,5520.907822321533,5110.313751677525,3041.349661149159,2267.025941420721,2151.490500795476,0.3133329773150149,0.297692381540319,0.3586304147390107,2.371565005526612,0.2773321376507383,41.34788386707632,6.395850184543408,28.7638074329098,12.301601044138671,0.0025831667705386,0.0020168983536209,0.000350163267026,0.0024022948659854
1289,49.43,0.289258151244578,2599,0.0,45.0,-45.0,90.0,90.0,-45.0,67909.25629469068,4771.963547310166,4559.194821066872,2509.6925650643407,1839.1235718651176,1948.099805260509,0.2445238937121794,0.2312772022529213,0.3434676292436519,1.4125964266418982,0.3420092208988064,45.43745704490455,6.966663216721044,31.722815543872013,13.442324161966129,0.0034748089784719,0.0028836507452384,0.0004701942467309,0.0028561495788676
1290,55.07,0.2321384432336738,3977,0.0,45.0,-45.0,90.0,90.0,-45.0,59689.13235219557,4360.556888359072,4089.042273725917,2313.145842550957,1536.6424389020851,1536.7330558989174,0.2908986713999072,0.2847482260816225,0.3125044955371674,1.2768042889205136,0.4641397388863598,53.11904013865931,8.701345786663012,39.272376633744265,16.669821818612895,0.0047140778478231,0.003622370708177,0.0006428447095309,0.0037059050840422
1291,44.7,0.2882074193638723,1798,0.0,45.0,-45.0,90.0,90.0,-45.0,67587.28731715029,4652.146449204978,4044.49877139251,2553.787416521095,1730.4331363188487,1820.130804952944,0.3227896058783568,0.2971930939603591,0.3561281938140574,1.4364291585269082,0.2365894770429762,29.806794730332037,4.44657469442207,19.576248047615803,8.49504846498726,0.0023738980499731,0.001744872457869,0.0003104107167119,0.0020117095895054
1292,54.69,0.2208185379975967,4619,0.0,45.0,-45.0,90.0,90.0,-45.0,62740.74385960594,4094.794056671627,3866.0227527729367,2190.538547181383,1579.4585753361714,1595.8547675565972,0.2911849702072742,0.2888434374846783,0.3665532875238302,1.000363702369151,0.3399548279982913,36.98402898225279,5.950453473240583,28.39449097816377,10.952716880925417,0.0033526402839329,0.0025762333842298,0.0004174458832956,0.0026343596294412
1293,53.97,0.2858239310140738,4250,0.0,45.0,-45.0,90.0,90.0,-45.0,72199.74523969357,4975.362762420155,5085.895781297005,2810.667310425292,1875.5718108838032,1982.296345261045,0.2479842958844733,0.2376683589305523,0.3544550960166396,1.7892774347776548,0.1149932153889541,15.759882469303356,2.2167861973316203,11.471285487321904,4.380313756755389,0.0011101526846402,0.0008151030575986,0.0001609682979685,0.0009196722155079
1294,45.22,0.2605944834689906,3463,0.0,45.0,-45.0,90.0,90.0,-45.0,80485.64735632327,4897.956043374597,4540.148254527901,2902.2965208338223,1988.7169180694648,1897.690378542088,0.2750127134146814,0.2654547092799786,0.3661639155783601,1.590165076193136,0.4684794794619556,61.64934600575033,9.260835682627173,41.12998664184271,18.09643368607232,0.0047125672486244,0.003430842787277,0.0005721244335132,0.0037171354299173
1295,47.58,0.2878209949844194,2863,0.0,45.0,-45.0,90.0,90.0,-45.0,89624.00564129713,5676.276084443776,5253.3121892471645,3280.986344387384,2400.5608584519023,2369.9823607732087,0.2665909477052258,0.2700893410059203,0.3639161253058576,2.814901377180531,0.0515021220608034,8.526634826480446,1.3391105753223629,6.137505911522919,2.506493539367768,0.0005083270956495,0.0003851636961263,6.932012331010366e-05,0.0004346555651391
1296,45.3,0.2781127614466323,1562,0.0,45.0,-45.0,90.0,90.0,-45.0,67432.2089673032,4533.992844486211,4009.4654569605855,2553.4091214362084,1706.4776819400518,1730.369344636216,0.2562378684426667,0.2383496272444949,0.3275292712579427,1.667742439238037,0.1188710655556338,14.492555100101546,2.2725021417894133,10.834252268206312,4.310273224208844,0.0012320989509811,0.0008890693536047,0.0001552641661899,0.0010128157826753
1297,64.05,0.2698431044381568,2278,0.0,45.0,-45.0,90.0,90.0,-45.0,65996.17439584971,4584.376973471059,3950.600932639837,2394.9883058749683,1817.943275781961,1797.59381330973,0.2762252279145815,0.2520934298171879,0.3530591770032723,1.0751698950431283,0.4742415715759693,60.14783640080068,9.061112737360586,42.23286668368938,17.291658648455925,0.004667701549964,0.0035712449234446,0.000642145587229,0.0040046181886532
1298,58.67,0.2551012297815921,1980,0.0,45.0,-45.0,90.0,90.0,-45.0,81763.547560003,5557.87538064657,5480.649391481088,2978.3347985149985,1931.923010399736,2044.5587861556064,0.304582989847202,0.2827895013193727,0.3538600509081727,2.119351708808456,0.3628049266891403,53.15337621125244,8.051936023885165,37.93313357247197,16.40675242980974,0.0037267084395562,0.0026666832623199,0.0004869504932466,0.003233877241281
1299,51.97,0.225972779752805,4589,0.0,45.0,-45.0,90.0,90.0,-45.0,73230.25291793891,4907.769543990912,4599.905024543287,2722.251830219438,1873.315213174366,1914.1396241249092,0.3085912797914231,0.2910510650581076,0.3497194092569783,2.268417191374594,0.1018578534825138,12.557278227104703,2.084068966640441,9.319740142206127,4.13435308210779,0.0009811837005881,0.0007446858857417,0.0001310547552889,0.0008514592681072
1300,57.39,0.2230285018945002,2493,0.0,45.0,-45.0,90.0,90.0,-45.0,66278.73787828062,4513.973954439949,4154.278783295077,2224.806001507315,1675.5980265127037,1732.1896038544182,0.2502063311539182,0.243485330758936,0.3564067697096199,1.651328985887639,0.1839805418073161,21.42530487220701,3.26631890040793,16.51160650926254,6.667943642052336,0.0018373243398051,0.0013837525066773,0.0002380849374772,0.0014987565734353
1301,45.11,0.2157570484163556,4382,0.0,45.0,-45.0,90.0,90.0,-45.0,76648.31946397242,5514.750001913985,5584.299469544467,2934.0104036274,1966.1456164932704,2039.5366185239584,0.2614488834479797,0.2531089077876103,0.3521474814218301,2.2055750780381915,0.1043144472522095,14.996781977515036,2.39611609541969,9.943671267192483,4.490233399741484,0.0009997379629725,0.0007848814084129,0.0001270716333174,0.0008489564894868
1302,53.8,0.2206660317915345,2480,0.0,45.0,-45.0,90.0,90.0,-45.0,86919.56782050405,5621.118168419332,5126.047590460923,3181.6486568617006,2083.545069221017,2180.951735027401,0.2720496389571563,0.2522580753989194,0.3395643172128987,2.562441851647049,0.1193295050246151,19.58085330625673,2.9340413676877346,13.466706979690668,5.860934316433407,0.0011879093341787,0.0009161082920557,0.0001572366193685,0.0010658279240734
1303,47.08,0.2578203352987089,4676,0.0,45.0,-45.0,90.0,90.0,-45.0,75799.74728627854,4986.602408474558,4512.632783602553,2638.6106013199856,1914.137489240435,2050.096944124495,0.3078164244341822,0.292845098989467,0.3822686697413537,1.6558964635918365,0.4464592943641859,58.16470063664529,8.623950304931602,41.55889043734504,17.760817986622477,0.0043299253053173,0.0032580944545665,0.0005663942785624,0.0035489469018607
1304,53.34,0.2835752631765061,3409,0.0,45.0,-45.0,90.0,90.0,-45.0,61701.27832145,4289.233811907286,4117.688462267646,2366.657630863432,1616.8863196690045,1716.45108765651,0.2554716024052305,0.2453022133953267,0.3520801257535548,1.2569980190918766,0.2445701356158528,30.83156761628856,4.1913205579269,19.64939601107831,8.694929517165196,0.0024461417490833,0.0018843433546992,0.0003101335328713,0.0020154515078603
1305,47.71,0.2297242483588481,2971,0.0,45.0,-45.0,90.0,90.0,-45.0,84042.78453340937,5796.507503523553,5462.650499426385,3279.616787170055,2191.8088730144027,2222.985881422705,0.2619752891747227,0.2446836052704044,0.3604845391356217,2.5196695141592977,0.2619669571243551,42.58402311317119,6.3600262511781,29.50832304111637,12.551250962103149,0.0025606900993733,0.0019812091927316,0.0003478087298299,0.0021674412071297
1306,52.82,0.2685643212006714,2973,0.0,45.0,-45.0,90.0,90.0,-45.0,64528.0926992238,4233.272453391247,4256.003524890319,2421.815404111461,1978.3337714330396,1799.9887294720677,0.305331331979427,0.303099519709862,0.3115596212984112,1.4523765926820058,0.2944397419258387,34.7893101893925,5.411234055246745,25.53389248874894,10.818365949568935,0.003004892358057,0.0021656322172646,0.000353450913566,0.0025047096501836
1307,51.65,0.1986522670222991,3536,0.0,45.0,-45.0,90.0,90.0,-45.0,70001.07097788501,4886.098385891728,4783.790979156597,2681.315408215697,1815.847826102442,1887.7472220875047,0.2611422685566812,0.2509755980375774,0.3611860717913056,1.3898201522190368,0.5112335529656648,60.44960784088558,9.660708120814476,47.78538294938739,19.40019777583263,0.0048729896629333,0.0038515920239414,0.0006647898719051,0.0041637092658645
1308,64.53,0.2220234238867626,4788,0.0,45.0,-45.0,90.0,90.0,-45.0,85931.41337340548,5434.828519192568,5270.22239558145,3197.237208650356,2213.1380381594445,2244.2794019095472,0.2457283614943577,0.2326252588551977,0.3001769707773914,2.3611739381998484,0.2961200509447705,44.870493268463775,6.864073565256805,33.40766428840421,13.87853098405507,0.0031133627666512,0.0021085246350384,0.0003688247334347,0.0025574182103594
1309,59.04,0.1808751924353936,3423,0.0,45.0,-45.0,90.0,90.0,-45.0,72257.4050768629,5031.713289675722,4632.156839770938,2752.153057063588,1934.1587683621551,1845.3300281910304,0.314545668632229,0.3092292072976321,0.320635251849223,1.681883530329815,0.3514586883469941,47.51543572533993,7.484184681533204,33.39717698206972,14.475752744382762,0.0037364441932771,0.0024567370608919,0.0004511459942632,0.0027515088189452
1310,62.86,0.2109094825054556,2811,0.0,45.0,-45.0,90.0,90.0,-45.0,87069.57743022247,5547.39303368052,5202.682609144402,3037.373164546528,2224.313504975339,2108.254727295656,0.2533930813434233,0.2399457018858756,0.3711307882693328,2.4091449924705106,0.0669192386987924,9.955008021870963,1.4391619953243553,6.806069358964664,2.978243703320282,0.0006699357316749,0.0004847948741342,8.161032621641076e-05,0.0005781451478225
1311,47.82,0.2800522642078437,3018,0.0,45.0,-45.0,90.0,90.0,-45.0,70792.69667992007,4473.68168822167,4266.241603417006,2386.8433626445494,1714.111213517284,1674.8767870496968,0.2948036936989513,0.2908045819601683,0.3476512085658768,1.7965638934287007,0.2105045915458602,25.698890210358865,3.879744773742935,18.49710494958857,8.041828675295712,0.0021049598676394,0.0015841386187894,0.0002674177056779,0.0017663000420794
1312,54.06,0.2726207272128704,1687,0.0,45.0,-45.0,90.0,90.0,-45.0,72873.12687853978,5105.120422823574,5192.170350349825,2683.3987706167604,1923.3701368453487,1886.1733642014303,0.2417072927699385,0.2344551737140652,0.3925079678438498,1.6075300091147724,0.4632763035561612,65.11437676185956,9.444951641693232,43.93409504439533,19.59213834662229,0.0045999701800607,0.003469544847828,0.0006293241155237,0.0037106657732046
1313,58.53,0.2967247727761296,2406,0.0,45.0,-45.0,90.0,90.0,-45.0,69138.9147247179,4616.306783143804,4129.984150227866,2645.602864998145,1900.8166786068111,1839.6767740480943,0.2359050331897873,0.2318900354112141,0.3430778791227248,1.445315501400476,0.404822363445459,48.803105328548185,7.502202110086491,36.006876726379204,14.83061712036829,0.0042329861073332,0.0028256613715359,0.0005347183678028,0.0032072025765369
1314,46.52,0.234708880903732,1566,0.0,45.0,-45.0,90.0,90.0,-45.0,74374.47280748097,5324.364640686146,5088.562169485172,2783.4769392686444,1967.2641242909615,1973.413554548901,0.2591225123986463,0.2671437623071118,0.3139439422307984,2.133355535916096,0.3703124906718683,56.54307000695709,8.362223727793793,37.016584570666,16.80165066179178,0.0037123005767167,0.0029397905243559,0.0005077134798081,0.0033001612409167
1315,54.48,0.2628279399129107,3892,0.0,45.0,-45.0,90.0,90.0,-45.0,72007.63273368904,5171.851644456287,5005.972786075637,2770.553788661868,1992.804365677078,2080.969667936964,0.2666566733968556,0.262109466702526,0.3403390289714876,1.941697027424469,0.2868449050141159,37.82117303818941,5.859178697882284,26.18231554953148,11.897919147149704,0.002795309349456,0.0021068019939639,0.0003953093809481,0.0023538515861774
1316,47.38,0.2363987290267139,3210,0.0,45.0,-45.0,90.0,90.0,-45.0,66588.37349486421,4137.510212686296,4019.773539144693,2336.0210981338323,1698.233880765634,1843.27997424189,0.296080696193937,0.2919933106910291,0.3523970964301327,1.3604301078882413,0.2501488047911651,30.9064513183676,4.119164080845271,20.30457092197747,8.803764052098202,0.0025667789136146,0.0017540066100057,0.0003367526613549,0.0020455542688824
1317,48.25,0.2950428511030433,2303,0.0,45.0,-45.0,90.0,90.0,-45.0,81707.50921413749,5561.69112502074,5143.633683868275,2795.407229374181,2101.799835336698,2105.743393913183,0.325002262771458,0.3132806372690268,0.3257217966035405,2.5516576222072724,0.1282389438066526,18.096535184091923,2.9389866916197245,13.028020527683884,5.643727174900739,0.0012667828728647,0.0010188680099181,0.0001591295575546,0.0010825098666466
1318,54.24,0.2928452738776922,3055,0.0,45.0,-45.0,90.0,90.0,-45.0,74634.43968391321,5138.449259735552,4683.482851950507,2663.700483546246,1787.4607160546902,2042.560953917595,0.2743572757878789,0.2787696736421632,0.2951247646808672,1.551144391674051,0.4113111811071864,56.25677993092962,8.335378826536942,38.71234929425088,16.582815411855904,0.0039624224897569,0.0030332768367472,0.0005159076743801,0.0032949223259356
1319,52.48,0.2611604994425722,2506,0.0,45.0,-45.0,90.0,90.0,-45.0,71257.89325441801,4715.673550873276,4684.150538521599,2647.6945235581907,1996.2627261632492,2009.6811226366824,0.2981039103408391,0.2855073329754437,0.3640776098950484,1.60685521376052,0.4585671953834367,55.95234349500068,8.645098264502147,41.46659564148195,17.175883031527423,0.0044753341841859,0.0033744557084287,0.0005173665847096,0.0037817665883832
1320,63.59,0.1782233075372367,4181,0.0,45.0,-45.0,90.0,90.0,-45.0,83953.87261578861,5868.131350404304,5289.250887480471,3228.5127021538183,2086.5363111854745,2143.4704922294045,0.2512208316484919,0.2307006132824597,0.3588123003030457,2.6131833001607703,0.0501445011021702,7.898742413454818,1.155062426829068,5.260038677376095,2.4043231539070606,0.0004763572045657,0.0003597553919262,6.459920107427996e-05,0.0004037445121373
1321,46.43,0.2341267276368301,2882,0.0,45.0,-45.0,90.0,90.0,-45.0,73927.04896098128,4814.09801496223,4731.564317596476,2660.459086340011,1916.526368856106,1759.2354604223567,0.2511055851582104,0.2534732942913679,0.3471367959653313,1.8783474042933763,0.1730321570195911,25.347424706963903,3.701988531460165,16.446482566240324,7.421541569090674,0.0018085730082341,0.0013708586846494,0.0002334084738402,0.0014176550864902
1322,52.22,0.2265529763538648,4865,0.0,45.0,-45.0,90.0,90.0,-45.0,87305.96696446855,5951.429962006454,5444.99898575127,3230.9694327968004,2198.2396288562672,2167.617371906798,0.2673600957416139,0.2635988132538682,0.3468096062748659,2.6532139522541147,0.1204369557587154,18.75147746243346,2.934547528072096,12.88900059948818,5.876124966245982,0.001216368947466,0.0008875874120105,0.0001571052931689,0.00100331166156
1323,56.04,0.2904759938817634,4463,0.0,45.0,-45.0,90.0,90.0,-45.0,73175.47920113191,4946.552904979477,4742.01175859636,2635.394359470931,1800.454632115678,1865.0483064244604,0.3129070557324266,0.3061159139796657,0.3377738991655976,2.013782628595624,0.2093859285698899,27.760917532853625,4.239272322792879,20.564298960412916,8.314278348801919,0.0021626519959959,0.0017635938937777,0.0002717254312289,0.0018085178498157
1324,51.52,0.2424575470542046,3509,0.0,45.0,-45.0,90.0,90.0,-45.0,83787.46221758217,6076.527400904707,5486.698896594002,3162.762662632628,2223.3405102175075,2148.825104086475,0.287120763859291,0.266514832660934,0.3327885400538735,2.6505945957674446,0.328412213029147,56.35639861093106,8.424773900580394,38.5405073566947,17.64251612139929,0.0032751422369766,0.0025972075938193,0.000471171343102,0.0030448600476387
1325,59.87,0.2398896275338173,4501,0.0,45.0,-45.0,90.0,90.0,-45.0,80893.68403372519,5273.146763019623,5238.166492896133,2901.595817542136,2310.1344514077487,2295.743831437916,0.2586210695753982,0.2575842881580988,0.3397844149838315,1.933220043817629,0.4123076209100222,62.76227569146714,9.397446699435818,43.346320643241086,20.26482304377228,0.0040053039052704,0.0032292732867398,0.0005266052737357,0.0035819022239738
1326,43.5,0.2693056590880086,2193,0.0,45.0,-45.0,90.0,90.0,-45.0,86141.77257766173,5804.023607999044,5425.7441251728005,3067.5147200185343,2218.288755684372,2184.527121563651,0.284080435345689,0.2696924662977719,0.2994232583874825,2.6065232628655264,0.0953670972225166,13.982768716718107,2.1343176988897623,9.967358294319862,4.414478055758456,0.000922551601956,0.0006858681923148,0.0001236972530255,0.0007334206106825
1327,52.21,0.2213109624290629,3738,0.0,45.0,-45.0,90.0,90.0,-45.0,73946.78928760886,4929.899943578776,4493.725720044194,2823.5398999130693,1861.805836288485,1865.5205859616044,0.295610625751141,0.2832831990334564,0.341307953500117,1.5039395743502313,0.4439482915141174,58.192723309211104,8.89363328969457,45.42577580786048,18.00573124909255,0.004321308296028,0.0031243927412534,0.0005591196662852,0.003862451524362
1328,64.76,0.264443618124619,3720,0.0,45.0,-45.0,90.0,90.0,-45.0,75437.17960092527,5545.6344163312015,5123.011581756762,3047.465408459012,2049.1961884113007,2078.0465533223223,0.2709609902095534,0.2775648207174052,0.2886456668215668,2.3294992426760404,0.1489395651659507,22.996918348042836,3.414187179163318,16.480459942921648,7.265610021398054,0.0015148852715634,0.0011772446255762,0.000201190320806,0.0012168069129368
1329,53.1,0.221138900139449,1740,0.0,45.0,-45.0,90.0,90.0,-45.0,84438.13523841476,5672.633045291306,5100.730085171059,3438.8317249729475,2143.6330004692813,2302.148487996029,0.2846192979097228,0.2820005001028297,0.3682862950157424,2.859284007345399,0.0884392715702508,13.96676196909556,2.0560315440021144,9.31915508598151,4.201199343999357,0.0008645444818599,0.0006261539602179,0.0001163629931335,0.0007772310042892
1330,61.17,0.2813440627464635,4936,0.0,45.0,-45.0,90.0,90.0,-45.0,87369.16244018909,5777.777138740698,5102.32798877183,3148.255544715438,2085.7400347328744,2296.856361913744,0.2937546505812389,0.2968282205504091,0.3741493991803026,2.503392086390015,0.2705375362816805,39.28934029638212,6.182643899613771,26.835806393441228,11.90521574708518,0.0026377451958318,0.0020134268231819,0.0003149385203342,0.0021807441938207
1331,56.71,0.1855138956207144,4850,0.0,45.0,-45.0,90.0,90.0,-45.0,75648.92828745212,4775.331767445541,4867.593822939397,2770.4828706985263,1867.989052419569,1866.5489133986212,0.2572416548889031,0.2506039517325473,0.3101892544855517,2.149078457974243,0.0807569753129554,12.092163315142308,1.8217822093949552,8.089998232726616,3.418194147323208,0.0008219504014416,0.0006070158329518,0.0001081697818958,0.0006884777144543
1332,40.16,0.295314555873689,4630,0.0,45.0,-45.0,90.0,90.0,-45.0,70182.90999119636,4812.265080840191,4572.404451487894,2682.383985510148,1828.851220632788,1834.6605452541417,0.2461026395723911,0.2586100133224776,0.3152016743925138,1.7175544491137529,0.4667522844270914,63.30287860841262,9.106570637772077,43.22583042447335,18.948795765625245,0.004605728893829,0.003444729161729,0.0006082942030932,0.0039689189266413
1333,61.06,0.1821958040938399,2063,0.0,45.0,-45.0,90.0,90.0,-45.0,71147.54880858389,4996.955604700674,4633.375904003898,2802.388113647498,1872.0853255826917,1929.0782229316449,0.247412284520972,0.2482141340823568,0.3774796271680879,1.9377525496291557,0.1303029809318409,17.085816851331696,2.519248875343536,12.40736440111231,5.139602234308772,0.0012627049219723,0.0009755577011157,0.0001737439126595,0.0010883621046009
1334,41.7,0.1938858728758865,2447,0.0,45.0,-45.0,90.0,90.0,-45.0,72361.80707595586,4596.088203138304,5033.926115897907,2545.5949647549087,1908.1580594432403,1789.854506694893,0.264849629691695,0.2458020429169143,0.3395031503750026,1.5165539653786224,0.3641495167991014,47.844477445971535,7.280515163252146,32.21253150678464,14.69403551115218,0.0038818096375037,0.0028365349992774,0.0004945352962267,0.0031512079845061
1335,40.23,0.2763887699981433,2118,0.0,45.0,-45.0,90.0,90.0,-45.0,73088.87095314001,5283.736360165504,4786.811456115436,2736.1500399751926,2008.522063805755,1946.0480984899796,0.246010181512465,0.2404790504302869,0.3828080116438317,1.62947502893449,0.4707251419862863,65.41635941424349,9.344515313741802,46.026234203318,19.986623806188,0.0045345011684813,0.0034129888253492,0.0005913196377402,0.003849960363712
1336,51.4,0.2232278301534648,3571,0.0,45.0,-45.0,90.0,90.0,-45.0,79921.14363859971,5385.333682355042,4742.447942489943,3019.245742089377,2280.3352372635395,2187.5052738257227,0.3140717375183336,0.2941809235332916,0.3499028998870715,2.0988393852011007,0.1968475898591331,30.71919783690614,4.272322902859847,19.86469963024401,8.68780727031268,0.0019322963192558,0.0014739503692618,0.0002523071075373,0.0015760519385649
1337,55.45,0.2333335971276831,1747,0.0,45.0,-45.0,90.0,90.0,-45.0,80973.38621765365,5456.632971068466,5087.697708091991,2857.074863399888,2047.597286330702,2022.3962469337605,0.3106929617876843,0.3068506527414151,0.3476345324294184,2.386869031071824,0.2917792464193935,46.17612785340043,6.064079695468593,30.844116098783992,12.742538626450742,0.002934717224392,0.0022086812151812,0.0003841286678414,0.0023947565034486
1338,63.35,0.2218784990149089,4231,0.0,45.0,-45.0,90.0,90.0,-45.0,63160.50303443905,4111.326847645049,3645.7067487322615,2330.1978132534823,1630.584040064682,1583.734091396999,0.2838715900016583,0.2722129408301942,0.3515633656211553,1.0230723466628902,0.5553616872833393,55.83414618937794,9.153132640616516,42.62331235987836,17.847813332471144,0.0050278457021682,0.0037096834453929,0.0006592590103955,0.0042843400289101
1339,56.48,0.2863139875176955,3479,0.0,45.0,-45.0,90.0,90.0,-45.0,70246.08930644878,4748.689547905862,4260.500565637579,2731.840911222625,1907.6433127375133,1842.51617986886,0.2825316535846323,0.2717018430903068,0.3378258419286726,1.9701548117776528,0.0898785251540503,12.85196871196388,1.84324519404569,9.128166318642704,3.578757311218647,0.0009154718093255,0.0007577585464171,0.0001197317338379,0.0007930578041133
1340,40.17,0.279424960105083,1564,0.0,45.0,-45.0,90.0,90.0,-45.0,64785.09497345441,4064.188390654738,3913.8578514489873,2232.816907176149,1654.6739469794836,1720.256407219107,0.2538655172964919,0.2656540964792781,0.3709825814944098,1.6097571858934376,0.1864697743154927,21.201388366083883,3.244277479953208,15.241505654128597,6.717179452593406,0.0018722995905622,0.0013969862791723,0.0002441609803737,0.0014983678305494
1341,50.28,0.2633259584126797,3759,0.0,45.0,-45.0,90.0,90.0,-45.0,72390.17065996949,4840.522451413075,4854.229794964896,2642.8972481550218,2017.4780106035869,2004.2653127902709,0.2712351789011638,0.2485437047790192,0.3666168281803052,1.9280482516862596,0.2617710380054158,37.291805600943256,5.953894300922847,26.52192388457177,11.778631975187126,0.0026938315775335,0.002114778825549,0.0004155557342731,0.0023178083543501
1342,53.24,0.1830018413570477,1568,0.0,45.0,-45.0,90.0,90.0,-45.0,69898.25620821724,4557.527747118204,4370.66357195002,2587.77475676778,1840.23618790178,1881.652923301073,0.2398419282022082,0.2282209243473995,0.3646018140059887,1.5216121092217552,0.380893958270284,55.5460161398191,8.725595030381264,36.67610075831608,17.614507161119786,0.0042735709202991,0.0033226607893475,0.0005474484786437,0.003393642202238
1343,53.39,0.2373868530721341,2625,0.0,45.0,-45.0,90.0,90.0,-45.0,84238.60635116113,5386.946528213014,5184.298634251273,3043.590188227401,2115.534703089352,2155.647517153025,0.29507557292981,0.2991382183076134,0.3602784744360469,2.4428684017718223,0.1764265089246067,27.115369662750755,4.140006277335498,19.32909444727387,8.050310131150006,0.0018869495951457,0.0013651557802026,0.0002288400767266,0.0015442156809563
1344,40.43,0.214984134901064,2674,0.0,45.0,-45.0,90.0,90.0,-45.0,60369.377601234686,4087.1471618620494,3963.189897692161,2248.215733779248,1553.000700358412,1587.4154549014188,0.3038194719390488,0.281906810251917,0.3448541082243511,0.9689500963270334,0.3155067707031542,39.49133828830219,5.850056992678432,26.53468096945177,11.417716391805463,0.0032609845551411,0.0024923125438813,0.0004448369878342,0.0026314715641723
1345,57.45,0.2477861862171781,4830,0.0,45.0,-45.0,90.0,90.0,-45.0,85748.47092984995,5686.286371273236,4978.644820182895,2957.237378464481,2199.2194812965,2247.4698359166346,0.2512561469190818,0.246790051369813,0.3297362724997381,2.0983684120180595,0.4242434784906039,62.423482856314266,10.202887134020513,43.757039474435146,18.70795973272168,0.0041800857829381,0.0031297927084789,0.0005196367631543,0.0036764488927104
1346,60.15,0.2426378686758821,3263,0.0,45.0,-45.0,90.0,90.0,-45.0,79622.99055076965,5378.067383772122,5041.040689562708,2957.470713225081,2127.2978830935795,2041.9132261922816,0.2592321441142926,0.2347918660502702,0.3449550957754749,1.8128433983809773,0.3692145283165204,59.04813224834288,9.001113020295902,41.925795856092336,18.259269484792394,0.0038508691743735,0.0029941746563821,0.000503911244028,0.0033849147569464
1347,42.68,0.2619974634722692,2234,0.0,45.0,-45.0,90.0,90.0,-45.0,85909.09052856128,5417.363240506787,5239.816230589501,3048.466204635109,1995.3726916882235,2001.9852017410883,0.2940650223808471,0.2875756538116457,0.3298807614686601,2.401191170204921,0.0534886316271615,7.869141622201527,1.271088900070073,5.780458712321474,2.392157464936264,0.0005481120839475,0.0003826967657746,7.206779885935535e-05,0.0004358009987895
1348,53.11,0.260140232120564,1894,0.0,45.0,-45.0,90.0,90.0,-45.0,68605.08711433902,4791.557376133429,4418.156493472688,2572.923567647894,1849.0134366749887,1893.642705683401,0.244232674692775,0.2498711322406542,0.3713601789709459,1.7375661964320002,0.0721243271756299,9.224582508960244,1.3579085633148644,6.546520979446637,2.8698859434377684,0.0007307101242472,0.0005257991498257,9.090069222496024e-05,0.0005844775618864
1349,44.8,0.1980211065078875,2487,0.0,45.0,-45.0,90.0,90.0,-45.0,82662.62502328519,5684.450439818837,5148.728664707811,3088.6789585545744,2077.771494587525,2050.246911660328,0.2420691155267765,0.2364855132851769,0.3319724621569871,2.3004446824993927,0.1659713573757653,24.16459800842373,3.6029731940414464,17.88080455432904,7.121464422996257,0.0015490010674628,0.001158287494827,0.0002134223376125,0.001364125718045
1350,46.31,0.2473249626373124,3656,0.0,45.0,-45.0,90.0,90.0,-45.0,67977.29037289823,3971.241971598678,4027.900276529287,2552.009030652461,1649.183680642664,1611.9792076993765,0.2954671591653788,0.2717786883717056,0.3020265274507557,1.7718203431548505,0.0867793923600985,9.624467092457628,1.526976511935317,6.90140568537667,3.049591541020392,0.0007989032186462,0.0005669866019426,0.000104377169678,0.0006672621957166
1351,46.68,0.206349820382481,2951,0.0,45.0,-45.0,90.0,90.0,-45.0,67122.8460615752,4236.132149003599,4020.6763455625023,2391.679920634628,1736.389561561271,1661.009824100219,0.3178363471354798,0.2904009744952612,0.3043755529190815,1.4741753354051954,0.3190704740129253,37.299751522415015,5.812495163391491,27.176950258463734,11.406233678961703,0.0031637294539781,0.0024614761097738,0.0004148267018027,0.0025772247611867
1352,41.98,0.2775894942596392,3125,0.0,45.0,-45.0,90.0,90.0,-45.0,78849.98257957584,5055.796282747943,4454.60249974379,3020.928243251829,2047.4123703433524,2065.9227428050785,0.2908731393103831,0.2718938288324806,0.3128380851165124,2.100933038338092,0.1235190699343637,16.638519071261122,2.521259029354673,12.635421186666536,5.10469670980822,0.0012360235609906,0.0008655568603158,0.0001571292323286,0.0010541581174274
1353,51.47,0.2551738768668313,3163,0.0,45.0,-45.0,90.0,90.0,-45.0,83043.22973242839,5581.29727460585,5360.438221277096,3052.7487654603333,2062.824194657121,2042.1541068064605,0.3106889225673009,0.2935216922735367,0.372851220753873,2.3353732792509354,0.155458038245815,25.145191726358476,3.7389248706031832,16.139151824341845,6.992116824420021,0.0014994465737625,0.0011814560343482,0.0002094368090441,0.0013238321791235
1354,64.76,0.2984341319090022,2496,0.0,45.0,-45.0,90.0,90.0,-45.0,70206.36048257306,4957.677100747287,4605.131889476284,2672.1342721913607,1960.145523591663,1946.0642422412045,0.3080080478946381,0.2827772705050126,0.3881530690704186,1.669462290037064,0.3345948700146876,46.91139629465237,7.630422313142382,33.07026995106983,14.355931365261588,0.0035431915710347,0.0025856299940836,0.0004468802810275,0.0031169976928188
1355,47.5,0.2133991483571897,2425,0.0,45.0,-45.0,90.0,90.0,-45.0,73001.97369417091,4931.029890888334,4939.96974720171,2837.9419622829228,1925.767695826763,1958.071304160888,0.298142888192848,0.2946384784778001,0.3294447110838211,1.9595846741133895,0.1286142845783461,18.24300936404894,2.57397583140038,12.803753017046889,5.409077621315758,0.0012496466592187,0.0009566672022019,0.0001646038997477,0.0010808646134351
1356,61.2,0.2848268171399497,4891,0.0,45.0,-45.0,90.0,90.0,-45.0,79322.56038523807,5769.158039326499,5451.207461259337,3051.558615748367,1963.1218843793667,2018.3387616876396,0.2469253784326015,0.2381576736376625,0.3809078579250768,2.2731054195892826,0.0899559636649978,15.086799242760938,2.1113057697427604,9.822448868257382,4.3422980063871455,0.0009453415244508,0.0007383289236204,0.0001214991223393,0.000801265380083
1357,64.79,0.1933053488999714,4177,0.0,45.0,-45.0,90.0,90.0,-45.0,86065.0606187527,5462.0181324224895,5368.000112001869,3022.6699518447463,2235.4374494960816,2244.7609651032144,0.2564526595988007,0.2582365806932982,0.3019781965987393,2.477311877138471,0.156703043288292,23.93471495611566,3.642035636533643,16.90614558925005,7.312341092081096,0.0015607391696455,0.0011554534585111,0.0001979133583556,0.00133069390936
1358,58.99,0.2071149819769181,4161,0.0,45.0,-45.0,90.0,90.0,-45.0,78383.48994428701,5356.13901509024,5016.234253790416,3041.054409309998,2055.5689612439483,1912.800195790498,0.264511513902269,0.2672282691119916,0.3176730939467361,1.8742079143561023,0.4282234713291661,60.718821610201616,8.730329167005825,42.69106418573321,18.08507237853632,0.0040211085405315,0.0031641223136021,0.0005508661102698,0.003410305500993
1359,50.13,0.2511839310569132,1882,0.0,45.0,-45.0,90.0,90.0,-45.0,74069.96296098489,5232.707590951769,4714.9128161631215,2563.185540829735,1892.0307606085728,1869.756650732187,0.3060052885890883,0.306971191069592,0.304612709473016,1.8053330777986447,0.2677528958447652,35.03333430560706,5.297163437604,25.483483892837956,10.197535750644851,0.0025271978127562,0.0020274147457797,0.0003427121733295,0.002250415708601
1360,53.82,0.2562262636890224,3044,0.0,45.0,-45.0,90.0,90.0,-45.0,76941.63391664035,5155.758492368506,5051.956727932412,3052.7508594316373,2158.990344302032,2071.041578854325,0.2714731214947157,0.2576375306494776,0.3535725115986724,1.9990147176615027,0.3478202277104159,48.021481138040045,7.879561555589628,35.28062933999482,15.850171293973965,0.0033114373995191,0.0024796877069077,0.000443912865231,0.0029292428629348
1361,55.92,0.2287409056449892,1729,0.0,45.0,-45.0,90.0,90.0,-45.0,71553.52700141912,4958.013130012363,4499.41103619809,2769.204751099235,2005.935173263796,1901.2375564882093,0.2612915901514271,0.2569110568418513,0.3163303075912335,2.129964706036435,0.1037314257093697,13.432117735405251,1.91973321351849,9.233089107669434,4.102395199550986,0.0009519888462678,0.0007340559266133,0.0001225268990227,0.0008946448107174
1362,44.28,0.1834781135324174,4378,0.0,45.0,-45.0,90.0,90.0,-45.0,74045.87035887816,4432.184118583931,4426.627858778767,2582.713882869835,1888.5468426328653,1820.922817084672,0.3043753861790466,0.2908454553264845,0.3418141255259804,1.5401187728617003,0.2013896692798185,26.031828068696807,3.841999964010688,18.72796887188702,8.177886190057263,0.0020376914614632,0.0015695843703952,0.0002529934682122,0.0016795241690876
1363,61.13,0.2403261986564876,3547,0.0,45.0,-45.0,90.0,90.0,-45.0,87304.52303049684,5430.959987733825,5268.404986685685,3164.5999704194937,2416.9634070401344,2313.5083214358965,0.3154536779725679,0.3060386435140405,0.3973069620752679,2.346902571425304,0.3012488445131747,46.45067064424532,7.55142035429617,32.569426813772644,14.358655933950471,0.0029249296500958,0.0022173637191166,0.0003677099232549,0.0026464483708563
1364,59.61,0.192601156050546,4141,0.0,45.0,-45.0,90.0,90.0,-45.0,73449.22344225374,4850.084097921892,4635.556205209471,2740.4354274527363,1931.3913419575665,1833.3828632793895,0.3246072240627289,0.2960536002657415,0.3381644646445054,1.810271132537245,0.3031806035537044,41.4713277803833,6.059809181740243,28.679504462474476,11.740725973548637,0.0029039094012934,0.0022614232447149,0.0003612590186493,0.0025706501851167
1365,64.43,0.2569982045690921,3817,0.0,45.0,-45.0,90.0,90.0,-45.0,64482.68000795597,4350.1530143340815,4229.207212663872,2450.567131191647,1789.194442746469,1863.4386073260096,0.2580922387964069,0.2450683865388351,0.3110362478178356,1.6882069856685722,0.104727827887246,12.249849630712548,1.765782937819386,8.977383694656515,3.673711391296157,0.0010021211472018,0.0007918431160752,0.0001311450126835,0.0008263804356059
1366,62.37,0.21473250594051,1890,0.0,45.0,-45.0,90.0,90.0,-45.0,80061.46342817246,5613.466482998168,4890.549180350477,3001.6232099797894,2041.807227386924,2050.8257755087434,0.3237595906125228,0.3151022563050724,0.350839049921926,2.278143411226744,0.3569767693965559,53.9594097043657,8.277875927315696,37.48051840695911,17.1622669701761,0.0036104977492414,0.0026953163891945,0.0004553078841455,0.0029632456173842
1367,45.74,0.2781496105301815,1674,0.0,45.0,-45.0,90.0,90.0,-45.0,76116.25467751683,5295.431726653327,5204.618721484457,2870.3391512239377,2013.5096204851925,2079.8800559284427,0.2878681041393606,0.2765540597190509,0.3229642506786335,1.8660963137389053,0.3139346884451185,46.044816491823866,6.881143938379882,32.24033400427667,13.657279815126303,0.0032795828054024,0.0022625063340395,0.0004333020457571,0.0026635576073531
1368,62.19,0.2416836651455667,4335,0.0,45.0,-45.0,90.0,90.0,-45.0,66112.69857594314,4701.022211141907,4309.499542258613,2364.947756320848,1684.2208406953953,1677.4358778650803,0.3115760379808182,0.3007229016768922,0.3010412625651267,1.6769534345123156,0.0983738209540994,12.19722250759978,1.856597172524916,9.133303773893408,3.795862662140884,0.0009840597124487,0.0008098111341588,0.0001351522445314,0.0008174908698544
1369,46.78,0.2346247291828123,3447,0.0,45.0,-45.0,90.0,90.0,-45.0,59996.86311465377,4648.188915305649,4152.81963796184,2482.8301821467835,1757.9420384149446,1704.39275001243,0.2340179161013828,0.2375688684333538,0.3369839732415735,1.3342493890650955,0.2605140493918063,31.227693012068368,4.834248288274489,21.94819135642559,9.975960270989706,0.0026500804275444,0.0019803611404625,0.000345088747104,0.0020714240670952
1370,57.11,0.228992250601448,1804,0.0,45.0,-45.0,90.0,90.0,-45.0,88951.36807168712,5944.837365713715,5310.4212190372855,2967.1730993949946,2123.1225731982613,2058.836994108172,0.3168721265688396,0.3090640880975305,0.3350290518826161,2.1343582922989675,0.3421505457768747,53.22687225629607,7.98920202287681,36.90198112740615,16.87288676311245,0.0035373955956095,0.0026614767085449,0.0004509392434492,0.0029205118285257
1371,62.48,0.2058828132624403,2648,0.0,45.0,-45.0,90.0,90.0,-45.0,83281.46764762519,5709.306713538688,5386.31205944659,3010.9369351981054,2087.66468417908,2200.719852514995,0.2619330890681127,0.2452548592959107,0.3715791833342256,2.395561969708299,0.217197990862135,34.791919419624385,5.075422907417397,24.850287611744456,10.969531185357846,0.0021888985700608,0.0016281077898001,0.0002810974044737,0.001813743145806
1372,56.45,0.2062051289247037,3808,0.0,45.0,-45.0,90.0,90.0,-45.0,75331.77859582531,4911.840890767365,4578.421754950901,2639.241958940817,1771.5070383109137,1804.9821663391467,0.2418631172228072,0.2311845883405708,0.325169034837739,1.6232180644194572,0.4091721569644167,55.74025382495625,7.584415090015905,37.35435058082306,15.138262121306663,0.0040448399042412,0.0029546034113336,0.0004959884593274,0.0034632717762711
1373,63.22,0.2219955822249417,2234,0.0,45.0,-45.0,90.0,90.0,-45.0,81842.92209528793,6023.780103766878,5739.852267759891,3229.7453494441093,2142.8092985075286,2187.396071092028,0.2438171851318608,0.2451428596779977,0.3726575367406654,2.361152443743135,0.220207458959572,36.57497469298705,5.240135428339233,24.718361726075724,10.497758734502131,0.0020690679034386,0.00173826329899,0.000295040541399,0.001739899030232
1374,40.39,0.2742241846191275,2788,0.0,45.0,-45.0,90.0,90.0,-45.0,61317.97598594039,3825.906480194075,3382.601964899692,2230.293538132016,1532.1342499542588,1506.5951344066184,0.2703972702775297,0.2592261443236319,0.3073040235101274,1.1793761590338696,0.3252085892496951,34.0336849222205,5.09111122428021,25.051991692797756,10.561728296310292,0.0031608328377093,0.0022786423196771,0.0003868491823405,0.002832236181192
1375,54.68,0.2331297324215566,2348,0.0,45.0,-45.0,90.0,90.0,-45.0,78078.93540186141,4991.221552923042,4567.985633281319,2731.1666323677127,1786.3746284286906,1743.7118806373203,0.3300117157069461,0.2877130211326622,0.348480031892724,1.9197982653423884,0.3187375152131954,44.24696920775285,6.256790091521779,29.67191570887295,12.724602698207775,0.0030862347122358,0.0023200501076873,0.0003898851305626,0.0025095862211677
1376,60.52,0.1939148531086396,4581,0.0,45.0,-45.0,90.0,90.0,-45.0,78542.49532394395,4808.598354294471,4852.256700117403,2845.3396790015818,1952.879865656614,1902.4810804158676,0.2390849131757805,0.2354255387874174,0.3425645951651851,1.718491869814824,0.3530440861367656,49.02531782301738,7.540379396989556,32.50100939620508,14.633549566403168,0.0034250140195467,0.0027313403186886,0.0004417219266469,0.002893173623529
1377,49.96,0.2315664817227141,4862,0.0,45.0,-45.0,90.0,90.0,-45.0,64082.42398965406,4087.190510369323,4023.1713451290575,2391.15337978169,1658.3016168621225,1651.982117104798,0.263181112485999,0.2758145073151726,0.3314018877825502,1.0705994321773196,0.4300871405706303,49.829256538571634,7.541376999888932,34.83342775663747,14.622727467170796,0.0041530658381858,0.0031522246134217,0.000546589337719,0.0034158002807845
1378,47.48,0.2437788373776264,1815,0.0,45.0,-45.0,90.0,90.0,-45.0,70965.16760875068,4805.257433047492,4643.18151307722,2552.564373267017,1929.071343185116,1877.331058436836,0.3245079165642298,0.3052354176282134,0.339367027339061,1.6675568177412636,0.2853672234291768,36.52142448041606,5.744493783522512,27.42339295621,10.570314121464015,0.003028234220779,0.0021918246596078,0.0003715919653384,0.002264280397859
1379,46.01,0.2907048331269752,3809,0.0,45.0,-45.0,90.0,90.0,-45.0,81181.83191579572,5409.8656659469125,5106.813015179994,2831.6094215455146,2062.742478234977,2110.616894280624,0.273661207114121,0.2593602536793623,0.3216722174855609,1.9992398969877911,0.3439357610390591,51.44809308407078,7.699861250293947,36.70287870583061,15.76149300383253,0.0034887094574296,0.0026433150159818,0.0004425820086373,0.0029676228099973
1380,61.24,0.1830349385969371,4918,0.0,45.0,-45.0,90.0,90.0,-45.0,78178.85299493895,5384.743848478269,4981.080061440221,2684.600969262338,1977.3165541397757,2032.8437905276933,0.2639134970737248,0.259816483418302,0.3511747565628714,1.700562085788896,0.3643805638014162,55.01056100745548,8.378137132369922,38.9894742323794,16.269385734635755,0.003816816732212,0.0029780369274525,0.0005002031606369,0.0030165094380741
1381,62.41,0.250046574664576,4273,0.0,45.0,-45.0,90.0,90.0,-45.0,74247.24806325136,5032.447631191444,4623.2418546318,2783.180842130112,1738.1136683883262,1836.949050458284,0.254986786626032,0.2604026278052346,0.35611798950645,2.168891476280939,0.2715100405640745,37.78024185340347,5.1857111180063695,25.649858419190316,11.604029968976452,0.0025842112203044,0.001992002003606,0.0003546712671725,0.0022970921490092
1382,49.6,0.2332488299510014,2858,0.0,45.0,-45.0,90.0,90.0,-45.0,83158.06383347318,5210.7494813710455,5045.197263601111,2875.511714419959,2116.502391263658,2103.8769374817525,0.2366310537525515,0.2379658965517672,0.3449081077174978,1.8447485194720497,0.3986802704082326,56.71898945223301,8.93326588337335,39.73503591703082,17.054728213499896,0.0040518347652326,0.0030627750156427,0.0005234695740225,0.0035035758612217
1383,43.5,0.2705433682548265,4529,0.0,45.0,-45.0,90.0,90.0,-45.0,82277.32795289296,5357.691385659972,5054.269127612788,2935.592355730236,2044.7514321385288,2079.512294381,0.2701896973603767,0.2555021265274267,0.3922468986772796,2.0289282816431524,0.451506069558426,67.62996052385598,9.906852977327032,47.57539565128496,19.758251231020385,0.0043958092481366,0.0034639239672963,0.0005895761151438,0.0037245380258367
1384,58.1,0.1811215555637135,4323,0.0,45.0,-45.0,90.0,90.0,-45.0,62709.781572460495,4170.278975334302,4061.192462010996,2230.1317435565875,1629.909944637258,1668.0119383846447,0.2973578756892536,0.2950078432019422,0.3265596896603931,1.10776820975799,0.4386665854138503,50.24697993505184,7.239861835216044,35.45740295535387,14.532211869134064,0.0041547466828574,0.0032440460289877,0.0005796270893917,0.0035040862227404
1385,58.64,0.2243235054643012,3551,0.0,45.0,-45.0,90.0,90.0,-45.0,83782.63866687911,5570.903542417487,5250.276699013963,3224.9872092770843,2061.7548624345272,2061.5432086176847,0.2617770366946568,0.2725234642845684,0.3147128677823672,2.369675823666021,0.1944563166035608,30.96862861519251,4.64230102180285,21.462042134554743,9.024381732414376,0.0019486250950882,0.0015007051891451,0.0002611017106216,0.0016516270436311
1386,41.34,0.2514805646904446,2916,0.0,45.0,-45.0,90.0,90.0,-45.0,74018.61456940326,4746.952675430158,4620.088235623226,2612.3486619345217,1832.7056544920893,1853.721658790728,0.2576497739672864,0.2492512458749246,0.3800516041084452,1.9228541372198944,0.1084041135211831,13.844343451258956,2.036143695308648,9.42978606587883,3.9918197535865287,0.0010492994194826,0.0007753519851699,0.0001361848203435,0.0008594578239474
1387,45.8,0.2472729998050429,3290,0.0,45.0,-45.0,90.0,90.0,-45.0,63801.60810887257,4291.040420045223,3860.7106723484458,2348.169421805138,1623.771737293656,1649.290773270808,0.3028459667000791,0.2952426270159916,0.3025468853811471,0.9404916879634744,0.5224355542142457,63.19371159416153,9.659266215526658,42.94178722961011,20.06565898425748,0.0053813131320323,0.0041516904871312,0.0006788143825507,0.0047258995566567
1388,48.51,0.256773138885516,1811,0.0,45.0,-45.0,90.0,90.0,-45.0,70062.43765323947,4456.355855276289,4086.912317097588,2667.8291378976214,1847.42506968148,1854.666761142504,0.2968915743512722,0.2699603598550655,0.3424048369601912,1.7538740629433325,0.2681665234732285,33.78321094632865,4.959110779854513,24.2744238072453,9.9864776317072,0.0027643034638179,0.0019016301327359,0.0003298850959689,0.0022658060363965
1389,55.35,0.1971287391149067,4649,0.0,45.0,-45.0,90.0,90.0,-45.0,87634.3506656526,5641.161590870308,4757.281611999912,3047.646113730573,2188.571791333555,2167.5834838855467,0.2830923909814021,0.2695095236684951,0.3115382437161783,2.420647659044844,0.2751479896832174,40.467538286733614,6.348659900516242,27.37644948777548,12.470436731758769,0.0026411405176776,0.001989383206912,0.0003382126879381,0.0022270903528906
1390,49.92,0.2966003521816739,3939,0.0,45.0,-45.0,90.0,90.0,-45.0,63265.95980970704,3956.001439286079,3836.911417973374,2352.2702555604696,1565.7238630676595,1555.9726569730744,0.2785398230286728,0.2769850145295452,0.3514643075889715,1.111737032805472,0.3581596888185266,38.866929029688414,5.993771773599021,27.323145716403022,11.24560266191562,0.0034641312872142,0.0026205018406929,0.0004500807878991,0.0029614970894204
1391,48.16,0.2956740353641336,4668,0.0,45.0,-45.0,90.0,90.0,-45.0,63535.10270130813,4403.221197388915,4029.562472148276,2519.573849072932,1817.6110849766849,1910.6337154276805,0.3102980737504678,0.3038300859203934,0.3840800438411306,1.7125750970630351,0.1365475494408924,15.871346287252075,2.536615473096009,10.74780812700152,4.7498664542717535,0.0013152604301188,0.0009254420197676,0.0001755075686133,0.0011096657054536
1392,46.83,0.2630144332749149,4097,0.0,45.0,-45.0,90.0,90.0,-45.0,82429.00558420182,5702.961317240371,5396.368934045529,2894.689847654284,2130.978003599903,2232.584442935768,0.2847162338057399,0.2656060597791355,0.326887608881977,2.1151982346773317,0.2665860178034364,42.56831867721888,6.280927220325394,27.0716815143888,12.336744181142246,0.0026374619722482,0.0020581692944955,0.0003440019954538,0.0022148997857661
1393,52.27,0.216947918881541,3345,0.0,45.0,-45.0,90.0,90.0,-45.0,60330.01923210032,4533.592819714752,4339.865297961564,2359.666886600249,1716.934673228523,1659.5798663799217,0.3167058842391769,0.3102555351991344,0.380222381571126,1.2932848828815688,0.34312772866536,43.82087434975562,6.646257881182886,29.39284183705152,13.23754858477542,0.0035138780037428,0.0027116458772991,0.0004820796530905,0.0030052733257802
1394,53.83,0.2758275412853743,2957,0.0,45.0,-45.0,90.0,90.0,-45.0,67894.6859134183,4390.959143796626,4002.0339771870367,2386.13896371418,1648.2480359190909,1728.2307296141564,0.3289489518104385,0.3175007344934903,0.3642442109221814,1.483458959297303,0.143315858111229,15.86235714334426,2.480978503202022,11.689449720191424,4.888432485820769,0.001354756401462,0.001025920613746,0.0001836738396729,0.0011616060032641
1395,50.8,0.2516988732696408,3037,0.0,45.0,-45.0,90.0,90.0,-45.0,63797.940826482925,4653.274533645434,4241.840919997992,2250.393622615365,1696.3745816888108,1764.192229789155,0.3353453432253571,0.3069068837494918,0.3232520557358375,1.573905631292854,0.1010893391880889,13.250913340908768,1.93341400659791,9.168171987491274,3.720577497851172,0.0009701394641405,0.0007797615717637,0.0001455739979644,0.0008461111301249
1396,54.65,0.21473250594051,4284,0.0,45.0,-45.0,90.0,90.0,-45.0,80061.46342817246,5613.466482998168,4890.549180350477,3001.6232099797894,2041.807227386924,2050.8257755087434,0.3237595906125228,0.3151022563050724,0.350839049921926,2.278143411226744,0.3569767693965559,53.9594097043657,8.277875927315696,37.48051840695911,17.1622669701761,0.0036104977492414,0.0026953163891945,0.0004553078841455,0.0029632456173842
1397,42.14,0.2155128481714632,3056,0.0,45.0,-45.0,90.0,90.0,-45.0,79805.56321350875,5461.740726593969,5338.776706182683,2962.0876897386893,1991.65881422027,1965.6312834136736,0.2538032957167702,0.244077518631549,0.3453927428758108,2.1912612669245752,0.0948014905711882,14.62582293622317,2.0777123268663638,10.368633490496451,4.259796838447099,0.0009754538641079,0.0007624844934799,0.000133663475817,0.0008406401242091
1398,47.38,0.2333335971276831,4033,0.0,45.0,-45.0,90.0,90.0,-45.0,80973.38621765365,5456.632971068466,5087.697708091991,2857.074863399888,2047.597286330702,2022.3962469337605,0.3106929617876843,0.3068506527414151,0.3476345324294184,2.386869031071824,0.2917792464193935,46.17612785340043,6.064079695468593,30.844116098783992,12.742538626450742,0.002934717224392,0.0022086812151812,0.0003841286678414,0.0023947565034486
1399,57.83,0.2660553141765577,2509,0.0,45.0,-45.0,90.0,90.0,-45.0,62623.86600944024,3985.9043625953454,3931.5654069985694,2403.778053184271,1746.47176650112,1807.0485174848495,0.2637437553498704,0.2661548868422728,0.3776750510111263,1.163952140327553,0.4503258849055337,55.16042787069643,8.190745413913678,40.51444541946001,17.62986851308385,0.0045827438077015,0.0032990363646626,0.0006021478111038,0.0041236044889888
1400,46.7,0.1936206066879903,1836,0.0,45.0,-45.0,90.0,90.0,-45.0,62942.76220229131,4259.074178992472,4032.080086732206,2318.234005448956,1617.6072552462492,1623.4996523865916,0.2898313377688357,0.2765421985195307,0.3037423796332277,1.2656841872093665,0.5283432912344602,61.72106378837031,9.11215593725572,42.810517852597634,17.95012254032098,0.0054666527937703,0.0036705344280119,0.0006863937613528,0.0044279646481756
1401,57.79,0.2197614215753307,3056,0.0,45.0,-45.0,90.0,90.0,-45.0,72228.25153228213,4564.604379338739,4452.355733321875,2690.493002668976,1938.2253539400776,1838.806636221932,0.2602806529080939,0.2581521427848372,0.3248301299927595,2.171064361257072,0.095143402073225,12.955355680917604,1.9801807691145088,9.245630482057395,3.697006159772265,0.0010485629528912,0.0007278752210771,0.0001229145830552,0.0008370287219545
1402,43.86,0.1865391472413345,4096,0.0,45.0,-45.0,90.0,90.0,-45.0,60791.83607456925,4032.783104990504,3824.461313276164,2182.4316221999834,1641.1663033372683,1566.4161442106742,0.2460876072578613,0.2270367580381453,0.3210883334750596,1.242792150916277,0.224456113045314,27.702668208466346,3.6716864357306735,17.85343535154671,7.867854920589965,0.0024320329088317,0.0016907002915486,0.0003108793721805,0.0018561767022204
1403,47.92,0.2643072509689061,3095,0.0,45.0,-45.0,90.0,90.0,-45.0,78721.9418347105,5095.349280490706,4922.191515900713,2858.046603926986,1924.7290881682625,2041.0901633460608,0.2825503183284661,0.2424065205369422,0.3184104274059746,1.8546255538837697,0.307872669633983,43.60282181664448,6.370770063518713,30.30246984043307,12.649193328812943,0.0031656681664,0.002261751132358,0.0003925981724709,0.0026484036987809
1404,42.29,0.2304493711619283,1936,0.0,45.0,-45.0,90.0,90.0,-45.0,86378.1746612835,5241.07486581575,5061.335537588503,3288.040077624031,2127.569453451497,2154.8005481502173,0.2660789768148858,0.269752567864459,0.3350645154319222,2.111850838864967,0.4427540478830183,66.26534319331849,10.126203221767582,46.51259754066607,18.677721676279223,0.0041604872403242,0.0031236019857933,0.0005370430144629,0.0035756934909016
1405,51.12,0.25377019717619,2762,0.0,45.0,-45.0,90.0,90.0,-45.0,63741.30341372777,4652.761284971943,4203.471455634699,2506.327190730451,1695.28207656289,1710.624864472558,0.2658153972171298,0.2607884258702117,0.3067469306344236,1.5830023473925845,0.1112196086120837,14.17623181673934,2.102018411413652,9.813658326256622,4.197964335347886,0.0011247445019427,0.0008415139429602,0.0001405362164859,0.0008939945279256
1406,46.74,0.1832151138733613,4618,0.0,45.0,-45.0,90.0,90.0,-45.0,76053.56572207397,5019.6969593937,4449.955370910607,2618.0895048033963,1749.9792414798546,1882.7302681112155,0.3111043411240426,0.2794891083066133,0.3482635820345419,1.572700938776817,0.3367216355498282,45.860373423629575,7.254988891206896,35.11157205164624,13.53246031013741,0.0034235595269521,0.0025971851247251,0.0004541217036275,0.0029970103799671
1407,42.18,0.2625399150501386,2042,0.0,45.0,-45.0,90.0,90.0,-45.0,86722.87499612733,5357.331065475249,5289.368896425074,2900.385436737112,2011.2561940107244,1962.213617876536,0.2787914874983521,0.2873754939992561,0.3460225438097639,2.4010949864457256,0.2092453770595507,31.567177642374155,4.605738592963102,20.89504745058552,8.97406495098223,0.0019974581582451,0.0014925122767553,0.0002597512963799,0.0016877974835615
1408,51.22,0.2404177593126279,3265,0.0,45.0,-45.0,90.0,90.0,-45.0,67342.52832152606,4327.847866203316,4122.821475350298,2574.6503792588574,1757.1395109895725,1792.8055202672958,0.2352697648752059,0.2430658684052851,0.2942701450091485,1.494047594741,0.303321036996159,38.809361078588594,5.760357030814602,27.85697038442434,12.29568754290188,0.0030374392734939,0.0023499082750557,0.000415568885921,0.0026572930683459
1409,52.81,0.2477386828567402,3772,0.0,45.0,-45.0,90.0,90.0,-45.0,82517.83290116568,5090.9465879682375,5052.087872581389,2918.180475520224,2236.469528146609,2265.025323464103,0.2930609035127358,0.2786434864679527,0.3745116398058768,2.425338273399626,0.3278982825110768,50.437677823374926,8.006652331731052,37.965451596232825,15.756221287868051,0.003468123568652,0.0025128618043658,0.0004700009620868,0.0029705619559346
1410,40.66,0.2950428511030433,1923,0.0,45.0,-45.0,90.0,90.0,-45.0,81707.50921413749,5561.69112502074,5143.633683868275,2795.407229374181,2101.799835336698,2105.743393913183,0.325002262771458,0.3132806372690268,0.3257217966035405,2.5516576222072724,0.1282389438066526,18.096535184091923,2.9389866916197245,13.028020527683884,5.643727174900739,0.0012667828728647,0.0010188680099181,0.0001591295575546,0.0010825098666466
1411,53.86,0.2338047037908369,2949,0.0,45.0,-45.0,90.0,90.0,-45.0,86061.78615816719,5386.748878922743,5414.255079275101,3155.5231744056296,2108.5576209594283,2189.042638386954,0.2481973001094117,0.2379613085231368,0.3267232042452849,2.064430682502943,0.4293788101009831,63.379544877235205,10.252034718965373,48.0823231154347,19.98912021027762,0.0041149780493639,0.0031085017027976,0.0005561689107299,0.0036067030844583
1412,54.95,0.2960145801999724,3945,0.0,45.0,-45.0,90.0,90.0,-45.0,85009.40003340367,5885.425042802808,5568.5026571750805,3197.125066173039,2122.901010072491,2128.6674452235,0.2916203138401465,0.2824380876389497,0.304700718670917,2.558711196988035,0.1411965777791103,20.092469805765013,2.9540649696359176,14.566418452664154,6.237555524911873,0.0012223392638731,0.0009618843668218,0.0001613879377564,0.001056269473783
1413,61.59,0.2171263883936568,2828,0.0,45.0,-45.0,90.0,90.0,-45.0,79689.21189635446,5037.120099585538,4866.365822909117,2982.194934413812,1991.6436782856024,1967.303728079228,0.2702070779648265,0.2495607642225495,0.3054256336241949,2.2781510461447785,0.1972992327778923,29.34956277106618,4.2451545373837725,20.623967112154077,8.216700526237009,0.0019435177536327,0.0015950787198193,0.0002613158380788,0.0017833443994232
1414,47.3,0.2348132165295824,1550,0.0,45.0,-45.0,90.0,90.0,-45.0,85613.99155427488,5950.78965483484,5141.909126108843,3422.1770742179,2312.4174439719823,2382.718918930153,0.2587247939768349,0.2410838573039041,0.3138442624305465,2.570862763787686,0.1683263387852015,26.9596366632668,4.271454985826054,19.3890107870017,8.295324645917722,0.0017588433781961,0.0012593498669168,0.0002299721546704,0.0015012430270277
1415,59.48,0.1952297531195281,3088,0.0,45.0,-45.0,90.0,90.0,-45.0,74752.18552653337,5458.588407414609,5059.365038892989,2688.4610406367296,1990.5818571197667,2165.069387992497,0.2466221128190983,0.2342784386685515,0.3518842139206342,1.9150448958450352,0.2705210447579615,40.26383240785076,6.2632572882189725,29.434871427143445,13.04963459600635,0.0028703433517055,0.0021054409767236,0.0003606962042013,0.0022798416760717
1416,62.53,0.2882074193638723,4468,0.0,45.0,-45.0,90.0,90.0,-45.0,67587.28731715029,4652.146449204978,4044.49877139251,2553.787416521095,1730.4331363188487,1820.130804952944,0.3227896058783568,0.2971930939603591,0.3561281938140574,1.4364291585269082,0.2365894770429762,29.806794730332037,4.44657469442207,19.576248047615803,8.49504846498726,0.0023738980499731,0.001744872457869,0.0003104107167119,0.0020117095895054
1417,54.3,0.2226954335106953,2494,0.0,45.0,-45.0,90.0,90.0,-45.0,65147.18049220656,4263.944094515933,4411.827209405958,2407.224530562698,1728.294398193559,1692.6978230773595,0.2503736342181568,0.2369789709057846,0.3204493227036613,1.263618278998351,0.3618655156946291,47.04151061508345,7.044544844352283,31.52147957014456,13.446683891556544,0.0037054265697818,0.0029523698889483,0.0005053909517347,0.0031004441424943
1418,57.13,0.3185654340021497,2194,0.0,45.0,-45.0,90.0,90.0,-45.0,77614.85942389634,5261.742897494595,4775.027564238769,3085.0779806900823,2055.344906993644,2242.4994974121296,0.2902423818632008,0.2658970462140096,0.3025132198326484,2.6480884514837806,0.0854663884489133,12.57562531253504,1.8620845836345992,9.246516696084289,4.005529407911896,0.0008203372797965,0.000639656763375,0.0001115970171239,0.0007418711795514
1419,43.47,0.2312396570571145,2194,0.0,45.0,-45.0,90.0,90.0,-45.0,66548.8697365026,4426.798453235014,4417.899224312645,2357.142557296696,1761.1049083293776,1688.15038280352,0.2773695408106977,0.2679437452124441,0.3309307694825619,1.403801759076747,0.3485821340111107,45.71107668534449,6.740216859752669,32.164314749048295,14.097601693408269,0.0036376549442286,0.0027906405629224,0.0004826302971184,0.0027889502828661
1420,46.71,0.2249679573620382,2733,0.0,45.0,-45.0,90.0,90.0,-45.0,84415.38528583564,5407.648314932665,5117.504271339896,3066.636667839798,2101.1724710230465,2243.029322695405,0.284440318384085,0.2615982552106587,0.3176364156126416,2.318927903728544,0.1098125078623466,16.875279816128213,2.4981639373864186,11.443709948131827,5.1555372034128935,0.0011304755039722,0.0008099629556798,0.0001497579239275,0.0009259576057585
1421,41.58,0.1930678933466957,2097,0.0,45.0,-45.0,90.0,90.0,-45.0,68484.5508342407,4202.997798593918,3896.9787980205942,2529.554186013641,1603.3409463408082,1621.0564098257803,0.2540933381326628,0.2530453708265103,0.3352589195630916,1.422593949859911,0.3288810810066581,39.47208878497478,5.9003335943093465,27.07898908254916,12.242721558482614,0.0032592255396907,0.0023957250097368,0.0004175307406657,0.0028992030017548
1422,46.9,0.2788418552072351,3280,0.0,45.0,-45.0,90.0,90.0,-45.0,83846.44567697057,5332.668891475284,5126.175669486596,2954.5786183353,2050.078250735946,2021.2700338362704,0.2535792998529635,0.2441994320611281,0.344817731650139,2.518161874666583,0.0982019943524527,14.467124847632808,2.2839376957925217,10.456379117240177,4.576429205542435,0.0010072251857127,0.0007885333415384,0.0001369176834926,0.0008261552358676
1423,52.11,0.2803692056980654,2727,0.0,45.0,-45.0,90.0,90.0,-45.0,82403.29473791746,5628.660350976306,5142.808289171506,3274.9497939890152,2287.7057623349424,2131.2428986024806,0.2997373744818744,0.2888020651578703,0.3728191749065181,2.257507126831962,0.1641889489488849,25.378629235205757,3.711905972726126,17.96359984846748,7.611707206239242,0.001674218265411,0.0012287178305579,0.0002130690322011,0.0013274245221993
1424,49.03,0.2278713419578485,1815,0.0,45.0,-45.0,90.0,90.0,-45.0,88050.89031309723,5274.620440572023,4872.041232558189,3038.616810271696,2203.989166635535,2198.512489636003,0.2572122632921857,0.2735701024478097,0.3381247715313762,2.184087247477308,0.4307474354961087,64.05192161145492,9.741667619241634,43.49900190951749,20.419857720696797,0.0042170990599092,0.0031034016796529,0.0005096857095934,0.0037668506909749
1425,58.02,0.2028892252133169,2510,0.0,45.0,-45.0,90.0,90.0,-45.0,80449.182131211,5339.877932269303,4788.478972798604,2852.759494849415,2055.338301267961,1913.0005008092571,0.257829846356747,0.2269878571616604,0.3560675585280655,1.653204586333946,0.3668219652763673,50.56890856305484,7.540514250965653,31.306969553423787,14.58372296829168,0.0035373686412954,0.0025887047321269,0.0004329955687166,0.0028490216202111
1426,54.85,0.2772869497810381,3530,0.0,45.0,-45.0,90.0,90.0,-45.0,87482.27061455823,5538.036089544631,5707.017673325985,3402.2708862990157,2190.2617936636148,2284.577381162373,0.2814282806267026,0.2633504713799063,0.3427907433052207,2.845446450651415,0.0536593127694274,8.314724218340286,1.209774109193387,6.014400045974582,2.4857782249374214,0.0005201025149788,0.0003785733698002,6.702742067416321e-05,0.0004477117412386
1427,51.45,0.1989510099885576,2300,0.0,45.0,-45.0,90.0,90.0,-45.0,79333.11000951982,5714.821178417106,5269.560320060384,2994.630223817298,2308.9291350619537,2172.566433990521,0.3122261509487791,0.3205648076869308,0.3605708558800336,2.1544430579807896,0.2157188169515339,32.92372204076745,4.733757389842545,23.031939195294925,9.88701512474462,0.0020764283586385,0.0016063242972915,0.0002913685444889,0.0017173376608722
1428,47.62,0.2104486975475877,2054,0.0,45.0,-45.0,90.0,90.0,-45.0,69925.18328328547,4378.811268263182,4490.191236060811,2606.6645495028047,1687.596293375579,1691.9099489769778,0.2815489134977266,0.2595177804543817,0.357105766585835,1.618045611479556,0.3197803133900345,39.194618052174064,6.224203972155186,28.89433729444765,11.420932815759423,0.0032127397184974,0.0023012565076689,0.0004056311707562,0.0027192845553445
1429,48.31,0.2672233114239,3120,0.0,45.0,-45.0,90.0,90.0,-45.0,66404.61995799116,4421.637346464976,4519.11697994414,2634.4852047818067,1721.9692635546858,1692.99705090959,0.2498840669578073,0.2427418682277275,0.3434619789501675,1.651787034874606,0.1964428061769587,26.57164685310138,3.760701166272745,17.30285338122558,7.343563350795657,0.001989852686646,0.0015135968895253,0.0002670395463477,0.001643978081824
1430,49.5,0.2034950704730934,4040,0.0,45.0,-45.0,90.0,90.0,-45.0,65613.40087388425,4813.893378354317,4318.715154822799,2557.117110234908,1621.795997869941,1654.0534040323755,0.2733370642386101,0.2756835750890104,0.3419005396926502,1.4987942770331553,0.2203077567685987,28.79225149804966,4.125202932486557,21.487904277685114,8.573373303902603,0.0024643084360475,0.001813783536753,0.000316661018461,0.0019615085077216
1431,51.01,0.2145598008000586,2849,0.0,45.0,-45.0,90.0,90.0,-45.0,86213.1120716165,5826.416596709038,5505.425749569412,3192.753077780615,2217.4807347461983,2251.831187833492,0.2714964099623285,0.2507040274277528,0.3510751802428292,2.578114225458964,0.3014051100516033,49.37242497591605,8.172362947182979,37.00568518178121,15.968981185664,0.0031678723428008,0.0026888424545942,0.0004461061728883,0.0027173732063828
1432,60.39,0.2487369882193756,3263,0.0,45.0,-45.0,90.0,90.0,-45.0,70699.98479289291,4540.988993027588,4358.252844751188,2481.64827525941,1738.2692525199502,1709.9640607567264,0.3221660250390631,0.2925544333322274,0.3033431853784086,1.1800550457043597,0.5043310425968114,66.37837755027658,9.877031570526572,43.68500059012356,19.5205714861839,0.0050103044770315,0.0038904144686378,0.0006644640504975,0.0042499554183018
1433,64.36,0.1948409697810577,4166,0.0,45.0,-45.0,90.0,90.0,-45.0,74675.93955966833,4951.5598422529365,4451.45553821737,2788.4735537977604,1911.1371005176973,1967.3415361322257,0.2792686748848341,0.2833065290337528,0.3621331159616147,1.4755633647680282,0.4724072684799156,62.63294577177004,9.362944664663354,44.009529377870834,19.022637806573066,0.0044492530214306,0.0033765302288211,0.0005733750529293,0.0035479564206165
1434,47.51,0.238884599588197,2057,0.0,45.0,-45.0,90.0,90.0,-45.0,90510.97748246817,5715.576289254194,5170.599321258131,3392.0400185424123,2306.250227329721,2233.3415559286004,0.2800088684036749,0.2564040733852167,0.4123223991352555,2.749009659102249,0.2406564353957991,39.05316263690055,5.507172138290145,27.020989633203072,11.624539446536469,0.0022498972255381,0.0017544378594488,0.0002950847606295,0.0018884647041431
1435,63.68,0.2775894942596392,3970,0.0,45.0,-45.0,90.0,90.0,-45.0,78849.98257957584,5055.796282747943,4454.60249974379,3020.928243251829,2047.4123703433524,2065.9227428050785,0.2908731393103831,0.2718938288324806,0.3128380851165124,2.100933038338092,0.1235190699343637,16.638519071261122,2.521259029354673,12.635421186666536,5.10469670980822,0.0012360235609906,0.0008655568603158,0.0001571292323286,0.0010541581174274
1436,51.98,0.279424960105083,2322,0.0,45.0,-45.0,90.0,90.0,-45.0,64785.09497345441,4064.188390654738,3913.8578514489873,2232.816907176149,1654.6739469794836,1720.256407219107,0.2538655172964919,0.2656540964792781,0.3709825814944098,1.6097571858934376,0.1864697743154927,21.201388366083883,3.244277479953208,15.241505654128597,6.717179452593406,0.0018722995905622,0.0013969862791723,0.0002441609803737,0.0014983678305494
1437,64.11,0.1965838644517578,2227,0.0,45.0,-45.0,90.0,90.0,-45.0,83318.79132452776,5541.753308568071,5437.8440141911415,3233.4515705810204,2173.5893448218494,2235.686743874674,0.2791238463780775,0.2761100458447132,0.3481583064011176,2.5797584653903884,0.0913230710222187,15.82255337952526,2.250993921363269,10.643800988954968,4.61640807147676,0.0008590415071643,0.0007139245178254,0.000124594162402,0.0008092323093696
1438,47.29,0.2240837883150535,2807,0.0,45.0,-45.0,90.0,90.0,-45.0,73806.15689826033,4761.238249951546,4573.871108678574,2586.187636609381,1964.021135390939,1935.9176706749647,0.3089420244083244,0.3083308801212082,0.3548636281283445,1.738032429964379,0.4427916651318429,60.462154301139975,9.385742534105718,43.644665781109566,17.53953838930145,0.00446162915174,0.0033849392543435,0.0006008120513113,0.0036920304908309
1439,55.82,0.2690507065050915,4346,0.0,45.0,-45.0,90.0,90.0,-45.0,73846.38599951728,4221.705913832897,4325.997266958198,2600.673978910142,1747.5284327342315,1769.2826584853174,0.2537125495712741,0.2418516145092502,0.3280286332727242,1.7454870977621406,0.317550544950864,41.42846835596536,6.20566313776581,29.508334822635835,12.304419096648374,0.0030974445359435,0.002372011211222,0.000402783369608,0.0027008496618065
1440,59.55,0.251431170200983,3858,0.0,45.0,-45.0,90.0,90.0,-45.0,59243.83607894249,3868.852630267128,3913.8595497945794,2309.8880952463937,1581.231437145994,1635.4658853837911,0.2972487336049495,0.2766978786025301,0.3637250469848012,0.9292302537301768,0.5640127123908684,63.49182834508149,9.423741812588434,44.03316612424507,19.449499875681425,0.0057399386483186,0.0037578236229507,0.0007281218361232,0.0050671757746824
1441,49.4,0.2242839555264339,2834,0.0,45.0,-45.0,90.0,90.0,-45.0,68033.2222756104,4215.134625877176,4125.504564257074,2424.765844969895,1665.7744622621622,1819.655328710649,0.2634828850123989,0.2692700816924223,0.3472589011680146,1.3449172178471596,0.3368759643036905,45.05439792095114,6.402642156299722,30.92442258447432,13.128412910916502,0.0038138963736053,0.0025687802513711,0.0004744485051723,0.0031940324237725
1442,59.65,0.2271898437613391,4844,0.0,45.0,-45.0,90.0,90.0,-45.0,77717.03691963552,5838.741769756764,5293.121431304846,3108.046737245856,2047.4967934880588,2172.417452140161,0.2964335183768334,0.3041674952009847,0.3547078143486225,2.541320905828246,0.2642311765089717,39.58091501648563,6.08720103651883,28.904007783239155,12.15125070889092,0.0025118867998746,0.0019703573564343,0.0003375481790374,0.0021287954915566
1443,42.85,0.2603499144941896,2995,0.0,45.0,-45.0,90.0,90.0,-45.0,66429.23411977902,4490.445978506518,4120.867087998743,2439.3897821775727,1659.6174484935823,1723.2318348140468,0.2585411423011922,0.2410368537718677,0.3519371695469857,1.764692291117677,0.1506104618921582,18.553763802323708,2.802603201943752,12.934363586303403,5.216100023763394,0.0015400530907428,0.0012271559799566,0.0002035788441706,0.0012041471720392
1444,45.0,0.1930678933466957,3809,0.0,45.0,-45.0,90.0,90.0,-45.0,68484.5508342407,4202.997798593918,3896.9787980205942,2529.554186013641,1603.3409463408082,1621.0564098257803,0.2540933381326628,0.2530453708265103,0.3352589195630916,1.422593949859911,0.3288810810066581,39.47208878497478,5.9003335943093465,27.07898908254916,12.242721558482614,0.0032592255396907,0.0023957250097368,0.0004175307406657,0.0028992030017548
1445,44.5,0.2948100047798297,3734,0.0,45.0,-45.0,90.0,90.0,-45.0,81294.47133347533,5498.335149570121,5237.661714443283,2982.3804221658024,2087.608266877004,2116.8502285697723,0.2974453930656988,0.2767891402162154,0.3132710253242738,2.237067259619325,0.2843092979109172,44.98744233652032,6.136334574844633,30.10622811107439,12.59158777285826,0.0029174002412,0.0021746036178926,0.0003789896961833,0.0023959183911475
1446,53.75,0.2036652060163866,4644,0.0,45.0,-45.0,90.0,90.0,-45.0,63627.79947706499,4245.184224612327,4052.6413810424574,2222.743050658672,1606.017102649913,1543.5690430259897,0.2594770473078801,0.2597821323424489,0.3589642364910016,1.1406550044956782,0.1911406622382803,23.32064125055456,3.415410652150924,16.292675346714766,6.819475915940524,0.0018969639686077,0.0015760357611098,0.0002643647198772,0.0015652259234744
1447,51.54,0.2826391201757422,4478,0.0,45.0,-45.0,90.0,90.0,-45.0,60418.5479349816,4114.111347477303,4035.34665666222,2241.078267599833,1757.4229428720696,1674.9509359654387,0.274714139616308,0.2384827446921692,0.3635628794685596,1.683470888079388,0.1910119369862429,19.601761438674888,3.187991489394812,14.736554305815533,6.651173044248736,0.0018697071472895,0.0014240448248585,0.0002359697541091,0.001555841498352
1448,45.24,0.2900890385771879,4401,0.0,45.0,-45.0,90.0,90.0,-45.0,74604.7370654146,4464.722558535,4237.446024921297,2806.813245370347,1882.4350038800824,1722.10320241822,0.2768261487009147,0.2817140034849686,0.3477293022692356,1.6922757669973605,0.3671584216287553,47.65925721149575,6.991536345382669,32.9629982432575,14.985094102557444,0.0037476799029958,0.0026811374485171,0.0004617189639284,0.0031189561074276
1449,47.28,0.2189416789148136,4767,0.0,45.0,-45.0,90.0,90.0,-45.0,67842.98129183576,4287.547103423099,4358.8967259984665,2340.0831428861684,1721.6833278151666,1636.1069095187293,0.2452056835922512,0.2321692779102728,0.381550259414892,1.6773059364205696,0.1776092215502782,21.83628890997154,3.2750395132658405,15.003213095908007,6.178638080460383,0.001933145057965,0.0014258695757968,0.0002291153690982,0.0015564903909627
1450,41.73,0.244509143237022,4337,0.0,45.0,-45.0,90.0,90.0,-45.0,70462.21833479154,4714.115149511549,4275.594321489121,2649.182075862422,1867.5349409142984,1905.387463358831,0.2891912114015229,0.2881099255292309,0.339090311361775,1.6874626783734328,0.2902627849768807,34.367600291476734,5.368608274713125,23.49863165271005,9.706511719149416,0.0028200604496932,0.0019905340277877,0.0003318078617876,0.0023320861968728
1451,59.89,0.2450189232994936,4972,0.0,45.0,-45.0,90.0,90.0,-45.0,78485.95558978413,5431.412803154092,4957.169674686296,3047.564983220599,2056.0502197902188,2072.3315896251383,0.2556642834527857,0.2439293839852633,0.3316591248213886,2.0217643254237565,0.2948647007484965,42.71719879508832,6.2699939488840695,30.084693488545845,12.753225338228653,0.0030426093791964,0.0021510818413749,0.0003665540407484,0.0024162018640764
1452,56.82,0.2100353760813488,3175,0.0,45.0,-45.0,90.0,90.0,-45.0,65351.41447277184,4369.903630086817,4158.612697359442,2405.128865105063,1630.6475349477078,1612.3665346778937,0.3024726405501801,0.3004704595247551,0.3656083956500934,1.337903906240045,0.4738728310283988,55.61019480078008,7.965180075670207,40.034025811143714,16.491368453560604,0.0044991159215717,0.0034579027118426,0.0005794689514924,0.0037976539558588
1453,55.83,0.214274881601488,2070,0.0,45.0,-45.0,90.0,90.0,-45.0,77425.96958657044,5390.722922853112,4850.958062973154,3109.1324197974604,2209.552646459698,2082.10561521538,0.267182037141605,0.2462602414069874,0.3853178388499264,2.3866172570620527,0.1741795198126528,25.83135639057129,3.9078135580552265,18.271729739905428,8.368950199651925,0.0018033010726233,0.0012708772570805,0.0002505143151402,0.0014322008909063
1454,46.32,0.2552381225817481,2491,0.0,45.0,-45.0,90.0,90.0,-45.0,80445.13943409939,5627.309127311155,4974.335760073917,3079.5119007285725,2286.800861690365,2287.075118846871,0.2980861965895873,0.2715900286028802,0.3526307209618299,2.189060983235757,0.2893371392295268,47.13344876852271,6.5299614348054265,32.44892186255941,13.621859617785466,0.0027044339040614,0.002205926519726,0.000378071787459,0.002353244929551
1455,57.88,0.291902279368963,2131,0.0,45.0,-45.0,90.0,90.0,-45.0,67773.35677605325,4605.90267170913,4464.763824349795,2524.6112199112085,1929.134359864324,1999.051567935362,0.2791592523863212,0.2721286315648705,0.2970538956059013,1.8713579316798328,0.1139207700005896,14.643947510020396,2.1953439491898954,10.103429592116823,4.260537239840203,0.0011193745122667,0.0008484290764235,0.0001422104027987,0.000967638357797
1456,49.42,0.2760102448074545,4732,0.0,45.0,-45.0,90.0,90.0,-45.0,65197.37715237251,4153.258420469164,4037.755612612405,2475.75181005099,1647.0215835744814,1514.2388188940213,0.2719721261517241,0.2617553758363504,0.3213938316584954,1.6130552390070223,0.1456528997251489,17.98981231978181,2.568272582844351,12.112844104761804,4.953901940273675,0.0014205133064103,0.0010365860976765,0.0001887032009649,0.0011631423542345
1457,64.77,0.2471269895801642,3339,0.0,45.0,-45.0,90.0,90.0,-45.0,81138.81851633769,5305.594966659265,4941.547840967028,2818.202650152806,2174.2232307592303,2080.001239255166,0.2747686818816683,0.2758759528515427,0.3734058739138073,2.1127946921452225,0.1783604167491222,26.828668380780517,3.857125977473988,19.052729731457585,7.559136439485981,0.001919269891746,0.0013468950432515,0.0002282876117694,0.0014414045237442
1458,54.56,0.2087938791426453,3462,0.0,45.0,-45.0,90.0,90.0,-45.0,66690.68622823496,4134.790510577564,4148.876144853101,2489.5583491644884,1793.8346163678343,1879.8757734768717,0.2690097074809129,0.2521115603740543,0.3018851022122713,1.3960068203114424,0.4918175884872374,61.980371785235775,9.27533155578335,42.45580496324963,18.148191352574862,0.0052936450524165,0.0037527075956908,0.0006114455140398,0.0042993752466194
1459,52.67,0.2114937318882036,3688,0.0,45.0,-45.0,90.0,90.0,-45.0,60676.55826181826,4396.352883392082,4196.008728086415,2353.753927764535,1593.413232725328,1621.5514057435576,0.287833149663741,0.2724120939458277,0.3027692147643627,1.19128549614499,0.4811049059610893,60.3869661543272,8.710070820971401,39.772536993118266,17.995651734290227,0.0046927648608435,0.0035216412182589,0.0006443730301871,0.0042254865584277
1460,50.46,0.1764921138971723,4333,0.0,45.0,-45.0,90.0,90.0,-45.0,76016.10205136587,4769.554841675874,4404.541475699099,2604.8960041540886,1867.1975666648807,1778.7781720299747,0.2460359489120961,0.2386549857983424,0.3861089022110539,1.3613097277301476,0.4853636278009828,67.59542896284174,10.204481411429876,44.711978365265416,19.45720226795273,0.0045553508396741,0.0036714094037343,0.0006016020514702,0.0038598940685041
1461,59.77,0.2711644453386194,1650,0.0,45.0,-45.0,90.0,90.0,-45.0,64730.97645624792,4606.799502593004,4800.068883687475,2505.811207665803,1599.1452220082397,1670.9660456749143,0.2647234171417192,0.26619134147134,0.3016006421770849,1.6864970109706825,0.2457493783349446,31.361210530485675,4.692163493214755,21.65375380153723,9.317746255427698,0.0023845908990202,0.00190696681281,0.0003289603340502,0.0019719342580413
1462,57.54,0.2798781036254972,2972,0.0,45.0,-45.0,90.0,90.0,-45.0,65889.06118141874,4467.544205503813,4289.255103059025,2512.979949197288,1722.4901386270394,1876.0854348738096,0.272434334965304,0.2614966400912543,0.3373672757717606,1.676308714089282,0.2046920897573216,25.067084723062965,3.659722200870645,15.257944116042598,7.676168844935482,0.001985200890005,0.0015393908879903,0.0002477506413411,0.0015983711717059
1463,53.42,0.222050967887953,4827,0.0,45.0,-45.0,90.0,90.0,-45.0,65479.9932073656,4781.364522157457,4164.866666964374,2522.582092834201,1626.8160282564145,1747.7611545768282,0.3032950741701496,0.293120769707006,0.3666434291430087,1.240273658292618,0.4587071015430342,58.93214077138382,8.24760178991444,38.656792017990185,17.43001426967594,0.004438625827343,0.0031967700462585,0.0006200368990827,0.0036132649761613
1464,62.86,0.201533284028182,4113,0.0,45.0,-45.0,90.0,90.0,-45.0,88733.26300831429,5568.1801683045005,5364.114497545119,2897.7053526322625,2181.5428626248126,2078.357161302267,0.3212526440025557,0.3012465275015653,0.2992648466342589,2.495993438536963,0.1015552006018276,16.20108026107812,2.464017119507474,12.286646698492348,4.982416875710118,0.0010402635242721,0.0007842035065723,0.0001370430390844,0.0008491901828341
1465,59.22,0.2279093130391044,1947,0.0,45.0,-45.0,90.0,90.0,-45.0,73444.364172979,4997.743867258793,4584.235640597474,2648.14757471719,1756.127052673448,1694.4373881339131,0.2818638811779207,0.2767780838649116,0.3110708819546779,1.7806497648618895,0.2685031571221026,36.68462531655008,5.381118141584107,25.80131877082489,11.040924794326386,0.002768081560505,0.0020315286291261,0.0003461911201536,0.0023399025340435
1466,56.62,0.2020733551822912,4193,0.0,45.0,-45.0,90.0,90.0,-45.0,73355.01100112004,4719.160295245968,4348.236964448324,2708.5668153201004,1993.3966820330056,1787.2213583760129,0.3252760668865928,0.2934782637329781,0.3406952613558863,1.7745569287202223,0.2988494384092705,41.72824515013132,5.936445383256293,29.43733353950733,12.06871972414891,0.0028821058478275,0.0023580492387045,0.0003798367923642,0.0027188101084528
1467,56.17,0.1887115915958537,2181,0.0,45.0,-45.0,90.0,90.0,-45.0,72584.7086536051,4580.300031917978,4550.072983857741,2465.083547432791,1841.272232456476,1914.9251398319732,0.3134013167469508,0.3101376014201011,0.3280016028868849,1.8561634197543928,0.111081767573739,14.32535322244956,2.16833801429988,10.23380011847532,4.131860604334827,0.0011027217545511,0.0008164122247759,0.0001434154127434,0.0009387973134564
1468,54.08,0.2299764296955043,1681,0.0,45.0,-45.0,90.0,90.0,-45.0,72919.34930332811,4935.971124058201,4314.665273790175,2969.351651996109,1954.6794284685436,1963.3161015419928,0.2933265330840506,0.2992745021650557,0.3486780250252095,1.4944102501585017,0.4436597163998937,58.15459739957248,9.035692693313688,43.78397900591504,18.38266948912253,0.0045528604549453,0.0031809423144688,0.0005830789749951,0.003781387737259
1469,56.94,0.1887115915958537,4142,0.0,45.0,-45.0,90.0,90.0,-45.0,72584.7086536051,4580.300031917978,4550.072983857741,2465.083547432791,1841.272232456476,1914.9251398319732,0.3134013167469508,0.3101376014201011,0.3280016028868849,1.8561634197543928,0.111081767573739,14.32535322244956,2.16833801429988,10.23380011847532,4.131860604334827,0.0011027217545511,0.0008164122247759,0.0001434154127434,0.0009387973134564
1470,64.17,0.2519063005140264,3136,0.0,45.0,-45.0,90.0,90.0,-45.0,69791.43138771455,4940.937627399805,4388.849664981809,2701.504594503522,1856.54916740016,1947.2881970901672,0.2708737995625736,0.2447638864021245,0.309191247560184,1.6161764157767238,0.4751962442168131,55.608241885615314,8.780188366661182,39.68611759399456,18.356547128291027,0.0045838247450641,0.0033559193316122,0.0005830902555961,0.0038574563835393
1471,64.14,0.2804468615540563,2858,0.0,45.0,-45.0,90.0,90.0,-45.0,65538.54106221776,4539.96526959682,4543.332835713812,2498.27523464929,1740.4775454698486,1710.7592999149254,0.2598746093900055,0.2752401866597989,0.3321142866684958,1.429444061162746,0.4202608939797837,52.79141655712896,7.605536618271434,36.05670399008146,15.531822992500564,0.0039250358434266,0.0032547241198461,0.0005271680516798,0.0031134238517669
1472,42.65,0.270292371200607,3263,0.0,45.0,-45.0,90.0,90.0,-45.0,64326.52357802622,4448.999391288999,4038.0921534533577,2450.21017596267,1722.7098168891007,1824.717337595975,0.2708500013811566,0.2755047926646242,0.3271232680290794,1.54384518255845,0.2524247216772234,31.459797055143405,4.916814546701578,23.368212739168943,9.473686581705229,0.0025155783351929,0.0019318438598123,0.0003439363997453,0.0021812797437573
1473,46.47,0.2719994686612691,1903,0.0,45.0,-45.0,90.0,90.0,-45.0,89058.43781034678,6332.532161764348,5759.81457736002,3159.843483671453,2352.769312939587,2311.528659572472,0.2837748456332457,0.2735449885785259,0.3037124264653244,2.30166265286591,0.2503818039535953,42.107192355278,6.3035125268072205,27.42865496087634,12.977379953509406,0.0026369573572321,0.0018875514299026,0.0003075802367389,0.002240838106643
1474,58.67,0.2305624032866996,3591,0.0,45.0,-45.0,90.0,90.0,-45.0,68780.16382688037,4823.328453127505,4610.64435936224,2719.4666897716347,1935.766216999866,1895.7739445107964,0.2608009359131728,0.2477378720961469,0.3493744020121231,2.305738263152383,0.1013394653634376,13.38559138712573,1.885270093447188,9.26673870707839,4.097343297017286,0.0009279531086398,0.0007072070773822,0.0001270429419074,0.0008304769696196
1475,54.51,0.22664364213392,3785,0.0,45.0,-45.0,90.0,90.0,-45.0,81678.7706718051,5532.954644556274,5395.841013678762,3105.664359372492,2114.600970054172,2092.631621711465,0.3081096302166106,0.2992002035876224,0.3899379370870461,2.2644327702273026,0.1632372566810521,24.650054133906806,3.636859264962261,16.38155748220886,7.073577571271577,0.0014907234583507,0.0011999609671318,0.0002035308620761,0.0012674872322185
1476,45.53,0.1720219192267773,3856,0.0,45.0,-45.0,90.0,90.0,-45.0,70884.20103165737,4378.067689753571,4368.224692765654,2553.646659704431,1951.6638285300708,1893.8092722691931,0.2863038849865306,0.2481843890299531,0.3120628743158601,1.3792038555080297,0.4331221075733467,55.80129513817175,8.440553074263736,39.40939371508829,16.649380334803244,0.0045459436100773,0.0034224602980464,0.0005669806422725,0.0038285648706033
1477,49.78,0.2542659539545626,3032,0.0,45.0,-45.0,90.0,90.0,-45.0,68376.80865009282,4540.265768509626,4509.054676667762,2609.4872362589845,1950.1659800492607,1957.0829195673343,0.2701082771795362,0.2483026936997407,0.3174326492279163,1.466391693895106,0.2047732950718973,25.618839056857286,3.908466540609495,19.0197736462269,8.033961941310391,0.002072843538434,0.0017160961353439,0.0002672764597015,0.001790676707051
1478,56.99,0.2226785779305538,4663,0.0,45.0,-45.0,90.0,90.0,-45.0,81334.26252730476,5180.008536984506,4919.973788811343,2917.6989387436947,2002.8383992938,2128.273767470939,0.2694912658811124,0.2660010131349268,0.3223812195073629,2.2626189250888675,0.1117323634655801,17.129834890349763,2.566879996628378,11.633057448290057,4.786579985673041,0.0011704772312942,0.0008553587520027,0.0001427494784231,0.0009080058790633
1479,52.51,0.2042529605048311,4328,0.0,45.0,-45.0,90.0,90.0,-45.0,76763.15884082015,4815.03201814058,4823.234125842184,2743.21313457079,1961.5277508286977,1930.177228304908,0.2993203910311141,0.276154615190997,0.3015515781722681,1.7096364617171664,0.3882720427854891,56.94807600420414,8.604671875545721,39.10844398839132,16.421626472855948,0.0037340000454111,0.002915987781561,0.0004983919660687,0.003358553132969
1480,64.94,0.2758965292968232,2912,0.0,45.0,-45.0,90.0,90.0,-45.0,84393.493783432,5656.768733523821,5838.901356518735,3127.476808344382,2354.6420519697317,2189.4744713817963,0.24267239668904,0.2488512233760887,0.3027931099411003,2.473220395998192,0.2293557957461381,36.389309904343285,5.5273961953588895,25.783106760173347,10.396875766082394,0.0022311106078745,0.0017667461429041,0.0003086457947404,0.0020082300989936
1481,42.61,0.2250049599222657,3477,0.0,45.0,-45.0,90.0,90.0,-45.0,63869.462003736255,4132.714124229289,4194.478008556856,2251.7790428570497,1709.277608233194,1736.024225474576,0.2964620915507539,0.2751794640490009,0.3489787156479453,1.3167543186928945,0.3948624842355068,50.13005862916788,7.511439856580828,33.98262294745439,15.243509786698292,0.004001082105741,0.0032407856999802,0.0005306379055817,0.0032597100505308
1482,63.01,0.2230285018945002,3203,0.0,45.0,-45.0,90.0,90.0,-45.0,66278.73787828062,4513.973954439949,4154.278783295077,2224.806001507315,1675.5980265127037,1732.1896038544182,0.2502063311539182,0.243485330758936,0.3564067697096199,1.651328985887639,0.1839805418073161,21.42530487220701,3.26631890040793,16.51160650926254,6.667943642052336,0.0018373243398051,0.0013837525066773,0.0002380849374772,0.0014987565734353
1483,42.9,0.2419268798114383,1851,0.0,45.0,-45.0,90.0,90.0,-45.0,61582.98070361814,4325.397588461371,3841.4027715357306,2405.4135125869307,1763.981277640219,1618.16765028387,0.2430270497377829,0.2313228262082383,0.3066436145818466,1.197397943402337,0.389698378473727,46.08836610501919,6.445563640302671,31.594736405857336,14.035856801531532,0.0040672667525916,0.0029251122679902,0.0004978097562348,0.0031495080411919
1484,43.54,0.2106333318042655,4490,0.0,45.0,-45.0,90.0,90.0,-45.0,69331.03731758153,4313.849571829961,4402.243891059615,2626.45290576959,1743.914456832642,1905.277470551115,0.2851269097399564,0.2765280257312659,0.3052880064034078,1.4418139410058328,0.4880215423869918,62.4259711288028,9.815180296592612,46.3531294594737,19.826896723415626,0.0050840655287281,0.0038174742233273,0.000645297166869,0.0042937785791726
1485,48.58,0.2060200076929184,2777,0.0,45.0,-45.0,90.0,90.0,-45.0,81970.36982185174,5456.814046687913,5394.74195023114,3031.935901952602,2004.6584366919503,2013.7013237900549,0.2899482766824905,0.2723220035362997,0.2985984393997949,2.1437075083983674,0.3518566208659308,54.68576316811114,8.286367894419993,37.15781413996256,15.87649474647364,0.0034789229244069,0.0026317620730138,0.0004667912143593,0.0028440133748039
1486,45.17,0.2708704561738858,4712,0.0,45.0,-45.0,90.0,90.0,-45.0,75906.2412168966,4613.036963822337,4363.518341091781,2855.730307330902,1837.3907066366105,1863.322078000287,0.2637679588409063,0.2542661014764908,0.3264320306975717,2.117777402654457,0.2146946246675015,30.53984048772869,4.586082599778854,20.761935232463763,9.13388645148196,0.0020871461504163,0.0015564636132954,0.0002781156864452,0.0017691102188841
1487,48.71,0.1972483068224391,3478,0.0,45.0,-45.0,90.0,90.0,-45.0,66449.90152307872,4380.766049346997,4144.359191696881,2588.804941274905,1764.2637005859724,1688.9682300454167,0.2665070845035524,0.2555097740697245,0.3209100459604431,1.5441353406109362,0.2518077331219547,29.811757301076444,4.426315794740816,21.776990935320484,9.613770899492453,0.0025222521854721,0.0019568770847455,0.0003366904646509,0.0021342597984745
1488,50.95,0.3013516126449627,1899,0.0,45.0,-45.0,90.0,90.0,-45.0,77397.08794551024,5358.254644333296,5035.40485779238,2911.309193400915,1941.7064321235184,1948.1411278053488,0.3038843154795994,0.2868400116544828,0.3591740519869516,2.597413341723936,0.0543954345250482,8.510109431805928,1.292933086608467,5.922713081316575,2.622685710160957,0.0005160489636805,0.0004170641267803,7.41336088112626e-05,0.0004546705345762
1489,51.31,0.2633259584126797,4353,0.0,45.0,-45.0,90.0,90.0,-45.0,72390.17065996949,4840.522451413075,4854.229794964896,2642.8972481550218,2017.4780106035869,2004.2653127902709,0.2712351789011638,0.2485437047790192,0.3666168281803052,1.9280482516862596,0.2617710380054158,37.291805600943256,5.953894300922847,26.52192388457177,11.778631975187126,0.0026938315775335,0.002114778825549,0.0004155557342731,0.0023178083543501
1490,47.51,0.2779537806400685,1775,0.0,45.0,-45.0,90.0,90.0,-45.0,78784.54379448907,5268.171394050974,5210.49718817558,2919.8445859026674,2238.2541925391724,2223.44946564133,0.3074017094619619,0.293292685312333,0.2968342584387817,2.032956426941207,0.3684853531602132,56.48148750506896,8.101036991773444,38.9526278705251,15.73660594212456,0.0036151438122415,0.0025834983057599,0.0004919610300127,0.0027735476816667
1491,57.77,0.2736559856931248,4818,0.0,45.0,-45.0,90.0,90.0,-45.0,66835.36443240147,4205.9507164517945,4250.941464100933,2342.866397256014,1725.4867155036434,1797.8420656033322,0.2862467985692226,0.2710075054710825,0.3582824063210667,1.7070112577204002,0.3973647155880172,51.03727343922055,7.820392367239744,34.94239784261481,14.734616639604637,0.0040431973629672,0.0031328837175771,0.0005035931315649,0.0032088677728954
1492,61.23,0.2776415132201377,1592,0.0,45.0,-45.0,90.0,90.0,-45.0,86599.38798293674,5840.130525296437,5327.975573745763,3122.037570948492,2044.1356993145384,2115.3187910216816,0.2963795504834508,0.2784768204683154,0.3402967739359372,2.068395243749979,0.433063334550019,68.28117565466749,10.745692449150212,46.18571494764858,19.076140975675617,0.0042805644755491,0.003193836139632,0.0005601460825142,0.0033814051430982
1493,42.73,0.2207884986396567,4154,0.0,45.0,-45.0,90.0,90.0,-45.0,74468.42401776108,4609.730052717166,4235.394614504642,2669.792626341945,1932.201218354604,1847.422762732377,0.2487445844730758,0.2495468271371848,0.3345738480127632,1.8255837868566975,0.2126680037559076,28.57251008939085,4.327772435430178,18.491643307077005,8.70934144773867,0.0021273960961047,0.0015388077973772,0.0002672726065505,0.0019252082373655
1494,44.11,0.2190345064330237,4777,0.0,45.0,-45.0,90.0,90.0,-45.0,65065.96942212607,4456.539999993371,4080.6825600878697,2362.344128109285,1513.7684846117993,1512.0084093950145,0.2549722686485013,0.2487054504148724,0.3164308595212743,1.528387762718891,0.0741152567135076,9.61716913022434,1.3221778049478552,6.471368830933196,2.673942139563149,0.000729404213575,0.0005563538489399,9.7766520819178e-05,0.0006052114337741
1495,46.1,0.2639718937552059,4533,0.0,45.0,-45.0,90.0,90.0,-45.0,69809.60515659009,4573.1614623818605,4455.123989940489,2828.9796116245934,1876.448060943256,1839.501599276578,0.2423023357405719,0.2327107499905103,0.3748231257077171,1.5211450804792042,0.4328541965506715,63.692504247987806,9.063416542991511,44.76347411651333,19.198400449714708,0.0044633674468056,0.0035658014262997,0.0006417637906184,0.0042075688860453
1496,53.8,0.213848948019519,2214,0.0,45.0,-45.0,90.0,90.0,-45.0,61701.13929661885,4140.872821291876,3986.078373650406,2316.9766666996206,1703.1013241619337,1548.5794605714657,0.2825955120119624,0.2584663308278955,0.3534153204027099,1.3778219720362594,0.1870856319521071,20.307439667227698,3.3581428796139927,14.892168690614133,6.521651239838588,0.0018575893449087,0.0013828248823825,0.0002458023370065,0.0016075053743596
1497,54.0,0.2462762182988964,2855,0.0,45.0,-45.0,90.0,90.0,-45.0,73018.17823000574,4859.152222990541,4809.682897742054,2555.8567479456965,1790.9692020643192,1821.8148087900888,0.2593583229408928,0.2403984652948251,0.3207081664841661,2.179495461461,0.1716343062437569,21.85820264370644,3.455271260668716,17.03798817667803,6.820149330874068,0.0015615041168487,0.0012252345211725,0.0002296012860887,0.0014450512569508
1498,45.8,0.2840236561673359,3392,0.0,45.0,-45.0,90.0,90.0,-45.0,63581.89311275477,4570.276987135376,4129.518369467017,2162.1460586410662,1633.213284231566,1704.6213989909832,0.2685439419630699,0.2674048904627166,0.3433449463700674,1.322375943377266,0.351347433950082,40.34040375463948,6.258204152801923,29.121333774130008,12.2620356872578,0.0032514285477439,0.0026471171933547,0.0004374569350264,0.0028262066051994
1499,55.74,0.2522781988710377,3159,0.0,45.0,-45.0,90.0,90.0,-45.0,84593.31810735687,5637.070291004205,5191.528991219371,3236.7140987719245,2221.3789155134527,2134.000146774448,0.3077581055178028,0.3045846985190993,0.3552379486337305,2.3237774666128868,0.3467058596044186,46.95967533100315,7.989710191322814,35.753375395541255,16.3196030290958,0.0035718138341164,0.0025756142390872,0.000446081618689,0.0028943814068584
1500,56.01,0.2109116174136246,2263,0.0,45.0,-45.0,90.0,90.0,-45.0,81297.53579790478,5763.698460241932,5512.542715721036,2831.7096514136983,2086.0466797807408,1985.1548776903776,0.2619049465894556,0.2465065569214418,0.3423327567933844,2.2815347407891364,0.0991230878742734,14.834546920939175,2.23008824377536,10.316022481053569,4.465552896104304,0.0009520290717821,0.000755166989474,0.0001310088746246,0.0007952772605925
1501,49.89,0.1803594064659782,3270,0.0,30.0,-30.0,-30.0,30.0,0.0,75198.83429345618,4699.694296593247,4731.714862126957,2974.31117082788,2092.2093039594406,2033.771721441548,0.253002618434231,0.2383462663927393,0.3372493688521702,1.7208324316162056,0.4723388497925989,69.41047566588183,10.400034935073144,46.51252490149543,20.41805590461676,0.0047272747979198,0.0033646105236143,0.0006235199115041,0.0039037724384188
1502,55.35,0.2557469879985486,4520,0.0,30.0,-30.0,-30.0,30.0,0.0,70482.92017610336,4297.560694442622,4150.007198814132,2431.354082580243,1705.6623354644942,1743.5186914884714,0.2828630834958318,0.2681654631086416,0.3055073045414068,1.3320166603453123,0.3501824138985566,45.83261479042305,6.674078454062974,32.13916031059707,13.244136180510887,0.003696623311081,0.0026072529817509,0.0004404986100212,0.0032013310330501
1503,51.24,0.2522518553885201,2308,0.0,30.0,-30.0,-30.0,30.0,0.0,77483.04551172623,4962.129500518518,4755.813908987667,2722.2576908316764,1797.2316048797998,1837.2339631570944,0.3215889263686519,0.2931699446312402,0.3274014878873663,1.9069612387049808,0.1739452813946478,23.366721443709125,3.425561620313136,15.83410530676048,7.259430870305907,0.0016632913560551,0.0012508265071304,0.0002290888643124,0.0013956936302902
1504,49.72,0.2579135834862654,3259,0.0,30.0,-30.0,-30.0,30.0,0.0,66247.7662355495,4129.7599689237,4035.146519722335,2355.741046012122,1659.252390732532,1664.6413680646513,0.2499067913649399,0.2397764527947599,0.3700010253776419,1.08460557653352,0.4526376350434506,49.41841795909422,7.533333621803011,36.923622951659006,14.979752402784689,0.0044168715005355,0.0032810252994924,0.0005490288679867,0.0038018509568024
1505,45.37,0.2551738768668313,4386,0.0,30.0,-30.0,-30.0,30.0,0.0,83043.22973242839,5581.29727460585,5360.438221277096,3052.7487654603333,2062.824194657121,2042.1541068064605,0.3106889225673009,0.2935216922735367,0.372851220753873,2.3353732792509354,0.155458038245815,25.145191726358476,3.7389248706031832,16.139151824341845,6.992116824420021,0.0014994465737625,0.0011814560343482,0.0002094368090441,0.0013238321791235
1506,58.81,0.2214197169537775,2640,0.0,30.0,-30.0,-30.0,30.0,0.0,85195.76369112382,5945.586526313145,5250.5585212875,3186.237587692372,2266.8592872347094,2217.8653044849843,0.3189628221444574,0.2969159477970342,0.3340573038743378,2.4024991949642613,0.2691307365416203,38.94073302673648,5.970778834758272,25.9148699368214,11.752436679507882,0.0024959918847318,0.0020014168721855,0.0003385666476147,0.0021572926790747
1507,59.9,0.2469758025443434,4812,0.0,30.0,-30.0,-30.0,30.0,0.0,70436.97339124713,4416.129773196796,4000.709108073777,2727.6103717429164,1929.7106351022603,1796.786058082774,0.288823181259686,0.2725033456088594,0.3456820599348734,1.6693602968722665,0.2670473655299386,32.23370946126615,4.912061208051135,22.93504939070176,10.084663118863956,0.0026875051451136,0.0019065455982712,0.0003276953932622,0.0023210516267602
1508,42.54,0.250139968653709,3864,0.0,30.0,-30.0,-30.0,30.0,0.0,80295.58608672304,5278.668858236592,4719.996553816397,2880.812617695085,2034.022828183826,2100.790225468433,0.3078108441254583,0.2846689404522038,0.3576276647541332,1.9064559749761576,0.3978398018542501,57.46801622459077,8.330623315746267,43.92536943814439,17.6653105927154,0.0041167934596174,0.0029015307069756,0.0005026223639773,0.0033730037891194
1509,44.67,0.2442527989243173,3699,0.0,30.0,-30.0,-30.0,30.0,0.0,63819.10124764083,4054.660464947441,3874.531807607456,2282.025767535494,1559.953535396382,1654.8591392260769,0.3180609651157109,0.291072000656366,0.2984852650565273,0.9173573887894798,0.5126538206960687,64.63996682421201,9.359225544836647,42.52412440008514,19.00802217927924,0.0054074149674424,0.0041090803969799,0.0007325341105591,0.0046774780481117
1510,44.93,0.1884184906326591,2835,0.0,30.0,-30.0,-30.0,30.0,0.0,75120.4114769996,4832.180224175116,4755.879675487066,2796.641517645404,2086.7551711359897,1842.1002171798864,0.273339881230596,0.2549260455056797,0.3157369908038119,2.172402346735877,0.0821098725623615,11.399630170668,1.6633438710215696,7.604957618295851,3.4731562924481163,0.0008203015610198,0.0006070593933668,0.0001029718436086,0.0006875126646638
1511,46.56,0.2696987135089209,1966,0.0,30.0,-30.0,-30.0,30.0,0.0,84031.30798753967,5663.781313103801,5567.248067567356,3111.9487136000103,2273.348835640839,2243.9109010632537,0.2516136539351307,0.2378977259776093,0.3131609728515009,2.4959926808142776,0.2334215109853844,37.27154383895612,5.616983651013418,27.16798133711486,11.03273207501255,0.0023921976928207,0.0017636879178133,0.0003079694389897,0.001941199761366
1512,53.19,0.2516048619894138,3504,0.0,30.0,-30.0,-30.0,30.0,0.0,64067.91866594343,4235.928633254832,3839.882339187504,2256.361254983377,1494.721764907242,1485.608939708631,0.2680915124264278,0.2627659882684419,0.3527885602163785,1.2771949330220755,0.174849123817354,19.980658957152603,2.9291878815859955,14.149696052591503,5.7164936954078,0.0017536116496951,0.0013334596365618,0.0002205426377947,0.0014592100485986
1513,47.84,0.2368644539158726,4117,0.0,30.0,-30.0,-30.0,30.0,0.0,79109.64148816063,5389.665423509659,5084.254164768512,3025.6848432664297,2022.3743880505192,2064.112777807586,0.248417918133816,0.2510026496891723,0.3531758388308675,2.1130358853187565,0.1540094700478867,23.11931232719279,3.4516434197871693,16.130612459176138,6.752429806422698,0.0015572441088124,0.0011688187726218,0.0002195534521707,0.0013018213018538
1514,55.28,0.2019876537814916,3091,0.0,30.0,-30.0,-30.0,30.0,0.0,61180.63034295137,4404.435707499122,4180.58563764777,2248.328053746951,1635.7454700972162,1682.8912361251405,0.309499133954823,0.2999460373650839,0.3398799485453112,1.4940003843667675,0.4009078553486191,53.21164762539888,7.752375562258759,34.69982809889185,15.816768239663595,0.0039374368605594,0.0033747970733934,0.0005662267217901,0.003494836196818
1515,42.86,0.3004822426035697,3904,0.0,30.0,-30.0,-30.0,30.0,0.0,63049.78968854971,4319.046149059495,4202.128532660468,2237.8684167191,1604.920630267541,1658.4287632155886,0.2623648009322472,0.2630985243766632,0.3672542559962676,1.3131336114586034,0.2463020483952443,29.455622158971416,4.3607786688588295,19.560334118253127,8.569867744037955,0.0026331531291122,0.00189546944034,0.000318667240262,0.0020638783811469
1516,61.14,0.225324173793496,2941,0.0,30.0,-30.0,-30.0,30.0,0.0,74974.85185949704,5226.932515662976,4683.662752209456,2894.954776770549,1838.844412351599,1986.2544472808784,0.2372142381260065,0.2331502036368097,0.3569086616757038,2.131809065683413,0.1826010459704636,26.922217999971,3.896705336103824,18.36920359402337,8.040010716579138,0.0018233396905759,0.001350152355319,0.0002371250712802,0.0015473011467023
1517,44.31,0.2857448047773205,4028,0.0,30.0,-30.0,-30.0,30.0,0.0,67651.48864966804,4424.850463629134,4108.179848152649,2245.478737445184,1499.8300789164778,1449.3870504897304,0.255015448761643,0.2376752733859999,0.3481567691251154,1.3397871744013723,0.1439633827366941,16.185231974927852,2.5977221418325325,12.289147289235332,5.138215143984359,0.0014019362946,0.0010700461642841,0.0001781702686843,0.0011613271540006
1518,57.65,0.2713352057943282,4259,0.0,30.0,-30.0,-30.0,30.0,0.0,75351.08068538783,4873.420860172945,4404.383257707554,2701.541422242734,1869.7439245778576,1890.2407754070164,0.2954171652462608,0.2691894408212401,0.3952652035932354,1.6782379093404247,0.358024569991863,47.63950047077443,7.525523610810776,33.2558386814825,15.06859836475398,0.0036403622503629,0.0027309354321926,0.0004795706821017,0.003160401033126
1519,62.97,0.225324173793496,2718,0.0,30.0,-30.0,-30.0,30.0,0.0,74974.85185949704,5226.932515662976,4683.662752209456,2894.954776770549,1838.844412351599,1986.2544472808784,0.2372142381260065,0.2331502036368097,0.3569086616757038,2.131809065683413,0.1826010459704636,26.922217999971,3.896705336103824,18.36920359402337,8.040010716579138,0.0018233396905759,0.001350152355319,0.0002371250712802,0.0015473011467023
1520,42.12,0.2401660267326647,3917,0.0,30.0,-30.0,-30.0,30.0,0.0,70196.88355477243,4775.745462019933,4689.309943479348,2623.575601328641,1756.1333609789538,1843.876999521677,0.2564141900902095,0.2297472467572813,0.2967559376374179,1.8161570101537847,0.1292074534088828,16.82772864346185,2.4368855042951,11.50537903672564,5.142312158762969,0.0012082160715228,0.0009963163942245,0.0001647261499701,0.0009804581890244
1521,47.83,0.2584908256701606,2048,0.0,30.0,-30.0,-30.0,30.0,0.0,60914.07122484144,4009.408839376511,3909.5174227937,2592.845693860889,1505.2030073856545,1493.6394980619912,0.2553618983321246,0.2342447546937493,0.3373278324768269,1.212219051621912,0.2621641688815547,30.15039058954522,4.768481226045403,22.59410806800232,9.952050291401958,0.0025214262352903,0.0020341410464329,0.0003394107480744,0.0022518942984819
1522,47.63,0.1931493819457994,2477,0.0,30.0,-30.0,-30.0,30.0,0.0,82936.51653974224,6000.475551567701,5593.275274258685,3196.99435918574,2210.7528293202363,2307.8465218945694,0.2561207710901474,0.2244100241684183,0.301731669654447,2.473238388715446,0.3456404534686454,58.11999547424429,8.396913666686501,38.19311917224192,16.591736809769127,0.0035419756754089,0.0027441184464452,0.000485571564948,0.0027921751693745
1523,49.33,0.1904848346883511,2249,0.0,30.0,-30.0,-30.0,30.0,0.0,88223.51779051237,6023.034341198086,5691.6339927504605,3201.0899743062746,2295.4483102172744,2195.042921550523,0.3122473506963696,0.3138045086485535,0.3666904871270832,2.5732522383793963,0.1974292366625462,31.13189676262469,5.079726243795869,22.983310047047148,9.452688677496932,0.0019719288651596,0.001540478138059,0.0002494934141616,0.0016529806329787
1524,52.77,0.248415364587571,2079,0.0,30.0,-30.0,-30.0,30.0,0.0,81296.3636009342,5525.164871393737,5052.998030307648,2963.743863825276,2143.202359302158,2148.679290037236,0.2874824130567137,0.2705641705760579,0.3652306965635801,2.207208492461874,0.3559395902509272,49.51693876701415,7.69327578794839,36.66363852166455,15.734442343479373,0.0033921646722464,0.0026189560369865,0.0004521879151022,0.0030764608763376
1525,54.91,0.2207884986396567,3213,0.0,30.0,-30.0,-30.0,30.0,0.0,74468.42401776108,4609.730052717166,4235.394614504642,2669.792626341945,1932.201218354604,1847.422762732377,0.2487445844730758,0.2495468271371848,0.3345738480127632,1.8255837868566975,0.2126680037559076,28.57251008939085,4.327772435430178,18.491643307077005,8.70934144773867,0.0021273960961047,0.0015388077973772,0.0002672726065505,0.0019252082373655
1526,49.59,0.2052808927448932,3854,0.0,30.0,-30.0,-30.0,30.0,0.0,87364.598614464,5599.613338058298,5294.960314626048,3092.274192768196,2149.0357718833898,2220.3877128165755,0.2602159647527581,0.2623054744010102,0.3398134495629293,2.1397539583563363,0.3993542866489845,61.35242937123028,9.348443006641512,40.70290492346033,18.17657208768726,0.0040015601583101,0.0029722656070616,0.0004721134439248,0.0032551732869424
1527,52.17,0.2658713089718598,2260,0.0,30.0,-30.0,-30.0,30.0,0.0,84657.46549906641,5459.433189201396,5208.749290280276,3142.0397730894206,2170.976132604277,2135.766335063487,0.2488303878278261,0.2426510552467967,0.3886286052749811,2.4428892029351137,0.3081718439208435,46.23738262424714,6.607013880992931,30.754143768037032,13.8591086077781,0.0029382161986409,0.0021335533404781,0.0003774396473856,0.0024296265533452
1528,57.34,0.1870654963988875,3701,0.0,30.0,-30.0,-30.0,30.0,0.0,64441.6159964568,4132.134139479389,4054.404162001204,2462.6961703368565,1697.8486216892904,1709.2936057758068,0.295209773504975,0.2970316668113126,0.3426714128947873,1.522734109963759,0.2309269352219793,25.719277839834565,3.957919105229083,18.60854251027857,7.865593862662411,0.0021136379614664,0.0016131320649096,0.0002698573006846,0.0017950264001583
1529,63.27,0.1774560629849897,4142,0.0,30.0,-30.0,-30.0,30.0,0.0,81460.06989662178,5871.240495210251,5081.239019819769,2921.292470804841,2088.8598241336463,1995.4260661855965,0.3183625416262194,0.294069997058348,0.3251043030059685,2.203401744876367,0.2867284304201246,42.77772171727132,6.807039220261792,29.437860172005102,12.704766290243017,0.0028085055078879,0.0022331798903286,0.0003875525358649,0.0023416865701398
1530,53.87,0.2991508426621838,2209,0.0,30.0,-30.0,-30.0,30.0,0.0,64031.63221826054,4021.230231527573,3624.8440827890495,2399.81099202643,1668.1385997270188,1551.8894893967797,0.2705913259413776,0.2583200447074151,0.3364456610405815,1.561703772399959,0.08661948338362,10.497111688313286,1.5878840128543816,7.407293419448039,3.112351794547838,0.0009633222778946,0.000663377959544,0.0001222790346716,0.0008090269404739
1531,47.22,0.2412052126630679,3505,0.0,30.0,-30.0,-30.0,30.0,0.0,68137.55686549774,4536.064392515088,4286.94348827155,2465.706030789569,1697.956605467285,1727.84093504595,0.2899055780243707,0.261489519617358,0.3143358848270603,1.3135333734296053,0.3354770779021215,45.79453984737653,6.355560345766669,31.81091718591035,13.00498860123359,0.0034199571102651,0.0028730826109617,0.0004766009061814,0.0030316283503303
1532,47.86,0.2570829783295328,2266,0.0,30.0,-30.0,-30.0,30.0,0.0,65304.63802493672,4369.276536398738,4486.790463302576,2604.4552645501203,1696.0138584646616,1682.4170580078155,0.3104204431411247,0.3028948150922088,0.3090139917988423,1.6095159456810617,0.0997488908658784,12.32712526765954,1.8466039527080984,8.618158015887765,3.864044691157458,0.0010414058488831,0.0008272541488062,0.0001383473229827,0.0007847892997349
1533,55.49,0.2008787824571915,3347,0.0,30.0,-30.0,-30.0,30.0,0.0,79785.10357994716,5116.788424294565,4998.455489586698,2774.3039420370555,2044.2010465660755,1997.762000583028,0.2966563222234329,0.29705328259433,0.3707578561564891,2.16869816781789,0.2696161770986938,39.09393479008489,5.7048631857968255,26.46071357162011,11.712265327417688,0.0027741960517281,0.0020841019754187,0.0003430511812146,0.0021390568627027
1534,63.8,0.2431098517810795,2970,0.0,30.0,-30.0,-30.0,30.0,0.0,62188.10539327555,4154.608848760749,4164.599458329511,2262.8212559528565,1615.8399630900108,1464.4896961274371,0.318925968269085,0.3072737818399593,0.354672246927864,1.4046823004237097,0.204309717418899,24.7552132227688,3.558999105982286,18.088024072481566,7.346738276373726,0.0022057667491897,0.0017582211554122,0.0002908590059754,0.0017429201173517
1535,43.41,0.2934003586395461,3484,0.0,30.0,-30.0,-30.0,30.0,0.0,83688.0228512662,5825.628504661439,5579.035813026535,2978.857607355497,2256.759874522997,2365.2359225284267,0.2780609507444209,0.272085344624234,0.3133923350011809,2.093264188153241,0.3327046719110801,50.14122540071055,8.406355897794091,36.61088713985998,15.799740160197324,0.003352194346257,0.0026802450916987,0.0004491381779683,0.0026117773256135
1536,49.6,0.2005902898403657,4839,0.0,30.0,-30.0,-30.0,30.0,0.0,71779.44733030804,5108.373316735207,4670.653093470034,2889.8186273938577,1860.630910634248,1888.106174900253,0.3090347189750909,0.3018901712362724,0.3174912350042289,1.9553627222245955,0.4204404432645097,53.97752239888961,8.426412302169323,39.24128787426054,16.028269459784795,0.004053525545938,0.0031686382728157,0.0005632696344783,0.0034717087521116
1537,52.64,0.213848948019519,3800,0.0,30.0,-30.0,-30.0,30.0,0.0,61701.13929661885,4140.872821291876,3986.078373650406,2316.9766666996206,1703.1013241619337,1548.5794605714657,0.2825955120119624,0.2584663308278955,0.3534153204027099,1.3778219720362594,0.1870856319521071,20.307439667227698,3.3581428796139927,14.892168690614133,6.521651239838588,0.0018575893449087,0.0013828248823825,0.0002458023370065,0.0016075053743596
1538,50.23,0.2522518553885201,3527,0.0,30.0,-30.0,-30.0,30.0,0.0,77483.04551172623,4962.129500518518,4755.813908987667,2722.2576908316764,1797.2316048797998,1837.2339631570944,0.3215889263686519,0.2931699446312402,0.3274014878873663,1.9069612387049808,0.1739452813946478,23.366721443709125,3.425561620313136,15.83410530676048,7.259430870305907,0.0016632913560551,0.0012508265071304,0.0002290888643124,0.0013956936302902
1539,50.39,0.1927020043688729,3514,0.0,30.0,-30.0,-30.0,30.0,0.0,62490.04103608851,4286.295017052859,4036.772421272144,2228.506791831401,1485.405248960294,1597.4232539732682,0.2636814301856653,0.2673197901365882,0.3099037438239875,1.187440884462356,0.3156691380109869,34.640946432622044,5.220569835973759,24.12949956222294,10.217403578605827,0.0029795339187771,0.0023121914529834,0.0004106436977624,0.0026967833639026
1540,51.1,0.3013516126449627,4940,0.0,30.0,-30.0,-30.0,30.0,0.0,77397.08794551024,5358.254644333296,5035.40485779238,2911.309193400915,1941.7064321235184,1948.1411278053488,0.3038843154795994,0.2868400116544828,0.3591740519869516,2.597413341723936,0.0543954345250482,8.510109431805928,1.292933086608467,5.922713081316575,2.622685710160957,0.0005160489636805,0.0004170641267803,7.41336088112626e-05,0.0004546705345762
1541,42.07,0.2776875815302466,2185,0.0,30.0,-30.0,-30.0,30.0,0.0,73620.79197511662,5006.141880010436,4674.894991684555,2863.229457051501,1969.1743712029077,2012.2571014296643,0.2625300162458879,0.246449381325046,0.3401917594393099,1.9892315479401803,0.1721849697556962,24.19585186746601,3.828491717161636,17.568022612934517,7.673753106873662,0.0018127485772624,0.0013260079645296,0.0002126795222817,0.0015310074882061
1542,59.9,0.2840967203526452,1626,0.0,30.0,-30.0,-30.0,30.0,0.0,66123.18133245772,4492.3326163933125,4573.251063689023,2430.983393078193,1672.819166493343,1587.893818486661,0.2452153333650501,0.2327519281898159,0.3389513933129675,1.1828975255230112,0.5107283086725145,62.52703851310054,9.051316353508511,42.42383202303152,18.827103385858088,0.0049395527387044,0.00401882807546,0.0006764707590042,0.0041442257355162
1543,47.3,0.2889218143608699,2403,0.0,30.0,-30.0,-30.0,30.0,0.0,84832.06234139537,6294.182664287299,5463.601336150858,3013.595958775393,2172.810050979221,2164.0673581277265,0.2831101845878485,0.2640422228726736,0.3387949739350527,2.4928727123065677,0.1989441932083343,32.025254902200246,4.598997872408517,22.271476849919317,9.10957141586287,0.0019382118802074,0.0015426302072985,0.0002579948505367,0.0016810634651255
1544,45.62,0.2442527989243173,2625,0.0,30.0,-30.0,-30.0,30.0,0.0,63819.10124764083,4054.660464947441,3874.531807607456,2282.025767535494,1559.953535396382,1654.8591392260769,0.3180609651157109,0.291072000656366,0.2984852650565273,0.9173573887894798,0.5126538206960687,64.63996682421201,9.359225544836647,42.52412440008514,19.00802217927924,0.0054074149674424,0.0041090803969799,0.0007325341105591,0.0046774780481117
1545,44.21,0.2266094576334042,2682,0.0,30.0,-30.0,-30.0,30.0,0.0,66624.2011338631,4558.284172683377,4252.205408369756,2534.0670155685884,1596.479448096212,1627.899992406728,0.3040670328512311,0.2831460204843702,0.3479434624216639,1.6349714159926168,0.1449854601297377,17.156931647595,2.500555514057172,11.90522690494418,5.120017466800829,0.0013769540647003,0.0010579953217141,0.0001909723603679,0.0010666167756238
1546,54.14,0.2296986530916737,3373,0.0,30.0,-30.0,-30.0,30.0,0.0,68619.85068314364,4298.585600319268,3987.391927595718,2509.021374837152,1767.435602704004,1736.7462865963412,0.2583887010168487,0.253088585867717,0.3267450039590359,1.3098948990957455,0.5389256820564772,64.3446104183233,9.427010488469024,44.348170519194944,19.729698984467092,0.0052803752398404,0.0038288042113998,0.0006409596250726,0.0044818619696106
1547,59.15,0.241619306353958,4664,0.0,30.0,-30.0,-30.0,30.0,0.0,63078.005236033205,4301.736032014744,4148.3405573887085,2110.5929052681977,1562.2664999200751,1720.0254848287457,0.3407749512077418,0.2901831283464255,0.3034572111679491,0.9021657693650458,0.5380551285215839,67.99323118199982,9.185447780557611,41.68601819744668,17.898718768904676,0.005541848083121,0.0043207131588381,0.0006533044371269,0.004653620914556
1548,52.77,0.2032721353925243,3751,0.0,30.0,-30.0,-30.0,30.0,0.0,70666.95120737412,4824.541298029443,4379.372277908868,2636.2858215297365,1763.8510284329975,1850.138101005827,0.282005247412789,0.2662107187540449,0.322713761366196,1.4532444024098763,0.381221277517557,53.69736739801915,7.527192823518987,34.766640984105294,15.379882559836172,0.0037509638168346,0.0029826526598485,0.0005014848105864,0.003328356923873
1549,42.86,0.2453759228435245,3845,0.0,30.0,-30.0,-30.0,30.0,0.0,79153.43383597273,4725.837185284706,4550.981239329039,2894.021149817354,2072.10528809346,1974.8242228301904,0.2575943310327874,0.2548474755933487,0.2943501577711043,2.0405332761062915,0.1675214784519763,24.600745166450167,3.539856477084288,16.637560821285874,7.1074052978999145,0.0017863093071219,0.0012157325954876,0.0002087746443077,0.0015366745080848
1550,53.58,0.2875783601327522,4674,0.0,30.0,-30.0,-30.0,30.0,0.0,82856.37689916579,5341.5937400486255,4948.440230584594,3210.650060298931,2213.1460906858897,2227.734744468561,0.2633033723420767,0.2614183362208779,0.3286459337167973,2.0087867202058285,0.3409847585450219,54.4165168187832,7.631472066794368,35.31106955401109,15.884690461375182,0.0032943198393172,0.0025161955298619,0.0004426595161043,0.0028575531347341
1551,53.55,0.2279093130391044,3002,0.0,30.0,-30.0,-30.0,30.0,0.0,73444.364172979,4997.743867258793,4584.235640597474,2648.14757471719,1756.127052673448,1694.4373881339131,0.2818638811779207,0.2767780838649116,0.3110708819546779,1.7806497648618895,0.2685031571221026,36.68462531655008,5.381118141584107,25.80131877082489,11.040924794326386,0.002768081560505,0.0020315286291261,0.0003461911201536,0.0023399025340435
1552,41.04,0.1843271494045903,4599,0.0,30.0,-30.0,-30.0,30.0,0.0,73079.30871562556,4383.221206899524,4618.931561022599,2394.854615785197,1724.2773212335294,1762.2476913436292,0.2508039090232862,0.2259647165070629,0.298101394974593,1.6623112193124914,0.2614757207580574,31.76986742399117,4.652717466129465,23.75223079295929,9.918931819623516,0.0024295999422289,0.0020011183797958,0.0003256617662665,0.0021434966419133
1553,51.03,0.2342569943708928,4444,0.0,30.0,-30.0,-30.0,30.0,0.0,79320.03548360907,4924.6021126892965,4733.556048843908,2912.2679695031484,2097.558995433811,1907.335426283179,0.3060295055688859,0.279153437769349,0.3562023771114818,2.116803903204118,0.2811014169331877,38.98873730328847,5.799721538720964,28.01781719626164,12.055129003487547,0.0027219211084529,0.0020054475815149,0.0003646157861388,0.0024952949419311
1554,64.74,0.2596810946508135,2395,0.0,30.0,-30.0,-30.0,30.0,0.0,87715.35764108736,5924.874250447256,5441.910225334379,3239.8739355065545,2085.080786366225,2007.073928987346,0.276959038147643,0.2659470076211178,0.3270766704981084,2.3556862126348186,0.3031183416509512,48.61089687860135,7.427069856186603,33.61693481451999,14.141849842674906,0.0030075987640028,0.0022145596631411,0.0003961408771169,0.0026128208776449
1555,58.4,0.2760102448074545,1919,0.0,30.0,-30.0,-30.0,30.0,0.0,65197.37715237251,4153.258420469164,4037.755612612405,2475.75181005099,1647.0215835744814,1514.2388188940213,0.2719721261517241,0.2617553758363504,0.3213938316584954,1.6130552390070223,0.1456528997251489,17.98981231978181,2.568272582844351,12.112844104761804,4.953901940273675,0.0014205133064103,0.0010365860976765,0.0001887032009649,0.0011631423542345
1556,58.78,0.2758965292968232,4177,0.0,30.0,-30.0,-30.0,30.0,0.0,84393.493783432,5656.768733523821,5838.901356518735,3127.476808344382,2354.6420519697317,2189.4744713817963,0.24267239668904,0.2488512233760887,0.3027931099411003,2.473220395998192,0.2293557957461381,36.389309904343285,5.5273961953588895,25.783106760173347,10.396875766082394,0.0022311106078745,0.0017667461429041,0.0003086457947404,0.0020082300989936
1557,61.87,0.2279093130391044,2719,0.0,30.0,-30.0,-30.0,30.0,0.0,73444.364172979,4997.743867258793,4584.235640597474,2648.14757471719,1756.127052673448,1694.4373881339131,0.2818638811779207,0.2767780838649116,0.3110708819546779,1.7806497648618895,0.2685031571221026,36.68462531655008,5.381118141584107,25.80131877082489,11.040924794326386,0.002768081560505,0.0020315286291261,0.0003461911201536,0.0023399025340435
1558,51.24,0.1969502348627522,1632,0.0,30.0,-30.0,-30.0,30.0,0.0,60025.60110290394,4088.601797650605,3954.128052360159,2385.7756324750617,1708.0574033663218,1704.5396554185993,0.2711528930986123,0.2721561767890169,0.3675145390764435,1.0180605063432813,0.5443264565695902,58.72716802285968,8.876226822070224,42.02174585325552,17.50182024132689,0.0050397995862065,0.0036493297866201,0.0006760020737487,0.004514254663704
1559,61.55,0.2635434884065666,2927,0.0,30.0,-30.0,-30.0,30.0,0.0,75004.89209105122,4723.860589128836,4701.87484036314,2746.3886567027757,1925.8965112885803,1983.102734196018,0.2483816299168148,0.2529433339545476,0.3431737008881794,1.9936374235447325,0.1249858470917634,17.122099711396423,2.6017991021043847,11.16330094820135,5.003088110450987,0.0011288343436426,0.0008326833801204,0.0001535396992329,0.0009968942554093
1560,50.98,0.2346742088794807,1856,0.0,30.0,-30.0,-30.0,30.0,0.0,87656.29653793538,5318.397883338393,5641.219732482939,3114.058133537955,2218.700740660136,2162.0934998414536,0.3381282573056268,0.2834156168817833,0.3363435606052219,2.1178517437218853,0.3353429150931143,50.65225849027854,8.148572926868564,37.68060877876627,15.03646661799946,0.0033036422361645,0.0026212447425497,0.0004445971016979,0.0027744166720524
1561,59.39,0.2384866102559524,1980,0.0,30.0,-30.0,-30.0,30.0,0.0,68225.53155654205,4337.513298612525,4303.725863927725,2497.191396778773,1795.4502601738232,1895.22740651789,0.2962064399071245,0.2538120035450332,0.352963584916615,1.7529644634817956,0.2083420717761213,24.595525764606723,3.8289380190397417,17.227291470758136,7.6026299301277085,0.0021570595569273,0.0015943206981941,0.000264151332285,0.0017529139722356
1562,45.25,0.2383671595366219,2470,0.0,30.0,-30.0,-30.0,30.0,0.0,78934.30420139935,4790.381726342191,4693.385392706,2793.941492138976,2031.478043930432,2045.376272880577,0.2349444653626989,0.2389352145419177,0.3108193809119882,2.046840235247469,0.1457117820623882,19.55737635009489,2.7238320028806724,13.368107249005169,5.628393614563077,0.0013417374481382,0.0009662583244043,0.0001618589704916,0.0011459965568141
1563,54.7,0.3088206779717169,4521,0.0,30.0,-30.0,-30.0,30.0,0.0,62772.89142511297,4091.9022343746014,4022.800687560849,2426.4117264015417,1587.997986212768,1638.3908318154265,0.3128990163226169,0.294797819356241,0.3461381018673469,1.0863320436024009,0.446238509173929,49.318516425040784,8.005231422234319,34.99510648622345,15.210859587377696,0.0041693055169889,0.0031644913078134,0.0005542233571356,0.0037501482500169
1564,61.53,0.2450989014291791,2936,0.0,30.0,-30.0,-30.0,30.0,0.0,83090.00598161879,5691.837934679824,5457.401406839274,3473.6687833242927,2319.3864191161088,2329.641184498198,0.2632127190293193,0.2532054737030393,0.3464160171071316,2.318281897417403,0.2780137150020368,45.76341394767016,6.824475352854566,31.38233114697189,12.967812776909357,0.0026730011345044,0.0019761372414375,0.0003514121839365,0.0021888757204886
1565,55.82,0.3223176257755818,3999,0.0,30.0,-30.0,-30.0,30.0,0.0,85545.71554328866,5598.400009781924,5208.503478428922,3237.0861859649167,2149.8712142091917,2236.461725113504,0.2879854081987327,0.2839814089073133,0.3445268060449337,2.2523715457540803,0.3978431500078496,58.99859950326502,9.058560254238545,42.88330035224949,18.314787915431687,0.004064501353952,0.0030442092270165,0.0004852476968779,0.0030840844855093
1566,55.4,0.2219391839037025,2179,0.0,30.0,-30.0,-30.0,30.0,0.0,90913.74701780768,5790.387453850341,5313.278639424152,3326.628600860634,2366.6397519602083,2263.738529509468,0.2440098988785622,0.2304213680013453,0.3747301729402991,2.832074122277307,0.1081391749599374,16.24227081156549,2.667201439528714,12.109306197007175,5.302172498059376,0.0010341976879496,0.0008084349477627,0.0001401946506656,0.000868791722304
1567,45.17,0.2781496105301815,4714,0.0,30.0,-30.0,-30.0,30.0,0.0,76116.25467751683,5295.431726653327,5204.618721484457,2870.3391512239377,2013.5096204851925,2079.8800559284427,0.2878681041393606,0.2765540597190509,0.3229642506786335,1.8660963137389053,0.3139346884451185,46.044816491823866,6.881143938379882,32.24033400427667,13.657279815126303,0.0032795828054024,0.0022625063340395,0.0004333020457571,0.0026635576073531
1568,60.14,0.1930678933466957,2347,0.0,30.0,-30.0,-30.0,30.0,0.0,68484.5508342407,4202.997798593918,3896.9787980205942,2529.554186013641,1603.3409463408082,1621.0564098257803,0.2540933381326628,0.2530453708265103,0.3352589195630916,1.422593949859911,0.3288810810066581,39.47208878497478,5.9003335943093465,27.07898908254916,12.242721558482614,0.0032592255396907,0.0023957250097368,0.0004175307406657,0.0028992030017548
1569,48.77,0.2962958014856295,3835,0.0,30.0,-30.0,-30.0,30.0,0.0,61884.92976042425,4123.809024704608,3891.135635973892,2217.793692329225,1586.1677517886003,1549.0454224711984,0.2558409860448608,0.256939289022511,0.357289118772982,1.3360504906708115,0.149550613461686,17.118504975108554,2.333496942569311,11.513369071574015,4.995475511242858,0.0014749890425938,0.0011769133650078,0.0001867581535164,0.0012057891526729
1570,54.92,0.2182945852803647,2651,0.0,30.0,-30.0,-30.0,30.0,0.0,80542.33809990717,5616.512228814955,4865.224235356336,2940.749108137474,2186.3795113983742,2137.7858106559825,0.2855183338383808,0.2556693367153605,0.3618528963555607,2.0316589642303877,0.3421021854369109,51.91472908940797,7.45656617385301,34.91631753265913,15.415270899385606,0.0033168541828942,0.002538636526808,0.000430734568742,0.0025812049701898
1571,48.09,0.2133551310254009,2189,0.0,30.0,-30.0,-30.0,30.0,0.0,67807.92695195523,4753.420137795812,4350.858213633052,2612.1790046849665,1710.6212159040124,1708.6851373912784,0.2911287000057618,0.2903835329960468,0.3061845430614852,1.2002609592063491,0.494545558774382,62.4583542362379,9.856855829641662,44.32740164161076,19.14426914363293,0.0049815916505988,0.0037315510232418,0.0006919891549477,0.0040963643578448
1572,47.32,0.20917675560071,4383,0.0,30.0,-30.0,-30.0,30.0,0.0,62647.63642233068,4268.6283443164375,3979.8792006419126,2106.483041553957,1573.8181290017274,1571.7391541184384,0.2715455364951857,0.2377333557408838,0.3543865031904502,1.105027992590387,0.1883790514686836,23.36555801981365,3.500435216108256,15.95928019294039,7.130901298716854,0.0019898077702687,0.0016385965663184,0.0002777494010727,0.0016035609454873
1573,46.68,0.2714797651976763,3845,0.0,30.0,-30.0,-30.0,30.0,0.0,69123.7198552125,4619.013761035349,4375.428428551581,2462.9022943177188,1882.5586347277224,1810.8073697984053,0.2509976762578738,0.2350886681577273,0.3191316626046436,1.6084533345490415,0.1878312920363906,25.539008290953262,3.719448123784202,17.339793452878403,7.209244010576438,0.001873218999961,0.0014872326963116,0.000265361951461,0.0015607364533888
1574,64.64,0.2978942833353246,3607,0.0,30.0,-30.0,-30.0,30.0,0.0,82179.04004441762,5345.523719098168,5418.851754575825,3054.6365395788835,2111.0473958095363,2206.838026548264,0.2509101204020511,0.2155939555468803,0.3158339634256464,2.122184022256272,0.4213521836450551,61.55821375726266,9.20503012720488,42.96734978355697,18.63496149880833,0.0042664637140314,0.0035119598550356,0.0005232753627458,0.0033329553337109
1575,60.38,0.2039310174277235,4282,0.0,30.0,-30.0,-30.0,30.0,0.0,63256.6252019788,4557.626743023829,4359.444014855386,2496.1366725366515,1628.0642754346588,1752.3525011820052,0.3262710556881548,0.3124593660549849,0.3820357479835164,1.2556685700840469,0.3524486588210164,41.94863462321658,6.246097763134827,30.35183566005925,13.562592686568689,0.0034355515966065,0.0027731068038855,0.0005149960905234,0.0028380119048939
1576,64.07,0.289426682396452,2055,0.0,30.0,-30.0,-30.0,30.0,0.0,82268.88275416203,5089.761775865987,4967.158870282416,3052.6003866389424,2244.462182915683,2229.131127279166,0.2861120478407418,0.2703828272534668,0.3326803739854529,2.0140705100864804,0.3479149211587989,51.25243735446645,7.773831898771393,36.59192926337423,14.906065239929235,0.0034322332769436,0.0025036719392563,0.0004338688515051,0.0028955969195244
1577,50.29,0.2020436887129746,4718,0.0,30.0,-30.0,-30.0,30.0,0.0,75951.58151075404,4834.055593398302,4432.551039798721,2590.978542418348,1841.2209337810916,1850.4924286159803,0.3173459063789057,0.2877061473914861,0.3321416773623921,1.735862081867389,0.3109160996550361,39.35476512646604,6.203882440230507,27.974392485056484,11.999073249581118,0.002983098631159,0.0023466774244797,0.0003696817848191,0.0025073558345893
1578,64.81,0.2461421735504861,1742,0.0,30.0,-30.0,-30.0,30.0,0.0,71144.26876342033,4225.995539245182,4195.087103173433,2373.988919651699,1760.4711276996843,1733.1921509703054,0.2498838477774728,0.2336105345222915,0.3603425024879909,1.3114518892833196,0.3539122774191545,41.89888244566448,6.59464162428054,30.027275458033223,12.942496586750948,0.0035503241452309,0.002601644491097,0.0004478397831816,0.0029827100685111
1579,43.17,0.2224910880428036,4186,0.0,30.0,-30.0,-30.0,30.0,0.0,82931.6533328847,5294.372366092825,5390.74557029441,3350.5952389993595,2124.987906802027,1964.9525150866305,0.2538096318893136,0.2388487494627325,0.3650564414733881,2.2280882113887563,0.2028335528010025,27.8782309263293,4.340196048190378,20.917469785619847,9.053960157511115,0.0018957230692544,0.0014773055445426,0.0002520297822795,0.0016739387337509
1580,46.24,0.1952297531195281,2043,0.0,30.0,-30.0,-30.0,30.0,0.0,74752.18552653337,5458.588407414609,5059.365038892989,2688.4610406367296,1990.5818571197667,2165.069387992497,0.2466221128190983,0.2342784386685515,0.3518842139206342,1.9150448958450352,0.2705210447579615,40.26383240785076,6.2632572882189725,29.434871427143445,13.04963459600635,0.0028703433517055,0.0021054409767236,0.0003606962042013,0.0022798416760717
1581,48.05,0.2597495754286157,4413,0.0,30.0,-30.0,-30.0,30.0,0.0,66105.14298634858,4907.020181864354,4746.435129430422,2717.4696028684198,1725.173481921178,1741.2917238694183,0.2678422822768134,0.2578081432289901,0.3719421770565551,1.4798329066176936,0.39861227377988,52.54208341000057,7.540906778924217,36.07140846342646,15.017937747832288,0.0037795793686544,0.0031038627627829,0.0005267190053629,0.0032329107914756
1582,59.04,0.297563988827316,2513,0.0,30.0,-30.0,-30.0,30.0,0.0,76671.95448111733,5109.336933556838,5108.577780968162,2684.521568702772,2020.156969360757,2038.910343378938,0.28916077860554,0.2737385673665544,0.2923129670441077,1.615099138914745,0.4049229226917248,55.02040934729211,8.360850933916344,38.86318414616947,17.15282115441225,0.0040467632614511,0.0029932989489761,0.0004953135557752,0.0033085421322259
1583,49.82,0.1944784684385528,4269,0.0,30.0,-30.0,-30.0,30.0,0.0,89210.66549585463,5853.812902383675,5247.419676009947,3246.7690044402634,2331.255887151872,2261.798554825686,0.3087316021841144,0.301567307276388,0.3678989065260785,2.651084278148172,0.0797120700698655,12.879573888487776,2.0114117549008608,9.18914782153923,3.8837025968708088,0.0008083854344344,0.0006056298377089,0.0001067223229155,0.0006606683603108
1584,54.44,0.2010303653170311,2082,0.0,30.0,-30.0,-30.0,30.0,0.0,85086.01831466118,5092.826779030267,5070.4915844083735,2945.6462688604543,2246.2916350576365,2206.0183804806743,0.2622541642220973,0.250408937399791,0.362770750791898,2.3895693881934976,0.177161126783999,25.41658790953526,4.071244794138442,19.019553335956303,7.658788403028488,0.0018154352615145,0.0013746237497353,0.0002206679698865,0.0015109519559382
1585,55.7,0.2692383474114445,2600,0.0,30.0,-30.0,-30.0,30.0,0.0,66627.32434603387,4448.52920485546,4055.462626725373,2373.68353655428,1817.515607684173,1682.2837286521246,0.2588109409515758,0.2381138192500827,0.3632984006205775,1.1777479256796288,0.4720739193976388,57.57935915458734,9.077312437941544,41.154371416241,18.13930188881496,0.0048749717547703,0.0035132817939998,0.0006153957236765,0.0042793713650883
1586,51.3,0.251014859673788,3036,0.0,30.0,-30.0,-30.0,30.0,0.0,79933.19571619462,4828.627145948232,4456.007013743398,2724.168194945493,1971.6969648786817,1983.942346186768,0.2423031404317709,0.236434419869753,0.3227766809118234,1.9686877320602905,0.1410235682608969,19.003771751118517,2.824403215018518,13.436420181448543,5.774638116296594,0.0013034588791923,0.0009556614423819,0.0001653990876923,0.0011547184817414
1587,59.86,0.1971287391149067,4095,0.0,30.0,-30.0,-30.0,30.0,0.0,87634.3506656526,5641.161590870308,4757.281611999912,3047.646113730573,2188.571791333555,2167.5834838855467,0.2830923909814021,0.2695095236684951,0.3115382437161783,2.420647659044844,0.2751479896832174,40.467538286733614,6.348659900516242,27.37644948777548,12.470436731758769,0.0026411405176776,0.001989383206912,0.0003382126879381,0.0022270903528906
1588,42.33,0.312457709082093,4649,0.0,30.0,-30.0,-30.0,30.0,0.0,72213.2839305233,4352.575815574271,4318.044040905503,2695.7198648354592,1850.202692988494,1935.370617177233,0.3024680500200479,0.2804740948099784,0.3678624662935514,1.6291673119364285,0.3704217601018674,45.37015768678284,7.212521089577734,33.13992811291548,14.870858587139724,0.0036084609355234,0.0025974189754741,0.0004614158327915,0.0031175745679407
1589,58.75,0.2127930746858626,3611,0.0,30.0,-30.0,-30.0,30.0,0.0,87553.44439109154,4899.102733983894,4553.445397418889,2962.0528096344938,2102.0464640449586,2104.7016141173744,0.3217206530849248,0.2948248065434529,0.345310871301433,2.2091218453830237,0.2743288481169786,40.41303433240845,6.323109548614662,28.144262909980068,12.671729864207387,0.0029206134939047,0.0019762663996933,0.0003421548692266,0.0023346242635279
1590,63.41,0.2033688672964381,4345,0.0,30.0,-30.0,-30.0,30.0,0.0,85919.17965337628,5628.78915683246,5311.372313242944,3091.550126396022,2213.05310301495,2156.231149596969,0.2715059937278205,0.2536367778669173,0.3431212017775103,2.285470174407852,0.0447840333524136,6.861791615899392,1.0362076765739974,5.191073754033754,2.019398530986793,0.0004512002008962,0.0003310329447153,5.55172750799043e-05,0.0003712125982078
1591,51.37,0.2708704561738858,3011,0.0,30.0,-30.0,-30.0,30.0,0.0,75906.2412168966,4613.036963822337,4363.518341091781,2855.730307330902,1837.3907066366105,1863.322078000287,0.2637679588409063,0.2542661014764908,0.3264320306975717,2.117777402654457,0.2146946246675015,30.53984048772869,4.586082599778854,20.761935232463763,9.13388645148196,0.0020871461504163,0.0015564636132954,0.0002781156864452,0.0017691102188841
1592,48.18,0.1888375572067441,3499,0.0,30.0,-30.0,-30.0,30.0,0.0,80158.249584555,5536.747976683852,5283.877038889897,3012.3342587972147,1933.755631867179,2017.2751336457188,0.2620861043931786,0.2545932808056768,0.3284254676364973,2.1396473613342644,0.2793039077394792,42.87988777389109,6.1555304492515726,30.25067406715648,12.820293142378128,0.0028052678823424,0.0022540178799811,0.0003970737564383,0.0024096673255196
1593,61.72,0.2374979747551013,1510,0.0,30.0,-30.0,-30.0,30.0,0.0,62627.76514839468,4508.745825252653,4103.610434620919,2290.50684740804,1820.379459018254,1660.0362235861774,0.2833002491145491,0.2858659135249926,0.3661604651892195,1.260435087278462,0.4386526126746416,48.75656662259984,7.240921356047368,35.10123215066868,14.144090669010293,0.0040711659300833,0.0033153816168927,0.0005324136167191,0.0033341053321933
1594,58.32,0.1840506363299653,4969,0.0,30.0,-30.0,-30.0,30.0,0.0,63996.71460903755,4175.822568484673,3835.208794858897,2492.451125592499,1619.8951705904694,1592.518587376927,0.2564826686724722,0.2487985525470183,0.327228681985555,1.555797189618302,0.3510360874755842,39.597466118274745,6.00524296631705,27.409162949359835,11.667822986501053,0.0035353367499774,0.0023951088001848,0.0004284533989874,0.0028532229855734
1595,64.3,0.2135029026267212,4493,0.0,30.0,-30.0,-30.0,30.0,0.0,70442.88102017452,4747.562419087631,4619.544507998947,2684.7723788280155,1960.704281067333,2038.90648388628,0.2898918308351738,0.2824470126085697,0.3303717570838673,1.9534329556394991,0.1282556798947267,17.508237133348864,2.578432297236689,12.244823610020749,5.541791525885978,0.0012648345303394,0.0009115565330469,0.0001712390492309,0.0011114350335526
1596,56.6,0.2238128610371434,4100,0.0,30.0,-30.0,-30.0,30.0,0.0,60576.78390019901,4361.296809883629,3965.84319012244,2335.1807767046907,1740.3869595866654,1477.1762128464168,0.2406304410415319,0.2362083194930517,0.3079969461554412,1.2887312699094555,0.2032442168868186,23.70019058552752,3.3919663126177784,17.425775876779962,6.899983716651907,0.0019958262897481,0.0014907128001313,0.0002579893026808,0.0016552482893386
1597,61.25,0.3141510086648267,2967,0.0,30.0,-30.0,-30.0,30.0,0.0,68117.59371497922,4456.344584602568,4125.258263823924,2434.6208919984574,1766.1569188301262,1795.8822305482731,0.2779392667690826,0.2481161855919217,0.3691779883773434,1.547026617786929,0.475779332497786,63.112595003403605,9.145849030379548,43.86658150534476,18.66149391350814,0.0050552325845197,0.0037176223116624,0.000620572032141,0.0042552471431082
1598,53.36,0.2608662616131588,4759,0.0,30.0,-30.0,-30.0,30.0,0.0,71446.00294002343,4520.082490063964,4409.548571176551,2502.0778889082185,1858.2845253795133,1844.09346317468,0.2893899173198401,0.26318287517741,0.3728890918416572,1.4483282482336122,0.5185922401435492,64.89955237200793,9.662583501584258,45.37372488651887,18.642692793801597,0.0049099282812353,0.0037147366411786,0.0006668291085259,0.0042168303507141
1599,64.2,0.2420351345668642,2392,0.0,30.0,-30.0,-30.0,30.0,0.0,80094.540222487,5079.9795460716605,4999.413325210936,2687.174837445529,2136.774191036291,2087.517570309676,0.2997129182849189,0.261980283712553,0.3459754371516331,2.086603298641789,0.1840499175499765,27.53096748195981,3.873180370359238,19.0455877040873,8.026439063995111,0.0018188843393751,0.0013613976444938,0.0002269478379603,0.001550331402481
1600,45.3,0.2752524204987615,4878,0.0,30.0,-30.0,-30.0,30.0,0.0,69485.36230818732,4498.170757097886,4379.188742005095,2574.0380585080657,1903.2851948795023,1836.534107092182,0.2649502908834494,0.2588974192837309,0.3272393788886318,1.7082779614401762,0.1521212525666329,20.221496477770916,3.070770737449267,13.74627762287649,5.838325408890518,0.0015137513738121,0.0011175310338216,0.0001999736409052,0.0013784674016366
1601,48.07,0.2466999045825434,2599,0.0,30.0,-30.0,-30.0,30.0,0.0,70796.4643186264,4868.94607348659,4970.427059269482,2397.028570663139,1715.807913886134,1795.7996942351003,0.2535126493125153,0.2310029494327383,0.3574398401609335,1.899555369932985,0.1363284594641051,17.51720172243452,2.831080497540248,13.659131995499015,5.283551068783423,0.0012712925459152,0.001089089813588,0.0001768951246516,0.0010478788239172
1602,48.44,0.2853006657697434,2661,0.0,30.0,-30.0,-30.0,30.0,0.0,82675.48758185352,5389.241462910784,5201.925718833181,2982.133217280931,2101.772999321568,2079.6607264223294,0.2948229494307082,0.289369091606596,0.3316807298877399,2.3977030491831672,0.1051929983906842,16.443871347062004,2.254614284020461,10.87796974545214,4.710329780704379,0.0009782137020738,0.0007725952562838,0.0001372702169193,0.0008252040036424
1603,43.26,0.2928010399949106,3867,0.0,30.0,-30.0,-30.0,30.0,0.0,81989.57070890855,5650.9820964058,5726.622407777352,3244.452013906837,2184.7528494292374,2269.5521149340184,0.2879502290933302,0.2765942545676104,0.3186477113251328,2.598358877642888,0.0911077711622523,14.400026699716667,2.14276656149903,9.7770766072625,4.295639502278833,0.0009036633275234,0.0006796859669672,0.0001113085264859,0.0007171502203732
1604,52.13,0.2361656903003908,4991,0.0,30.0,-30.0,-30.0,30.0,0.0,79427.51604671247,5191.307944546931,5285.778950528968,2967.17028843725,1945.2069149389392,2078.564110281647,0.3083842334164288,0.2869818879496874,0.3949974706424997,1.9774083490640928,0.3912670356452239,56.96431757923767,8.698173196369812,41.38240294978967,17.238257182877668,0.0039073732685735,0.0028911280692242,0.0005166894282976,0.0032766065558812
1605,62.35,0.2634064413523815,2907,0.0,30.0,-30.0,-30.0,30.0,0.0,69427.7673362482,4318.151507163313,4192.407394958708,2540.303610876884,1807.684969668997,1856.5501877538288,0.2726791353509116,0.2650287535271277,0.3247437861705342,2.091874921198126,0.0939964700587173,10.696373104474212,1.566890662905683,8.180884155899333,3.332911577674467,0.0008787571424501,0.0006447551375335,0.0001133532255939,0.0007594420597652
1606,41.21,0.2950428511030433,4622,0.0,30.0,-30.0,-30.0,30.0,0.0,81707.50921413749,5561.69112502074,5143.633683868275,2795.407229374181,2101.799835336698,2105.743393913183,0.325002262771458,0.3132806372690268,0.3257217966035405,2.5516576222072724,0.1282389438066526,18.096535184091923,2.9389866916197245,13.028020527683884,5.643727174900739,0.0012667828728647,0.0010188680099181,0.0001591295575546,0.0010825098666466
1607,55.65,0.2231099144864486,1907,0.0,30.0,-30.0,-30.0,30.0,0.0,65769.45035635929,4501.185121944692,4090.548541822408,2306.6435102642354,1722.1968037753306,1858.740956724237,0.2783596092237088,0.270715015767961,0.3187320039058558,1.572362265816992,0.258578695621067,31.30555959982945,5.027102540974921,21.96968475825447,9.43494170706172,0.0026798016599764,0.0020692529783868,0.0003376316515355,0.0021237374520383
1608,51.49,0.2283707280523524,4927,0.0,30.0,-30.0,-30.0,30.0,0.0,64036.5422629026,4337.84307256068,3939.794062677303,2374.417890708426,1545.732273607154,1651.350665850037,0.2545670217003222,0.2480197988338731,0.3193875598794501,1.2973549368106525,0.197818592140968,23.0446271380138,3.4781549206724303,16.333986061030707,7.103671850726708,0.0020608942704548,0.0015543953951048,0.00026135314019,0.0016080433512602
1609,63.24,0.2489182921646442,2008,0.0,30.0,-30.0,-30.0,30.0,0.0,77494.05846300506,4990.421024946048,4426.199503066761,2587.587285317325,1934.9906985225728,1832.833700732871,0.3042516353404348,0.3186922301205952,0.32386440101039,2.257589171285218,0.0847121731431198,11.653886828585604,1.7328921487300026,8.622102914795857,3.5384501859670325,0.0008553687863611,0.0006270183346559,0.0001084297049922,0.000751897836525
1610,51.03,0.258886037246691,2147,0.0,30.0,-30.0,-30.0,30.0,0.0,75536.98666123777,4606.447032029108,4112.053468046498,2656.585980009624,1843.002668685207,1987.0184582030167,0.2805701774360722,0.2867744427901137,0.30787739248951,1.7586787718393972,0.1784345436029319,23.71991190484129,3.400211581743286,16.30143331101323,6.804587119170933,0.0016338602001871,0.0013234749187141,0.0002308368321969,0.0014683988252144
1611,64.8,0.2321366881530966,1502,0.0,30.0,-30.0,-30.0,30.0,0.0,78277.38955474201,5189.720762793774,5276.332036620435,2790.1502050438344,2041.4371156922143,2090.728875460112,0.2859574309504674,0.2863735381383629,0.3051183761256949,2.288599552517617,0.1928548787279282,29.321912826939677,4.590144812213904,20.306324384518653,8.576002949544124,0.0019550161065759,0.0015387664222202,0.0002510825682597,0.0017433834594365
1612,45.06,0.216482175302624,3252,0.0,30.0,-30.0,-30.0,30.0,0.0,89357.84855971222,5621.71671715078,5249.808547466259,3601.568693466393,2199.5775221207773,2146.1604309118347,0.2871934352540986,0.272693638755582,0.3548588476379131,2.3609791034368297,0.3700792988412447,58.56627273535805,8.4760145775972,39.97649543436889,17.492062844931834,0.0034339801636117,0.0025359313427385,0.0004568434118414,0.0030318794191979
1613,62.74,0.1924076619353263,4320,0.0,30.0,-30.0,-30.0,30.0,0.0,73314.60577999351,4614.069262283159,5009.006198714439,2713.7045987016872,1760.2528354543035,1726.4190965536968,0.2404907823922766,0.2400610818880765,0.3724742416345262,1.3734784824619728,0.5143374026317592,63.99224759539152,9.986566971267973,44.2437640154937,19.082534376353404,0.0048583928337473,0.0035880477713142,0.0005957779683199,0.00401691445725
1614,47.55,0.2552381225817481,4162,0.0,30.0,-30.0,-30.0,30.0,0.0,80445.13943409939,5627.309127311155,4974.335760073917,3079.5119007285725,2286.800861690365,2287.075118846871,0.2980861965895873,0.2715900286028802,0.3526307209618299,2.189060983235757,0.2893371392295268,47.13344876852271,6.5299614348054265,32.44892186255941,13.621859617785466,0.0027044339040614,0.002205926519726,0.000378071787459,0.002353244929551
1615,42.33,0.2015424504908907,2622,0.0,30.0,-30.0,-30.0,30.0,0.0,80562.2141691998,5819.538384705833,5606.743367018142,2986.710820748948,2324.921084809246,2308.5418528466366,0.3115789162418615,0.303555768824904,0.3157508760765545,2.0548653831665757,0.3698418453189624,60.20856670662534,8.794977635616249,42.7298800844745,17.22081095522856,0.0037768556016214,0.0029775537745251,0.0005145704821512,0.0031742332940137
1616,46.26,0.2446787764172805,2976,0.0,30.0,-30.0,-30.0,30.0,0.0,85120.39863047589,5308.640908584496,4893.814653083858,3079.0347935559826,2045.7515104579727,2125.7198346809064,0.2492163884468362,0.2372217357753724,0.3354941117476094,2.032528460188129,0.3669827449612715,53.97410754865597,8.136241519842846,38.08315909536546,16.03169678469652,0.0036308408992514,0.0027637866697829,0.0004320805611261,0.0030207550764974
1617,56.61,0.2667568120341895,3023,0.0,30.0,-30.0,-30.0,30.0,0.0,86650.35264676479,5577.738850109792,5186.519752664787,3151.658302888594,2298.3257480704306,2209.379611030618,0.306899369185424,0.2926601397581957,0.3725402708751498,2.34970099268178,0.411469160543103,61.908862750085184,9.250882131024124,45.43495383547795,19.324563721309445,0.0041114614897146,0.0029166833810613,0.0005236140831755,0.0034333050178815
1618,44.14,0.1855138956207144,4157,0.0,30.0,-30.0,-30.0,30.0,0.0,75648.92828745212,4775.331767445541,4867.593822939397,2770.4828706985263,1867.989052419569,1866.5489133986212,0.2572416548889031,0.2506039517325473,0.3101892544855517,2.149078457974243,0.0807569753129554,12.092163315142308,1.8217822093949552,8.089998232726616,3.418194147323208,0.0008219504014416,0.0006070158329518,0.0001081697818958,0.0006884777144543
1619,55.64,0.2089018003116763,3123,0.0,30.0,-30.0,-30.0,30.0,0.0,70667.12030399736,4843.839886377255,4618.435804041525,2503.505089965053,1943.4692019933464,1924.5331759757603,0.2609201630402416,0.2460340101354913,0.3743920077823593,1.4890203793121055,0.4811045596852175,63.01804565726344,8.711594053823136,41.83041341529261,17.80042648101813,0.0046636117606667,0.0034917134959122,0.000573706133125,0.0040819995182244
1620,57.49,0.2802403638991755,4473,0.0,30.0,-30.0,-30.0,30.0,0.0,62929.21945129168,4636.61837538949,4120.306520531188,2340.320590796063,1692.4820113474248,1843.0481157588565,0.2556560710935077,0.2416871335430727,0.3369878489686792,1.5091736871684225,0.1002650566772271,11.779467418724163,1.8647662236102744,7.978432781508767,3.709535997610959,0.0010155132769447,0.000779504754157,0.000128737094958,0.0008438635819409
1621,50.73,0.2178438423078307,2459,0.0,30.0,-30.0,-30.0,30.0,0.0,70786.36899202202,4513.481859119821,4069.049518426497,2423.5805320316235,1660.87947352327,1625.6859457187688,0.3247987849823711,0.2882578530435201,0.3017953758843297,1.5360792838554989,0.0752078266765002,9.259026508390496,1.4172957989344153,6.46410419695397,2.7692462971056684,0.0007889309067685,0.0005646742170384,9.467041385280732e-05,0.0005967519273173
1622,57.59,0.2342569943708928,1873,0.0,30.0,-30.0,-30.0,30.0,0.0,79320.03548360907,4924.6021126892965,4733.556048843908,2912.2679695031484,2097.558995433811,1907.335426283179,0.3060295055688859,0.279153437769349,0.3562023771114818,2.116803903204118,0.2811014169331877,38.98873730328847,5.799721538720964,28.01781719626164,12.055129003487547,0.0027219211084529,0.0020054475815149,0.0003646157861388,0.0024952949419311
1623,45.34,0.2750024959307608,1504,0.0,30.0,-30.0,-30.0,30.0,0.0,80198.20616892951,5300.522879204058,5026.056801885201,3063.464249607458,2203.067095016149,2244.905577279897,0.3187714089220533,0.3047095872849235,0.3677249969492624,2.232296072900532,0.443479979146601,64.1118604656103,9.734003604596795,47.88983073599618,19.200677901397192,0.0045001843966673,0.0033603771529724,0.0005646978520763,0.0036873699296561
1624,43.32,0.2453574600714647,1819,0.0,30.0,-30.0,-30.0,30.0,0.0,65948.35752161208,4373.954819275044,3896.6106300155216,2505.848519511937,1783.1166679305882,1735.4855916146596,0.2876048880189915,0.2815512059100892,0.3465416564699277,1.8020793087880045,0.2024208966517263,25.42840786264979,3.571378239156012,17.588760719325123,7.927786562204965,0.0020695496643341,0.0015205058173834,0.0002475160761072,0.0016486038863437
1625,52.99,0.2242074134427911,2426,0.0,30.0,-30.0,-30.0,30.0,0.0,89109.79250428412,5630.416304804072,5459.958807609409,3106.428614656006,2061.69459887454,2169.712094656869,0.270950311049257,0.2531691178527532,0.3315658126268335,2.749360960111812,0.1310593906840958,20.17465711938728,2.9388407158508496,13.472204677169625,6.082056847067366,0.0012223202306967,0.0009468139280648,0.0001459397594097,0.0009882737963409
1626,40.23,0.2952824907205,3322,0.0,30.0,-30.0,-30.0,30.0,0.0,75793.56101314652,5267.2523262969,5224.553244766269,3031.2288787002426,2012.339699039319,1945.207471245199,0.2475538200673177,0.2240577034618673,0.4000599349243787,2.125832712114259,0.0668850733420546,10.195699788477718,1.5375923017681128,7.2324847467222435,3.10775607002054,0.0007153968878298,0.0005407016576254,9.044992819558172e-05,0.000601966191759
1627,48.59,0.1828328928896405,4349,0.0,30.0,-30.0,-30.0,30.0,0.0,67202.69002997392,5072.469428404006,4592.879646043581,2458.8718601018336,1769.4699094948676,1786.4149623814462,0.2654430790260302,0.2607484473463191,0.3263478602128193,1.7503632824079336,0.0954533223731343,13.538055327596572,1.9305179602522915,9.259802172837254,3.9784103891554174,0.0010236727681594,0.0007843675182297,0.0001415060753668,0.0008340590690158
1628,64.7,0.1969008967178067,1993,0.0,30.0,-30.0,-30.0,30.0,0.0,73335.28440801625,4709.411108761479,4238.857631344929,2643.134376904206,1882.5858784156749,1980.0434882546144,0.2884111753567293,0.2918906330276575,0.3246456563521269,1.7924651793382451,0.1860911505110778,22.696882885720257,3.3912339503905464,16.062941736441857,7.171605230017957,0.0018138182144821,0.0012914054512377,0.000207788309669,0.0014860714530872
1629,57.35,0.2217750990651068,3229,0.0,30.0,-30.0,-30.0,30.0,0.0,76329.30261689589,4729.209341326342,4725.890842698695,2783.369265804773,1961.619346265611,1884.244525217959,0.2731832028277379,0.2612606407152642,0.3560220073722213,1.8732071905409544,0.4296890493559127,54.58395924007106,8.706135692065601,43.42895191923328,17.660664739164357,0.0042163126661016,0.0032400985856918,0.000534387602721,0.003448508944021
1630,41.77,0.2473560634424673,3456,0.0,30.0,-30.0,-30.0,30.0,0.0,84436.89349695494,5966.706850902702,5518.049247586088,3392.234982136133,2239.313414694367,2266.212471923612,0.2855945242708831,0.2780572478985247,0.304807606205292,2.425808255652325,0.273414954789106,46.05992914494032,6.770262627026102,31.904134616673343,13.70837619012647,0.0029405128978319,0.0021417071968294,0.0003722663034219,0.0024655207997007
1631,42.23,0.2281883046598242,3069,0.0,30.0,-30.0,-30.0,30.0,0.0,65547.59904171439,4951.659657773664,4728.699583289643,2760.6636061032427,1885.1625859564276,1841.1194964437905,0.2617834825901452,0.2546054982842817,0.3244716302873284,1.9916123803012893,0.1434081612739486,18.699378848663624,2.763227551791983,13.46564231283121,5.409627138381316,0.0014208739550917,0.0010258520436169,0.0001901399235186,0.0011579386729376
1632,42.56,0.2305624032866996,4801,0.0,30.0,-30.0,-30.0,30.0,0.0,68780.16382688037,4823.328453127505,4610.64435936224,2719.4666897716347,1935.766216999866,1895.7739445107964,0.2608009359131728,0.2477378720961469,0.3493744020121231,2.305738263152383,0.1013394653634376,13.38559138712573,1.885270093447188,9.26673870707839,4.097343297017286,0.0009279531086398,0.0007072070773822,0.0001270429419074,0.0008304769696196
1633,49.19,0.1888375572067441,2783,0.0,30.0,-30.0,-30.0,30.0,0.0,80158.249584555,5536.747976683852,5283.877038889897,3012.3342587972147,1933.755631867179,2017.2751336457188,0.2620861043931786,0.2545932808056768,0.3284254676364973,2.1396473613342644,0.2793039077394792,42.87988777389109,6.1555304492515726,30.25067406715648,12.820293142378128,0.0028052678823424,0.0022540178799811,0.0003970737564383,0.0024096673255196
1634,43.43,0.2860878120012929,2725,0.0,30.0,-30.0,-30.0,30.0,0.0,80581.42742066033,5477.516053472695,5108.109754167013,2953.925643798716,2133.893297095012,2133.154539252983,0.2805149476879379,0.2875925148123755,0.3476212762370611,2.4394904883319644,0.1043932027286239,17.076275141899014,2.5363039220313635,11.685916475523143,4.937198429537496,0.0010897494368647,0.0008318380714169,0.000141201580506,0.0009302167455089
1635,60.33,0.2353909629113912,4668,0.0,30.0,-30.0,-30.0,30.0,0.0,65370.71338138966,5107.729301197689,4895.210087516311,2710.997791039032,1824.927283500826,1819.1160518358847,0.2581837400591176,0.2536972429409159,0.3381780032387552,1.869581422719972,0.1731691502453083,21.10729831960547,3.5943318844128207,15.8053305115205,6.841175739985071,0.0016086148622485,0.0013001902713383,0.0002219648906671,0.0013582756546188
1636,56.04,0.1861696986711537,2045,0.0,30.0,-30.0,-30.0,30.0,0.0,63410.33827452758,4042.524191444888,3792.462446968538,2087.5219274487163,1548.918732258267,1536.1164108275016,0.25957183759386,0.254378744409349,0.2947708464215088,1.0849312836632583,0.3943127520157561,44.26933976387743,6.857389477258601,32.677371097678886,13.057042710291816,0.0040331022154833,0.0032495826277846,0.0005262260722859,0.0031269967506739
1637,43.57,0.2517749631292779,4273,0.0,30.0,-30.0,-30.0,30.0,0.0,65694.59681483642,4292.135038710505,4169.339016315721,2516.409014223577,1646.1157974875764,1564.1420750567645,0.2728157315815699,0.2655254587573412,0.3274050691748615,1.3965903679325462,0.346261041291631,41.737228856655165,5.878979250828676,29.4370547187506,12.607534943906296,0.0035694783599656,0.0025094680328014,0.0004637558166104,0.0029113149440679
1638,54.08,0.1907491213444038,3672,0.0,30.0,-30.0,-30.0,30.0,0.0,58787.295728984966,3881.869820131559,3958.140342815324,2225.143023629353,1729.4286285917158,1709.0041348312056,0.2627341884405602,0.24305649506154,0.3432610617164416,1.252233390543713,0.3065419136333126,31.81239154975884,4.826009781551621,22.07726003726659,9.554038706920396,0.0029299431934109,0.0021089396759845,0.0003902847853645,0.0023509354786429
1639,56.25,0.2542790245922243,3999,0.0,30.0,-30.0,-30.0,30.0,0.0,69227.19401945923,4824.490087589088,4640.535349420561,2649.654910521238,1884.7928608426112,1871.372121593092,0.2556016563744011,0.2345341440236545,0.3130219159198983,1.4213157082382752,0.370286778245662,51.99406493136851,7.889233752190028,34.87756046024885,15.233341352575202,0.0038037708172563,0.00306224396734,0.0004768465637692,0.0033213872801287
1640,48.78,0.2253863590008225,3302,0.0,30.0,-30.0,-30.0,30.0,0.0,77814.62056807577,4968.309577539656,4830.436742828128,2828.978126257802,1927.4615361993745,1929.798715410361,0.3146626022423137,0.3071268424682495,0.3663629885853673,2.21608855866238,0.0841994362164474,12.161128132151047,1.814905237135783,8.439024624752221,3.513968269694701,0.0008167012913948,0.0006245103956169,0.0001160174518674,0.0006821962412889
1641,55.7,0.2231256195007202,2372,0.0,30.0,-30.0,-30.0,30.0,0.0,66715.99882179238,4430.620221209271,4446.020565701023,2544.030586852836,1821.1641921580597,1745.5440913841085,0.232649806626111,0.2254255198895488,0.3187877421742139,1.4778872879415474,0.3646283364313658,43.73127589643661,6.920502085421969,32.335022715760964,14.34497964922272,0.0035216795453563,0.002780489685664,0.0004649950360532,0.0029352326979631
1642,63.0,0.2201314966076114,2120,0.0,30.0,-30.0,-30.0,30.0,0.0,63490.37771211885,3843.8991671766416,3878.8966289611594,2360.592982550588,1524.6388881305356,1529.2024023895435,0.3046879762925888,0.2808439069538505,0.3141709821626204,1.0269249797928524,0.5327542751640156,55.99946573817583,8.633502166876566,42.12327980820037,16.547325816975174,0.0051325355373031,0.0038070321217065,0.0006517008973491,0.0044945299771538
1643,57.16,0.2952059726139495,4023,0.0,30.0,-30.0,-30.0,30.0,0.0,72441.25268659656,4657.138905001707,4460.646395019515,2530.426316761958,1799.0451437754778,1826.803022452324,0.2517965835575658,0.238613819825308,0.3761739082331333,1.7631588838318517,0.3330394869484038,45.65611969252924,6.794924617544671,30.33209450757589,13.138812651093014,0.0033599615406275,0.0025265024728238,0.0004450276795968,0.0027059055491872
1644,42.17,0.2405531499040284,2389,0.0,30.0,-30.0,-30.0,30.0,0.0,81529.19926999325,5638.299997896121,5293.9821439754105,3170.53552272828,2130.30074459443,2173.5485751822903,0.2525336650736178,0.2409772387628782,0.3424219764644163,2.701754911300022,0.0460098016321302,7.847943161283232,1.105565216498516,5.631374749039705,2.293724377970979,0.0004616596591965,0.0003446919331811,6.108438706535397e-05,0.0003842399208145
1645,43.5,0.290691059726778,1911,0.0,30.0,-30.0,-30.0,30.0,0.0,75259.58251702147,4881.259577576375,4388.082208978398,2693.155559858523,1803.736790734553,1801.15499164473,0.2838236841676224,0.271681151025157,0.3727188581285107,1.3701776807296686,0.4101055499488754,56.8922175290603,8.361883200230055,39.90711724581509,16.17885631992864,0.0042642018999442,0.0030428500125087,0.0005396071865852,0.0035939589339126
1646,54.74,0.2206660317915345,2004,0.0,30.0,-30.0,-30.0,30.0,0.0,86919.56782050405,5621.118168419332,5126.047590460923,3181.6486568617006,2083.545069221017,2180.951735027401,0.2720496389571563,0.2522580753989194,0.3395643172128987,2.562441851647049,0.1193295050246151,19.58085330625673,2.9340413676877346,13.466706979690668,5.860934316433407,0.0011879093341787,0.0009161082920557,0.0001572366193685,0.0010658279240734
1647,48.79,0.2250993819170066,3072,0.0,30.0,-30.0,-30.0,30.0,0.0,67184.5546487285,4459.087851655812,4335.098209940253,2283.8706108327706,1766.103670648155,1728.5272658340778,0.2862656045665079,0.2669375041068874,0.3170143202285691,1.42097759675722,0.2539369993732328,30.622662117572087,5.440526679407887,22.38104735465541,9.396439346948148,0.0025807596290699,0.0019617540767108,0.0003211245822048,0.0021564382761151
1648,47.86,0.2263077974696636,3258,0.0,30.0,-30.0,-30.0,30.0,0.0,58507.10940853521,4117.174808192638,4118.12438313148,2316.599801643009,1587.5083456536393,1540.0875765689275,0.3088093585111213,0.2955937054092454,0.3582903832148445,1.0737075517307202,0.4036675437940155,46.03310049863945,7.14975893951293,33.18420726531096,14.164351596726636,0.0042434918409021,0.0031478598690549,0.0005785340149665,0.0033049611335762
1649,46.19,0.2602969624235726,2072,0.0,30.0,-30.0,-30.0,30.0,0.0,70863.63806871008,4806.964485418637,4538.7752383226025,3023.9877774847146,1879.941733508943,1872.873163887926,0.263097141635608,0.2500028562747706,0.333401089417513,1.755656855827041,0.2956346260920762,41.53380448697893,6.301412070162311,29.648468281515434,13.030557003046823,0.0028210464011378,0.0022196388583986,0.0004141093415629,0.0025136214198654
1650,42.11,0.2579985949540137,4140,0.0,30.0,-30.0,-30.0,30.0,0.0,78209.09536600723,4865.444535956289,4533.319317284382,2781.366535790221,2027.202004446002,2048.210890470657,0.3030078116143408,0.3210635255016038,0.3629564773550792,1.7635120991117066,0.4558543249186029,60.98460780902153,8.977203267742146,43.24586424788777,19.49419167140112,0.0044316637833431,0.0032836570005226,0.0005605557470045,0.0038485422126092
1651,55.02,0.2853836867830029,3766,0.0,30.0,-30.0,-30.0,30.0,0.0,75845.24743488646,4899.149752893606,4919.186228069152,2892.6149730954357,2161.5071524637183,2051.57897489421,0.3002104885965213,0.2842906856371859,0.3621389723854342,2.489937731051806,0.0544289527999638,8.033733868613595,1.1775504806545756,5.699353601652807,2.2204118105253423,0.0005225796544194,0.0004047277596049,6.89453090489011e-05,0.0004423338227164
1652,55.19,0.2536951351985422,4453,0.0,30.0,-30.0,-30.0,30.0,0.0,75163.87834672492,4967.234625506398,4735.87119928448,2600.289112220573,1957.4200118970384,1906.569336388834,0.308372031213232,0.2823106043378272,0.2966810524889767,1.836243863826152,0.3365342813326055,45.3273333835411,6.905197017039902,31.957900594794644,13.780718078482996,0.0035851079184763,0.0025470154333531,0.0004268757075975,0.0028085164685269
1653,63.53,0.2452512003430771,4690,0.0,30.0,-30.0,-30.0,30.0,0.0,58889.13228146,3888.6892682666576,3748.784476844252,2266.844061460141,1723.674811177113,1676.5933373512296,0.2991897451408199,0.2891001089039212,0.3706402597645348,0.8864094812854126,0.5316067547002531,61.66823392243561,8.973181748183325,41.02462132845696,18.79461055027276,0.005526586365495,0.0039570281169088,0.0007285893828728,0.0044345603570459
1654,61.2,0.265947402099455,1609,0.0,30.0,-30.0,-30.0,30.0,0.0,71160.83542699988,4593.557534948014,4581.441072762444,2418.5603028513706,1767.0985980467628,1816.269440959257,0.2787022656454499,0.25967905174159,0.3206593673932348,1.686924730770931,0.090726756594861,10.816896182119734,1.6412940810246248,7.851796783056429,3.2549208657118567,0.0009129332277527,0.0006729470182517,0.0001171281941462,0.0007661893888212
1655,61.9,0.2132289283005439,4196,0.0,30.0,-30.0,-30.0,30.0,0.0,78630.45821304445,5061.32420279297,4969.703676554795,2989.4662725998533,2047.506807873664,1893.7002433502344,0.2597460286861795,0.2447625359524291,0.3067922925405061,2.3208527026169667,0.1837546076601484,25.818592990380125,4.001596857306453,17.9971918144621,7.504333985832425,0.001948981397272,0.0013618087393095,0.0002236906925667,0.0015168799206868
1656,52.94,0.2770998854702146,2341,0.0,30.0,-30.0,-30.0,30.0,0.0,89028.39249131671,5851.312526212625,5457.012691211571,3183.308952967203,2275.9193560021995,2320.344389996786,0.265821146053584,0.2599138949503385,0.3952586850458852,2.343397832098967,0.257125232035463,40.7225511989271,6.013762369858375,28.125604767347184,11.847169689078283,0.0026574369185122,0.0018875526150789,0.0003307658425487,0.0020094505611995
1657,44.72,0.3072982174139678,3587,0.0,30.0,-30.0,-30.0,30.0,0.0,82586.03685210261,5540.929575536236,5600.014266473828,3134.2852667833654,2134.6139794747883,2117.222044077165,0.2813494188012243,0.2717020609403999,0.3512077668753581,2.4869073609459105,0.108927728448132,17.284447956314633,2.5659551155683245,11.650761849294083,4.960056150768113,0.0010857114616526,0.0008186285980198,0.0001395633515971,0.0008750735006769
1658,47.39,0.2855295951914507,3104,0.0,30.0,-30.0,-30.0,30.0,0.0,63436.4043856138,4288.759010022151,4082.289117476091,2335.823730717904,1772.5964234232808,1751.464853109203,0.2484232784322488,0.2353069165386918,0.3146919913988305,1.6028291315764769,0.1648151549023827,18.99914450161332,2.8468905338153343,13.133930881222303,6.025767907324444,0.0015870208424454,0.0012741336168691,0.0001903796261285,0.0013468350518684
1659,59.6,0.2563299856817856,1723,0.0,30.0,-30.0,-30.0,30.0,0.0,61942.85742521832,3996.585835758805,4100.4801146264335,2424.867356025759,1689.9829430449663,1609.2906601294526,0.2735887445609962,0.2486151996021184,0.3581391419293314,1.2436754832674093,0.4544592914595623,48.70147162400908,7.606421595318759,36.53923254981123,14.076360121421043,0.0042846096430232,0.0030901832486298,0.0005470295070578,0.0034758043222203
1660,63.87,0.2480711979372361,4751,0.0,30.0,-30.0,-30.0,30.0,0.0,66230.22114456589,4192.258310708898,4329.122736512922,2532.525787055833,1734.1985047151898,1790.8266684845985,0.289449715354895,0.2755727971453948,0.3701160947655204,1.576859592551736,0.3191552972608968,40.31450534942624,6.024906559133044,27.422510078726823,12.448260157464992,0.0032258335256149,0.0024266482806571,0.0004357510637536,0.0026408450520396
1661,49.65,0.2017159318394816,3527,0.0,30.0,-30.0,-30.0,30.0,0.0,86513.4478612079,5423.400732962458,5376.822637986057,2999.252948135167,2169.2614925738994,2131.924982810194,0.2549412594920954,0.2450864060188971,0.3519125968438057,2.5854151935482754,0.3016194162355364,42.365865857630496,6.982811597548459,31.827205941071504,14.326857043352042,0.0028921989972038,0.0023894502225781,0.0003784338506089,0.0025311024649666
1662,52.49,0.2509390259566918,2487,0.0,30.0,-30.0,-30.0,30.0,0.0,60182.15361539014,4063.8449893165935,4052.0351163506384,2332.937735249641,1617.5264310030232,1593.825002328951,0.3161613986767478,0.2989354167603158,0.3828188287565685,0.9275901893246192,0.4384468468858373,51.0065181863452,8.32755544541105,37.375655201623736,15.692550679126391,0.0045857315045832,0.003359144137284,0.0006234755096966,0.0038949020367342
1663,41.78,0.2490009041011539,3932,0.0,30.0,-30.0,-30.0,30.0,0.0,74138.17168224303,4970.016649353492,4860.583826983169,2790.785102275684,2036.5942912573528,1943.038836355685,0.3098857114923241,0.3048416851418532,0.3324925047191032,2.030531679881974,0.1035183140488538,15.717052733304826,2.3243133849052744,11.276495228304274,4.742288445892532,0.0010504421557641,0.0008995888692614,0.0001518795455266,0.0009368135237316
1664,64.67,0.2170120384342361,1549,0.0,30.0,-30.0,-30.0,30.0,0.0,80581.24947270296,5341.097019355682,5361.466324306065,2951.6990643667773,2063.6234925294752,2021.5252800650971,0.2346111936615616,0.2299895604108731,0.3488655347410611,1.7596992463901666,0.3363245499389768,54.14225132590488,7.87729363480441,35.36310156703563,15.34783711159891,0.0035012595361757,0.0025549163966758,0.0004634390811633,0.0028576262232924
1665,43.3,0.1702550368568146,2796,0.0,30.0,-30.0,-30.0,30.0,0.0,74232.15166277593,5281.84954299965,4746.119826730399,2799.7171117316475,1909.8413529120428,1961.11715027764,0.2741754976148625,0.2514309696586839,0.3157855737462425,1.692784338049366,0.4081536671390262,56.09465644818175,8.36114873849136,41.32749730848008,17.46144661189519,0.0039032457489447,0.0032167376141472,0.0005803036644761,0.0034987954409078
1666,54.21,0.2692383474114445,4936,0.0,30.0,-30.0,-30.0,30.0,0.0,66627.32434603387,4448.52920485546,4055.462626725373,2373.68353655428,1817.515607684173,1682.2837286521246,0.2588109409515758,0.2381138192500827,0.3632984006205775,1.1777479256796288,0.4720739193976388,57.57935915458734,9.077312437941544,41.154371416241,18.13930188881496,0.0048749717547703,0.0035132817939998,0.0006153957236765,0.0042793713650883
1667,53.66,0.2528775996237392,2996,0.0,30.0,-30.0,-30.0,30.0,0.0,67111.93770787015,4328.03432778969,4027.199254633303,2426.610205500574,1806.517095733444,1762.4503953676908,0.3138224548570273,0.2949506959522944,0.3302851942541373,1.7550599133399911,0.1583642602882936,20.595457253870123,3.134008417917717,13.837562902877997,6.012499574311455,0.00172850191706,0.0012881866278516,0.0002114833964392,0.0013486614630018
1668,59.07,0.2233930246644405,2207,0.0,30.0,-30.0,-30.0,30.0,0.0,61453.52115407648,4549.122539474207,4108.732092853627,2485.849230767151,1678.0498542400398,1553.59323105214,0.3138964603597568,0.3053950894380103,0.3343142717469992,1.1739855519340414,0.5178150561911075,58.8034248492619,8.64600211527357,42.123921343131705,17.68965468718713,0.0048282984494134,0.0039052906478845,0.0006620007036147,0.0042500065061363
1669,41.82,0.2436095657744912,4655,0.0,30.0,-30.0,-30.0,30.0,0.0,81561.05426111448,5477.908661750993,5391.252269166461,2965.2775652443447,2292.781031170141,2153.923204064569,0.3099741801393502,0.2769406758676204,0.3706778607202412,2.24658332381194,0.1577770089440228,23.83338524573147,3.587514352603905,17.049410601181524,7.112123772737291,0.0015826081199385,0.0012901477467255,0.000203431087427,0.0012971706306089
1670,41.69,0.1985027317282362,3905,0.0,30.0,-30.0,-30.0,30.0,0.0,68426.15679930053,4370.529044142105,4087.64563019722,2635.748146551946,1768.9379242973555,1758.5279274775442,0.2897741639495576,0.2632502252035673,0.3445350304626871,1.647860287087399,0.3145604133206659,40.3827346262218,6.000376953524445,28.50692410750838,12.306042058920935,0.0032795033883217,0.0024241078375096,0.0004178815539609,0.0026687741433465
1671,45.39,0.2277302957157913,2573,0.0,30.0,-30.0,-30.0,30.0,0.0,65838.24492206765,4907.600387195467,4708.577373756054,2657.3749004428514,1884.7054996807503,1858.1609226341145,0.291252948942845,0.3038981543270052,0.3239761497451291,1.791453761822298,0.1349981893029736,17.636933252242056,2.625811568178152,11.807410218455283,5.29410344696784,0.0013465333384649,0.0009851904563847,0.000173048894032,0.001130447411071
1672,63.72,0.2014114335447515,1747,0.0,30.0,-30.0,-30.0,30.0,0.0,78380.03357140084,5498.101853559055,5413.69648137902,2945.497063907025,2036.919164813737,2028.6660611372984,0.307149372684931,0.2868412746958426,0.3326909136351225,2.2428578154230467,0.1420651365518837,22.01036438587885,3.257728299553206,14.936298970977022,6.434898466227717,0.0013689477597759,0.0010607644587633,0.0001926773568436,0.0012106602866245
1673,52.67,0.233776842858587,3130,0.0,30.0,-30.0,-30.0,30.0,0.0,58640.24195967164,3868.679497030697,3887.747853547624,2252.326780939124,1679.8304385776398,1644.164379726266,0.2330665445221602,0.2353469721680736,0.3808942809095597,1.321065520805312,0.4750842716607072,54.25791343499983,8.267591000289508,38.38955150985432,15.765912357428634,0.0050821851601006,0.0035659930379066,0.0006284639581924,0.0042048344591787
1674,57.82,0.2639125247775805,4074,0.0,30.0,-30.0,-30.0,30.0,0.0,78730.33551256821,5299.141469783919,5052.8965137288815,3038.590191894888,2227.4231629283618,2079.009955920313,0.2965500030761889,0.2764230205628519,0.3368152072326302,2.1032257938195924,0.2403548841362008,33.72199573530771,5.267756970289571,24.20513185395585,10.752679833599904,0.0023530092464455,0.0018128880016758,0.0003211795475395,0.0020440709248901
1675,50.39,0.2492864404186236,4642,0.0,30.0,-30.0,-30.0,30.0,0.0,63060.13249324583,4421.714448829093,4208.362146284145,2424.563027677293,1690.1623040460286,1616.781414400428,0.2832801146997543,0.2790037778825132,0.3014251322698439,1.4441622442834443,0.3542803652215542,43.64014180558164,6.371341266530738,29.40685073535204,12.872481866516653,0.0034930654912991,0.0024903807771676,0.0004254657122171,0.0030571438211162
1676,50.06,0.1982214258895472,4374,0.0,30.0,-30.0,-30.0,30.0,0.0,65093.117599130805,4883.296719432657,4522.289777912062,2844.819295466996,1840.1879103876647,1837.971156166514,0.2435804847481082,0.2262795720841063,0.3284616161440146,1.696586284297626,0.257681516556019,34.78946797338082,5.438614350755344,23.82848418983185,9.823517362630168,0.0025083297600725,0.0018392899044732,0.0003596050495362,0.0020631863834076
1677,53.41,0.2530225783703866,4123,0.0,30.0,-30.0,-30.0,30.0,0.0,78866.87011405424,5466.174159319365,5309.481596972655,3100.4754680272204,1942.764147413398,1979.1187953983028,0.3007559965968372,0.3012949590619738,0.3090284798135705,2.216936889004379,0.3140996231614965,51.10921950887942,7.568524551783994,36.11719621379374,14.663092511868523,0.0033254609610492,0.0024228104349676,0.0004229246572411,0.002733532569935
1678,43.82,0.2952059726139495,4023,0.0,30.0,-30.0,-30.0,30.0,0.0,72441.25268659656,4657.138905001707,4460.646395019515,2530.426316761958,1799.0451437754778,1826.803022452324,0.2517965835575658,0.238613819825308,0.3761739082331333,1.7631588838318517,0.3330394869484038,45.65611969252924,6.794924617544671,30.33209450757589,13.138812651093014,0.0033599615406275,0.0025265024728238,0.0004450276795968,0.0027059055491872
1679,47.75,0.2690488097927686,1842,0.0,30.0,-30.0,-30.0,30.0,0.0,72688.5025425289,5175.842840504891,5037.783023577058,2686.5593021283303,1836.5635970335125,1980.089078543004,0.2609853996456339,0.2339912593973741,0.3694904492612133,1.92461269843924,0.1070734856687964,15.216729872182489,2.381160588356157,10.806023216148509,4.807436253191103,0.0010964439111173,0.0009059113995124,0.0001477797816698,0.0009118574414655
1680,63.02,0.2332821092604185,3594,0.0,30.0,-30.0,-30.0,30.0,0.0,66993.14093021766,4785.519560911918,4306.965027766529,2460.70981291878,1650.8903609799338,1596.5151888650723,0.2957161689972583,0.284356743285768,0.3715303313815184,1.741642411621449,0.1350974345172223,18.362121663141995,2.6609692572797896,11.823579138879866,5.394412510791207,0.0013345694771834,0.00105301083143,0.0001891074452099,0.0011224318864646
1681,43.88,0.2871864201258699,4809,0.0,30.0,-30.0,-30.0,30.0,0.0,81973.0208209995,5502.154423470644,5382.562383535152,3208.302896466616,2203.116808593098,2241.897450292563,0.2980425383343614,0.2957267485615383,0.3605890328238155,2.3472756532829586,0.3529646101000523,55.519556233910535,8.25178524978552,39.15667868718372,15.834723646541685,0.0037306739048687,0.0026381631014899,0.0004268761278618,0.0030939869133827
1682,49.77,0.182465695076374,2838,0.0,30.0,-30.0,-30.0,30.0,0.0,62602.37553870545,4319.021076941602,4032.459000908452,2278.3367626525637,1651.033918515091,1584.35463471447,0.3104765748360131,0.2811199450568319,0.365591588194933,0.9435926579455766,0.5298806272944808,61.338675764942245,9.206284486587892,42.8940475322575,18.47194045195709,0.0050517396556692,0.0041277885590165,0.00069714734789,0.0042340042380588
1683,59.08,0.1799907243074569,4098,0.0,30.0,-30.0,-30.0,30.0,0.0,75426.08654889031,5015.063125678889,4584.015311102241,2622.850782349952,1849.579922511372,1958.5941042316776,0.3019482786114551,0.2918667116877039,0.3377868283408497,1.5410948437468466,0.3546792692644006,50.179758849298345,6.609108116064811,32.70883622908785,14.625863780167888,0.0035181781811685,0.0025640008740875,0.0004498643931839,0.0028838264660807
1684,57.03,0.2446783457107948,4161,0.0,30.0,-30.0,-30.0,30.0,0.0,87100.57688102264,5630.171547161879,5390.365957235925,3170.26391197741,2140.9267078264206,2052.730261614599,0.3089890965523129,0.2893712357663494,0.3357316148150492,2.457790857648216,0.1452807871926164,23.65255449094188,3.434644289441146,16.909585347274735,7.120838043270793,0.0014692013881451,0.001165914887454,0.000196069851074,0.0012138108675298
1685,47.75,0.2639605547426613,1770,0.0,30.0,-30.0,-30.0,30.0,0.0,66202.79679971293,4170.951044517619,4052.883562035081,2534.8001442592235,1793.6632316342564,1761.2408549151446,0.3045104462322007,0.2992361550180867,0.3064377733083863,1.6784304117091242,0.3215942216006896,36.360699083189054,5.514899579457044,25.61799129370644,10.838860660021648,0.0031577054323398,0.0022047346471196,0.0003820430853326,0.002575777683895
1686,58.25,0.2240716618043211,3291,0.0,30.0,-30.0,-30.0,30.0,0.0,68996.81025061278,4079.12911544031,4190.214440840254,2342.729185063646,1712.1153268042144,1742.682582218482,0.2716221317355886,0.2525760283667606,0.3368905529907615,1.275449587424965,0.3785656205768101,41.18275066147467,6.258921613609888,29.66971462638725,12.54769709658228,0.0036392403405106,0.0027065634754061,0.0004595716652894,0.0031996386801445
1687,45.97,0.1888653707234405,4967,0.0,30.0,-30.0,-30.0,30.0,0.0,85036.20886468659,5272.86763141475,4983.239224879914,3095.855035656657,1999.900167061181,2198.774161379434,0.2744338142504801,0.2613014014320764,0.3877250526340446,2.325618869348442,0.2290154328545793,35.62161376383995,5.367569702426085,24.26350653505641,10.2717160045813,0.0024281402302106,0.0017237370268275,0.0002934164821882,0.0020226934656688
1688,42.16,0.2177016453708021,2501,0.0,30.0,-30.0,-30.0,30.0,0.0,80916.50337236768,5588.408167313071,5337.31054434613,2911.659230063012,2196.629486826836,2133.560018302164,0.2582579767112134,0.2478328730383436,0.3258931389745126,2.111692754449636,0.4422091743288923,67.53168020677265,9.675101669751983,47.73842833244143,20.520996690761056,0.0044770350881825,0.0033489214019797,0.0005457665544704,0.0037002396491672
1689,42.9,0.2901948776815264,3279,0.0,30.0,-30.0,-30.0,30.0,0.0,79803.16654015648,5485.203039906416,5159.926943603833,2956.744798859836,2093.434633022988,2164.4695928761294,0.2643827106773341,0.2520010269500317,0.3468825528458802,1.875865713292225,0.4174104329537597,59.80865573363238,9.307278613047576,42.98310543642175,17.79839318189138,0.0041724748155548,0.0030719082516054,0.00050529164477,0.0037188203278673
1690,55.22,0.2308863652508052,4007,0.0,30.0,-30.0,-30.0,30.0,0.0,86922.0410712451,5983.035096146062,5221.251159973246,3219.7659891342755,2287.9363402048807,2144.4814435165576,0.2765947938886006,0.2683321534588363,0.3574565669100925,2.4244899104071096,0.3421733807036714,51.83096734198122,7.812248045727561,38.071187804874725,16.69296457242948,0.003168071816597,0.0024439044543759,0.0004087428429147,0.0028411991400284
1691,56.65,0.2070954784639083,2766,0.0,30.0,-30.0,-30.0,30.0,0.0,79050.48663276246,4868.950158508569,4829.2298971271,3021.028645674779,1947.821656727037,1846.1496183517888,0.2974399097325394,0.2815052799189795,0.331248061476422,1.952324893042265,0.3770916857710682,55.62256057908367,8.160409390644734,38.14479862688328,17.518754715832156,0.0036822211112034,0.002784582582461,0.0005108854619537,0.0032653318810337
1692,58.52,0.1830018413570477,4195,0.0,30.0,-30.0,-30.0,30.0,0.0,69898.25620821724,4557.527747118204,4370.66357195002,2587.77475676778,1840.23618790178,1881.652923301073,0.2398419282022082,0.2282209243473995,0.3646018140059887,1.5216121092217552,0.380893958270284,55.5460161398191,8.725595030381264,36.67610075831608,17.614507161119786,0.0042735709202991,0.0033226607893475,0.0005474484786437,0.003393642202238
1693,40.32,0.2303070494597133,1989,0.0,30.0,-30.0,-30.0,30.0,0.0,68081.71023198243,4188.326682845686,3914.199761047653,2484.393246770904,1750.568463864074,1659.690670704087,0.2898703956583239,0.2593366640795307,0.350540661726233,1.3716330372124617,0.3915084142115207,44.21238389065586,6.37806007878645,30.516109106966628,13.79522457180984,0.0036442293022308,0.0026053065685459,0.0004553165790007,0.00313059347471
1694,57.54,0.2886083216628833,2062,0.0,30.0,-30.0,-30.0,30.0,0.0,79743.18145237232,5408.677130648395,4970.493108713723,2864.374988592702,2059.3867750269387,2027.099195201776,0.2373646443107339,0.2338934904717183,0.3446579416374302,2.177558982491901,0.2220075431495033,35.77975817062973,4.857188867565623,23.358855619394696,10.591406829817144,0.002235616387682,0.0017089369597585,0.0002965640283164,0.0018637421820164
1695,52.41,0.2192199499258552,2171,0.0,30.0,-30.0,-30.0,30.0,0.0,71112.57078839558,5024.636444375849,4441.073721750785,2592.5277964541683,1859.4119852911883,1928.7850410311075,0.2462086549247892,0.2407245687551486,0.3547080720713287,1.8043047727542647,0.2506940629559483,32.29450223601362,4.717756747163022,22.585980166804315,9.737390393420586,0.0023719648319011,0.0017003101474095,0.000290318723394,0.002022440109717
1696,53.08,0.1929426213834014,2920,0.0,30.0,-30.0,-30.0,30.0,0.0,65305.14491367546,3795.46640123996,3566.066612426001,2454.4876860515706,1684.7995661316518,1643.8586617022252,0.2623856590397772,0.2470705690046597,0.3580926418962669,1.221425641942676,0.3584980366474888,43.03634457298904,5.957093788636453,30.14549862645717,12.240398742766724,0.0036297848542514,0.0026471965976481,0.0004514659766675,0.0032832034077054
1697,60.56,0.284749642609441,4707,0.0,30.0,-30.0,-30.0,30.0,0.0,77242.05139289015,5009.020141953372,4910.065532416831,2739.2976995624854,1928.8494401699004,1864.712862029976,0.3055921673611383,0.3021929075374225,0.3527810522968873,2.0096962899421045,0.1422078419692933,20.434321010554,3.05846113332806,14.172738871078804,5.693631832211808,0.0014446541286236,0.0011031952931377,0.0001835858496676,0.0011803152608875
1698,44.17,0.2183008982995118,2561,0.0,30.0,-30.0,-30.0,30.0,0.0,70632.44008663452,4566.861298489652,4219.12946932446,2714.564183882037,1771.529060125952,1782.28192874217,0.3097351744700499,0.2975272133293719,0.395033951841042,1.939492516446672,0.1652035630705002,20.50275143100923,3.030623284079522,14.6657433362542,6.281721629846255,0.0016165625426281,0.0012168515409918,0.0002044777516249,0.0013648201816013
1699,58.74,0.2863139875176955,2019,0.0,30.0,-30.0,-30.0,30.0,0.0,70246.08930644878,4748.689547905862,4260.500565637579,2731.840911222625,1907.6433127375133,1842.51617986886,0.2825316535846323,0.2717018430903068,0.3378258419286726,1.9701548117776528,0.0898785251540503,12.85196871196388,1.84324519404569,9.128166318642704,3.578757311218647,0.0009154718093255,0.0007577585464171,0.0001197317338379,0.0007930578041133
1700,58.32,0.1803095145389452,2600,0.0,30.0,-30.0,-30.0,30.0,0.0,86305.15844431787,5598.611168470765,5375.494494481887,3087.4340225123865,2324.7274679823418,2276.074165100177,0.2495765159137886,0.2337101869329455,0.3663397766676199,2.573004445997525,0.3745690792716376,59.60937554476817,8.949161281285194,41.20370199724762,19.11632406805333,0.0035266556300823,0.0027254617317417,0.0004985552892913,0.0030285059370387
1701,59.29,0.2087716383379637,1983,0.0,30.0,-30.0,-30.0,30.0,0.0,59448.55946201422,4162.553058184575,3823.951954473316,2305.947027027441,1561.7960123453408,1575.3327575284434,0.3056358113545149,0.2856109952907252,0.3582655303532224,0.9148100532731506,0.335619285470703,39.2411019364372,5.712882964390379,24.87455787654159,11.6124102022353,0.0031516372875447,0.0025564168930992,0.0004341539968151,0.0026509782176635
1702,48.38,0.2300079509847476,1620,0.0,30.0,-30.0,-30.0,30.0,0.0,61314.3340890812,4624.102078887653,4351.152704391118,2311.9338711181954,1705.0673353305915,1679.3611295522337,0.3167852038287325,0.3086269285181789,0.3419142510222265,1.151299326075383,0.49219241646203,57.60328729289905,8.990118601275631,40.498332538834376,18.208818634478884,0.0048816275647012,0.0038721991545039,0.0006629951001131,0.0040793786452039
1703,46.8,0.2184130407161975,3258,0.0,30.0,-30.0,-30.0,30.0,0.0,83476.40183567932,5024.589838766941,5236.961740841847,3109.4660521174865,2099.826367318519,2091.7767494642594,0.2686424013518148,0.2353957210612927,0.3446778992548454,1.8988233735095716,0.4013072033430225,60.65439825230772,8.46816805091962,41.45876680762185,18.72109614616113,0.0038683185739236,0.0032193369021466,0.0005105755743017,0.0032787286615253
1704,46.57,0.191925698159594,1761,0.0,30.0,-30.0,-30.0,30.0,0.0,74571.68932470464,4817.485596919017,4925.021433434351,2656.662268510603,1891.3821519436808,1890.1111519032395,0.2708342407727436,0.2596550517331886,0.3359787190990067,1.692732827746244,0.4570676359528318,64.18356233235647,8.78792414173328,38.93163952474466,18.062068074326916,0.0043700251324318,0.0032026684887868,0.0005858029042738,0.0037388568157326
1705,55.69,0.2267658497652799,3861,0.0,30.0,-30.0,-30.0,30.0,0.0,85746.03841783077,5604.271380718948,5346.007848887407,3231.116898832768,2329.4037111825587,2168.9341873585545,0.2569433273569303,0.2509980614005836,0.3590309506468618,2.6092027088293874,0.2631396390085952,44.11981855680138,6.383668665565809,29.136395362217016,12.625232737828703,0.0027127411199527,0.0020202205937316,0.0003490457150671,0.0021696837079724
1706,51.38,0.2917914275602044,3532,0.0,30.0,-30.0,-30.0,30.0,0.0,70972.40587017327,4250.735497804712,4262.638659834016,2525.676250466567,1935.7344942581617,1852.798034495068,0.274363660026526,0.2487622743386806,0.3394045556844474,1.8171213274841775,0.1492841114739064,15.6474420198303,2.6300599634823825,12.483719852182254,5.331291925668259,0.0014189630875952,0.0010381080088691,0.0001746435779137,0.0012222870440424
1707,41.39,0.226664936441974,2975,0.0,30.0,-30.0,-30.0,30.0,0.0,75863.92782160017,5589.970721112231,4914.529651072254,2901.695602957375,1824.0127868065224,1923.5048846593447,0.3145050932390955,0.3050109910262844,0.3644348534383814,2.169147083364346,0.255158323773427,35.89788249920626,5.617608106090937,25.690829091743936,10.8684631751527,0.0024345133832773,0.0019377837456676,0.0003484900893877,0.0020784244850941
1708,44.17,0.2900890385771879,3821,0.0,30.0,-30.0,-30.0,30.0,0.0,74604.7370654146,4464.722558535,4237.446024921297,2806.813245370347,1882.4350038800824,1722.10320241822,0.2768261487009147,0.2817140034849686,0.3477293022692356,1.6922757669973605,0.3671584216287553,47.65925721149575,6.991536345382669,32.9629982432575,14.985094102557444,0.0037476799029958,0.0026811374485171,0.0004617189639284,0.0031189561074276
1709,46.38,0.2482964514660312,2144,0.0,30.0,-30.0,-30.0,30.0,0.0,68126.33033865322,4405.10537990656,4261.00738162808,2670.554168898986,1711.4031778583917,1673.804033217738,0.2829635305164649,0.2787032672260547,0.3351702632376275,2.0378460293547613,0.0553742847065857,6.7208268632809975,1.058054501867908,5.084680396134749,2.0501357076249898,0.000534579279873,0.0003953328260955,6.797241422333535e-05,0.0004587035188987
1710,62.36,0.3014333618032269,1921,0.0,30.0,-30.0,-30.0,30.0,0.0,79426.27836062737,5564.6235364194135,5346.966933513265,3209.855178396408,2123.260601020153,2147.4189036422777,0.2663176591126193,0.278313347855244,0.3722274251957196,2.383873508471664,0.3063843261497083,49.41918310593815,6.972783106949609,31.90662287302713,13.455993883852877,0.0029139668560479,0.0023758218403729,0.0003838177037832,0.0025615459660073
1711,58.07,0.2126441009417819,4261,0.0,30.0,-30.0,-30.0,30.0,0.0,75354.96076172584,5175.881934607822,4631.44672372941,2814.220952399785,1934.791201468624,1871.1444040634656,0.3213596934007057,0.2987967257226926,0.3349401632895061,1.885458958690955,0.4073604885650175,56.47974128727905,8.09867243147022,38.52741955728686,17.079404845701934,0.0040730997064874,0.0031740815948866,0.0005238816471045,0.0032486504218028
1712,58.52,0.221834862309179,2435,0.0,30.0,-30.0,-30.0,30.0,0.0,72173.63314255702,4687.729661435255,4425.112606116823,2661.767109716205,1792.8401402708944,1772.788338226184,0.2970049397648459,0.2876959718934992,0.3710894043757958,1.825866127118184,0.1316516724626129,17.54371280799011,2.5632413329292354,12.207450167462842,5.064204221803687,0.0012773721433396,0.0009078628651155,0.0001710984330969,0.0011204871080911
1713,41.1,0.3015237152719658,1510,0.0,30.0,-30.0,-30.0,30.0,0.0,65816.23010873012,4190.089116145786,3954.311715121079,2411.0396763088065,1817.7976209421477,1785.234034639233,0.2967902434757903,0.2778361166536566,0.3194445048087112,1.6055807587972952,0.0542739025830227,6.653076858472058,1.0209828623436987,4.864087265611512,1.9725966170687632,0.0005665965726826,0.0003845321941659,7.176542225332448e-05,0.0004859823773547
1714,46.11,0.2331316654898842,1550,0.0,30.0,-30.0,-30.0,30.0,0.0,84466.83566577136,5466.634342652373,5055.108751392046,2816.4625354696022,2050.638670099808,2006.7552321671092,0.2730970407781715,0.2477682469701847,0.3290629421525629,2.329775158800772,0.1082441941060283,16.390588494862214,2.411885671581645,11.851039926977991,4.783344647213642,0.0011207652092077,0.0008606399388456,0.0001378244584216,0.0009136044401322
1715,49.1,0.2267658497652799,3432,0.0,30.0,-30.0,-30.0,30.0,0.0,85746.03841783077,5604.271380718948,5346.007848887407,3231.116898832768,2329.4037111825587,2168.9341873585545,0.2569433273569303,0.2509980614005836,0.3590309506468618,2.6092027088293874,0.2631396390085952,44.11981855680138,6.383668665565809,29.136395362217016,12.625232737828703,0.0027127411199527,0.0020202205937316,0.0003490457150671,0.0021696837079724
1716,44.47,0.1948147111936875,2114,0.0,30.0,-30.0,-30.0,30.0,0.0,77730.16101353648,5382.233885206733,4894.14583064491,2938.7922783026206,2003.8941789069224,1990.947184606783,0.2392052155522278,0.2478175748752262,0.3561962666585395,2.04001011448244,0.3565082791552656,49.99960090147414,7.811396251973938,35.2329932377459,14.384108965621008,0.0033353972320033,0.0024885906142768,0.0004535201125357,0.0028761454923564
1717,53.82,0.2075794241581259,1644,0.0,30.0,-30.0,-30.0,30.0,0.0,69990.63555804732,4792.955175095911,4426.015259497989,2671.147958676176,1868.6519407085975,1793.0647737198492,0.2819314793932495,0.2685397695880395,0.3520090133919114,1.3535838226218786,0.4000752901403016,57.098403331581125,8.848480630849563,37.51593705026873,16.279387563942645,0.0040123985087181,0.0032304271581706,0.0005202911085173,0.0035698804087254
1718,58.52,0.2931885509257907,4424,0.0,30.0,-30.0,-30.0,30.0,0.0,69037.56427406346,4811.446431832681,4399.994455008167,2533.3519022552427,1743.6308068852286,1837.1389828197289,0.282486476948058,0.2567941255385885,0.33594334834833,1.7315743230844514,0.1681965498164126,21.42799591908141,3.234217116987562,15.10607761727373,6.196415875011423,0.0015803546306934,0.0013101412913889,0.0002058544692764,0.0013775167311551
1719,45.61,0.2798958214430088,3217,0.0,30.0,-30.0,-30.0,30.0,0.0,85454.01371716843,5713.94601889646,5528.84366148805,3346.3376153633108,2294.278421656659,2237.891995794216,0.2975234219830345,0.2683339031270853,0.3313631050563369,2.153809620477943,0.3946976081714749,59.08503817393994,8.454145610111132,44.91950659481022,18.835829110161804,0.0039647894561495,0.0029053637824886,0.0004811845329924,0.0033020896450681
1720,50.41,0.2249679573620382,2516,0.0,30.0,-30.0,-30.0,30.0,0.0,84415.38528583564,5407.648314932665,5117.504271339896,3066.636667839798,2101.1724710230465,2243.029322695405,0.284440318384085,0.2615982552106587,0.3176364156126416,2.318927903728544,0.1098125078623466,16.875279816128213,2.4981639373864186,11.443709948131827,5.1555372034128935,0.0011304755039722,0.0008099629556798,0.0001497579239275,0.0009259576057585
1721,48.0,0.2179764826851713,4450,0.0,30.0,-30.0,-30.0,30.0,0.0,66978.85298897923,4100.2748324527765,4168.584173610532,2358.6790071002306,1681.116398010024,1588.1325348156631,0.2465098570354444,0.2378373286107714,0.3796872449148832,1.288321890302914,0.2102324111191019,24.37458798613197,3.8639465621021447,19.43335261127818,7.477634466704537,0.0022335721960905,0.0015203695613592,0.0002717584987474,0.0018836148700776
1722,41.95,0.2858881301725183,4883,0.0,30.0,-30.0,-30.0,30.0,0.0,74834.67565470395,5143.7349788751735,4843.618695727139,2991.904392040262,2022.2715902429288,1960.6659036153312,0.247561876284499,0.2532396329544345,0.3505747866325112,2.2331539537098246,0.0704043066706087,10.102440720718596,1.69284261123834,7.7817187470132145,3.2439856059860976,0.0007310194368185,0.0005762281794241,0.000103438073742,0.0006638425951591
1723,42.99,0.2489182921646442,3027,0.0,30.0,-30.0,-30.0,30.0,0.0,77494.05846300506,4990.421024946048,4426.199503066761,2587.587285317325,1934.9906985225728,1832.833700732871,0.3042516353404348,0.3186922301205952,0.32386440101039,2.257589171285218,0.0847121731431198,11.653886828585604,1.7328921487300026,8.622102914795857,3.5384501859670325,0.0008553687863611,0.0006270183346559,0.0001084297049922,0.000751897836525
1724,62.55,0.2928452738776922,4257,0.0,30.0,-30.0,-30.0,30.0,0.0,74634.43968391321,5138.449259735552,4683.482851950507,2663.700483546246,1787.4607160546902,2042.560953917595,0.2743572757878789,0.2787696736421632,0.2951247646808672,1.551144391674051,0.4113111811071864,56.25677993092962,8.335378826536942,38.71234929425088,16.582815411855904,0.0039624224897569,0.0030332768367472,0.0005159076743801,0.0032949223259356
1725,45.58,0.2551370660592615,2234,0.0,30.0,-30.0,-30.0,30.0,0.0,82395.70777106388,4957.302511543327,4962.942091906715,2887.382303234111,1947.4995015406505,1860.2218907792928,0.2622893765384042,0.2558456771867323,0.332015449739119,1.8172791458192423,0.3203680172082082,42.45534052211746,6.575808076746537,28.820174421578745,12.90752181038742,0.0029926544033522,0.0020878268397592,0.0003897205885946,0.0025200383295889
1726,64.54,0.2548485021625229,3612,0.0,30.0,-30.0,-30.0,30.0,0.0,67276.90190881988,4623.63021069749,4449.141606246563,2445.5782493924057,1736.4070710270585,1781.6006509704605,0.2921375687879218,0.2930580123951629,0.3175668609736984,1.7587071793076827,0.0703544526905225,9.362607487321968,1.304478902266733,6.0514817191669374,2.680803022817377,0.0006819720229239,0.0005326459902391,9.073122032026974e-05,0.0005853964617107
1727,41.72,0.2020671632583453,3142,0.0,30.0,-30.0,-30.0,30.0,0.0,76679.66249062384,5536.888597274263,5301.951296056541,2944.7937474870414,1974.690909091684,2022.737654768712,0.2335056826148244,0.2374047660540267,0.3783547089996213,2.384297839858193,0.2471871490486833,36.76073171640844,5.531451530774633,27.4693075241568,10.548997814417692,0.0024471877550664,0.0019196584639494,0.0003429876067015,0.0021812873504459
1728,61.65,0.2510011873095481,3405,0.0,30.0,-30.0,-30.0,30.0,0.0,62783.36369837637,4206.76021688804,4201.118440535433,2238.684928691865,1673.789244393986,1634.4570418800615,0.2505320032944023,0.2449615508007081,0.3098502600161423,1.231970329248922,0.3660616431847966,43.4294700104188,6.902044375852628,31.64928542201443,13.21116302848638,0.0038046220080328,0.0029732239024148,0.0004889223525094,0.0033113075022625
1729,61.12,0.2492921309355452,4668,0.0,30.0,-30.0,-30.0,30.0,0.0,67343.68576687742,4355.313718565692,4077.2038955197904,2464.02067381474,1697.8720720762656,1743.5696972941455,0.2848310846938346,0.2642370752979875,0.3224096395573833,1.353901936157792,0.33757234757576,45.27472767559251,6.440330723242566,30.34980024056224,13.747826391452996,0.0034801092297003,0.0025731194236216,0.0004837391082836,0.003026916494404
1730,42.16,0.2756352410319403,2840,0.0,30.0,-30.0,-30.0,30.0,0.0,64449.90052474946,4244.477719239953,3871.221151965246,2219.83446975904,1534.0366386342482,1576.1249831697655,0.3229817625551958,0.2966375788975001,0.3307324932448513,1.2090494077428322,0.3648790672694993,41.57062128202289,6.072405623332707,29.84480352627424,12.469579984669975,0.0036340880840599,0.0027589304709485,0.000461774543837,0.0030757655037326
1731,40.2,0.2029930327573832,3370,0.0,30.0,-30.0,-30.0,30.0,0.0,64414.50156265521,4000.279279711706,3975.546865039755,2263.9615094534183,1642.1907694066806,1641.408565925837,0.3143789985503283,0.2962897916068212,0.3000783071536491,1.0736082419837656,0.5151404122011374,61.68867872389317,9.196609848922757,43.74106353666328,18.908159049070964,0.0053265912744713,0.0040690237608678,0.0006306780935911,0.0043250821151381
1732,47.29,0.2278713419578485,2321,0.0,30.0,-30.0,-30.0,30.0,0.0,88050.89031309723,5274.620440572023,4872.041232558189,3038.616810271696,2203.989166635535,2198.512489636003,0.2572122632921857,0.2735701024478097,0.3381247715313762,2.184087247477308,0.4307474354961087,64.05192161145492,9.741667619241634,43.49900190951749,20.419857720696797,0.0042170990599092,0.0031034016796529,0.0005096857095934,0.0037668506909749
1733,47.6,0.270292371200607,4713,0.0,30.0,-30.0,-30.0,30.0,0.0,64326.52357802622,4448.999391288999,4038.0921534533577,2450.21017596267,1722.7098168891007,1824.717337595975,0.2708500013811566,0.2755047926646242,0.3271232680290794,1.54384518255845,0.2524247216772234,31.459797055143405,4.916814546701578,23.368212739168943,9.473686581705229,0.0025155783351929,0.0019318438598123,0.0003439363997453,0.0021812797437573
1734,46.06,0.2793335250063699,4050,0.0,30.0,-30.0,-30.0,30.0,0.0,69023.01723593641,4431.174083650242,4290.999496856099,2660.187753734401,1857.7265936059175,1729.7685753342644,0.282086456583301,0.275691028542845,0.3023386923111018,1.8288971747645564,0.056362859220602,7.182138018513267,1.0906022807718412,4.930657997248455,2.2321400600272616,0.000600876652872,0.0004174702638934,7.798770179913477e-05,0.0005117500313236
1735,54.79,0.1986323041260052,3008,0.0,30.0,-30.0,-30.0,30.0,0.0,72968.0935903816,5114.431043351877,4730.677158480894,3013.321591786898,1857.2388773939351,1854.0914441441728,0.2833398812392864,0.2831329781803124,0.3511098438614674,2.0759961662755657,0.359461331492429,57.70785300373502,8.176125886746163,37.31928089155488,15.717486549709562,0.0038061983507566,0.0028119577756893,0.0004993340947153,0.003436756867652
1736,64.94,0.1814158151301179,3520,0.0,30.0,-30.0,-30.0,30.0,0.0,72039.86887914529,4864.90877470751,4616.249386895953,2700.869300765857,1968.6610957623395,1967.0988498593929,0.2415403226281362,0.2409344393405509,0.3556212178993762,1.8923114506759509,0.1934514944261424,27.4139968539024,4.207699954452039,19.068813210482144,8.196409066877523,0.0019524106712953,0.001548158689777,0.0002634378381209,0.001566918000036
1737,44.89,0.1764921138971723,4678,0.0,30.0,-30.0,-30.0,30.0,0.0,76016.10205136587,4769.554841675874,4404.541475699099,2604.8960041540886,1867.1975666648807,1778.7781720299747,0.2460359489120961,0.2386549857983424,0.3861089022110539,1.3613097277301476,0.4853636278009828,67.59542896284174,10.204481411429876,44.711978365265416,19.45720226795273,0.0045553508396741,0.0036714094037343,0.0006016020514702,0.0038598940685041
1738,59.01,0.2184130407161975,3738,0.0,30.0,-30.0,-30.0,30.0,0.0,83476.40183567932,5024.589838766941,5236.961740841847,3109.4660521174865,2099.826367318519,2091.7767494642594,0.2686424013518148,0.2353957210612927,0.3446778992548454,1.8988233735095716,0.4013072033430225,60.65439825230772,8.46816805091962,41.45876680762185,18.72109614616113,0.0038683185739236,0.0032193369021466,0.0005105755743017,0.0032787286615253
1739,43.76,0.2066880095499697,2504,0.0,30.0,-30.0,-30.0,30.0,0.0,74159.24067440958,4680.860383525604,4657.091388355791,2710.5984051098194,1989.8809538103628,2011.4504031573408,0.295524205583912,0.2781595022998225,0.3514237656211559,1.5879112082540574,0.3939295549391552,56.04925532319501,8.4825010520059,38.90908005978492,16.651021952335814,0.0039621530242665,0.0029115581346714,0.0005103037089155,0.003373614078733
1740,40.6,0.1924076619353263,3179,0.0,30.0,-30.0,-30.0,30.0,0.0,73314.60577999351,4614.069262283159,5009.006198714439,2713.7045987016872,1760.2528354543035,1726.4190965536968,0.2404907823922766,0.2400610818880765,0.3724742416345262,1.3734784824619728,0.5143374026317592,63.99224759539152,9.986566971267973,44.2437640154937,19.082534376353404,0.0048583928337473,0.0035880477713142,0.0005957779683199,0.00401691445725
1741,48.66,0.264789969125898,3718,0.0,30.0,-30.0,-30.0,30.0,0.0,71018.69776768993,4501.833154840291,4653.761381795611,2652.5807391750445,1832.3655948954545,1895.9049839237327,0.2809380146111604,0.3014095987149964,0.3884523506496214,1.6986771812289247,0.3158366441336542,41.31533897678276,6.462568879855209,29.20634807067848,13.032031222762082,0.0034046746956946,0.0024013424637177,0.0004208327376247,0.0026558772966916
1742,57.34,0.224290911847903,4938,0.0,30.0,-30.0,-30.0,30.0,0.0,81898.11074608122,5659.060795618722,5200.028684043544,3188.3337970588755,2235.966926050166,2344.250842554422,0.274977470103479,0.2583428826975731,0.3598602535906389,2.3444460947376973,0.3037208383973083,49.20766351874895,7.249433637487727,33.36043717349794,14.417733210938591,0.0030805173314515,0.0024224946988526,0.0004068327799531,0.0024929267303957
1743,63.77,0.2425396131592218,1539,0.0,30.0,-30.0,-30.0,30.0,0.0,77563.57242807982,4740.712352556574,4426.8032136882575,2642.553265081955,1919.986464345476,1893.9821886058096,0.3126706829456251,0.3132560784273085,0.3223163154359671,1.8183435773360688,0.1518584234727654,19.703632126282383,3.038498560497878,14.924446299900918,6.237516281519596,0.0014651428629578,0.0011177276388689,0.0001991451318338,0.0013426117131952
1744,58.97,0.1881864862058419,1505,0.0,30.0,-30.0,-30.0,30.0,0.0,63094.22210927476,4451.73978106543,4109.297260703523,2178.673646730776,1456.2472464822977,1493.140111973072,0.2717521413075272,0.2683214816045579,0.2983716804259843,1.0073958666899243,0.409050813874326,45.76372522620336,6.975436457497989,31.417894159421454,12.96357912263765,0.0040171782416242,0.003201223650321,0.0004799260925364,0.0031361061089082
1745,61.23,0.2290401634656242,3041,0.0,30.0,-30.0,-30.0,30.0,0.0,66431.87081422866,4276.587804874373,4338.154803924542,2360.3469919704,1706.5148100254064,1569.787023306231,0.3231339789431288,0.2893753664192957,0.3703597287074815,1.345236186317614,0.224215144814018,27.4851635334599,4.367412763690319,20.088966465014185,8.631661764318174,0.0022444871161552,0.0019214950110153,0.0003165758875278,0.001849703874281
1746,47.69,0.251014859673788,4478,0.0,30.0,-30.0,-30.0,30.0,0.0,79933.19571619462,4828.627145948232,4456.007013743398,2724.168194945493,1971.6969648786817,1983.942346186768,0.2423031404317709,0.236434419869753,0.3227766809118234,1.9686877320602905,0.1410235682608969,19.003771751118517,2.824403215018518,13.436420181448543,5.774638116296594,0.0013034588791923,0.0009556614423819,0.0001653990876923,0.0011547184817414
1747,53.25,0.2402357485677274,2340,0.0,30.0,-30.0,-30.0,30.0,0.0,74693.55393619409,5087.143577645207,4601.141342371424,3078.075830478856,1836.54038995703,1991.136667239544,0.295636171925466,0.2833819028206515,0.372783063704139,1.920683204151577,0.3774438926352047,52.04657173510362,8.407135736080745,38.566806544590825,15.640878191194552,0.0037844410792189,0.0028056406842059,0.0005083677728581,0.0030796416003453
1748,50.5,0.2472379560679885,2475,0.0,30.0,-30.0,-30.0,30.0,0.0,63715.13020453825,4295.3441636481375,4111.307730643301,2459.265155417819,1815.0937301293209,1666.9991479451814,0.2750370004594511,0.2647511347748299,0.2777363924614279,1.2787670484821565,0.5088813018073594,57.21978178655316,8.97158067733837,41.7421676507055,17.60375351626323,0.0049199869484329,0.0034456183857122,0.0006325199202977,0.0042258376577784
1749,64.31,0.2199076796434611,1745,0.0,30.0,-30.0,-30.0,30.0,0.0,84746.55037154199,4996.539505146784,4995.222615973372,3099.295796935909,2195.456855858204,2229.353852238108,0.2752688600353823,0.2612219860816656,0.3854093506224698,2.3110373158897817,0.2155498951784283,31.51459547491146,4.700091852209061,22.4545656415466,9.735470600862572,0.0021948608468139,0.0016291030424498,0.0002615667030589,0.0017994790114749
1750,57.79,0.2226785779305538,2083,0.0,30.0,-30.0,-30.0,30.0,0.0,81334.26252730476,5180.008536984506,4919.973788811343,2917.6989387436947,2002.8383992938,2128.273767470939,0.2694912658811124,0.2660010131349268,0.3223812195073629,2.2626189250888675,0.1117323634655801,17.129834890349763,2.566879996628378,11.633057448290057,4.786579985673041,0.0011704772312942,0.0008553587520027,0.0001427494784231,0.0009080058790633
1751,41.1,0.2465958818676827,1881,0.0,30.0,-30.0,-30.0,30.0,0.0,88658.93132098914,6014.919061474771,5682.954870964218,3239.4309519476988,2350.25892807278,2340.3237068450635,0.285653906271109,0.2852230048299337,0.3483171862376465,2.4738678258031355,0.3476926488916343,53.93930076549051,8.424284775268253,40.68100103389622,16.742267053187675,0.0034088654905808,0.0027984303544556,0.0004435269556019,0.0028074401443777
1752,62.43,0.2299056187167859,2448,0.0,30.0,-30.0,-30.0,30.0,0.0,72859.89444226565,4753.374874061122,4307.265289319166,2725.5029193890305,1790.5422617718882,1821.551447409833,0.2748648937931389,0.2857434681889083,0.3528368065033949,1.8338059744650936,0.120812219116007,17.259288929642107,2.5736451523163013,11.496934905491434,5.261365640246474,0.0013307539341198,0.000937477802863,0.0001701552359149,0.0011466990689601
1753,50.33,0.2281423302726682,3628,0.0,30.0,-30.0,-30.0,30.0,0.0,60895.414290435445,4564.001855809398,4267.799684056099,2525.2144217919717,1639.878870765238,1594.5834081438304,0.2961379255275234,0.2727982858419377,0.3478169286976387,1.1530175476316324,0.4350382200762586,54.70259100452442,8.265689296429038,38.41250971134232,17.390306708881308,0.0045823229206685,0.00312265700809,0.0006165487678034,0.0036535025066276
1754,51.46,0.2218618504999306,3025,0.0,30.0,-30.0,-30.0,30.0,0.0,72278.43828620715,5333.546386014,4830.663626472419,2716.312636698537,1949.7124415476596,2052.598344542545,0.2479381197913202,0.2396353858266846,0.3536545251802008,1.638429481949169,0.4329631488135035,61.19644353592339,9.165050668620715,43.23328792933271,17.557404070769635,0.0042868951474045,0.0034023096641705,0.000586334724279,0.0034287578512042
1755,42.12,0.2730897853442094,4563,0.0,30.0,-30.0,-30.0,30.0,0.0,77406.63954827732,5604.941985082069,5216.108936478256,3014.731122290919,2251.506258248808,2061.0226112493465,0.2988975040280722,0.2716654831303829,0.3246315880219682,2.0801738114293165,0.3868591233505918,60.344079568617126,8.779287326193925,40.81056009647367,17.685927438868415,0.0039974312755012,0.0028035703571643,0.0005001042902434,0.0033103269981384
1756,52.64,0.2363987290267139,1891,0.0,30.0,-30.0,-30.0,30.0,0.0,66588.37349486421,4137.510212686296,4019.773539144693,2336.0210981338323,1698.233880765634,1843.27997424189,0.296080696193937,0.2919933106910291,0.3523970964301327,1.3604301078882413,0.2501488047911651,30.9064513183676,4.119164080845271,20.30457092197747,8.803764052098202,0.0025667789136146,0.0017540066100057,0.0003367526613549,0.0020455542688824
1757,60.5,0.2740662213596243,4110,0.0,30.0,-30.0,-30.0,30.0,0.0,81472.69092007524,5095.044897180515,4753.1099099167295,3218.8137327243694,2115.7182944502324,2212.7622558804173,0.2829761724796109,0.2818006450093542,0.30057435364559,2.0130737298058627,0.3286650860505046,46.13464503243818,7.38364462197053,31.995068238932515,13.822884650966408,0.0031745329304009,0.0022339350751786,0.0004040522503617,0.0027312531899226
1758,54.8,0.296360161166172,1806,0.0,30.0,-30.0,-30.0,30.0,0.0,62739.52552441535,4511.5768834715145,4153.312780299959,2444.333400509057,1627.4416620567208,1638.7791903899515,0.2501384094318047,0.2311183737588175,0.2972910973058318,1.583323602201164,0.0589057902520187,7.31557997941885,1.1016537016264178,4.93229216292312,2.248357741904109,0.0006109053458436,0.0004266736364844,7.940405652672835e-05,0.0005043736012348
1759,50.87,0.2040410627000992,1755,0.0,30.0,-30.0,-30.0,30.0,0.0,70816.86165987363,4454.770710260626,4427.257235962873,2509.1292509930618,1945.0083729459263,1790.229562420464,0.2663703971265067,0.2653532202550278,0.3594292739868159,1.739819711962586,0.3594855656801318,47.89108947685413,7.2674762021589085,30.746986311593894,14.274126868563576,0.0037409087405175,0.0028236574905639,0.0004722133959556,0.0031174344606468
1760,45.92,0.2691033786263656,2035,0.0,30.0,-30.0,-30.0,30.0,0.0,76594.51367676117,5035.671059217728,4721.780590306525,2432.341512233156,2005.676160298932,1913.3560696905636,0.3178193369186414,0.3048416676073026,0.3079745533446907,1.9814720139094448,0.2194420613681145,28.50820856567973,4.275791127651577,20.74184146659361,8.841141901732579,0.0021166734264339,0.0016795551048794,0.0002613990774169,0.0018058009646946
1761,61.27,0.2742241846191275,2569,0.0,30.0,-30.0,-30.0,30.0,0.0,61317.97598594039,3825.906480194075,3382.601964899692,2230.293538132016,1532.1342499542588,1506.5951344066184,0.2703972702775297,0.2592261443236319,0.3073040235101274,1.1793761590338696,0.3252085892496951,34.0336849222205,5.09111122428021,25.051991692797756,10.561728296310292,0.0031608328377093,0.0022786423196771,0.0003868491823405,0.002832236181192
1762,49.82,0.2328555027876065,4780,0.0,30.0,-30.0,-30.0,30.0,0.0,84621.37278913964,5847.63788772887,6070.911970608347,3240.0205344420483,2271.2106017444576,2278.1367523452936,0.2413835850749364,0.2475302963855242,0.3178351924301258,2.5364449415937957,0.1687498099165292,26.46742226048663,4.314587346068284,19.61033962356356,8.342520161856072,0.0016619196079124,0.0012586759530249,0.0002395849932572,0.0015493386799297
1763,58.38,0.190124342164686,4907,0.0,30.0,-30.0,-30.0,30.0,0.0,81398.01097489461,5071.466666868264,5115.225975133868,3001.432078804018,2089.3942241522823,2168.4276258188406,0.2566780077832697,0.2423371950831684,0.3789285964686378,2.0078777895347946,0.4162900720683641,67.24148706427901,8.997571286907885,45.0475990518551,18.756225340596192,0.0040579567026966,0.0030746237599508,0.0005703081189829,0.0034559877768232
1764,51.32,0.2388486783102459,2802,0.0,30.0,-30.0,-30.0,30.0,0.0,76690.11260248245,4782.509790808973,4775.9862123302,2603.7859890109607,2076.8980029342115,1896.895945435304,0.2485385079490707,0.2608382735612223,0.3699930046576533,2.0975047673986515,0.1566579462998279,21.645804587041244,3.287263764173964,15.790093721484755,6.409721423695465,0.0015578953267915,0.0012103811221076,0.0001999171037145,0.001346825362759
1765,41.87,0.1785692600253461,2456,0.0,30.0,-30.0,-30.0,30.0,0.0,73497.31671942514,4877.924874356128,4554.487945218886,2774.984909249052,1876.489760801683,1935.3095745351527,0.2663376181757069,0.2759998131588958,0.3347486389521825,1.5194295088902938,0.3891414196366347,52.048220398290496,7.998642421948668,36.32028394470371,15.621771422814948,0.0038867897796569,0.0027054386052392,0.0005122521180354,0.0031627288875319
1766,43.4,0.2632591650413975,2330,0.0,30.0,-30.0,-30.0,30.0,0.0,79183.46941217831,5510.165954707453,5544.229394818259,2929.1049303071563,2001.6285395613252,2144.569196171566,0.2701081595649031,0.2741839365477393,0.356036490434669,2.041940473064792,0.3516733836195144,54.192263418035374,7.822229661491879,36.90088500302892,15.1587443505242,0.0032743677018296,0.0028326474184162,0.000460361661863,0.0028588768384217
1767,54.62,0.2549038233793298,4654,0.0,30.0,-30.0,-30.0,30.0,0.0,86685.02252121239,5781.644096822247,5009.728272398355,2999.978541753238,2188.095022066977,2106.9801344196608,0.3230258675003929,0.3066895903719761,0.3358259871704043,2.184825126265596,0.3411546248685703,52.27361510930839,7.67428628198668,36.07133509569303,15.708919295815132,0.0032637802086556,0.0025326362544713,0.0004418387048644,0.0027766723809593
1768,42.64,0.2127957598985465,2136,0.0,30.0,-30.0,-30.0,30.0,0.0,77516.27903152638,5133.094784594765,4842.395777605374,2812.174044058564,1993.072485115994,1978.279011420942,0.2719704150201116,0.2530313536287836,0.3482638418573231,1.9811760545488013,0.0746300580099607,10.338603959047528,1.5515776761294076,7.257408835885391,3.069655009754809,0.0007368430400401,0.0005645695919882,9.382980931831508e-05,0.0006190521787353
1769,51.65,0.2584333170091819,3341,0.0,30.0,-30.0,-30.0,30.0,0.0,86534.15397692642,5569.972456549183,5011.519599074169,3160.584770853887,2147.379540173014,2116.2889559902223,0.3031484063280516,0.2893545754019201,0.3576944960088317,2.739992118047031,0.1156219724978469,16.414897687142624,2.589614343220191,12.999810404177191,5.173309910308102,0.0011846326799319,0.0008656248701507,0.000143540772726,0.000935885704978
1770,43.02,0.2707136531037524,3165,0.0,30.0,-30.0,-30.0,30.0,0.0,63740.02519630038,4070.457310660774,3700.745153198214,2229.94037387266,1624.49335166756,1573.529755659485,0.2603665560487131,0.2580234796409139,0.3612552051569336,1.3055424890469522,0.1507853367315428,16.04790758916898,2.5577189837026637,11.552892472578057,4.698478758696913,0.001477159914103,0.0010829382034014,0.000179193209544,0.0011501679241081
1771,64.12,0.2708084686557772,2967,0.0,30.0,-30.0,-30.0,30.0,0.0,79079.28572842399,5052.499921018302,5076.089503458655,2685.498080975438,2023.654565352728,2006.5355956772937,0.2443003425650358,0.222483438676275,0.3868869989190731,1.957666915365373,0.3882072294654958,54.05533183615327,7.624470146575363,40.8026692660886,16.622673627360523,0.0041797273442285,0.0030549182885762,0.0005083401367067,0.0033548660931125
1772,51.3,0.2929058752550992,2350,0.0,30.0,-30.0,-30.0,30.0,0.0,77015.470436014,5018.107093836497,4795.795783805463,2627.9190118264582,1954.5134433556984,1922.3799313299796,0.2714545901776468,0.2671404729521103,0.3484163417228688,1.617415476899037,0.1605034927047833,21.87680565705255,3.0838291624725724,14.324745795973412,5.674245783125586,0.0015237599770441,0.0012083104873569,0.0002007128987343,0.0012514169152857
1773,46.63,0.2300079509847476,3397,0.0,30.0,-30.0,-30.0,30.0,0.0,61314.3340890812,4624.102078887653,4351.152704391118,2311.9338711181954,1705.0673353305915,1679.3611295522337,0.3167852038287325,0.3086269285181789,0.3419142510222265,1.151299326075383,0.49219241646203,57.60328729289905,8.990118601275631,40.498332538834376,18.208818634478884,0.0048816275647012,0.0038721991545039,0.0006629951001131,0.0040793786452039
1774,42.26,0.2442527989243173,1991,0.0,30.0,-30.0,-30.0,30.0,0.0,63819.10124764083,4054.660464947441,3874.531807607456,2282.025767535494,1559.953535396382,1654.8591392260769,0.3180609651157109,0.291072000656366,0.2984852650565273,0.9173573887894798,0.5126538206960687,64.63996682421201,9.359225544836647,42.52412440008514,19.00802217927924,0.0054074149674424,0.0041090803969799,0.0007325341105591,0.0046774780481117
1775,57.15,0.2833462232325215,4807,0.0,30.0,-30.0,-30.0,30.0,0.0,71669.46714884554,4170.594225592867,4048.8194544617736,2682.093683858662,1798.644364437503,1738.8495858576168,0.278104894417966,0.2690474234166364,0.3504254430594155,1.763440374732241,0.3930681212971281,50.24809587211779,7.405289308369848,35.912060507354454,14.882923116335618,0.0042618950970649,0.0031983569143801,0.0005131714244667,0.0035145301857142
1776,57.62,0.3021488518814844,4884,0.0,30.0,-30.0,-30.0,30.0,0.0,70338.58266499374,4378.449720567605,4174.539722710393,2456.864885072021,1644.313178292986,1619.1709158788942,0.3073615958931184,0.3067203826512356,0.3179091023771465,1.4198995471357958,0.369919544764627,41.43306065279701,6.9181676905773575,32.16980090296088,13.430400527550267,0.0033393380045009,0.0025264561577527,0.0004747083860123,0.0032118146358062
1777,41.01,0.2070124890430542,3971,0.0,30.0,-30.0,-30.0,30.0,0.0,74539.58098148394,5103.684968883545,4954.977337014561,2677.1977714937702,1914.991472038989,1872.994745831894,0.3100402067101155,0.3064644086149063,0.3408364711127179,1.7755418727991956,0.2941905159752971,41.22182559637882,5.982071609493207,26.56171350459163,12.469322322119869,0.0029566676542306,0.0022705952600157,0.0003831353237057,0.0025172841844753
1778,61.41,0.2605633413635454,4923,0.0,30.0,-30.0,-30.0,30.0,0.0,91334.17674911708,5613.679503389624,5115.479791821004,3067.821754491052,2331.897473757447,2057.5765444409963,0.2888463418891957,0.2704284030527073,0.295824172083262,2.16706427203179,0.2606683319035442,39.952426677564965,6.06706564701998,27.75360336349669,11.819066992995571,0.0024617917637617,0.0018425099106687,0.0003228092768882,0.0021744442211062
1779,42.28,0.2941040107718811,2107,0.0,30.0,-30.0,-30.0,30.0,0.0,72122.62378743282,4605.11176160574,4400.089736607945,2566.090352753352,1931.4956741379892,1861.8008456598784,0.3317809926106628,0.2928573218169311,0.3307683845769401,2.036221067253565,0.1894392878409668,24.865997473699636,3.747036320455591,18.280205475418743,7.735153776247593,0.0020198593359185,0.001464950431269,0.000238031595315,0.0016850639067139
1780,64.21,0.2580872658195883,2516,0.0,30.0,-30.0,-30.0,30.0,0.0,72226.88637886319,4823.356806461028,4683.005034369875,2840.384353631188,2057.5803680376384,1736.0179213452543,0.2631070121355711,0.2485307707673579,0.3624755667904802,1.9890976699477856,0.2641597928718443,37.57989117772656,5.731933752225979,25.743302086228027,10.963166070923702,0.0026279018532662,0.0019028262218739,0.0003405567625025,0.0022127910042674
1781,52.84,0.3030967845261624,3123,0.0,30.0,-30.0,-30.0,30.0,0.0,76388.90781284621,5227.116845649845,4852.218026297367,2939.3940928686297,2049.3966666468536,2056.281438700813,0.2944045959050876,0.2828976326517305,0.3588085090691734,2.52931308710121,0.0504613629178406,7.905862339048856,1.166233639383326,5.628929560554114,2.3431051460085905,0.0005204930768356,0.0003861139961436,7.051757110365219e-05,0.0004218704948727
1782,47.47,0.2302705109045312,4273,0.0,30.0,-30.0,-30.0,30.0,0.0,68738.49479099439,4546.861903279447,4428.543248946669,2621.6480365615566,1891.4984366178585,1844.33925028386,0.3027073969786314,0.2887834321367619,0.3705732029427213,1.5979238554296258,0.1980559704077922,25.936870791134368,3.847733738984159,18.009702599641447,7.622940294109176,0.0019383543683381,0.0015560516109254,0.0002556908414505,0.0016762586140728
1783,64.77,0.2950720303208676,4859,0.0,30.0,-30.0,-30.0,30.0,0.0,69019.01171528254,4383.978320939419,4618.757723193999,2565.7904980562903,1870.546678301477,1896.9735917996552,0.2683425926627015,0.268452659765186,0.3742988105854118,1.9626142026297275,0.2460394983186517,28.63596595071712,4.653823430620306,20.81237997719607,9.193094864113586,0.0024214332696688,0.0017791928649631,0.0002986729779702,0.0020206125495241
1784,63.8,0.2032721353925243,1627,0.0,30.0,-30.0,-30.0,30.0,0.0,70666.95120737412,4824.541298029443,4379.372277908868,2636.2858215297365,1763.8510284329975,1850.138101005827,0.282005247412789,0.2662107187540449,0.322713761366196,1.4532444024098763,0.381221277517557,53.69736739801915,7.527192823518987,34.766640984105294,15.379882559836172,0.0037509638168346,0.0029826526598485,0.0005014848105864,0.003328356923873
1785,51.31,0.1946132346351327,5000,0.0,30.0,-30.0,-30.0,30.0,0.0,78223.18516496079,5526.481070195402,5263.148689416053,2805.6757630245725,1981.948645427265,2037.617891276999,0.2958331796678485,0.2920699928198316,0.3015551499315748,2.0532362949984595,0.2681114722518299,37.384853136027175,5.936319797564123,28.042425300793948,11.459037271878277,0.0026813979496655,0.0020466869829364,0.0003405476855277,0.0022145323504791
1786,53.75,0.2437788373776264,4564,0.0,30.0,-30.0,-30.0,30.0,0.0,70965.16760875068,4805.257433047492,4643.18151307722,2552.564373267017,1929.071343185116,1877.331058436836,0.3245079165642298,0.3052354176282134,0.339367027339061,1.6675568177412636,0.2853672234291768,36.52142448041606,5.744493783522512,27.42339295621,10.570314121464015,0.003028234220779,0.0021918246596078,0.0003715919653384,0.002264280397859
1787,51.55,0.2790493167166095,1887,0.0,30.0,-30.0,-30.0,30.0,0.0,67871.54602901323,4280.548056447163,4209.887936764064,2586.994116226502,1912.3650907697531,1880.572887154976,0.2624167472940005,0.2672351651659164,0.3170991783858575,1.816675729485387,0.1497755475837518,17.611134241904193,2.489853744102519,12.114305106369672,5.13444839402838,0.0014029587058592,0.0010111779615155,0.0001916101814177,0.0013019378458632
1788,59.85,0.1973625968782312,4792,0.0,30.0,-30.0,-30.0,30.0,0.0,81225.37982027892,5395.93774540706,5070.564513560966,2849.577416126646,2144.7721642364104,2204.0785655242453,0.2702553823608482,0.2701662837927684,0.3243815297957368,1.785221174707842,0.4596602605251451,65.23043109896446,9.9373071643391,47.02752653232271,19.672605877635032,0.004245149764463,0.0034375757300434,0.0005594468695008,0.0035285746378189
1789,40.3,0.2535229550066813,1997,0.0,30.0,-30.0,-30.0,30.0,0.0,70779.63066159176,4441.245983813077,4566.067385836259,2526.205076618451,1791.7177178536606,1934.0489372710197,0.2749496406729899,0.2570197796068317,0.3045294773138415,1.5872229663769464,0.200918726179742,26.50545640609419,4.010334618732535,19.293299194968696,7.902248982032322,0.0020084816409418,0.0015394948517687,0.0002666023401381,0.0016658490068276
1790,59.52,0.2501757139953396,4901,0.0,30.0,-30.0,-30.0,30.0,0.0,73251.87938051687,4594.028662400292,4412.462784701324,2588.4671685331878,1797.5436756965964,1899.730399302195,0.261204507084913,0.2267571873798478,0.3587708470734713,1.6319562576237696,0.2001355968430398,27.980489957018484,4.098130902950715,19.301429267821504,8.396634536412064,0.0021470359478417,0.0015857745922648,0.0002778907092971,0.0018426421968076
1791,43.27,0.2470320301261634,2410,0.0,30.0,-30.0,-30.0,30.0,0.0,80426.5635903414,5331.417259207153,4981.290391309146,2713.310800251138,2042.7500393054077,2200.5935519463737,0.2814820400178662,0.2550804825409869,0.3032721713646694,1.880191638379063,0.2700108094132776,39.882930396705945,5.657732718829272,25.869710354678823,11.467264817332415,0.0027004427687298,0.0019008231642099,0.000343331471257,0.002287496694607
1792,50.01,0.213684695431683,4873,0.0,30.0,-30.0,-30.0,30.0,0.0,80982.81508659966,5419.202364546667,5335.327434361624,3197.2427001800747,2060.8496722667005,1894.4509786325664,0.270469522093467,0.2598584953211099,0.369945269435745,2.272018298704963,0.1879553078043086,29.01731700494867,4.409389723633638,20.373177588754015,8.921046652886867,0.0019188079148894,0.0014709108710816,0.0002578451996557,0.0015818402693058
1793,55.76,0.2651289221470514,4311,0.0,30.0,-30.0,-30.0,30.0,0.0,65660.68734835544,4236.011546344495,4097.824105105261,2626.9646300148893,1636.5609728870922,1664.475580464309,0.3320621448926762,0.3153110674485954,0.3085741172823444,1.3363240223169324,0.41864327444029,49.08687761700765,7.463507826847705,35.94949505353258,15.008774609672772,0.0042045093211628,0.0029469070284581,0.00050414073575,0.0036026462049962
1794,42.1,0.2282411740490529,4140,0.0,30.0,-30.0,-30.0,30.0,0.0,69450.70613009128,4589.07328293747,4346.590158484625,2661.866377310672,1787.3591939205633,1730.8393918927648,0.3167594838291088,0.2830850910682479,0.3670852673132866,1.6803501967922758,0.1972414294972696,27.134101308820476,3.759472826775096,17.77393337433211,7.5252251111964705,0.0018843705106292,0.0014863735964605,0.0002450680784664,0.0017113328304422
1795,46.47,0.2854953950877206,3900,0.0,30.0,-30.0,-30.0,30.0,0.0,86994.04949546246,5908.47183244975,5372.777777176795,3250.775194735788,2278.0251645068347,2195.5285087304123,0.2838500621014642,0.2798203348837885,0.3672807853590794,2.9521711269428472,0.1268475068360681,19.698867602875243,2.938856267504206,14.952624009142289,6.518662181963351,0.0013298489837547,0.0009570177051363,0.000160948034082,0.0010534458832338
1796,41.87,0.2226785779305538,4829,0.0,30.0,-30.0,-30.0,30.0,0.0,81334.26252730476,5180.008536984506,4919.973788811343,2917.6989387436947,2002.8383992938,2128.273767470939,0.2694912658811124,0.2660010131349268,0.3223812195073629,2.2626189250888675,0.1117323634655801,17.129834890349763,2.566879996628378,11.633057448290057,4.786579985673041,0.0011704772312942,0.0008553587520027,0.0001427494784231,0.0009080058790633
1797,44.94,0.1974334099416428,1764,0.0,30.0,-30.0,-30.0,30.0,0.0,68362.93127215728,4689.765765670057,4410.026944413072,2589.267561678285,1848.825856106083,1878.9075850751688,0.2659391274588645,0.2523230093841617,0.3352291469631095,1.7490176759770812,0.3691584188106205,47.30185352344116,7.240380748198857,33.60531240250383,14.592466809259228,0.003729364353587,0.0027419280695272,0.0004998881375478,0.0031100765315482
1798,51.09,0.2192896383230119,4145,0.0,30.0,-30.0,-30.0,30.0,0.0,90520.81465033496,5578.339737051521,5274.051899266923,3188.0325725574453,2040.113595170029,2166.5101106162515,0.2669537140604695,0.2495034077887709,0.3147873862975355,2.4480255941737865,0.203476760680481,30.838096666486408,4.970593163604959,23.133196128669933,8.83123507577678,0.0019698255952776,0.0015228135119413,0.0002579401799774,0.0016759878558309
1799,42.3,0.1776906545939094,2027,0.0,30.0,-30.0,-30.0,30.0,0.0,90357.60638846412,6315.827188752589,5932.5556296472405,3150.821386339156,2273.8889132523627,2299.96295707047,0.2710622242005393,0.2826715977651684,0.337351815558185,2.459106057892174,0.1225668681394744,20.11218084746408,3.120613881490164,13.423241115228745,6.0012970362275295,0.0012217412743234,0.0009177430091796,0.0001612787587579,0.0009932742684502
1800,60.73,0.2465124877894268,4970,0.0,30.0,-30.0,-30.0,30.0,0.0,70318.85438409289,4852.716479244808,4692.340199852261,2438.631430026026,1773.6224836564083,1698.8804119292136,0.2613435680912471,0.2569016133976909,0.3419650559065646,1.6288937180947192,0.209504261040389,27.36885967321262,4.202101729150623,19.479000601907543,7.823840692838264,0.0020140436278615,0.0015942843650272,0.0002706208910327,0.001723523083559
1801,43.06,0.1974442473764402,2858,0.0,30.0,-30.0,-30.0,30.0,0.0,81778.74766741705,5671.923301924099,5682.03924420001,3216.1232468176067,2062.419936767371,2268.752406934494,0.2744616728030709,0.2435961325990498,0.3199882036827773,2.275264454309092,0.3877588862770005,68.76517655940597,9.852114252979687,43.74752039095158,19.29417323667021,0.004013043682262,0.0029526496890002,0.0005482622018877,0.0033234890828907
1802,41.27,0.2024303792853775,3388,0.0,30.0,-30.0,-30.0,30.0,0.0,79643.26936513439,5404.3450171965615,5118.425054290689,2995.338549103245,2007.1712494519493,2134.6170352696868,0.2825342651869785,0.3009314410073279,0.3266785392295669,2.474150442301899,0.1075258998746553,17.18405405085038,2.359969676439696,12.06419130923442,5.065075309090399,0.0011001605816875,0.0008038568544752,0.0001513061234575,0.0008975054764873
1803,50.83,0.2564332896092251,3850,0.0,30.0,-30.0,-30.0,30.0,0.0,63983.00558055835,4124.104528964624,3927.155732447976,2342.1766659326263,1646.8425860919324,1656.18415647609,0.294753946629042,0.2838717130749756,0.3748347581831406,1.3709664881382166,0.1075749350306592,12.059688054098396,1.7860523079062285,8.633411567265574,3.766554615684972,0.0010577124391787,0.0007871574072503,0.0001489214070142,0.0008996365057684
1804,49.87,0.2741416150633718,4467,0.0,30.0,-30.0,-30.0,30.0,0.0,79758.18868021294,5796.284993439813,5553.232047720237,3132.8802009349333,2281.35748038053,2038.3071444812456,0.3124551876972886,0.2996932077270648,0.3359561519573301,2.5148897416980964,0.1723168324122002,26.33387335119072,3.97500561291722,18.41428604967766,8.035792222012072,0.001780289216654,0.0013576351294536,0.0002376386767545,0.0014240673419909
1805,49.57,0.2713040591998424,1620,0.0,30.0,-30.0,-30.0,30.0,0.0,79069.69185878485,5481.30736922357,5282.493346453937,3107.2866631697466,2140.415562518189,2199.7204909909,0.2921702924458664,0.280676435177621,0.320598726529511,2.6957007432562863,0.0981987784072259,14.025217191770514,2.2325100338200468,10.110899480590689,4.402014610181685,0.0008712149816857,0.0006917984443791,0.0001200711774774,0.0007430794096507
1806,44.32,0.1951349005018481,3247,0.0,30.0,-30.0,-30.0,30.0,0.0,79543.46555478836,5026.649451348581,4592.79795753024,2712.1700718287107,2139.9607708586377,1941.8651927001024,0.2764371432122772,0.2704842879500491,0.3415322148494367,2.450752792956084,0.0989482857441658,13.469655387721089,2.090891405678946,9.064250017059036,3.8606606254042384,0.0010238891807583,0.0007464508581648,0.0001265615570447,0.0008501083861161
1807,62.71,0.2145745260283403,2379,0.0,30.0,-30.0,-30.0,30.0,0.0,66296.27617651164,4943.0626679876,4557.790324893098,2804.003297052757,1903.3263307646164,1902.340201074349,0.2352253764221032,0.2299712338007006,0.3129093968649278,1.290580629576923,0.4345626410339558,62.2638819076244,9.06399553899926,40.82917444601285,17.889513197247478,0.0046368822616085,0.0032649319834387,0.0006096930433868,0.0039628708383638
1808,47.0,0.1857283042121608,2626,0.0,30.0,-30.0,-30.0,30.0,0.0,88414.98843630732,5654.597955294289,5360.642781019695,3116.7052136146262,2123.295470208623,2133.271692752985,0.2780096186939318,0.2994943812187183,0.364888445825122,2.564464208803868,0.1787271973326106,29.00944853321065,4.111706206486496,19.127259215791188,8.707827183812354,0.0017307726058594,0.0013864850091717,0.0002500810076605,0.0014727295035807
1809,40.87,0.2732326615195681,2108,0.0,30.0,-30.0,-30.0,30.0,0.0,63245.93052641698,4539.12806759091,4416.438232921192,2415.626990997575,1712.0860128193103,1696.74435068642,0.2942222509136028,0.2933615015958167,0.3502038937854344,1.779662283984207,0.0931175379947673,12.377565549854404,1.7615299023116946,7.879420589854029,3.668799643451292,0.0010397635885857,0.0007853857192571,0.0001384713658343,0.0007839394449388
1810,55.42,0.2602969624235726,4036,0.0,30.0,-30.0,-30.0,30.0,0.0,70863.63806871008,4806.964485418637,4538.7752383226025,3023.9877774847146,1879.941733508943,1872.873163887926,0.263097141635608,0.2500028562747706,0.333401089417513,1.755656855827041,0.2956346260920762,41.53380448697893,6.301412070162311,29.648468281515434,13.030557003046823,0.0028210464011378,0.0022196388583986,0.0004141093415629,0.0025136214198654
1811,47.38,0.3047352923864834,4151,0.0,30.0,-30.0,-30.0,30.0,0.0,64027.735466562575,4371.494982727921,4264.48477205256,2299.525362035139,1636.4068795119974,1669.6433282600483,0.2546312068400571,0.2497714551114523,0.3705710719908632,1.32158480112401,0.365751748451366,41.25751686525045,6.719159517894704,30.13105874240892,13.710200209648464,0.0037219526397577,0.0027934783444768,0.0004896169494315,0.0033562038380829
1812,62.07,0.2485159783187745,3187,0.0,30.0,-30.0,-30.0,30.0,0.0,72344.97029248935,4962.01253178787,4704.99407943799,2791.0137148632816,1821.793028265048,1720.734927200824,0.3285506925729744,0.2996069572219154,0.2926826860852239,1.5052249920467389,0.3822593753844404,49.8459759952317,7.338032809855203,34.205358590175585,14.12186830231243,0.0037428185778225,0.0028305898873259,0.0004766952401609,0.0030595253623482
1813,41.52,0.2287897720210008,3462,0.0,30.0,-30.0,-30.0,30.0,0.0,70460.51689438723,4143.238592958277,4261.633654044357,2363.5248069713784,1807.7464219528315,1664.8891027591712,0.2354869758031275,0.2472122346024034,0.3671622430272983,1.5236467651951635,0.1856517624991792,22.62092458033218,3.237005061616637,16.151765991294948,6.371558037839185,0.0017431641225322,0.0013753606458525,0.0002366833386338,0.0014586192323406
1814,49.58,0.2371586344464581,2645,0.0,30.0,-30.0,-30.0,30.0,0.0,84420.63351368059,5159.540227593653,5475.342891314203,3113.493766194237,2015.141280133101,2112.0418523660837,0.2800317107415451,0.2746782291409647,0.3570419565259615,2.046254496606677,0.2407845173388232,36.69640140337192,5.520865703663297,27.415322267797382,11.233512924422037,0.0024357136121394,0.0017793025479197,0.0003095101961082,0.001964741927142
1815,44.99,0.2791905152580721,3217,0.0,30.0,-30.0,-30.0,30.0,0.0,63486.81108331593,3577.3134507903865,3591.303022675121,2280.031430770998,1543.501278210956,1475.6639540846215,0.281007347150264,0.2533730263587636,0.3372736265032698,1.1688448011313373,0.3298477717943054,34.500242504069526,5.322849760320579,23.833803356839876,10.424714143276004,0.0032986278423027,0.0022593296450398,0.0004013213666468,0.0027718631697372
1816,53.15,0.2798781036254972,4765,0.0,30.0,-30.0,-30.0,30.0,0.0,65889.06118141874,4467.544205503813,4289.255103059025,2512.979949197288,1722.4901386270394,1876.0854348738096,0.272434334965304,0.2614966400912543,0.3373672757717606,1.676308714089282,0.2046920897573216,25.067084723062965,3.659722200870645,15.257944116042598,7.676168844935482,0.001985200890005,0.0015393908879903,0.0002477506413411,0.0015983711717059
1817,64.85,0.2431144996772767,4083,0.0,30.0,-30.0,-30.0,30.0,0.0,73068.55758381383,5091.452678098608,4788.581200459228,2744.5062609037327,1686.9141509933932,1737.3723638576168,0.2957980469620943,0.2992345946095825,0.3562535253042553,1.8992955753192424,0.3030207642633351,44.83610679426865,6.050402169570028,30.64519359995816,13.092547775192813,0.002922421711014,0.0022968147604447,0.0003901653992788,0.0026226917065868
1818,59.87,0.2025783048278129,3726,0.0,30.0,-30.0,-30.0,30.0,0.0,84981.93960410333,5533.31391503489,5238.957022606583,3141.462214099989,2236.446221685885,2356.71439530077,0.2538319572421406,0.2521785683596009,0.3549342395436105,2.533907808542869,0.3761377845405249,60.8346347066887,9.322429032347433,42.22275163195916,18.841303047842576,0.0038265331592947,0.0029276124349827,0.000504710363141,0.0032275121747297
1819,59.55,0.3050742767995885,3066,0.0,30.0,-30.0,-30.0,30.0,0.0,84235.78474053708,5577.366876926904,5118.836124277749,3031.4177134479155,2300.606143831101,2198.6726815082443,0.2940138012899045,0.2817684720024682,0.3564230751285142,2.341180005350429,0.1859296926527146,27.62326056884686,4.150544295966213,19.390885844878166,8.367030844244796,0.0017201892606779,0.0013952247619784,0.0002257427875617,0.001490416249091
1820,51.99,0.2002205440634956,2970,0.0,30.0,-30.0,-30.0,30.0,0.0,78427.19482378465,5284.231580169166,5175.413976775337,3077.6135719968875,2067.5121877387887,2245.223267935016,0.2758574237737726,0.2748664458559641,0.3114727657054876,2.230325587439949,0.2746744871923379,42.74665552462017,6.056855374338566,29.551824835912846,12.15184392224751,0.0026496138139524,0.0020073505080903,0.0003475500055314,0.0023384558206209
1821,52.12,0.2118350462050393,4700,0.0,30.0,-30.0,-30.0,30.0,0.0,67614.56983440148,4427.221409468477,4275.673509268344,2460.8190982531582,1707.2471084849635,1736.2807777158137,0.2960430642921481,0.2914575660380639,0.3326423823030995,1.5450892447632818,0.2522329871647417,32.94727529233852,4.745193529478767,21.893173142877867,9.533445922235346,0.0026863422202784,0.0020214251707049,0.000335770918673,0.0021343227116504
1822,52.56,0.2761882187887647,3816,0.0,30.0,-30.0,-30.0,30.0,0.0,71472.04074848293,4521.488333030576,4243.365008579629,2858.4084052938024,1878.2737882063327,1868.733508477137,0.2558461340055378,0.2409780575657282,0.3612826405368876,1.7193838914667536,0.2137019025136396,27.697766949436332,4.510534752897585,19.93756701668473,8.306012985421784,0.0020673840996285,0.0015233547775341,0.0002865457866837,0.0018430051428156
1823,46.76,0.2731237070044984,3090,0.0,30.0,-30.0,-30.0,30.0,0.0,89238.37196675006,6061.78699476129,5423.71535011521,3169.4293582241703,2175.3984172411533,2141.861672337867,0.2939291331014152,0.2805314046012138,0.3376612145266005,2.63268458823082,0.0881890809915069,14.446030014879312,2.157596939526099,9.856001789517878,4.22672509622674,0.000923354944254,0.0006298551879777,0.0001185819314211,0.0007372747359902
1824,47.97,0.1856566483141861,1606,0.0,30.0,-30.0,-30.0,30.0,0.0,62814.53487788217,3938.594928778968,4076.796613826458,2232.152689989429,1524.845009221361,1534.3122377359282,0.2971927062492036,0.2922823644340021,0.3569703253359988,1.2109017340761283,0.2582421896904688,28.927132267769657,4.581615406668109,19.929146230776045,8.976668889659333,0.0025053088012644,0.001958832412552,0.0003416328228137,0.0020631970971171
1825,40.73,0.295314555873689,2397,0.0,30.0,-30.0,-30.0,30.0,0.0,70182.90999119636,4812.265080840191,4572.404451487894,2682.383985510148,1828.851220632788,1834.6605452541417,0.2461026395723911,0.2586100133224776,0.3152016743925138,1.7175544491137529,0.4667522844270914,63.30287860841262,9.106570637772077,43.22583042447335,18.948795765625245,0.004605728893829,0.003444729161729,0.0006082942030932,0.0039689189266413
1826,59.46,0.2250993819170066,4820,0.0,30.0,-30.0,-30.0,30.0,0.0,67184.5546487285,4459.087851655812,4335.098209940253,2283.8706108327706,1766.103670648155,1728.5272658340778,0.2862656045665079,0.2669375041068874,0.3170143202285691,1.42097759675722,0.2539369993732328,30.622662117572087,5.440526679407887,22.38104735465541,9.396439346948148,0.0025807596290699,0.0019617540767108,0.0003211245822048,0.0021564382761151
1827,60.22,0.2756436451589462,1739,0.0,30.0,-30.0,-30.0,30.0,0.0,78371.7921381902,5296.13975265027,5203.760280398312,3017.9098347843337,1996.5374830110425,2122.656699369561,0.3089462862759797,0.2839856618750688,0.3397687028781272,2.3793187793092714,0.1948679991682573,29.866139358928027,4.493358482674973,21.875674550581493,9.33473462821568,0.0019028447257773,0.0016044329195694,0.0002642396869706,0.0016434912047415
1828,53.24,0.2499307192469153,3432,0.0,30.0,-30.0,-30.0,30.0,0.0,63637.78060331689,3937.007103078429,3703.0708753530894,2224.05750621331,1565.0170313070364,1622.3973365589932,0.289352782919492,0.2897662725012597,0.3365981613086964,1.4563269797105072,0.1367139539885593,14.169928889905192,2.359994646516296,10.512120106821577,4.624095566461492,0.001305000247418,0.0010309531978432,0.0001754497450113,0.0010584921469028
1829,54.6,0.2324609069052871,4640,0.0,30.0,-30.0,-30.0,30.0,0.0,57850.82377782192,4417.271941421481,3781.871391826506,2241.034400043591,1503.5968332989344,1572.2336929338962,0.3128870293216148,0.2972220681849987,0.3531718159387249,1.5257773434144737,0.1011429423520742,11.05280956018293,1.6594233539230565,7.921130241403986,3.357467180514329,0.0009614652667824,0.000767833647762,0.0001258134536457,0.0007929960349141
1830,64.35,0.1900945891194758,2453,0.0,30.0,-30.0,-30.0,30.0,0.0,76121.42852594276,5266.414712961466,5121.228985072848,2924.3552266919737,2031.5520135295164,1902.1153599344773,0.3175935667540716,0.305912916961205,0.3661626641448656,2.0678715837813035,0.2672196930356429,38.57020381798738,5.869646055709364,26.614253536047418,11.532576468976076,0.0026615237316073,0.0019910502891308,0.0003450842421018,0.0022671367545225
1831,46.2,0.1951349005018481,1910,0.0,30.0,-30.0,-30.0,30.0,0.0,79543.46555478836,5026.649451348581,4592.79795753024,2712.1700718287107,2139.9607708586377,1941.8651927001024,0.2764371432122772,0.2704842879500491,0.3415322148494367,2.450752792956084,0.0989482857441658,13.469655387721089,2.090891405678946,9.064250017059036,3.8606606254042384,0.0010238891807583,0.0007464508581648,0.0001265615570447,0.0008501083861161
1832,46.66,0.2790493167166095,2487,0.0,30.0,-30.0,-30.0,30.0,0.0,67871.54602901323,4280.548056447163,4209.887936764064,2586.994116226502,1912.3650907697531,1880.572887154976,0.2624167472940005,0.2672351651659164,0.3170991783858575,1.816675729485387,0.1497755475837518,17.611134241904193,2.489853744102519,12.114305106369672,5.13444839402838,0.0014029587058592,0.0010111779615155,0.0001916101814177,0.0013019378458632
1833,59.78,0.1855138956207144,4843,0.0,30.0,-30.0,-30.0,30.0,0.0,75648.92828745212,4775.331767445541,4867.593822939397,2770.4828706985263,1867.989052419569,1866.5489133986212,0.2572416548889031,0.2506039517325473,0.3101892544855517,2.149078457974243,0.0807569753129554,12.092163315142308,1.8217822093949552,8.089998232726616,3.418194147323208,0.0008219504014416,0.0006070158329518,0.0001081697818958,0.0006884777144543
1834,41.4,0.2468968254563118,4518,0.0,30.0,-30.0,-30.0,30.0,0.0,73080.93306485351,5110.723423697522,4839.339774018096,2679.794182777231,1811.16306113779,1759.885862351686,0.2660737068654081,0.2433536107972868,0.350322553875907,1.9207909269212449,0.167257898546225,22.405045914329108,3.505536167021752,16.030194203502457,6.843487472377034,0.0015713307285447,0.0013365068661715,0.0002212915164062,0.001312649622395
1835,54.39,0.2511163062678783,2398,0.0,30.0,-30.0,-30.0,30.0,0.0,60030.69851684489,4497.573218481015,4619.693308505852,2473.664105522529,1789.5543854923762,1742.6646293765216,0.2713712802760347,0.2651870142695503,0.3120555946788505,1.6334891334764738,0.2661488068706267,31.73442855463847,4.835577918835857,21.705127581793995,9.971710370014383,0.0025428417091939,0.0019490609817521,0.0003605788924521,0.0022402434837288
1836,49.71,0.2145745260283403,4766,0.0,30.0,-30.0,-30.0,30.0,0.0,66296.27617651164,4943.0626679876,4557.790324893098,2804.003297052757,1903.3263307646164,1902.340201074349,0.2352253764221032,0.2299712338007006,0.3129093968649278,1.290580629576923,0.4345626410339558,62.2638819076244,9.06399553899926,40.82917444601285,17.889513197247478,0.0046368822616085,0.0032649319834387,0.0006096930433868,0.0039628708383638
1837,64.79,0.2256321382354738,4937,0.0,30.0,-30.0,-30.0,30.0,0.0,84406.57732875033,5552.483073753041,5459.583750260379,2961.5735960849743,2299.8857918173194,2190.710324897687,0.2594890848081538,0.2347565753012404,0.3395390179456158,1.9380850403955363,0.4170597772818825,64.79548274037296,9.26339796885126,45.19811557545235,19.333593400806283,0.0042509449777398,0.0032840561833853,0.0005396698004831,0.0033288410306194
1838,44.4,0.2188493213721462,2211,0.0,30.0,-30.0,-30.0,30.0,0.0,75854.43877713842,4935.950431377717,4524.922716881934,2788.182726992025,2031.287560722906,1949.315578371656,0.2918992811755858,0.293299704784548,0.3248393415468695,1.996606204360764,0.1328346558522625,17.24689784604966,2.675877868306685,11.883625089524111,5.286055960071502,0.0012810202694353,0.0009987585225354,0.0001621277678646,0.0010808510291427
1839,47.95,0.2086446561986603,3926,0.0,30.0,-30.0,-30.0,30.0,0.0,75691.35036198878,4768.205372756879,4466.846524713364,2542.7283016816223,1816.553774389925,1893.3558189319183,0.2434260504011546,0.2300327290045414,0.3526342127050357,1.7405753234959265,0.3918030551564387,53.75202511402114,8.359310100687345,39.3650322727737,15.711044984203454,0.0038167241031321,0.0030501673676876,0.0004929271717602,0.0031334492511504
1840,57.44,0.2650384635352096,4523,0.0,30.0,-30.0,-30.0,30.0,0.0,79714.41589491215,5012.513882613116,4792.655156352785,2935.574062676814,1975.479753065739,1984.2617927852443,0.3127098631104822,0.3146923630465497,0.3233443717092022,1.944242033530868,0.3240789909561161,48.26047881288444,7.344674074072838,35.211067259454246,13.498243901563267,0.0034036902105157,0.002429501361231,0.0004532645103767,0.0026568046132322
1841,40.71,0.1973625968782312,3923,0.0,30.0,-30.0,-30.0,30.0,0.0,81225.37982027892,5395.93774540706,5070.564513560966,2849.577416126646,2144.7721642364104,2204.0785655242453,0.2702553823608482,0.2701662837927684,0.3243815297957368,1.785221174707842,0.4596602605251451,65.23043109896446,9.9373071643391,47.02752653232271,19.672605877635032,0.004245149764463,0.0034375757300434,0.0005594468695008,0.0035285746378189
1842,48.79,0.2668838071444501,4369,0.0,30.0,-30.0,-30.0,30.0,0.0,64172.98364617171,4180.769413242243,3865.476240094737,2461.905287327412,1729.626468012231,1690.409010048974,0.3141587902282942,0.3066182233540055,0.389815358334489,1.3090089912685616,0.19828041050266,23.229173073742583,3.44127273885894,16.758529106027673,7.4084797550830865,0.0018895032888082,0.0014531448223096,0.0002486990312415,0.001608724462103
1843,54.09,0.2960818223948034,3825,0.0,30.0,-30.0,-30.0,30.0,0.0,83360.752492766,4996.657480249056,4780.710844102936,2933.267190782877,2099.386518303828,2044.0893421979097,0.302620948565057,0.2929961717270902,0.3077075893686164,1.8265257999727,0.3762252301254372,52.26825423706202,7.755710675789002,37.00355432973421,15.532905845610964,0.0038788835750509,0.0028471060544754,0.000464644920052,0.0030872327698837
1844,63.71,0.1806260772070152,3806,0.0,30.0,-30.0,-30.0,30.0,0.0,76162.23679925308,5054.790904143643,4855.83613886535,2817.732462088383,1995.6326865502765,1872.4296525552013,0.2652447038792051,0.2759839809348829,0.3621034942661673,2.3073459400913774,0.0538275920413496,8.43190341834735,1.2295614023964696,5.735152664028677,2.3690983856200614,0.000581428054812,0.0004340750500642,7.363531645759351e-05,0.0004691940516201
1845,64.7,0.3051004668360006,4927,0.0,30.0,-30.0,-30.0,30.0,0.0,77922.95736748648,5479.558546918725,5207.853871166713,2875.7739171077906,1977.9955140371053,2043.367768405966,0.297345321973392,0.287548067774507,0.348719944481389,2.0445856871440475,0.2792390424778923,37.49153497250984,6.204751662035882,28.80940421967368,12.086807350345472,0.0027027404733263,0.0019698284728327,0.0003508726124127,0.0021897405042958
1846,53.55,0.2916631197640019,3516,0.0,30.0,-30.0,-30.0,30.0,0.0,76200.58251044678,4758.09226013123,4850.404087748547,2521.510045365735,1875.749704593553,1876.7886929384972,0.3190962823272751,0.2914667972936829,0.3265062500922075,1.960869775881741,0.2210628367744478,28.952340453367004,4.388825421000136,19.48159893904754,8.429719463779307,0.0021092180399271,0.0017245009798246,0.0002820704875521,0.0017350627180763
1847,52.26,0.2978942833353246,2219,0.0,30.0,-30.0,-30.0,30.0,0.0,82179.04004441762,5345.523719098168,5418.851754575825,3054.6365395788835,2111.0473958095363,2206.838026548264,0.2509101204020511,0.2155939555468803,0.3158339634256464,2.122184022256272,0.4213521836450551,61.55821375726266,9.20503012720488,42.96734978355697,18.63496149880833,0.0042664637140314,0.0035119598550356,0.0005232753627458,0.0033329553337109
1848,41.4,0.2960145801999724,1869,0.0,30.0,-30.0,-30.0,30.0,0.0,85009.40003340367,5885.425042802808,5568.5026571750805,3197.125066173039,2122.901010072491,2128.6674452235,0.2916203138401465,0.2824380876389497,0.304700718670917,2.558711196988035,0.1411965777791103,20.092469805765013,2.9540649696359176,14.566418452664154,6.237555524911873,0.0012223392638731,0.0009618843668218,0.0001613879377564,0.001056269473783
1849,45.47,0.2651806496244518,3964,0.0,30.0,-30.0,-30.0,30.0,0.0,71013.09547176324,4679.960427176302,4528.828776165836,2500.8659479535354,1599.8256688145225,1752.941074658394,0.2950369710616899,0.285763495670721,0.3463134004940346,1.6508273024403275,0.2104263326290661,26.653919987950708,4.010892866791956,18.56290075330992,7.820691392975637,0.0021400489115032,0.0014161234065791,0.0002584160867093,0.0016893038020016
1850,51.95,0.269732005710037,3656,0.0,30.0,-30.0,-30.0,30.0,0.0,82652.30796717793,5247.105674999524,5064.727349209666,3071.365181860683,2028.3429735747336,2168.832995770422,0.3350315126525021,0.301490415417219,0.3702493898076891,2.0484568217056998,0.2749293119106027,41.19503744579222,6.339953737575642,29.394785515139866,12.27958905722617,0.0027109982483128,0.0020426267824194,0.0003613192386513,0.0022136186313278
1851,62.95,0.2309769490044276,2858,0.0,30.0,-30.0,-30.0,30.0,0.0,74573.62103473874,4827.097815964696,4456.04755701232,2876.243043694427,1999.718557539131,2028.387123754503,0.263157802993566,0.257901656659972,0.3810735628005919,2.0537739780219355,0.0691442815360473,9.371359334957276,1.4663154435667425,6.602844928616907,2.956301654128949,0.000668990995503,0.0005243176901065,8.957570192388254e-05,0.000569646410735
1852,60.16,0.2563299856817856,2325,0.0,30.0,-30.0,-30.0,30.0,0.0,61942.85742521832,3996.585835758805,4100.4801146264335,2424.867356025759,1689.9829430449663,1609.2906601294526,0.2735887445609962,0.2486151996021184,0.3581391419293314,1.2436754832674093,0.4544592914595623,48.70147162400908,7.606421595318759,36.53923254981123,14.076360121421043,0.0042846096430232,0.0030901832486298,0.0005470295070578,0.0034758043222203
1853,57.92,0.29420496617469,2895,0.0,30.0,-30.0,-30.0,30.0,0.0,81888.03844212746,5632.561873860889,4890.726675169169,3057.6072842581607,2240.3165095388263,2117.792864734859,0.3230910474622751,0.3026064008417279,0.3446574944931344,2.385922732094227,0.3715241113870933,53.48362780833025,8.577879369761005,38.4026174068296,16.203803509663558,0.0034519730047429,0.002566719540027,0.0004601098727685,0.0030755957550899
1854,61.11,0.2817371250438067,4786,0.0,30.0,-30.0,-30.0,30.0,0.0,70515.2335671651,5202.520746545554,4830.459736937922,2691.963079932557,1928.0972387883985,1915.8572375822616,0.2579513804141884,0.2386913237685659,0.3546541643056519,1.875489768146296,0.1130161764669505,15.084114102008082,2.0956454215192424,10.445537573453157,4.49189719974197,0.0010967854924471,0.000874821263482,0.0001486151866178,0.0008944205485284
1855,41.49,0.2901264760209731,2825,0.0,30.0,-30.0,-30.0,30.0,0.0,76032.52956648493,5208.64204174344,4933.970078904534,2747.0576148478262,2133.3315874619143,1985.0241621803984,0.2481408578453744,0.2446414316616437,0.3325438662661234,2.401100579797412,0.1247808822649276,18.80818729999707,2.721728213351855,13.386010622532227,5.327639828217166,0.0012642570675621,0.0009945023872097,0.0001645734239112,0.0010992164413482
1856,54.67,0.1938858728758865,2105,0.0,30.0,-30.0,-30.0,30.0,0.0,72361.80707595586,4596.088203138304,5033.926115897907,2545.5949647549087,1908.1580594432403,1789.854506694893,0.264849629691695,0.2458020429169143,0.3395031503750026,1.5165539653786224,0.3641495167991014,47.844477445971535,7.280515163252146,32.21253150678464,14.69403551115218,0.0038818096375037,0.0028365349992774,0.0004945352962267,0.0031512079845061
1857,59.36,0.2480787980508808,2080,0.0,30.0,-30.0,-30.0,30.0,0.0,71147.47520955658,4685.789440435956,4178.126463748103,2692.55538815048,1826.0760923137052,1881.3429099143705,0.3149901544052664,0.3052544137173758,0.3658274744778046,1.7332615065910095,0.1429619931258453,19.48002754621326,3.0414664945741725,13.544941822634444,6.439818823188741,0.0015680457447713,0.0011187746048672,0.0002004508230359,0.0013066895454057
1858,53.16,0.2313935925976894,4967,0.0,30.0,-30.0,-30.0,30.0,0.0,77825.07607394451,5106.1620241906985,4906.706274630557,3110.8357310188803,1963.2714140137568,2056.61246835624,0.3219736972273703,0.3016638658102255,0.3739831781170873,2.070892695919426,0.3229628486506356,46.7374723460462,7.109129385072518,31.869668447883235,13.653444926593354,0.0030067184152244,0.0020979639872221,0.0004158173434182,0.0027705508020901
1859,64.01,0.1900945891194758,2994,0.0,30.0,-30.0,-30.0,30.0,0.0,76121.42852594276,5266.414712961466,5121.228985072848,2924.3552266919737,2031.5520135295164,1902.1153599344773,0.3175935667540716,0.305912916961205,0.3661626641448656,2.0678715837813035,0.2672196930356429,38.57020381798738,5.869646055709364,26.614253536047418,11.532576468976076,0.0026615237316073,0.0019910502891308,0.0003450842421018,0.0022671367545225
1860,57.61,0.295488238962529,3030,0.0,30.0,-30.0,-30.0,30.0,0.0,85043.8195598509,5855.131096904047,5357.923656969379,3028.4692122910787,2196.498781449738,2208.83575474587,0.2932453930937214,0.2790837201538693,0.310303564696951,2.1681648877065323,0.331961468145141,54.83331684270457,7.905605703313388,36.11509016428471,15.834041347851375,0.0033402762688883,0.0025929965112754,0.0004174735165482,0.0025959354594452
1861,49.89,0.2690507065050915,4212,0.0,30.0,-30.0,-30.0,30.0,0.0,73846.38599951728,4221.705913832897,4325.997266958198,2600.673978910142,1747.5284327342315,1769.2826584853174,0.2537125495712741,0.2418516145092502,0.3280286332727242,1.7454870977621406,0.317550544950864,41.42846835596536,6.20566313776581,29.508334822635835,12.304419096648374,0.0030974445359435,0.002372011211222,0.000402783369608,0.0027008496618065
1862,48.41,0.201533284028182,1913,0.0,30.0,-30.0,-30.0,30.0,0.0,88733.26300831429,5568.1801683045005,5364.114497545119,2897.7053526322625,2181.5428626248126,2078.357161302267,0.3212526440025557,0.3012465275015653,0.2992648466342589,2.495993438536963,0.1015552006018276,16.20108026107812,2.464017119507474,12.286646698492348,4.982416875710118,0.0010402635242721,0.0007842035065723,0.0001370430390844,0.0008491901828341
1863,43.41,0.2137348133498065,2821,0.0,30.0,-30.0,-30.0,30.0,0.0,82638.4630968538,5622.221950954212,5269.042620933314,3170.850698167675,2356.4026887446653,2271.3622855426333,0.2759939990154664,0.2616897414525843,0.3530523378116132,2.3900194061835056,0.3252393856261626,46.55976430505469,7.234476907424661,34.582487266717585,14.609677067309454,0.0031480964113823,0.0023229064705069,0.0004050204749581,0.0025685214674039
1864,58.31,0.2757402293281248,2145,0.0,30.0,-30.0,-30.0,30.0,0.0,75426.82194947469,5109.246454526917,4781.104344532224,2921.557818013686,2134.755826844389,2159.568157658506,0.3249451844286798,0.2872843311287222,0.3181857558525461,2.3006675973538613,0.1440723565988383,20.427524291295764,3.2154501049445807,14.707728401475787,6.162938586534264,0.0013460761143214,0.001077524934674,0.0001745168061393,0.0011783312706246
1865,59.8,0.1904848346883511,3289,0.0,30.0,-30.0,-30.0,30.0,0.0,88223.51779051237,6023.034341198086,5691.6339927504605,3201.0899743062746,2295.4483102172744,2195.042921550523,0.3122473506963696,0.3138045086485535,0.3666904871270832,2.5732522383793963,0.1974292366625462,31.13189676262469,5.079726243795869,22.983310047047148,9.452688677496932,0.0019719288651596,0.001540478138059,0.0002494934141616,0.0016529806329787
1866,56.23,0.3168714463753312,3495,0.0,30.0,-30.0,-30.0,30.0,0.0,76378.48952908037,4895.450574296858,4460.956657284446,2585.2533519682856,2034.36621673523,1992.950906888609,0.2880938618891492,0.2861423825131341,0.3346096308155931,1.927091719237452,0.2201427003394158,27.8191812177301,4.428229553362929,21.77525362077805,8.978850340863826,0.0021735364756508,0.0016647666001905,0.0002623173061915,0.0018530620774578
1867,57.68,0.2499707317362566,2213,0.0,30.0,-30.0,-30.0,30.0,0.0,68464.81813525832,4197.922147869695,4041.610783686639,2599.88360427566,1834.106583511083,1665.8641274384672,0.2698333944798016,0.2733872812027137,0.3677538064328194,1.6580732300960594,0.1658408940869992,20.45825687663161,3.2220406391333745,14.164267520772142,6.420403111213632,0.0016662296636132,0.0012361514478352,0.0002129320775166,0.0014561944839425
1868,57.34,0.1943753441883267,3801,0.0,30.0,-30.0,-30.0,30.0,0.0,66338.95623881715,4174.638428536769,4084.19015017658,2556.1646751265557,1826.3520789845545,1770.1136147119953,0.324447260283587,0.3152978501430716,0.3500619303301188,1.8440920066522268,0.1301960179313085,15.779636470650848,2.413130312928046,10.60278196764369,4.585834561768474,0.0013276793357695,0.0009353079070322,0.0001666833733985,0.0011647272932493
1869,59.67,0.1948147111936875,4013,0.0,30.0,-30.0,-30.0,30.0,0.0,77730.16101353648,5382.233885206733,4894.14583064491,2938.7922783026206,2003.8941789069224,1990.947184606783,0.2392052155522278,0.2478175748752262,0.3561962666585395,2.04001011448244,0.3565082791552656,49.99960090147414,7.811396251973938,35.2329932377459,14.384108965621008,0.0033353972320033,0.0024885906142768,0.0004535201125357,0.0028761454923564
1870,56.64,0.2746220468200965,2414,0.0,30.0,-30.0,-30.0,30.0,0.0,70429.0415717174,4404.547714821076,4115.727390707508,2596.071362060943,1806.01069982337,1724.1072943576607,0.2737291370509236,0.2705065849862988,0.3472661060837989,1.563474829847861,0.4169055109984171,50.6980109235918,7.440491744289536,35.18151881834111,15.041293036790274,0.0040649772946358,0.003226866177726,0.0004922430367173,0.0034825902363178
1871,44.38,0.1988317455397339,4836,0.0,30.0,-30.0,-30.0,30.0,0.0,85424.2057363383,5704.817978442338,5580.146523597263,3138.788042913639,2171.386438497966,2304.3008494589108,0.2416301843296295,0.2406886464013956,0.3506514683426829,2.075349203174621,0.4099743899532995,62.25017615344003,9.659893695163143,45.14450398902567,18.915691198727743,0.0038480243364931,0.0029763343925013,0.0005167504621163,0.0032885847213622
1872,58.35,0.3116964331934198,2756,0.0,30.0,-30.0,-30.0,30.0,0.0,83469.54792502959,5788.451298173742,5487.336392102196,3037.724614662397,2112.470796391892,2078.0767398165785,0.2689492762098674,0.2628608397079599,0.3458074649522876,2.3780672663960623,0.2943142449441753,47.98662953678746,6.898798505451196,31.677587605286288,14.478360706553945,0.0027749620024535,0.0022645739829038,0.0004084955783338,0.002480509083367
1873,43.18,0.1998331108894342,2706,0.0,30.0,-30.0,-30.0,30.0,0.0,85255.76595464899,5278.514532492125,5218.959082207544,3330.6812156498336,2286.343425377948,2354.5083795661994,0.2868796105513,0.2857978376445754,0.2995647798166245,2.542194175337472,0.3686741874618394,59.91286887481796,8.660989953565304,41.02293538875165,17.341634828025104,0.0037536028395229,0.0027231646865023,0.0005117395375139,0.0032456684381089
1874,40.04,0.248415364587571,4485,0.0,30.0,-30.0,-30.0,30.0,0.0,81296.3636009342,5525.164871393737,5052.998030307648,2963.743863825276,2143.202359302158,2148.679290037236,0.2874824130567137,0.2705641705760579,0.3652306965635801,2.207208492461874,0.3559395902509272,49.51693876701415,7.69327578794839,36.66363852166455,15.734442343479373,0.0033921646722464,0.0026189560369865,0.0004521879151022,0.0030764608763376
1875,63.72,0.2033133557469946,4375,0.0,30.0,-30.0,-30.0,30.0,0.0,79308.58916668515,4849.167583760694,4672.007171047473,2700.094246881949,1894.7812109543888,1756.1942108437725,0.2625823475476805,0.2439088665222988,0.3338354345618241,2.054754472095045,0.1336274500851251,18.13840134999132,2.67731256698154,12.564328175315383,5.169129757286402,0.0012700428109813,0.0009522767214741,0.0001528158170005,0.0011188787249092
1876,61.27,0.2506281786137297,3103,0.0,30.0,-30.0,-30.0,30.0,0.0,65193.44526875342,4507.997036756672,4183.812493264375,2483.8813019171434,1837.445902960792,1866.5692014432384,0.2625322436019546,0.261021375596415,0.3148629712501609,1.2488863609181404,0.4457915968222691,53.75433887132023,8.391911669101017,39.4811043595886,16.10102688176274,0.0043072432218679,0.003237891172243,0.000576660008591,0.0034761612224906
1877,64.13,0.2258411923366184,4657,0.0,30.0,-30.0,-30.0,30.0,0.0,87101.02533576719,5772.64747507163,5523.352787781194,3353.7473264616788,2194.361508178345,2245.9594428763025,0.2488482528019713,0.235289635014199,0.3028010453858791,2.234135247167929,0.2960573250774668,47.80408030254068,7.131342673918216,33.743630525252165,13.86041522296278,0.0030344420502189,0.002261765380236,0.0003853779302127,0.0025514487680527
1878,44.55,0.2749069147712477,1632,0.0,30.0,-30.0,-30.0,30.0,0.0,65711.48416180677,4088.5060289366943,3991.122786181397,2371.033234123318,1625.409949833251,1575.100195126773,0.2658883625159005,0.2628912251780869,0.3553562217079926,1.220865789486164,0.3564533487619167,43.93312179818573,6.432512347460272,30.27244143846401,12.436530964636704,0.0036253241725156,0.0028509176856535,0.0004465036400549,0.0028351095503102
1879,63.03,0.2361151455018402,2803,0.0,30.0,-30.0,-30.0,30.0,0.0,80503.16719757093,5194.442580392955,5186.282188348207,3043.7074010797724,2193.498786453094,2055.172119753911,0.2949019627209582,0.3044334323108019,0.3333827506488657,2.353755149888763,0.1830817556503873,28.83715078690289,4.159684678179421,18.376924142037232,7.929135222193198,0.0018518980859242,0.0012388107050237,0.0002368857706836,0.0015829400448819
1880,45.52,0.1880421161529136,4004,0.0,30.0,-30.0,-30.0,30.0,0.0,84461.65473198137,5066.9187848835845,4996.709930201518,2823.3290005824874,1979.685996309596,1991.2252963403116,0.317945339518061,0.2882842442529666,0.318279594829122,2.012356887172495,0.2369916514596365,35.67916296873493,5.222525843039049,25.63441248335788,10.563869363428571,0.0024724369282536,0.0017892774131437,0.0003088495673893,0.0021308828642027
1881,42.6,0.2991508426621838,3816,0.0,30.0,-30.0,-30.0,30.0,0.0,64031.63221826054,4021.230231527573,3624.8440827890495,2399.81099202643,1668.1385997270188,1551.8894893967797,0.2705913259413776,0.2583200447074151,0.3364456610405815,1.561703772399959,0.08661948338362,10.497111688313286,1.5878840128543816,7.407293419448039,3.112351794547838,0.0009633222778946,0.000663377959544,0.0001222790346716,0.0008090269404739
1882,43.52,0.2901948776815264,3532,0.0,30.0,-30.0,-30.0,30.0,0.0,79803.16654015648,5485.203039906416,5159.926943603833,2956.744798859836,2093.434633022988,2164.4695928761294,0.2643827106773341,0.2520010269500317,0.3468825528458802,1.875865713292225,0.4174104329537597,59.80865573363238,9.307278613047576,42.98310543642175,17.79839318189138,0.0041724748155548,0.0030719082516054,0.00050529164477,0.0037188203278673
1883,41.95,0.2412052126630679,4552,0.0,30.0,-30.0,-30.0,30.0,0.0,68137.55686549774,4536.064392515088,4286.94348827155,2465.706030789569,1697.956605467285,1727.84093504595,0.2899055780243707,0.261489519617358,0.3143358848270603,1.3135333734296053,0.3354770779021215,45.79453984737653,6.355560345766669,31.81091718591035,13.00498860123359,0.0034199571102651,0.0028730826109617,0.0004766009061814,0.0030316283503303
1884,64.56,0.2499307192469153,2920,0.0,30.0,-30.0,-30.0,30.0,0.0,63637.78060331689,3937.007103078429,3703.0708753530894,2224.05750621331,1565.0170313070364,1622.3973365589932,0.289352782919492,0.2897662725012597,0.3365981613086964,1.4563269797105072,0.1367139539885593,14.169928889905192,2.359994646516296,10.512120106821577,4.624095566461492,0.001305000247418,0.0010309531978432,0.0001754497450113,0.0010584921469028
1885,55.9,0.2491464007976058,2187,0.0,30.0,-30.0,-30.0,30.0,0.0,85153.9499098036,5710.650963467893,5823.053535847369,3011.8232943248936,2225.164088215462,2262.427641440869,0.2843120748361454,0.2865324130306248,0.3305287121368145,2.8446042812980346,0.1993040922751652,34.0056067398737,5.144102299528468,22.521741306798404,9.648612123632205,0.0019242204757072,0.0015931462705159,0.0002672879801508,0.0015998089483623
1886,60.54,0.2788418552072351,1863,0.0,30.0,-30.0,-30.0,30.0,0.0,83846.44567697057,5332.668891475284,5126.175669486596,2954.5786183353,2050.078250735946,2021.2700338362704,0.2535792998529635,0.2441994320611281,0.344817731650139,2.518161874666583,0.0982019943524527,14.467124847632808,2.2839376957925217,10.456379117240177,4.576429205542435,0.0010072251857127,0.0007885333415384,0.0001369176834926,0.0008261552358676
1887,55.98,0.1952297531195281,4244,0.0,30.0,-30.0,-30.0,30.0,0.0,74752.18552653337,5458.588407414609,5059.365038892989,2688.4610406367296,1990.5818571197667,2165.069387992497,0.2466221128190983,0.2342784386685515,0.3518842139206342,1.9150448958450352,0.2705210447579615,40.26383240785076,6.2632572882189725,29.434871427143445,13.04963459600635,0.0028703433517055,0.0021054409767236,0.0003606962042013,0.0022798416760717
1888,51.17,0.2005902898403657,2875,0.0,30.0,-30.0,-30.0,30.0,0.0,71779.44733030804,5108.373316735207,4670.653093470034,2889.8186273938577,1860.630910634248,1888.106174900253,0.3090347189750909,0.3018901712362724,0.3174912350042289,1.9553627222245955,0.4204404432645097,53.97752239888961,8.426412302169323,39.24128787426054,16.028269459784795,0.004053525545938,0.0031686382728157,0.0005632696344783,0.0034717087521116
1889,45.24,0.2179037433316359,2586,0.0,30.0,-30.0,-30.0,30.0,0.0,90350.99489302762,5521.490371772779,5696.600232927753,3319.2145095865644,2319.936810753152,2235.604865920064,0.2859000817966098,0.2730417383900828,0.3296401700591023,2.6036225729719624,0.1586888189344937,27.722743917032115,3.8420234664316713,19.60412219722937,8.062624275622186,0.0017285728817218,0.0013172493403385,0.0002108821526491,0.0014252829022179
1890,41.69,0.2758922448938302,4339,0.0,30.0,-30.0,-30.0,30.0,0.0,71848.92916374242,4630.8942882862,4465.075649602855,2610.406823189639,1790.3600678894074,1762.501785529877,0.2672647693377691,0.2550547090567875,0.3742021540943256,1.561545450187369,0.3936939907673261,51.04680450259516,7.558572309439465,35.799472382580184,15.67324212518256,0.0039419954805746,0.0033075924853801,0.0005247352471738,0.0031792430695501
1891,59.68,0.2192199499258552,2551,0.0,30.0,-30.0,-30.0,30.0,0.0,71112.57078839558,5024.636444375849,4441.073721750785,2592.5277964541683,1859.4119852911883,1928.7850410311075,0.2462086549247892,0.2407245687551486,0.3547080720713287,1.8043047727542647,0.2506940629559483,32.29450223601362,4.717756747163022,22.585980166804315,9.737390393420586,0.0023719648319011,0.0017003101474095,0.000290318723394,0.002022440109717
1892,40.03,0.2406175211517336,4450,0.0,30.0,-30.0,-30.0,30.0,0.0,80998.05325807055,5333.208164689747,5120.077724505974,3047.4282113008258,2167.046718721984,2174.3693537914164,0.2994148317265319,0.3068584023996044,0.3803224414499465,2.4595714126496078,0.1826561410366111,27.83188076995857,4.266770453482883,19.620440253184896,8.380018312516002,0.0017942443819683,0.0013793918974642,0.0002398830103067,0.0014782034698669
1893,50.96,0.2717809781684381,3080,0.0,30.0,-30.0,-30.0,30.0,0.0,73351.08742681527,5351.306196522221,5104.45325015571,2895.0484275558288,2025.3427663739355,2046.8174499110296,0.2546127577088323,0.2481787616636327,0.3250302077256627,1.9502218458174765,0.3310623731519027,46.18852318447748,6.852776327738961,32.2685653429152,14.077839813632808,0.0033914509947513,0.0024612478439084,0.0004196785107122,0.0028318825351908
1894,64.23,0.2767230321749575,3218,0.0,30.0,-30.0,-30.0,30.0,0.0,67422.60820429052,4191.43002476818,3934.9132848085824,2442.53930808634,1764.9934677943131,1735.6199779747176,0.2844166734661935,0.282762325037471,0.3347865471026666,1.4636643202601245,0.0556200649920379,6.594131366079289,1.0461217450443183,4.764526195402038,1.964708845429301,0.0005601672797409,0.0004056038434445,7.109806358947631e-05,0.0004827975552778
1895,52.33,0.2422755216845696,3195,0.0,30.0,-30.0,-30.0,30.0,0.0,61976.88803173222,4038.08922422214,3901.873334301224,2441.1818903545327,1852.7140021335797,1737.306910834367,0.2646726350739206,0.2546400068084538,0.3827951182020029,1.6232126415704884,0.239506137462656,26.59415807853332,4.138747158581314,20.117730221166187,8.38254074954328,0.0023325457766971,0.0016946564176591,0.0003118576646981,0.0020695922069328
1896,48.78,0.1950461036905479,3051,0.0,30.0,-30.0,-30.0,30.0,0.0,80380.8037706247,4797.419003896111,4424.152559914268,2647.462774854596,1934.841211272752,1840.1479113963003,0.2458073732788694,0.2456587116282093,0.3709639883201218,1.7331514273840658,0.3373282083428525,46.38502868482328,7.213473536471688,33.05937321616143,14.115508811608482,0.0035371796065174,0.0027737386058424,0.0004033402347363,0.0031495450238111
1897,42.54,0.2269860131742912,3037,0.0,30.0,-30.0,-30.0,30.0,0.0,87379.20965158871,5602.221053404485,5645.214652279797,3103.7441586598893,2325.189707475571,2190.607352860673,0.2916589355785291,0.2803978451101542,0.3771922446425657,2.5985043773988403,0.0759119813936084,12.01275087394384,1.718226263309335,8.407335794301272,3.6284935060076,0.0007216610577921,0.0005270673388323,0.000104339805655,0.0006452359820543
1898,59.72,0.2267658497652799,3463,0.0,30.0,-30.0,-30.0,30.0,0.0,85746.03841783077,5604.271380718948,5346.007848887407,3231.116898832768,2329.4037111825587,2168.9341873585545,0.2569433273569303,0.2509980614005836,0.3590309506468618,2.6092027088293874,0.2631396390085952,44.11981855680138,6.383668665565809,29.136395362217016,12.625232737828703,0.0027127411199527,0.0020202205937316,0.0003490457150671,0.0021696837079724
1899,56.27,0.2002275070629971,3867,0.0,30.0,-30.0,-30.0,30.0,0.0,79404.05831472705,5066.552824939055,4907.812261103327,2798.3023773218792,1942.488820441051,1893.3505612103927,0.2452845449117699,0.2469887326093937,0.3515929520399635,1.9648153804451187,0.3559340977089208,50.24925367900633,7.669088757153907,36.09352690096269,14.151170384269625,0.0033971363026967,0.0025511888134183,0.0004689598877419,0.0028373310322469
1900,45.64,0.2860878120012929,4314,0.0,30.0,-30.0,-30.0,30.0,0.0,80581.42742066033,5477.516053472695,5108.109754167013,2953.925643798716,2133.893297095012,2133.154539252983,0.2805149476879379,0.2875925148123755,0.3476212762370611,2.4394904883319644,0.1043932027286239,17.076275141899014,2.5363039220313635,11.685916475523143,4.937198429537496,0.0010897494368647,0.0008318380714169,0.000141201580506,0.0009302167455089
1901,41.84,0.2879356761184785,3348,0.0,30.0,-30.0,-30.0,30.0,0.0,83253.4631707582,5231.416276735858,5130.476348416499,3065.5359234362777,2181.4721098937925,2074.08236278974,0.2859351391969063,0.2747151834740144,0.3305965741835412,2.33473152130309,0.2936770671574872,46.264215784105424,6.644780105628732,30.73180892382497,13.795763987430266,0.002868948608387,0.0021791957038827,0.0003893067568594,0.002431174295075
1902,40.84,0.2837466706420302,4964,0.0,30.0,-30.0,-30.0,30.0,0.0,69996.68067923276,4639.483180133129,4626.828825639667,2518.781833499568,1869.7860291769612,1823.5859968774096,0.2629816534867714,0.2427114412828947,0.3581736246778187,1.4998147067139502,0.3258029269155101,47.46356333415786,6.674794625989625,32.3075842588709,14.320376862625862,0.0033607051203413,0.0027746834392299,0.0004528904720361,0.0028880423272128
1903,47.97,0.2431098517810795,1582,0.0,30.0,-30.0,-30.0,30.0,0.0,62188.10539327555,4154.608848760749,4164.599458329511,2262.8212559528565,1615.8399630900108,1464.4896961274371,0.318925968269085,0.3072737818399593,0.354672246927864,1.4046823004237097,0.204309717418899,24.7552132227688,3.558999105982286,18.088024072481566,7.346738276373726,0.0022057667491897,0.0017582211554122,0.0002908590059754,0.0017429201173517
1904,41.86,0.2825942865692062,1928,0.0,30.0,-30.0,-30.0,30.0,0.0,79591.58741512144,5205.8174309042615,5042.460943870019,2903.904555531129,2117.1681624748426,2210.15079476795,0.2610987564081088,0.2383915873106995,0.3508151190464694,2.003685063326164,0.2049904053407172,29.17388458325339,4.319524946084094,19.41033255107719,8.573687144193887,0.0020287733994981,0.00149235474759,0.000262549112276,0.0017129065835441
1905,62.2,0.2230285018945002,2196,0.0,30.0,-30.0,-30.0,30.0,0.0,66278.73787828062,4513.973954439949,4154.278783295077,2224.806001507315,1675.5980265127037,1732.1896038544182,0.2502063311539182,0.243485330758936,0.3564067697096199,1.651328985887639,0.1839805418073161,21.42530487220701,3.26631890040793,16.51160650926254,6.667943642052336,0.0018373243398051,0.0013837525066773,0.0002380849374772,0.0014987565734353
1906,58.3,0.2569735333958558,2159,0.0,30.0,-30.0,-30.0,30.0,0.0,71244.81831623267,4791.741480673741,4622.591991054656,2708.466508248802,1734.2002322689405,1848.7940125784032,0.2589820922736353,0.2526943337702227,0.3808468529449439,1.854434852995919,0.2772523304303097,36.72436107555471,5.809389118562679,26.03766812723816,11.110855210581889,0.0027939337836713,0.001967228258967,0.0003547998970275,0.0023408147315859
1907,63.55,0.2127957598985465,3740,0.0,30.0,-30.0,-30.0,30.0,0.0,77516.27903152638,5133.094784594765,4842.395777605374,2812.174044058564,1993.072485115994,1978.279011420942,0.2719704150201116,0.2530313536287836,0.3482638418573231,1.9811760545488013,0.0746300580099607,10.338603959047528,1.5515776761294076,7.257408835885391,3.069655009754809,0.0007368430400401,0.0005645695919882,9.382980931831508e-05,0.0006190521787353
1908,48.45,0.2252144105374106,1881,0.0,30.0,-30.0,-30.0,30.0,0.0,77519.75041943588,5123.126138752401,5169.276439828544,3133.824419338652,2078.654507398284,2055.390344002049,0.3054441478555933,0.3162705571069164,0.3914742995118085,1.916525870850392,0.3722333744658928,55.75194674613221,8.83024234707922,38.691124410133405,16.77153787884936,0.0038430169703814,0.0028377613158748,0.0005118834868984,0.0031958076014807
1909,62.33,0.2782314664906053,4013,0.0,30.0,-30.0,-30.0,30.0,0.0,63900.95415613834,4412.348965550854,4079.3877497809694,2348.992366200688,1633.2497100393748,1700.3881316596987,0.2745889766425443,0.2662882430010961,0.347109539077275,1.241646448650878,0.3682406209304282,43.30365090235923,6.08131472188388,27.726495741908195,12.958112351308245,0.0034984274701018,0.002704472183992,0.0004535092455261,0.0030345314886535
1910,40.77,0.2411963264874145,4385,0.0,30.0,-30.0,-30.0,30.0,0.0,79888.52322655504,5525.756338446592,4793.387655254442,2837.135625192192,2036.21300161786,2130.400389733842,0.2756965195487669,0.2675304331019063,0.376380348578167,2.230273016309628,0.1899583776193147,26.958322885878754,3.871948056862821,17.960134351931583,8.27295817526093,0.0017426316450592,0.0013369905690427,0.0002215708151213,0.0015052538691138
1911,44.12,0.1857737356666374,4177,0.0,30.0,-30.0,-30.0,30.0,0.0,69426.49365195293,4505.730168344261,4187.61140828935,2718.526502641707,1906.3868430554292,1899.73134738748,0.3037900622956898,0.3005901300781716,0.3376093163922878,2.013247793323896,0.1788269003164222,21.85847542742267,3.591218535921353,16.404153163551403,6.639920840411841,0.0016755292325965,0.0012944593505087,0.0002268215626783,0.0015237933181444
1912,43.93,0.1873809064596713,3278,0.0,30.0,-30.0,-30.0,30.0,0.0,72541.5027402597,4878.7174621915,4476.65199207611,2758.2624957290773,1866.3132747347536,1768.3032243188131,0.250677277515025,0.2380019556189523,0.3463940216030641,1.3992573099213388,0.4747672034286431,66.40856774705655,9.604735526748176,44.61443405027391,19.17895282036323,0.0048270088086573,0.0033344642749881,0.0006094801271821,0.0040079240620223
1913,48.28,0.1884960514442752,1914,0.0,30.0,-30.0,-30.0,30.0,0.0,78379.05640198458,5005.890625520776,4644.779721617995,2959.218878250736,1988.7230444246943,2067.3907805525687,0.265620765722427,0.2488278376057022,0.3617071125516748,1.79208096741147,0.3172349745945836,43.792269217812525,6.376656805540691,31.22494916251605,13.485308912210607,0.0032803045217861,0.0023400304730967,0.000385833733528,0.0026568805720191
1914,50.23,0.2576548646580621,2278,0.0,30.0,-30.0,-30.0,30.0,0.0,71024.15745477192,4829.852178630331,4520.278620334285,2526.266115861499,1809.7230557235407,1843.412391563263,0.2502017226591756,0.2315088011753426,0.2989028246310882,1.4025495706388382,0.4039577725380993,51.287200405166416,7.9630238747209345,36.93015471357188,15.79541938244858,0.0040672070245532,0.002922196929256,0.0005156266011696,0.0031777740281406
1915,58.05,0.1843271494045903,3769,0.0,30.0,-30.0,-30.0,30.0,0.0,73079.30871562556,4383.221206899524,4618.931561022599,2394.854615785197,1724.2773212335294,1762.2476913436292,0.2508039090232862,0.2259647165070629,0.298101394974593,1.6623112193124914,0.2614757207580574,31.76986742399117,4.652717466129465,23.75223079295929,9.918931819623516,0.0024295999422289,0.0020011183797958,0.0003256617662665,0.0021434966419133
1916,53.5,0.2338630721453487,4489,0.0,30.0,-30.0,-30.0,30.0,0.0,77104.03230877039,4820.101848253431,4980.52789293352,2681.9826972146207,1940.970329383072,2105.4013592473007,0.3182824141828057,0.3113471229373533,0.3694730293601203,2.212848812795756,0.0874090599185892,11.12603989963185,1.8083315027227247,8.327768146966125,3.6005595783740123,0.0008529494941985,0.000646798622081,0.0001138667264211,0.0007274155869305
1917,47.04,0.2798564522004222,4205,0.0,30.0,-30.0,-30.0,30.0,0.0,70698.86739384953,4877.5681806618295,4473.588419992034,2678.59570052574,1933.6602428927577,1762.5195966398735,0.266940658083203,0.2265775447718893,0.3622204019416029,1.6873203737909108,0.2129564563480307,28.37447462258957,4.2965225481577205,20.473345779441512,8.611844260269649,0.0021298077892909,0.0015969322369394,0.0002757461832291,0.0018933171152427
1918,42.4,0.2594544986127488,2472,0.0,30.0,-30.0,-30.0,30.0,0.0,84700.95929141266,5143.180064375732,5383.722095028729,3036.67283863778,2063.157674732608,2163.9031554480016,0.3075235160561804,0.2841085686448296,0.359884190657122,2.678983185507504,0.1152543467002256,17.97461973119102,2.55057584284359,12.429697409544936,5.156105882682077,0.0011850517060316,0.000838905426588,0.0001429999910519,0.0009275436037926
1919,54.29,0.1838748262349681,3109,0.0,30.0,-30.0,-30.0,30.0,0.0,84536.71965862988,6037.6432492415415,5772.861060334789,3151.9278690472065,2384.748010129269,2368.504009750003,0.2657502689610647,0.2628648944192263,0.3660288700492389,2.3804341201416963,0.1672501591118333,27.820225029828777,4.043143366349111,19.0052499426856,8.337668135734736,0.0016582207612626,0.0012264641927266,0.000208014752555,0.0013659624938954
1920,52.27,0.1934497930000003,4940,0.0,30.0,-30.0,-30.0,30.0,0.0,82988.31239855416,5725.583608435775,5222.980931083812,3300.5216670775835,2144.894796783214,2329.7194495829604,0.2616091454579751,0.2436519778774759,0.2956956801012201,2.197611318843167,0.1644226031416883,24.650774992812924,3.570195999775906,17.521944850238935,7.1413317381567,0.0016093641138403,0.0011752681437189,0.0001972935145985,0.0013115867234157
1921,49.02,0.2414218387654103,1723,0.0,30.0,-30.0,-30.0,30.0,0.0,66149.15961803781,4379.392748859501,4094.0210683530568,2378.791667613657,1652.7229565413252,1732.8352968183476,0.2648268074403396,0.2612410795114945,0.3889299831922757,1.2810969506270673,0.4732901816764145,53.42482651581762,8.341020159880845,39.22212321729733,15.867403773269787,0.0044911247559247,0.003341737013975,0.0005853283213943,0.0039749707429706
1922,42.19,0.2542790245922243,3251,0.0,30.0,-30.0,-30.0,30.0,0.0,69227.19401945923,4824.490087589088,4640.535349420561,2649.654910521238,1884.7928608426112,1871.372121593092,0.2556016563744011,0.2345341440236545,0.3130219159198983,1.4213157082382752,0.370286778245662,51.99406493136851,7.889233752190028,34.87756046024885,15.233341352575202,0.0038037708172563,0.00306224396734,0.0004768465637692,0.0033213872801287
1923,56.55,0.2776850543036767,4874,0.0,30.0,-30.0,-30.0,30.0,0.0,63188.983798508845,4194.523259795779,4104.834291564394,2187.691181397249,1606.6749455355962,1534.3322555009977,0.3070471543053839,0.3044201416251393,0.3677037497945599,1.2091435195087563,0.1303403040032825,14.788443936078124,2.3461972026464064,10.527339567322429,4.481065953970578,0.0012542757860734,0.0010619850685285,0.000175572432335,0.0010488585110238
1924,52.01,0.2992273040126821,3958,0.0,30.0,-30.0,-30.0,30.0,0.0,67208.97815535254,4165.100070001691,4108.533882211102,2410.3037540116134,1622.1068459708997,1581.9957229002396,0.263726855256586,0.2391059225531728,0.3911608166909696,1.294268012156226,0.3596861109202783,45.50395514046282,6.672598528361901,30.1252034359437,13.259053946468487,0.0035976062024423,0.0028718584713316,0.0005078631997243,0.0031408832520761
1925,40.64,0.2603499144941896,1897,0.0,30.0,-30.0,-30.0,30.0,0.0,66429.23411977902,4490.445978506518,4120.867087998743,2439.3897821775727,1659.6174484935823,1723.2318348140468,0.2585411423011922,0.2410368537718677,0.3519371695469857,1.764692291117677,0.1506104618921582,18.553763802323708,2.802603201943752,12.934363586303403,5.216100023763394,0.0015400530907428,0.0012271559799566,0.0002035788441706,0.0012041471720392
1926,55.95,0.2960818223948034,2199,0.0,30.0,-30.0,-30.0,30.0,0.0,83360.752492766,4996.657480249056,4780.710844102936,2933.267190782877,2099.386518303828,2044.0893421979097,0.302620948565057,0.2929961717270902,0.3077075893686164,1.8265257999727,0.3762252301254372,52.26825423706202,7.755710675789002,37.00355432973421,15.532905845610964,0.0038788835750509,0.0028471060544754,0.000464644920052,0.0030872327698837
1927,51.84,0.2557977171403295,1835,0.0,30.0,-30.0,-30.0,30.0,0.0,80016.52310523337,4924.438762310224,4480.988699575277,2809.7076786807274,1877.636607040417,2015.6949502440164,0.3114372722619458,0.2956299223955729,0.3466192913637868,1.6272702828516463,0.4678399838581943,58.18005597818585,9.529991393022993,43.61031336080904,18.398217543689483,0.0043787720669186,0.0031901287584255,0.0005747728062099,0.0037428826173262
1928,47.71,0.1872538541658456,1973,0.0,30.0,-30.0,-30.0,30.0,0.0,68992.50185027339,4464.262344158183,4138.31640404634,2391.818652537881,1658.3472370017205,1728.3167291651214,0.2885666301093099,0.2884672941119993,0.3318070129261274,1.5771157424908795,0.2154442740904509,28.34606514549605,4.03983349703264,18.13987523098003,8.010463858587595,0.002157817352705,0.0016167879628649,0.0002869217165122,0.0018449991646181
1929,51.77,0.2054755025095816,3128,0.0,30.0,-30.0,-30.0,30.0,0.0,71917.72826428094,4852.095733983496,4557.081138797156,2764.3356074019257,1929.0864035442216,1809.1491745863325,0.2899401386150007,0.2699771704493242,0.3518216780507125,2.1225311699848795,0.0621318709016492,8.93043439818161,1.271585510475194,6.098011571839587,2.490550625897665,0.0006287614437849,0.0004700167892163,8.60497132241506e-05,0.0004948951836268
1930,46.63,0.1969008967178067,4207,0.0,30.0,-30.0,-30.0,30.0,0.0,73335.28440801625,4709.411108761479,4238.857631344929,2643.134376904206,1882.5858784156749,1980.0434882546144,0.2884111753567293,0.2918906330276575,0.3246456563521269,1.7924651793382451,0.1860911505110778,22.696882885720257,3.3912339503905464,16.062941736441857,7.171605230017957,0.0018138182144821,0.0012914054512377,0.000207788309669,0.0014860714530872
1931,53.6,0.2279093130391044,4129,0.0,30.0,-30.0,-30.0,30.0,0.0,73444.364172979,4997.743867258793,4584.235640597474,2648.14757471719,1756.127052673448,1694.4373881339131,0.2818638811779207,0.2767780838649116,0.3110708819546779,1.7806497648618895,0.2685031571221026,36.68462531655008,5.381118141584107,25.80131877082489,11.040924794326386,0.002768081560505,0.0020315286291261,0.0003461911201536,0.0023399025340435
1932,49.28,0.2188493213721462,2257,0.0,30.0,-30.0,-30.0,30.0,0.0,75854.43877713842,4935.950431377717,4524.922716881934,2788.182726992025,2031.287560722906,1949.315578371656,0.2918992811755858,0.293299704784548,0.3248393415468695,1.996606204360764,0.1328346558522625,17.24689784604966,2.675877868306685,11.883625089524111,5.286055960071502,0.0012810202694353,0.0009987585225354,0.0001621277678646,0.0010808510291427
1933,49.24,0.2353909629113912,3062,0.0,30.0,-30.0,-30.0,30.0,0.0,65370.71338138966,5107.729301197689,4895.210087516311,2710.997791039032,1824.927283500826,1819.1160518358847,0.2581837400591176,0.2536972429409159,0.3381780032387552,1.869581422719972,0.1731691502453083,21.10729831960547,3.5943318844128207,15.8053305115205,6.841175739985071,0.0016086148622485,0.0013001902713383,0.0002219648906671,0.0013582756546188
1934,41.12,0.2299764296955043,3325,0.0,30.0,-30.0,-30.0,30.0,0.0,72919.34930332811,4935.971124058201,4314.665273790175,2969.351651996109,1954.6794284685436,1963.3161015419928,0.2933265330840506,0.2992745021650557,0.3486780250252095,1.4944102501585017,0.4436597163998937,58.15459739957248,9.035692693313688,43.78397900591504,18.38266948912253,0.0045528604549453,0.0031809423144688,0.0005830789749951,0.003781387737259
1935,51.63,0.1924076619353263,3301,0.0,30.0,-30.0,-30.0,30.0,0.0,73314.60577999351,4614.069262283159,5009.006198714439,2713.7045987016872,1760.2528354543035,1726.4190965536968,0.2404907823922766,0.2400610818880765,0.3724742416345262,1.3734784824619728,0.5143374026317592,63.99224759539152,9.986566971267973,44.2437640154937,19.082534376353404,0.0048583928337473,0.0035880477713142,0.0005957779683199,0.00401691445725
1936,60.93,0.2516376604074261,2426,0.0,30.0,-30.0,-30.0,30.0,0.0,70743.77690349614,4554.259319699899,4340.104476144635,2675.0089825687905,1895.500305366107,1848.6275607069235,0.2768322111789588,0.2651272495762119,0.3626852199076143,1.9288141835031705,0.061745969970538,7.709270861315767,1.1878164727572271,5.561202124367985,2.300616041103416,0.0006275491916618,0.0004365922759959,8.126046214281618e-05,0.0004888784135214
1937,41.54,0.1814192687005953,3811,0.0,30.0,-30.0,-30.0,30.0,0.0,77999.82961696766,5147.9955219442245,5082.201451622796,2913.304149441814,2178.1438038755164,2244.462520201599,0.3135731457121582,0.3146728162108944,0.3736523370689687,2.0770068142808547,0.292922349186596,46.910495533179215,6.5618581973186085,31.627467027519067,14.171633948809427,0.0033070285444423,0.0023336665732352,0.0003957165656642,0.0024643733933866
1938,57.41,0.2278713419578485,4581,0.0,30.0,-30.0,-30.0,30.0,0.0,88050.89031309723,5274.620440572023,4872.041232558189,3038.616810271696,2203.989166635535,2198.512489636003,0.2572122632921857,0.2735701024478097,0.3381247715313762,2.184087247477308,0.4307474354961087,64.05192161145492,9.741667619241634,43.49900190951749,20.419857720696797,0.0042170990599092,0.0031034016796529,0.0005096857095934,0.0037668506909749
1939,42.14,0.2605483927286827,1896,0.0,30.0,-30.0,-30.0,30.0,0.0,84076.58431060366,5243.286258106625,4907.205365479345,3021.3961673251547,2017.8621338636517,2048.4303684101674,0.2429277510959355,0.244796384711181,0.3145876454126609,2.1391387361963576,0.1708911775069534,27.38621058752737,4.025731350530236,18.46616883271222,7.65471954900956,0.0017329258712183,0.0013426547712291,0.0002324245705142,0.0015150976817634
1940,60.2,0.250046574664576,2908,0.0,30.0,-30.0,-30.0,30.0,0.0,74247.24806325136,5032.447631191444,4623.2418546318,2783.180842130112,1738.1136683883262,1836.949050458284,0.254986786626032,0.2604026278052346,0.35611798950645,2.168891476280939,0.2715100405640745,37.78024185340347,5.1857111180063695,25.649858419190316,11.604029968976452,0.0025842112203044,0.001992002003606,0.0003546712671725,0.0022970921490092
1941,64.27,0.2619974634722692,3195,0.0,30.0,-30.0,-30.0,30.0,0.0,85909.09052856128,5417.363240506787,5239.816230589501,3048.466204635109,1995.3726916882235,2001.9852017410883,0.2940650223808471,0.2875756538116457,0.3298807614686601,2.401191170204921,0.0534886316271615,7.869141622201527,1.271088900070073,5.780458712321474,2.392157464936264,0.0005481120839475,0.0003826967657746,7.206779885935535e-05,0.0004358009987895
1942,45.69,0.2319490555390672,3915,0.0,30.0,-30.0,-30.0,30.0,0.0,87498.73371499818,6265.495626257724,5467.638797960917,3370.912253724457,2632.2297500377404,2375.6253717391783,0.2918993824630922,0.2719521860719303,0.3115128353504687,2.86814564442821,0.0898420849771168,14.077430581836444,2.1665763345539366,10.444394471691616,4.618031515659382,0.0009026927871339,0.0006646818817391,0.0001161430613773,0.0007694094696598
1943,61.02,0.2127632244092066,1749,0.0,30.0,-30.0,-30.0,30.0,0.0,69127.12692985365,4881.635005965737,4316.49573551994,2630.236144899353,1767.3419076971238,1733.4217925900364,0.3249861585784702,0.2814866181630428,0.3879072474103559,1.9054663601322848,0.1572154045157824,21.320765249739164,3.041349728517236,14.298603848481664,6.176516084498114,0.0015900112621904,0.0011403132381882,0.0002124577936314,0.0012490509847813
1944,53.06,0.2080446172672708,4852,0.0,30.0,-30.0,-30.0,30.0,0.0,69418.83647248724,4288.870758680109,4110.500711722859,2365.9783695579413,1767.13561561031,1664.0892859943112,0.2486576359653893,0.2541937797699217,0.321653027354027,1.8924326641016305,0.0699766999570426,8.292565242704354,1.2397898552462638,5.924804226901593,2.51325403258958,0.0006787594814754,0.0005081426816519,8.762132227128868e-05,0.0005929852692765
1945,57.18,0.2116169874997719,3693,0.0,30.0,-30.0,-30.0,30.0,0.0,64243.75440894931,4653.69725705294,4173.871399113824,2426.402330938874,1660.8061205380486,1643.206896881428,0.2894303201280212,0.2769328512172192,0.3708712591613343,1.1386765592667398,0.4213333850114974,55.22732778405441,8.273150296943404,39.45723568143343,17.119645445262847,0.0043963157824239,0.0033206681394076,0.0005906083333032,0.0035469216157671
1946,54.32,0.2893972724779827,3444,0.0,30.0,-30.0,-30.0,30.0,0.0,67114.01790114745,4587.470811915956,4436.541682063728,2577.717046970537,1575.4933718420705,1545.4696748921815,0.2815578988344062,0.2594698944554761,0.3314473949094873,1.3369726322275068,0.4315230137026014,57.38172527138349,8.302435667083543,37.87577070855061,16.058643726967013,0.0045728079747051,0.0034074251565046,0.0005665548473441,0.0036301736612577
1947,51.91,0.1971287391149067,2465,0.0,30.0,-30.0,-30.0,30.0,0.0,87634.3506656526,5641.161590870308,4757.281611999912,3047.646113730573,2188.571791333555,2167.5834838855467,0.2830923909814021,0.2695095236684951,0.3115382437161783,2.420647659044844,0.2751479896832174,40.467538286733614,6.348659900516242,27.37644948777548,12.470436731758769,0.0026411405176776,0.001989383206912,0.0003382126879381,0.0022270903528906
1948,49.87,0.2899370904762707,1823,0.0,30.0,-30.0,-30.0,30.0,0.0,67880.35566630069,4072.646600091696,3885.225207519917,2409.2486494850327,1567.5456423519286,1517.6119828244236,0.2892132221293033,0.2878037774736214,0.3765439579988097,1.6931917694074403,0.1456648938849651,16.65719652505659,2.3960165200403907,11.790298546327096,4.860219618382786,0.001414282932872,0.0010058426527766,0.0001714200722574,0.0011944197817848
1949,57.86,0.2446435708336339,4997,0.0,30.0,-30.0,-30.0,30.0,0.0,81562.59901831005,5378.223029101559,4835.319994611561,3122.1162428678795,2127.6583420360184,2164.7623515446435,0.2906394026785363,0.2805078312230809,0.4027938169380895,1.9347571835585835,0.3104301773820784,43.16044030021821,6.657188726900997,32.54766984813538,13.36831437582649,0.0030179913353885,0.0022296110768341,0.0003980548832082,0.0024889016450752
1950,54.28,0.2031768341715547,3556,0.0,30.0,-30.0,-30.0,30.0,0.0,85570.21117244099,5582.09315359106,5424.275725682728,2884.485401104857,1861.5652950672036,2085.443743326396,0.2682164446358287,0.2606666705568298,0.348964354063132,2.279852381707561,0.1958691673320585,28.26225624115978,4.545998447059142,19.921245316398945,8.930357618487584,0.0019256620734648,0.0014782360166852,0.0002465919046188,0.001684863086956
1951,60.01,0.237221218716291,3616,0.0,30.0,-30.0,-30.0,30.0,0.0,71737.58716891188,4249.687785369255,4413.705925240876,2516.228562532263,1849.61260763428,1831.4607950119944,0.2893726473784888,0.2814359169830238,0.3602224537299272,1.6218784809976825,0.2094341096305869,25.55195133707216,3.789111791866712,17.727892513120285,7.3705622716284305,0.0020695810341932,0.0014807896733844,0.0002409851899203,0.001705345010431
1952,64.57,0.2960818223948034,4275,0.0,30.0,-30.0,-30.0,30.0,0.0,83360.752492766,4996.657480249056,4780.710844102936,2933.267190782877,2099.386518303828,2044.0893421979097,0.302620948565057,0.2929961717270902,0.3077075893686164,1.8265257999727,0.3762252301254372,52.26825423706202,7.755710675789002,37.00355432973421,15.532905845610964,0.0038788835750509,0.0028471060544754,0.000464644920052,0.0030872327698837
1953,43.01,0.2040410627000992,2103,0.0,30.0,-30.0,-30.0,30.0,0.0,70816.86165987363,4454.770710260626,4427.257235962873,2509.1292509930618,1945.0083729459263,1790.229562420464,0.2663703971265067,0.2653532202550278,0.3594292739868159,1.739819711962586,0.3594855656801318,47.89108947685413,7.2674762021589085,30.746986311593894,14.274126868563576,0.0037409087405175,0.0028236574905639,0.0004722133959556,0.0031174344606468
1954,51.23,0.2816367406551209,4601,0.0,30.0,-30.0,-30.0,30.0,0.0,80838.25478769581,5859.221742452018,5260.554480827378,3209.196574408189,2304.592691235666,2213.936408331414,0.2650869877975574,0.2634629660317779,0.3483886829317908,2.610836753919723,0.2274781832995425,37.87628423247634,5.844910792971852,27.119023865029472,11.38343317023976,0.0023990929992682,0.0018009131275023,0.0003018464411647,0.0020442877279827
1955,64.3,0.2483976468608005,2184,0.0,30.0,-30.0,-30.0,30.0,0.0,79767.87053095171,5390.428581774797,5190.297383189327,3033.4406743141926,2114.0710953878843,2172.2828103349443,0.2670290864732462,0.2410304862549814,0.3332471764452524,1.9405827961021156,0.3845763936823628,58.59376460955693,9.319115337079571,41.367986496886914,17.440164082263742,0.0037770242058192,0.0029481097635494,0.0005008586422725,0.0032408899781513
1956,44.82,0.2789766416109205,4811,0.0,30.0,-30.0,-30.0,30.0,0.0,79404.57561644923,5339.932422194182,4940.386209586359,2836.2215258081683,2111.0105383888827,2165.2380237165453,0.2606200018699324,0.2398841161753502,0.354888919207924,1.7630621868124217,0.4130923874442532,59.34071632420149,9.367692415529516,41.50950527022823,18.651309410889898,0.0043000615659572,0.0030761925097982,0.0005521422264768,0.0036298401469295
1957,50.58,0.2776202779813396,1674,0.0,30.0,-30.0,-30.0,30.0,0.0,75004.94118237653,4975.70502770735,4358.580205999196,2875.327794024469,1903.680128889403,1866.465858229103,0.2368920099415304,0.237551407251506,0.2997198629221459,1.7369156022569483,0.3348215422544857,49.17312207185506,6.801062026505545,32.72404072057649,14.103558916570208,0.0033286999177942,0.0024177592909239,0.0004348350906539,0.0029594733126596
1958,50.88,0.1961273433456796,4298,0.0,30.0,-30.0,-30.0,30.0,0.0,63974.898829767735,4026.127723499932,3754.5350880428728,2536.0814709163265,1658.7107055631564,1665.580340218667,0.2752673317123232,0.260479183450681,0.3610630917739487,1.0573801239778369,0.5097150295017572,60.035898271562345,9.262176014820206,44.63935361915854,17.24617278733669,0.0052833203033558,0.0036735770597497,0.0006140394006403,0.0044594310224175
1959,55.68,0.2492864404186236,4869,0.0,30.0,-30.0,-30.0,30.0,0.0,63060.13249324583,4421.714448829093,4208.362146284145,2424.563027677293,1690.1623040460286,1616.781414400428,0.2832801146997543,0.2790037778825132,0.3014251322698439,1.4441622442834443,0.3542803652215542,43.64014180558164,6.371341266530738,29.40685073535204,12.872481866516653,0.0034930654912991,0.0024903807771676,0.0004254657122171,0.0030571438211162
1960,54.88,0.28888013575903,4916,0.0,30.0,-30.0,-30.0,30.0,0.0,78844.06897247997,5126.095368715554,4618.697420464308,2849.7874734458715,2093.169051316029,1946.4074157751477,0.2493256171167021,0.2398394059651545,0.3275294936505371,1.87584889559542,0.2172974148256196,31.53078204883513,4.837137638305855,20.665144260095985,9.202984585006282,0.0021499975723218,0.0015376172140386,0.0002954330748763,0.0019489628621553
1961,62.77,0.2516048619894138,2809,0.0,30.0,-30.0,-30.0,30.0,0.0,64067.91866594343,4235.928633254832,3839.882339187504,2256.361254983377,1494.721764907242,1485.608939708631,0.2680915124264278,0.2627659882684419,0.3527885602163785,1.2771949330220755,0.174849123817354,19.980658957152603,2.9291878815859955,14.149696052591503,5.7164936954078,0.0017536116496951,0.0013334596365618,0.0002205426377947,0.0014592100485986
1962,41.68,0.272930919933343,4806,0.0,30.0,-30.0,-30.0,30.0,0.0,82067.89630788087,5665.39425174422,5445.373025785425,3086.6130606439606,2325.1958113160617,2264.3823022458814,0.2459502797679034,0.2383088221670738,0.2982476372694286,2.3362130999096697,0.2352552518592927,36.44259475569002,5.660891467990285,25.9479496788307,11.958349299244096,0.0022495861407167,0.0017830317477562,0.0002942505028913,0.0020253773874365
1963,53.91,0.2056915846830841,3089,0.0,30.0,-30.0,-30.0,30.0,0.0,76160.28337836426,4687.724922885575,4800.3812260325885,2923.1080904449927,1914.7763753308348,1975.999879110171,0.3359716618850922,0.3249267288634734,0.3015101313389618,1.94857848515362,0.1853016898788426,25.989102321701164,3.7861057540397702,18.07342666148373,7.67090420467748,0.0017320293424088,0.0013338542266452,0.0002313783334614,0.0015122649692451
1964,48.15,0.2853006657697434,3761,0.0,30.0,-30.0,-30.0,30.0,0.0,82675.48758185352,5389.241462910784,5201.925718833181,2982.133217280931,2101.772999321568,2079.6607264223294,0.2948229494307082,0.289369091606596,0.3316807298877399,2.3977030491831672,0.1051929983906842,16.443871347062004,2.254614284020461,10.87796974545214,4.710329780704379,0.0009782137020738,0.0007725952562838,0.0001372702169193,0.0008252040036424
1965,52.99,0.1981786765045056,2631,0.0,30.0,-30.0,-30.0,30.0,0.0,67799.93282039279,4167.686857695568,4203.058028927969,2361.3264206350595,1627.910330580249,1761.0232204509325,0.3077961033752145,0.2985030100971965,0.36580698926512,1.8777770958108773,0.0883178960668019,10.555058038515616,1.59976523361175,7.540267377064984,3.2130602828039567,0.0008944770446924,0.0006641015190015,0.0001153507501369,0.0006927417699846
1966,59.66,0.1951349005018481,1550,0.0,30.0,-30.0,-30.0,30.0,0.0,79543.46555478836,5026.649451348581,4592.79795753024,2712.1700718287107,2139.9607708586377,1941.8651927001024,0.2764371432122772,0.2704842879500491,0.3415322148494367,2.450752792956084,0.0989482857441658,13.469655387721089,2.090891405678946,9.064250017059036,3.8606606254042384,0.0010238891807583,0.0007464508581648,0.0001265615570447,0.0008501083861161
1967,54.69,0.2510449621876471,4052,0.0,30.0,-30.0,-30.0,30.0,0.0,86328.5275588969,6147.305304413363,5761.097474426429,3047.056201026452,2117.519903269494,2319.0559840656265,0.2788648753919647,0.2612277888105875,0.3136903968746611,2.5495247422944427,0.2323160549287973,35.13137799179305,5.285799516756592,24.94704659318346,10.609729964893305,0.0024140521182113,0.0017485991175934,0.0002884038242922,0.0019903056291547
1968,50.49,0.2596417084705389,4701,0.0,30.0,-30.0,-30.0,30.0,0.0,65716.7008724274,4204.530589025239,4182.96466578576,2469.134932090409,1736.1386608509497,1673.4963096394183,0.2754402885487089,0.2880920419549646,0.3776830938972947,1.6208182687745765,0.3343169063160596,39.726579244308105,6.056013868937975,26.68787601277507,12.261098130638684,0.0032922730495233,0.0024464281978068,0.0004175924092178,0.0027813399001395
1969,43.74,0.2831759590134942,3197,0.0,30.0,-30.0,-30.0,30.0,0.0,86237.52208673136,5942.193653375256,5290.0558602586,3207.815012435658,2194.102276662114,2138.976949231113,0.2841057508194818,0.2833791950555655,0.3162895712088459,2.657612029562943,0.0878369572110374,13.705891484288829,2.0841325265387654,10.0053939572712,4.396560564131137,0.0008738152254874,0.0006827575911327,0.0001114629659915,0.0007242645701269
1970,54.7,0.1907491213444038,3820,0.0,30.0,-30.0,-30.0,30.0,0.0,58787.295728984966,3881.869820131559,3958.140342815324,2225.143023629353,1729.4286285917158,1709.0041348312056,0.2627341884405602,0.24305649506154,0.3432610617164416,1.252233390543713,0.3065419136333126,31.81239154975884,4.826009781551621,22.07726003726659,9.554038706920396,0.0029299431934109,0.0021089396759845,0.0003902847853645,0.0023509354786429
1971,64.12,0.256007300732008,4606,0.0,30.0,-30.0,-30.0,30.0,0.0,80814.52619193764,5413.023133069245,5388.902439789589,2980.8751223765767,2138.915850845456,2053.6079402612604,0.3174950222770644,0.2952820968722019,0.3396703584915398,2.4565728445642705,0.1969394032878602,31.050022949420004,4.137469898729579,21.75266346293258,8.747022963314924,0.0018722287882009,0.0015704052369417,0.0002747877028984,0.0017349470316894
1972,63.12,0.1995051543416666,1910,0.0,30.0,-30.0,-30.0,30.0,0.0,63326.69657692418,4309.919548409516,4369.18387042726,2347.640760553444,1679.6864073651782,1730.9526144506242,0.2491257684512399,0.2574321596478331,0.3450378472183395,1.528882945546188,0.2456363328884524,29.935286782401747,4.709041469773824,21.514891158114324,8.742377619292943,0.0025607571056735,0.001792594264413,0.0003370420014301,0.0020252327542012
1973,59.49,0.2821909976348605,3804,0.0,30.0,-30.0,-30.0,30.0,0.0,85414.81921104285,5249.20358169419,5091.440771894289,2966.1227169219637,2207.828353315278,2218.5688082496067,0.3049793391243561,0.3177189597230221,0.324366527459286,2.014779659647912,0.3856997181962808,58.51417045382406,8.692326238810038,41.03395814418119,16.10869219067818,0.0035498078124341,0.0027111394781547,0.0004714559589258,0.003142222555509
1974,47.15,0.2263667181612975,4718,0.0,30.0,-30.0,-30.0,30.0,0.0,78278.92082204168,5267.156481236007,4951.468820432967,3038.4040880450198,2290.813662975945,2214.421783884846,0.2483271787285448,0.2483898526838917,0.3537197767629346,1.8955896947384416,0.3370297868111397,50.60048470756728,7.328672166531568,36.21486668200598,15.244032359289331,0.0031861721855418,0.0026049908842106,0.0004553819003512,0.0028345902617486
1975,62.0,0.273053144116047,3693,0.0,30.0,-30.0,-30.0,30.0,0.0,62956.10952768226,4332.041911449888,4208.569690755502,2293.929872006634,1696.2681585407609,1654.8862140018744,0.2428851271787999,0.2316120402032693,0.3349536955547903,0.9845596606380248,0.5001579072846877,56.9478575836195,8.842045648086009,40.04924498930426,17.393990261532007,0.0050194849243803,0.0038184761040467,0.0006459298310976,0.0039422727835152
1976,46.6,0.2106671915273903,3183,0.0,30.0,-30.0,-30.0,30.0,0.0,79553.24785253449,4698.34076592558,4489.459165711286,2813.876280168928,1946.1508092955191,2020.0135481616128,0.2857674551856027,0.2632012858812589,0.3695547315493744,1.6360358668359078,0.394323376774286,52.38669512569101,7.885078135059037,38.14261878377566,15.53639802328967,0.0040693578963875,0.0028676259221203,0.0004848320233993,0.0033677636752622
1977,52.14,0.1892375931003991,4182,0.0,30.0,-30.0,-30.0,30.0,0.0,77308.53680582302,4884.846888572359,4795.990963385877,2805.130179128465,2102.2422056670257,2111.6029605422905,0.3076038824249927,0.2997684888091922,0.3721074535749877,1.8203255175680928,0.3952519568880971,54.47629972366696,8.725795364116797,39.00696195825283,16.908811863685404,0.0036950864744759,0.0026028935341955,0.0004904677692854,0.0033339560632313
1978,51.83,0.2432303072703245,3994,0.0,30.0,-30.0,-30.0,30.0,0.0,86164.12039993519,6006.465142092961,5917.92839942776,3106.572042905817,2092.1110624614557,2298.1842549450253,0.2507702439473909,0.2288395463961761,0.3531240402561848,2.4596725310171568,0.1105599012169571,17.735591992741888,2.7904761015846784,12.997601533486623,5.266279632762527,0.0011487394580267,0.0007759202697063,0.0001386846568306,0.0008534354774852
1979,46.89,0.2949052470633902,2205,0.0,30.0,-30.0,-30.0,30.0,0.0,87918.998187074,5938.717153949731,5479.4895460650505,3360.6916802162964,2116.446916418556,2087.3238856386024,0.2424694325940481,0.2404276834375618,0.334999573008377,2.3422378440487805,0.2640293261241346,40.08891092755556,6.653512911632994,31.496167357452716,13.107719091823611,0.0024387069106148,0.0019312454173901,0.0003606824194992,0.0021667703394382
1980,55.46,0.2696987135089209,2089,0.0,30.0,-30.0,-30.0,30.0,0.0,84031.30798753967,5663.781313103801,5567.248067567356,3111.9487136000103,2273.348835640839,2243.9109010632537,0.2516136539351307,0.2378977259776093,0.3131609728515009,2.4959926808142776,0.2334215109853844,37.27154383895612,5.616983651013418,27.16798133711486,11.03273207501255,0.0023921976928207,0.0017636879178133,0.0003079694389897,0.001941199761366
1981,57.34,0.2485424564680654,4288,0.0,30.0,-30.0,-30.0,30.0,0.0,68754.03253161958,4285.998753176673,4275.319777156056,2515.48654613666,1777.3260350237028,1754.8386734246158,0.2464636937892026,0.2572343491995458,0.3688276538972966,1.4421582204062424,0.3796299977733494,47.47010978764354,7.165672911364308,33.68992290682626,13.676797934789285,0.0035879581451725,0.0026803769498459,0.000468838336557,0.0032100073061021
1982,49.89,0.2401660267326647,1658,0.0,30.0,-30.0,-30.0,30.0,0.0,70196.88355477243,4775.745462019933,4689.309943479348,2623.575601328641,1756.1333609789538,1843.876999521677,0.2564141900902095,0.2297472467572813,0.2967559376374179,1.8161570101537847,0.1292074534088828,16.82772864346185,2.4368855042951,11.50537903672564,5.142312158762969,0.0012082160715228,0.0009963163942245,0.0001647261499701,0.0009804581890244
1983,57.26,0.1881864862058419,2857,0.0,30.0,-30.0,-30.0,30.0,0.0,63094.22210927476,4451.73978106543,4109.297260703523,2178.673646730776,1456.2472464822977,1493.140111973072,0.2717521413075272,0.2683214816045579,0.2983716804259843,1.0073958666899243,0.409050813874326,45.76372522620336,6.975436457497989,31.417894159421454,12.96357912263765,0.0040171782416242,0.003201223650321,0.0004799260925364,0.0031361061089082
1984,58.64,0.2482964514660312,1701,0.0,30.0,-30.0,-30.0,30.0,0.0,68126.33033865322,4405.10537990656,4261.00738162808,2670.554168898986,1711.4031778583917,1673.804033217738,0.2829635305164649,0.2787032672260547,0.3351702632376275,2.0378460293547613,0.0553742847065857,6.7208268632809975,1.058054501867908,5.084680396134749,2.0501357076249898,0.000534579279873,0.0003953328260955,6.797241422333535e-05,0.0004587035188987
1985,62.43,0.2945623804653532,2600,0.0,30.0,-30.0,-30.0,30.0,0.0,60263.37205783906,4377.6161277459305,4059.3615055995383,2318.799322495804,1536.4524160713477,1603.1271970849118,0.318131005277284,0.322061702590479,0.3575575664478073,1.1703933771646249,0.1207401406953567,14.64471871768572,2.2586976210434613,10.329166394479486,4.670466806331496,0.0012294630908233,0.0009453083242415,0.0001600321271953,0.0011189532238976
1986,48.45,0.2100804353503843,1582,0.0,30.0,-30.0,-30.0,30.0,0.0,72449.06982426935,4866.924845599594,4843.32359476988,2674.5662112302566,1874.8503234871853,1847.1846182131123,0.2217506132593488,0.2253583944860302,0.3512437434298897,1.6869917306493027,0.4007005801514322,54.01047232498505,7.854746821665768,37.0006633272646,16.351127353532505,0.003866619249231,0.0029175319903627,0.0005404793049505,0.0031290193082179
1987,47.58,0.2371829476425548,4750,0.0,30.0,-30.0,-30.0,30.0,0.0,71484.8137639028,5196.912201084402,4819.426013441625,2874.2315627284224,1865.108216753968,1824.5110285530368,0.3230015315928484,0.301256955873467,0.3343585350372073,1.8891158547815263,0.0869424137861423,12.096286977132689,1.796702664398991,8.385341659739941,3.3297002144810883,0.0008173893205831,0.0006804525121355,0.0001083462918447,0.0006761149253464
1988,61.07,0.2907048331269752,2648,0.0,30.0,-30.0,-30.0,30.0,0.0,81181.83191579572,5409.8656659469125,5106.813015179994,2831.6094215455146,2062.742478234977,2110.616894280624,0.273661207114121,0.2593602536793623,0.3216722174855609,1.9992398969877911,0.3439357610390591,51.44809308407078,7.699861250293947,36.70287870583061,15.76149300383253,0.0034887094574296,0.0026433150159818,0.0004425820086373,0.0029676228099973
1989,57.12,0.1997929029376445,4351,0.0,30.0,-30.0,-30.0,30.0,0.0,74705.64767164209,5459.666099834397,5059.919529158698,3045.712711400102,2313.1603766280687,2060.566149212592,0.275205351204311,0.2708102291210661,0.3109014762757138,2.3831195472115847,0.2628299323471333,41.14669893581243,6.108183868965332,25.63921995496988,12.632859969895923,0.0027915545042084,0.002011751051824,0.0003604344583301,0.0022183567039494
1990,43.36,0.1943753441883267,2433,0.0,30.0,-30.0,-30.0,30.0,0.0,66338.95623881715,4174.638428536769,4084.19015017658,2556.1646751265557,1826.3520789845545,1770.1136147119953,0.324447260283587,0.3152978501430716,0.3500619303301188,1.8440920066522268,0.1301960179313085,15.779636470650848,2.413130312928046,10.60278196764369,4.585834561768474,0.0013276793357695,0.0009353079070322,0.0001666833733985,0.0011647272932493
1991,51.08,0.1811709217087295,4546,0.0,30.0,-30.0,-30.0,30.0,0.0,62786.22679000688,4302.095209868378,3989.400808009338,2415.357598474009,1638.4204177527884,1595.1330064607791,0.2944062835789149,0.2989289727536042,0.3241591934243055,1.074010299467668,0.4320367183061722,48.74527853789008,7.607638350531627,35.16176999608764,15.711376937116825,0.0039853855856123,0.0032164877850122,0.0005734147718528,0.0035451351716158
1992,48.02,0.2498417972749386,4882,0.0,30.0,-30.0,-30.0,30.0,0.0,65033.32531146181,4261.530000614151,4113.683824422269,2596.2131400323883,1657.7230501127692,1594.582545711476,0.3185418566104324,0.3001132229867769,0.2967013353388986,1.433703409939865,0.1385196811241449,15.890895577443478,2.3676537970385465,11.507290640951602,4.903584533493922,0.0013208718208467,0.0009698916576907,0.0001815724525867,0.0011198339225737
1993,50.42,0.2719994686612691,4485,0.0,30.0,-30.0,-30.0,30.0,0.0,89058.43781034678,6332.532161764348,5759.81457736002,3159.843483671453,2352.769312939587,2311.528659572472,0.2837748456332457,0.2735449885785259,0.3037124264653244,2.30166265286591,0.2503818039535953,42.107192355278,6.3035125268072205,27.42865496087634,12.977379953509406,0.0026369573572321,0.0018875514299026,0.0003075802367389,0.002240838106643
1994,42.23,0.2178745842763332,4144,0.0,30.0,-30.0,-30.0,30.0,0.0,64840.71779721365,4152.241179691288,4071.794478594198,2547.5057473921497,1597.9910545562846,1644.2827786932578,0.2497429033752914,0.2379756383398747,0.3236483223309165,1.435263784902356,0.2373577259111898,27.118148511517543,4.055564398768462,19.266186026071505,8.207695644258772,0.002288591331368,0.0016214571761823,0.0002939894194276,0.00192901853545
1995,45.28,0.264540638645304,3309,0.0,30.0,-30.0,-30.0,30.0,0.0,59820.32321624648,4232.342391791133,4072.560010097844,2376.562432719612,1699.0737143822842,1649.4173632535603,0.2850944307044356,0.27528801847622,0.3673349017565299,1.4258505852962418,0.1028906209127369,11.640565945367628,1.7997513627839827,8.261080053279402,3.8198506014195215,0.0010981183409603,0.0007738250565182,0.0001384183051882,0.0008541424312542
1996,50.18,0.1837834849507645,4874,0.0,30.0,-30.0,-30.0,30.0,0.0,82443.80598102196,5217.273392874695,5010.192822740608,2689.9987224753136,1987.1662646061477,1916.300434800488,0.3204772681334981,0.3009870701248224,0.3504179495626399,2.1976662507179663,0.0931049740779837,13.184882958350409,2.113331411528041,9.780862215874778,4.173712831987168,0.0008556632558199,0.0007236362432691,0.0001213044233865,0.0007571296758128
1997,58.99,0.2572059337299039,3484,0.0,30.0,-30.0,-30.0,30.0,0.0,78170.06476158243,5307.117843582791,4829.893974585175,2842.419227981233,1911.4220373578248,2028.352392017062,0.2568374214859545,0.2395845970369801,0.3357060993885229,1.9766483867384976,0.3241749545604662,44.008614009235366,6.90390366308266,32.615332926420365,14.50795290641,0.0031907030792837,0.0023139252250688,0.0004237146515507,0.0027801603658726
1998,60.53,0.2413893369479312,3031,0.0,30.0,-30.0,-30.0,30.0,0.0,79330.80600907475,5434.877550632946,5090.668812365756,3041.741891707565,2168.628392791561,2072.3026704530976,0.3198236065918919,0.3215789337564887,0.3637709774205029,2.4374904207197305,0.2366840931462275,34.49947399212267,5.462951576925925,25.585175910755755,11.199871680973354,0.0024772582047532,0.0018150852543809,0.0003195255477264,0.0020541603099756
1999,59.79,0.2159671033304675,3610,0.0,30.0,-30.0,-30.0,30.0,0.0,75780.75624673587,4758.043038358256,4334.3593563951,2758.684419373403,1896.8435641536344,1966.845271157206,0.2557474951848604,0.2451418858111852,0.3469507930778635,1.7108445128628431,0.2348253020545338,31.53967414973294,4.688556698408246,22.986813127584977,9.824944840315991,0.002311702165471,0.0017130819931347,0.0003141396682928,0.001902218552539
2000,47.78,0.2225873001672777,1768,0.0,30.0,-30.0,-30.0,30.0,0.0,66654.50424739938,4589.670466532049,4154.522620954064,2292.1933307187724,1687.2281760793412,1726.834558803507,0.2465345815694526,0.2415182921442823,0.3840253486654738,1.6552224561921138,0.18573585495514,21.71639353326229,3.400956958142941,15.63425772994713,6.456612421758066,0.0018537500526333,0.0014084607999958,0.0002350695835025,0.0014747260407746
