Sl.No,Fiber Volume Fraction (%),Ply Thickness (mm),Load (N),ModelingPly.1.ply_angle,ModelingPly.2.ply_angle,ModelingPly.3.ply_angle,ModelingPly.4.ply_angle,ModelingPly.5.ply_angle,ModelingPly.6.ply_angle,Laminate Family,E1,E2,E3,G12,G23,G31,nu12,nu13,nu23,Equivalent Stress Maximum (MPa),Shear Stress Maximum-XY [MPa],Normal Stress Maximum-X [MPa],Normal Stress  Maximum-Y[MPa],Equivalent Elastic Strain Maximum (mm/mm),Shear Elastic Strain Maximum-XY [mm mm^-1],Normal Elastic Strain Maximum-X [mm mm^-1],Normal Elastic Strain Maximum-Y[mm mm^-1],Total Deformation Maximum (mm),Inverse Reserve Factor Maximum,Fail Status,Plate Length (mm),Plate Width (mm),Nx_true (N/mm),Ny_true (N/mm),Nxy_true (N/mm)
1,40.0,0.2,1588,0,90,90,90,90,0,Cross-Ply,94100.0,8100.0,8100.0,11580.0,6948.0,11580.0,0.29,0.29,0.348,81.151,17.85322,60.86325,32.4604,0.001159,0.00029,0.000834,0.00044,0.17389,0.732,FAIL,150.0,100.0,15.88,0.0,0.0
2,40.1,0.2,2281,0,90,90,90,90,0,Cross-Ply,94326.5,8111.5,8111.5,11605.7,6963.42,11605.7,0.28985,0.28985,0.34792,220.819,49.382053,166.912436,88.294951,0.003155,0.000792,0.002285,0.001199,0.47318,1.131,No Fail,150.0,100.0,22.81,0.0,0.0
3,40.2,0.2,3868,0,90,90,90,90,0,Cross-Ply,94553.0,8123.0,8123.0,11631.4,6978.839999999999,11631.4,0.2897,0.2897,0.34784,369.421,83.94454,281.401861,147.550239,0.005277,0.00133,0.003844,0.002004,0.79162,1.555,No Fail,150.0,100.0,38.68,0.0,0.0
4,40.3,0.2,1804,0,90,90,90,90,0,Cross-Ply,94779.5,8134.499999999999,8134.499999999999,11657.1,6994.26,11657.1,0.28955,0.28955,0.3477599999999999,76.398,17.630699,58.639713,30.457937,0.001091,0.000276,0.000799,0.000414,0.16371,0.718,FAIL,150.0,100.0,18.04,0.0,0.0
5,40.4,0.2,1604,0,90,90,90,90,0,Cross-Ply,95006.0,8146.0,8146.0,11682.8,7009.679999999999,11682.8,0.2894,0.2894,0.34768,112.073,26.250523,86.667497,44.566025,0.001601,0.000407,0.001179,0.000607,0.24016,0.82,FAIL,150.0,100.0,16.04,0.0,0.0
6,40.5,0.2,3269,0,90,90,90,90,0,Cross-Ply,95232.5,8157.5,8157.5,11708.5,7025.099999999999,11708.5,0.28925,0.28925,0.3476,358.614,85.193116,279.356558,142.135633,0.005123,0.001307,0.003795,0.001941,0.76846,1.525,No Fail,150.0,100.0,32.69,0.0,0.0
7,40.6,0.2,2196,0,90,90,90,90,0,Cross-Ply,95459.0,8169.0,8169.0,11734.2,7040.52,11734.2,0.2890999999999999,0.2890999999999999,0.34752,242.36,58.34872,190.147396,95.676075,0.003462,0.000887,0.002579,0.00131,0.51934,1.192,No Fail,150.0,100.0,21.96,0.0,0.0
8,40.7,0.2,3407,0,90,90,90,90,0,Cross-Ply,95685.5,8180.5,8180.5,11759.9,7055.94,11759.9,0.28895,0.28895,0.3474399999999999,319.978,78.001354,252.789888,125.727334,0.004571,0.001176,0.003423,0.001726,0.68567,1.414,No Fail,150.0,100.0,34.07,0.0,0.0
9,40.8,0.2,3562,0,90,90,90,90,0,Cross-Ply,95912.0,8192.0,8192.0,11785.6,7071.36,11785.6,0.2888,0.2888,0.34736,397.143,97.93284,315.864137,155.214435,0.005673,0.001465,0.00427,0.002139,0.85102,1.635,No Fail,150.0,100.0,35.62,0.0,0.0
10,40.9,0.2,1523,0,90,90,90,90,0,Cross-Ply,96138.5,8203.5,8203.5,11811.3,7086.78,11811.3,0.2886499999999999,0.2886499999999999,0.34728,60.0,14.95177,48.030154,23.309325,0.000857,0.000222,0.000648,0.000322,0.12857,0.671,FAIL,150.0,100.0,15.23,0.0,0.0
11,41.0,0.2,3943,0,90,90,90,90,0,Cross-Ply,96365.0,8215.0,8215.0,11837.0,7102.2,11837.0,0.2885,0.2885,0.3472,370.172,93.119661,298.169614,142.857629,0.005288,0.001376,0.00402,0.001985,0.79323,1.558,No Fail,150.0,100.0,39.43,0.0,0.0
12,41.1,0.2,2044,0,90,90,90,90,0,Cross-Ply,96591.5,8226.5,8226.5,11862.7,7117.62,11862.7,0.28835,0.28835,0.34712,180.918,45.89145,146.595004,69.317536,0.002585,0.000675,0.001974,0.000968,0.38768,1.017,No Fail,150.0,100.0,20.44,0.0,0.0
13,41.2,0.2,2678,0,90,90,90,90,0,Cross-Ply,96818.0,8238.0,8238.0,11888.4,7133.04,11888.4,0.2882,0.2882,0.34704,183.155,46.792784,149.247617,69.629755,0.002616,0.000686,0.002007,0.000977,0.39247,1.023,No Fail,150.0,100.0,26.78,0.0,0.0
14,41.3,0.2,1839,0,90,90,90,90,0,Cross-Ply,97044.5,8249.5,8249.5,11914.1,7148.46,11914.1,0.28805,0.28805,0.3469599999999999,186.441,47.917552,152.738523,70.291075,0.002663,0.0007,0.002052,0.000991,0.39952,1.033,No Fail,150.0,100.0,18.39,0.0,0.0
15,41.4,0.2,3613,0,90,90,90,90,0,Cross-Ply,97271.0,8261.0,8261.0,11939.8,7163.879999999999,11939.8,0.2879,0.2879,0.34688,321.052,82.907253,264.339741,119.977772,0.004586,0.00121,0.003548,0.001701,0.68797,1.417,No Fail,150.0,100.0,36.13,0.0,0.0
16,41.5,0.2,4054,0,90,90,90,90,0,Cross-Ply,97497.5,8272.5,8272.5,11965.5,7179.3,11965.5,0.28775,0.28775,0.3468,384.595,99.665779,318.146057,142.395795,0.005494,0.001455,0.004268,0.002031,0.82413,1.599,No Fail,150.0,100.0,40.54,0.0,0.0
17,41.6,0.2,4906,0,90,90,90,90,0,Cross-Ply,97724.0,8284.0,8284.0,11991.200000000004,7194.720000000001,11991.200000000004,0.2875999999999999,0.2875999999999999,0.34672,532.797,138.383375,442.661143,195.363677,0.007611,0.002022,0.005934,0.002804,1.14171,2.022,No Fail,150.0,100.0,49.06,0.0,0.0
18,41.7,0.2,3432,0,90,90,90,90,0,Cross-Ply,97950.5,8295.5,8295.5,12016.9,7210.14,12016.9,0.28745,0.28745,0.34664,359.076,93.355148,299.522204,130.346006,0.00513,0.001368,0.004014,0.001882,0.76945,1.526,No Fail,150.0,100.0,34.32,0.0,0.0
19,41.8,0.2,3665,0,90,90,90,90,0,Cross-Ply,98177.0,8307.0,8307.0,12042.6,7225.56,12042.6,0.2873,0.2873,0.34656,330.275,85.843113,276.498955,118.653064,0.004718,0.001262,0.003703,0.001724,0.70773,1.444,No Fail,150.0,100.0,36.65,0.0,0.0
20,41.9,0.2,3521,0,90,90,90,90,0,Cross-Ply,98403.5,8318.5,8318.5,12068.3,7240.98,12068.3,0.2871499999999999,0.2871499999999999,0.3464799999999999,306.991,79.667634,257.843976,109.120574,0.004386,0.001177,0.003453,0.001596,0.65784,1.377,No Fail,150.0,100.0,35.21,0.0,0.0
21,42.0,0.2,1660,0,90,90,90,90,0,Cross-Ply,98630.0,8330.0,8330.0,12094.0,7256.4,12094.0,0.287,0.287,0.3464,82.167,21.26336,69.211366,28.891269,0.001174,0.000316,0.000927,0.000425,0.17607,0.735,FAIL,150.0,100.0,16.6,0.0,0.0
22,42.1,0.2,2513,0,90,90,90,90,0,Cross-Ply,98856.5,8341.5,8341.5,12119.700000000004,7271.8200000000015,12119.700000000004,0.28685,0.28685,0.3463199999999999,257.615,66.395856,217.53642,89.59111,0.00368,0.000993,0.002913,0.001327,0.55203,1.236,No Fail,150.0,100.0,25.13,0.0,0.0
23,42.2,0.2,2315,0,90,90,90,90,0,Cross-Ply,99083.0,8353.0,8353.0,12145.4,7287.240000000001,12145.4,0.2867,0.2867,0.34624,251.017,64.353704,212.409782,86.334629,0.003586,0.000971,0.002845,0.001287,0.53789,1.217,No Fail,150.0,100.0,23.15,0.0,0.0
24,42.3,0.2,2473,0,90,90,90,90,0,Cross-Ply,99309.5,8364.5,8364.5,12171.1,7302.66,12171.1,0.2865499999999999,0.2865499999999999,0.3461599999999999,269.092,68.540565,228.092155,91.529831,0.003844,0.001043,0.003055,0.001372,0.57662,1.269,No Fail,150.0,100.0,24.73,0.0,0.0
25,42.4,0.2,2777,0,90,90,90,90,0,Cross-Ply,99536.0,8376.0,8376.0,12196.8,7318.079999999999,12196.8,0.2864,0.2864,0.34608,238.642,60.319746,202.54456,80.280469,0.003409,0.000928,0.002714,0.001211,0.51138,1.182,No Fail,150.0,100.0,27.77,0.0,0.0
26,42.5,0.2,2233,0,90,90,90,90,0,Cross-Ply,99762.5,8387.5,8387.5,12222.5,7333.5,12222.5,0.28625,0.28625,0.346,201.928,50.591823,171.5375,67.191146,0.002885,0.000787,0.002301,0.001019,0.4327,1.077,No Fail,150.0,100.0,22.33,0.0,0.0
27,42.6,0.2,4778,0,90,90,90,90,0,Cross-Ply,99989.0,8399.0,8399.0,12248.2,7348.92,12248.2,0.2861,0.2861,0.34592,551.493,136.810524,468.72183,181.547447,0.007878,0.002154,0.00629,0.002768,1.18177,2.076,No Fail,150.0,100.0,47.78,0.0,0.0
28,42.7,0.2,3632,0,90,90,90,90,0,Cross-Ply,100215.5,8410.5,8410.5,12273.9,7364.340000000001,12273.9,0.28595,0.28595,0.34584,349.878,85.849664,297.39098,113.976376,0.004998,0.00137,0.003994,0.001746,0.74974,1.5,No Fail,150.0,100.0,36.32,0.0,0.0
29,42.8,0.2,4052,0,90,90,90,90,0,Cross-Ply,100442.0,8422.0,8422.0,12299.6,7379.76,12299.6,0.2858,0.2858,0.34576,468.266,113.534855,397.889995,151.002382,0.00669,0.001838,0.005349,0.002323,1.00343,1.838,No Fail,150.0,100.0,40.52,0.0,0.0
30,42.9,0.2,2828,0,90,90,90,90,0,Cross-Ply,100668.5,8433.5,8433.5,12325.3,7395.179999999999,12325.3,0.2856499999999999,0.2856499999999999,0.34568,307.739,73.660504,261.297792,98.274981,0.004396,0.00121,0.003516,0.001518,0.65944,1.379,No Fail,150.0,100.0,28.28,0.0,0.0
31,43.0,0.2,3740,0,90,90,90,90,0,Cross-Ply,100895.0,8445.0,8445.0,12351.0,7410.599999999999,12351.0,0.2855,0.2855,0.3456,319.063,75.331636,270.605574,100.951654,0.004558,0.001257,0.003646,0.001564,0.68371,1.412,No Fail,150.0,100.0,37.4,0.0,0.0
32,43.1,0.2,3896,0,90,90,90,90,0,Cross-Ply,101121.5,8456.5,8456.5,12376.7,7426.02,12376.7,0.28535,0.28535,0.34552,396.774,92.334109,335.997453,124.449849,0.005668,0.001566,0.004534,0.001933,0.85023,1.634,No Fail,150.0,100.0,38.96,0.0,0.0
33,43.2,0.2,4216,0,90,90,90,90,0,Cross-Ply,101348.0,8468.0,8468.0,12402.4,7441.44,12402.4,0.2852,0.2852,0.3454399999999999,401.256,91.974499,339.135856,124.839998,0.005732,0.001587,0.004583,0.001943,0.85983,1.646,No Fail,150.0,100.0,42.16,0.0,0.0
34,43.3,0.2,1612,0,90,90,90,90,0,Cross-Ply,101574.5,8479.5,8479.5,12428.1,7456.86,12428.1,0.2850499999999999,0.2850499999999999,0.34536,138.596,31.273467,116.866778,42.801469,0.00198,0.000549,0.001582,0.000667,0.29699,0.896,FAIL,150.0,100.0,16.12,0.0,0.0
35,43.4,0.2,2437,0,90,90,90,90,0,Cross-Ply,101801.0,8491.0,8491.0,12453.8,7472.279999999999,12453.8,0.2849,0.2849,0.34528,236.056,52.410681,198.506511,72.413508,0.003372,0.000936,0.002691,0.001128,0.50584,1.174,No Fail,150.0,100.0,24.37,0.0,0.0
36,43.5,0.2,4800,0,90,90,90,90,0,Cross-Ply,102027.5,8502.5,8502.5,12479.5,7487.7,12479.5,0.28475,0.28475,0.3451999999999999,561.775,122.686836,470.950566,171.320087,0.008025,0.002231,0.006397,0.002668,1.2038,2.105,No Fail,150.0,100.0,48.0,0.0,0.0
37,43.6,0.2,2601,0,90,90,90,90,0,Cross-Ply,102254.0,8514.0,8514.0,12505.2,7503.12,12505.2,0.2846,0.2846,0.34512,183.701,39.453397,153.466872,55.739745,0.002624,0.00073,0.002088,0.000867,0.39364,1.025,No Fail,150.0,100.0,26.01,0.0,0.0
38,43.7,0.2,2885,0,90,90,90,90,0,Cross-Ply,102480.5,8525.5,8525.5,12530.9,7518.540000000001,12530.9,0.28445,0.28445,0.34504,250.264,52.853518,208.272664,75.621341,0.003575,0.000996,0.00284,0.001173,0.53628,1.215,No Fail,150.0,100.0,28.85,0.0,0.0
39,43.8,0.2,3106,0,90,90,90,90,0,Cross-Ply,102707.0,8537.0,8537.0,12556.6,7533.959999999999,12556.6,0.2843,0.2843,0.34496,245.269,50.938748,203.259978,73.872321,0.003504,0.000978,0.002778,0.001142,0.52558,1.201,No Fail,150.0,100.0,31.06,0.0,0.0
40,43.9,0.2,2363,0,90,90,90,90,0,Cross-Ply,102933.5,8548.5,8548.5,12582.3,7549.379999999999,12582.3,0.2841499999999999,0.2841499999999999,0.3448799999999999,232.978,47.593002,192.1978,70.009976,0.003328,0.000929,0.002632,0.001078,0.49924,1.166,No Fail,150.0,100.0,23.63,0.0,0.0
41,44.0,0.2,2420,0,90,90,90,90,0,Cross-Ply,103160.0,8560.0,8560.0,12608.0,7564.799999999999,12608.0,0.284,0.284,0.3448,201.286,40.459854,165.243799,60.406838,0.002876,0.000804,0.002269,0.000925,0.43133,1.075,No Fail,150.0,100.0,24.2,0.0,0.0
42,44.1,0.2,4642,0,90,90,90,90,0,Cross-Ply,103386.5,8571.5,8571.5,12633.7,7580.22,12633.7,0.2838499999999999,0.2838499999999999,0.3447199999999999,491.629,97.288143,401.500692,147.490545,0.007023,0.001964,0.005524,0.002244,1.05349,1.905,No Fail,150.0,100.0,46.42,0.0,0.0
43,44.2,0.2,2268,0,90,90,90,90,0,Cross-Ply,103613.0,8583.0,8583.0,12659.4,7595.639999999999,12659.4,0.2837,0.2837,0.34464,202.605,39.498759,164.551181,60.821754,0.002894,0.00081,0.002269,0.000918,0.43415,1.079,No Fail,150.0,100.0,22.68,0.0,0.0
44,44.3,0.2,3283,0,90,90,90,90,0,Cross-Ply,103839.5,8594.5,8594.5,12685.1,7611.059999999999,12685.1,0.28355,0.28355,0.34456,257.726,49.541772,208.104819,77.495152,0.003682,0.001031,0.002878,0.001161,0.55227,1.236,No Fail,150.0,100.0,32.83,0.0,0.0
45,44.4,0.2,1665,0,90,90,90,90,0,Cross-Ply,104066.0,8606.0,8606.0,12710.8,7626.48,12710.8,0.2834,0.2834,0.34448,163.768,31.071359,131.43277,49.371016,0.00234,0.000655,0.001822,0.000733,0.35093,0.968,FAIL,150.0,100.0,16.65,0.0,0.0
46,44.5,0.2,3696,0,90,90,90,90,0,Cross-Ply,104292.5,8617.5,8617.5,12736.5,7641.9,12736.5,0.28325,0.28325,0.3444,429.406,80.504733,342.435027,129.911365,0.006134,0.001717,0.004759,0.001909,0.92016,1.727,No Fail,150.0,100.0,36.96,0.0,0.0
47,44.6,0.2,2978,0,90,90,90,90,0,Cross-Ply,104519.0,8629.0,8629.0,12762.2,7657.32,12762.2,0.2831,0.2831,0.34432,244.483,45.351417,193.680764,74.295012,0.003493,0.000978,0.002699,0.00108,0.52389,1.199,No Fail,150.0,100.0,29.78,0.0,0.0
48,44.7,0.2,2836,0,90,90,90,90,0,Cross-Ply,104745.5,8640.5,8640.5,12787.9,7672.74,12787.9,0.28295,0.28295,0.34424,321.922,59.170607,253.289116,98.349673,0.004599,0.001288,0.003539,0.001413,0.68983,1.42,No Fail,150.0,100.0,28.36,0.0,0.0
49,44.8,0.2,3352,0,90,90,90,90,0,Cross-Ply,104972.0,8652.0,8652.0,12813.6,7688.159999999999,12813.6,0.2828,0.2828,0.34416,266.963,48.69619,208.570918,82.062416,0.003814,0.001068,0.002922,0.001165,0.57206,1.263,No Fail,150.0,100.0,33.52,0.0,0.0
50,44.9,0.2,4513,0,90,90,90,90,0,Cross-Ply,105198.5,8663.5,8663.5,12839.3,7703.579999999999,12839.3,0.2826499999999999,0.2826499999999999,0.3440799999999999,423.498,76.789638,328.479691,131.084981,0.00605,0.001693,0.004614,0.001836,0.9075,1.71,No Fail,150.0,100.0,45.13,0.0,0.0
51,45.0,0.2,4023,0,90,90,90,90,0,Cross-Ply,105425.0,8675.0,8675.0,12865.0,7719.0,12865.0,0.2825,0.2825,0.344,485.458,87.652378,373.757862,151.416878,0.006935,0.001939,0.005264,0.002092,1.04027,1.887,No Fail,150.0,100.0,40.23,0.0,0.0
52,45.1,0.2,3379,0,90,90,90,90,0,Cross-Ply,105651.5,8686.5,8686.5,12890.7,7734.42,12890.7,0.28235,0.28235,0.34392,312.095,56.21316,238.475535,98.155923,0.004458,0.001246,0.003367,0.001337,0.66877,1.392,No Fail,150.0,100.0,33.79,0.0,0.0
53,45.2,0.2,3743,0,90,90,90,90,0,Cross-Ply,105878.0,8698.0,8698.0,12916.4,7749.839999999999,12916.4,0.2822,0.2822,0.34384,414.903,74.684378,314.607446,131.656115,0.005927,0.001655,0.004454,0.001767,0.88908,1.685,No Fail,150.0,100.0,37.43,0.0,0.0
54,45.3,0.2,3022,0,90,90,90,90,0,Cross-Ply,106104.5,8709.5,8709.5,12942.1,7765.259999999998,12942.1,0.28205,0.28205,0.34376,340.137,61.300726,255.91715,108.953491,0.004859,0.001356,0.003633,0.001441,0.72886,1.472,No Fail,150.0,100.0,30.22,0.0,0.0
55,45.4,0.2,4838,0,90,90,90,90,0,Cross-Ply,106331.0,8721.0,8721.0,12967.799999999996,7780.6799999999985,12967.799999999996,0.2819,0.2819,0.34368,534.771,96.671271,399.213457,172.999728,0.00764,0.00213,0.005681,0.002253,1.14594,2.028,No Fail,150.0,100.0,48.38,0.0,0.0
56,45.5,0.2,2422,0,90,90,90,90,0,Cross-Ply,106557.5,8732.5,8732.5,12993.5,7796.099999999999,12993.5,0.28175,0.28175,0.3436,160.073,29.076145,118.557036,52.318137,0.002287,0.000637,0.001691,0.000671,0.34301,0.957,FAIL,150.0,100.0,24.22,0.0,0.0
57,45.6,0.2,2125,0,90,90,90,90,0,Cross-Ply,106784.0,8744.0,8744.0,13019.2,7811.52,13019.2,0.2816,0.2816,0.34352,170.46,31.165457,125.255128,56.305154,0.002435,0.000677,0.001791,0.000711,0.36527,0.987,FAIL,150.0,100.0,21.25,0.0,0.0
58,45.7,0.2,4547,0,90,90,90,90,0,Cross-Ply,107010.5,8755.5,8755.5,13044.9,7826.94,13044.9,0.28145,0.28145,0.3434399999999999,435.713,80.313641,317.644423,145.485966,0.006224,0.001728,0.004552,0.001809,0.93367,1.745,No Fail,150.0,100.0,45.47,0.0,0.0
59,45.8,0.2,3736,0,90,90,90,90,0,Cross-Ply,107237.0,8767.0,8767.0,13070.6,7842.359999999999,13070.6,0.2813,0.2813,0.34336,409.8,76.270741,296.412551,138.343809,0.005854,0.001623,0.004256,0.001694,0.87814,1.671,No Fail,150.0,100.0,37.36,0.0,0.0
60,45.9,0.2,2035,0,90,90,90,90,0,Cross-Ply,107463.5,8778.5,8778.5,13096.299999999996,7857.779999999998,13096.299999999996,0.28115,0.28115,0.34328,144.228,27.141816,103.511099,49.231854,0.00206,0.00057,0.001489,0.000593,0.30906,0.912,FAIL,150.0,100.0,20.35,0.0,0.0
61,46.0,0.2,3388,0,90,90,90,90,0,Cross-Ply,107690.0,8790.0,8790.0,13122.0,7873.2,13122.0,0.281,0.281,0.3432,302.542,57.640147,215.465257,104.424606,0.004322,0.001194,0.003106,0.00124,0.6483,1.364,No Fail,150.0,100.0,33.88,0.0,0.0
62,46.1,0.2,3356,0,90,90,90,90,0,Cross-Ply,107916.5,8801.5,8801.5,13147.7,7888.62,13147.7,0.2808499999999999,0.2808499999999999,0.34312,296.245,57.203601,209.387745,103.388321,0.004232,0.001167,0.003024,0.00121,0.63481,1.346,No Fail,150.0,100.0,33.56,0.0,0.0
63,46.2,0.2,2635,0,90,90,90,90,0,Cross-Ply,108143.0,8813.0,8813.0,13173.4,7904.039999999999,13173.4,0.2807,0.2807,0.34304,303.685,59.490031,213.058856,107.152385,0.004338,0.001194,0.003081,0.001236,0.65075,1.368,No Fail,150.0,100.0,26.35,0.0,0.0
64,46.3,0.2,4752,0,90,90,90,90,0,Cross-Ply,108369.5,8824.5,8824.5,13199.1,7919.46,13199.1,0.28055,0.28055,0.34296,580.673,115.49078,404.449442,207.107661,0.008295,0.002279,0.005857,0.002356,1.2443,2.159,No Fail,150.0,100.0,47.52,0.0,0.0
65,46.4,0.2,4411,0,90,90,90,90,0,Cross-Ply,108596.0,8836.0,8836.0,13224.8,7934.879999999999,13224.8,0.2804,0.2804,0.34288,422.238,85.318661,292.03812,152.198488,0.006032,0.001654,0.004235,0.001708,0.9048,1.706,No Fail,150.0,100.0,44.11,0.0,0.0
66,46.5,0.2,1703,0,90,90,90,90,0,Cross-Ply,108822.5,8847.5,8847.5,13250.5,7950.299999999999,13250.5,0.28025,0.28025,0.3428,140.17,28.788509,96.292616,51.047546,0.002002,0.000548,0.001397,0.000566,0.30036,0.9,FAIL,150.0,100.0,17.03,0.0,0.0
67,46.6,0.2,4814,0,90,90,90,90,0,Cross-Ply,109049.0,8859.0,8859.0,13276.2,7965.72,13276.2,0.2801,0.2801,0.34272,475.593,99.314938,324.599396,174.935329,0.006794,0.001854,0.004714,0.001915,1.01913,1.859,No Fail,150.0,100.0,48.14,0.0,0.0
68,46.7,0.2,3201,0,90,90,90,90,0,Cross-Ply,109275.5,8870.5,8870.5,13301.9,7981.139999999999,13301.9,0.27995,0.27995,0.3426399999999999,367.221,77.981676,249.083578,136.372244,0.005246,0.001428,0.00362,0.001476,0.7869,1.549,No Fail,150.0,100.0,32.01,0.0,0.0
69,46.8,0.2,4162,0,90,90,90,90,0,Cross-Ply,109502.0,8882.0,8882.0,13327.6,7996.559999999999,13327.6,0.2798,0.2798,0.34256,496.262,107.168898,334.639268,185.985942,0.007089,0.001924,0.004864,0.001991,1.06342,1.918,No Fail,150.0,100.0,41.62,0.0,0.0
70,46.9,0.2,1949,0,90,90,90,90,0,Cross-Ply,109728.5,8893.5,8893.5,13353.3,8011.98,13353.3,0.2796499999999999,0.2796499999999999,0.34248,112.227,24.642994,75.260313,42.42607,0.001603,0.000434,0.001094,0.00045,0.24049,0.821,FAIL,150.0,100.0,19.49,0.0,0.0
71,47.0,0.2,3424,0,90,90,90,90,0,Cross-Ply,109955.0,8905.0,8905.0,13379.0,8027.4,13379.0,0.2794999999999999,0.2794999999999999,0.3424,345.272,77.069742,230.355358,131.595754,0.004932,0.001331,0.003347,0.001382,0.73987,1.486,No Fail,150.0,100.0,34.24,0.0,0.0
72,47.1,0.2,4554,0,90,90,90,90,0,Cross-Ply,110181.5,8916.5,8916.5,13404.7,8042.82,13404.7,0.27935,0.27935,0.3423199999999999,522.077,118.41798,346.669568,200.504095,0.007458,0.002007,0.005035,0.002089,1.11874,1.992,No Fail,150.0,100.0,45.54,0.0,0.0
73,47.2,0.2,2241,0,90,90,90,90,0,Cross-Ply,110408.0,8928.0,8928.0,13430.4,8058.24,13430.4,0.2792,0.2792,0.34224,195.997,45.152008,129.586695,75.804536,0.0028,0.000751,0.001881,0.000784,0.41999,1.06,No Fail,150.0,100.0,22.41,0.0,0.0
74,47.3,0.2,4055,0,90,90,90,90,0,Cross-Ply,110634.5,8939.5,8939.5,13456.1,8073.66,13456.1,0.27905,0.27905,0.34216,420.041,98.2204,276.64772,163.504855,0.006001,0.001605,0.004011,0.00168,0.90009,1.7,No Fail,150.0,100.0,40.55,0.0,0.0
75,47.4,0.2,2591,0,90,90,90,90,0,Cross-Ply,110861.0,8951.0,8951.0,13481.8,8089.079999999999,13481.8,0.2789,0.2789,0.34208,271.461,64.386575,178.184525,106.283118,0.003878,0.001034,0.00258,0.001086,0.5817,1.276,No Fail,150.0,100.0,25.91,0.0,0.0
76,47.5,0.2,3775,0,90,90,90,90,0,Cross-Ply,111087.5,8962.5,8962.5,13507.5,8104.5,13507.5,0.27875,0.27875,0.3419999999999999,322.884,77.619222,211.322676,127.067885,0.004613,0.001226,0.003055,0.001293,0.69189,1.423,No Fail,150.0,100.0,37.75,0.0,0.0
77,47.6,0.2,3312,0,90,90,90,90,0,Cross-Ply,111314.0,8974.0,8974.0,13533.200000000004,8119.920000000001,13533.200000000004,0.2786,0.2786,0.34192,335.291,81.62098,218.914567,132.540735,0.00479,0.001269,0.003159,0.001344,0.71848,1.458,No Fail,150.0,100.0,33.12,0.0,0.0
78,47.7,0.2,2286,0,90,90,90,90,0,Cross-Ply,111540.5,8985.5,8985.5,13558.9,8135.34,13558.9,0.27845,0.27845,0.34184,241.838,59.559733,157.598417,95.959609,0.003455,0.000912,0.002269,0.000971,0.51822,1.191,No Fail,150.0,100.0,22.86,0.0,0.0
79,47.8,0.2,3559,0,90,90,90,90,0,Cross-Ply,111767.0,8997.0,8997.0,13584.6,8150.76,13584.6,0.2783,0.2783,0.34176,381.171,94.876753,248.054544,151.709303,0.005445,0.001433,0.003563,0.001533,0.8168,1.589,No Fail,150.0,100.0,35.59,0.0,0.0
80,47.9,0.2,2271,0,90,90,90,90,0,Cross-Ply,111993.5,9008.5,9008.5,13610.3,8166.179999999999,13610.3,0.27815,0.27815,0.34168,225.365,56.634011,146.535326,89.90715,0.00322,0.000844,0.002099,0.000908,0.48293,1.144,No Fail,150.0,100.0,22.71,0.0,0.0
81,48.0,0.2,3709,0,90,90,90,90,0,Cross-Ply,112220.0,9020.0,9020.0,13636.0,8181.599999999999,13636.0,0.278,0.278,0.3416,436.198,110.546088,283.529623,174.297029,0.006231,0.001628,0.004049,0.001762,0.93471,1.746,No Fail,150.0,100.0,37.09,0.0,0.0
82,48.1,0.2,4669,0,90,90,90,90,0,Cross-Ply,112446.5,9031.5,9031.5,13661.700000000004,8197.02,13661.700000000004,0.2778499999999999,0.2778499999999999,0.34152,542.084,138.386896,352.428769,216.796375,0.007744,0.002015,0.005018,0.002196,1.16161,2.049,No Fail,150.0,100.0,46.69,0.0,0.0
83,48.2,0.2,1748,0,90,90,90,90,0,Cross-Ply,112673.0,9043.0,9043.0,13687.4,8212.44,13687.4,0.2777,0.2777,0.34144,73.264,18.817948,47.666802,29.3045,0.001047,0.000271,0.000677,0.000298,0.15699,0.709,FAIL,150.0,100.0,17.48,0.0,0.0
84,48.3,0.2,3841,0,90,90,90,90,0,Cross-Ply,112899.5,9054.5,9054.5,13713.1,8227.86,13713.1,0.27755,0.27755,0.34136,431.651,111.41399,281.195122,172.549474,0.006166,0.001593,0.003975,0.00176,0.92497,1.733,No Fail,150.0,100.0,38.41,0.0,0.0
85,48.4,0.2,1963,0,90,90,90,90,0,Cross-Ply,113126.0,9066.0,9066.0,13738.8,8243.279999999999,13738.8,0.2774,0.2774,0.34128,186.849,48.404463,121.938739,74.591403,0.002669,0.000687,0.001717,0.000764,0.40039,1.034,No Fail,150.0,100.0,19.63,0.0,0.0
86,48.5,0.2,3499,0,90,90,90,90,0,Cross-Ply,113352.5,9077.5,9077.5,13764.5,8258.699999999999,13764.5,0.27725,0.27725,0.3412,294.334,76.432455,192.526098,117.256684,0.004205,0.001078,0.002701,0.001209,0.63072,1.341,No Fail,150.0,100.0,34.99,0.0,0.0
87,48.6,0.2,4246,0,90,90,90,90,0,Cross-Ply,113579.0,9089.0,9089.0,13790.2,8274.12,13790.2,0.2771,0.2771,0.34112,454.102,118.054881,297.864151,180.399453,0.006487,0.001656,0.004161,0.001873,0.97307,1.797,No Fail,150.0,100.0,42.46,0.0,0.0
88,48.7,0.2,2166,0,90,90,90,90,0,Cross-Ply,113805.5,9100.5,9100.5,13815.9,8289.54,13815.9,0.27695,0.27695,0.34104,135.38,35.190579,89.093569,53.593356,0.001934,0.000492,0.001239,0.000561,0.2901,0.887,FAIL,150.0,100.0,21.66,0.0,0.0
89,48.8,0.2,3009,0,90,90,90,90,0,Cross-Ply,114032.0,9112.0,9112.0,13841.6,8304.96,13841.6,0.2768,0.2768,0.34096,340.351,88.346383,224.82794,134.169548,0.004862,0.001231,0.003113,0.001416,0.72932,1.472,No Fail,150.0,100.0,30.09,0.0,0.0
90,48.9,0.2,3135,0,90,90,90,90,0,Cross-Ply,114258.5,9123.5,9123.5,13867.3,8320.38,13867.3,0.2766499999999999,0.2766499999999999,0.34088,313.853,81.251065,208.198404,123.119424,0.004484,0.001131,0.00287,0.001312,0.67254,1.397,No Fail,150.0,100.0,31.35,0.0,0.0
91,49.0,0.2,3857,0,90,90,90,90,0,Cross-Ply,114485.0,9135.0,9135.0,13893.0,8335.8,13893.0,0.2764999999999999,0.2764999999999999,0.3408,368.856,95.116767,245.823563,143.893685,0.005269,0.001323,0.003372,0.00155,0.79041,1.554,No Fail,150.0,100.0,38.57,0.0,0.0
92,49.1,0.2,1844,0,90,90,90,90,0,Cross-Ply,114711.5,9146.5,9146.5,13918.7,8351.22,13918.7,0.27635,0.27635,0.34072,69.559,17.844943,46.592247,26.967684,0.000994,0.000249,0.000636,0.000294,0.14906,0.699,FAIL,150.0,100.0,18.44,0.0,0.0
93,49.2,0.2,2688,0,90,90,90,90,0,Cross-Ply,114938.0,9158.0,9158.0,13944.4,8366.640000000001,13944.4,0.2762,0.2762,0.34064,257.612,65.669555,173.495391,99.195887,0.00368,0.000917,0.002358,0.001094,0.55203,1.236,No Fail,150.0,100.0,26.88,0.0,0.0
94,49.3,0.2,2370,0,90,90,90,90,0,Cross-Ply,115164.5,9169.5,9169.5,13970.1,8382.06,13970.1,0.27605,0.27605,0.34056,155.138,39.25002,105.089311,59.296236,0.002216,0.00055,0.001421,0.000663,0.33244,0.943,FAIL,150.0,100.0,23.7,0.0,0.0
95,49.4,0.2,3070,0,90,90,90,90,0,Cross-Ply,115391.0,9181.0,9181.0,13995.8,8397.48,13995.8,0.2759,0.2759,0.34048,336.152,84.311058,229.107927,127.4629,0.004802,0.001186,0.003084,0.001444,0.72033,1.46,No Fail,150.0,100.0,30.7,0.0,0.0
96,49.5,0.2,2475,0,90,90,90,90,0,Cross-Ply,115617.5,9192.5,9192.5,14021.5,8412.9,14021.5,0.27575,0.27575,0.3404,226.999,56.379617,155.713436,85.346178,0.003243,0.000798,0.002086,0.000981,0.48643,1.149,No Fail,150.0,100.0,24.75,0.0,0.0
97,49.6,0.2,4731,0,90,90,90,90,0,Cross-Ply,115844.0,9204.0,9204.0,14047.2,8428.32,14047.2,0.2756,0.2756,0.3403199999999999,547.574,134.534717,378.150003,204.034865,0.007822,0.001916,0.005042,0.002381,1.17337,2.064,No Fail,150.0,100.0,47.31,0.0,0.0
98,49.7,0.2,4515,0,90,90,90,90,0,Cross-Ply,116070.5,9215.5,9215.5,14072.9,8443.74,14072.9,0.27545,0.27545,0.34024,493.45,119.811124,343.156678,182.143423,0.007049,0.00172,0.004554,0.002159,1.05739,1.91,No Fail,150.0,100.0,45.15,0.0,0.0
99,49.8,0.2,1677,0,90,90,90,90,0,Cross-Ply,116297.0,9227.0,9227.0,14098.6,8459.16,14098.6,0.2753,0.2753,0.34016,104.729,25.106192,73.3568,38.280078,0.001496,0.000363,0.000969,0.000461,0.22442,0.799,FAIL,150.0,100.0,16.77,0.0,0.0
100,49.9,0.2,4426,0,90,90,90,90,0,Cross-Ply,116523.5,9238.5,9238.5,14124.3,8474.58,14124.3,0.27515,0.27515,0.34008,408.339,96.565942,288.138709,147.743984,0.005833,0.001411,0.00379,0.001809,0.87501,1.667,No Fail,150.0,100.0,44.26,0.0,0.0
101,50.0,0.2,4742,0,90,90,90,90,0,Cross-Ply,116750.0,9250.0,9250.0,14150.0,8490.0,14150.0,0.275,0.275,0.3399999999999999,454.074,105.848295,322.83822,162.580527,0.006487,0.001563,0.004228,0.002025,0.97302,1.797,No Fail,150.0,100.0,47.42,0.0,0.0
102,50.1,0.2,2082,0,90,90,90,90,0,Cross-Ply,116976.5,9261.5,9261.5,14175.7,8505.42,14175.7,0.27485,0.27485,0.33992,118.808,27.281057,85.121414,42.085652,0.001697,0.000407,0.00111,0.000533,0.25459,0.839,FAIL,150.0,100.0,20.82,0.0,0.0
103,50.2,0.2,2248,0,90,90,90,90,0,Cross-Ply,117203.0,9273.0,9273.0,14201.4,8520.84,14201.4,0.2747,0.2747,0.33984,188.647,42.64528,136.21416,66.100284,0.002695,0.000644,0.00177,0.000852,0.40424,1.039,No Fail,150.0,100.0,22.48,0.0,0.0
104,50.3,0.2,1705,0,90,90,90,90,0,Cross-Ply,117429.5,9284.5,9284.5,14227.1,8536.26,14227.1,0.27455,0.27455,0.33976,128.152,28.506661,93.262821,44.410817,0.001831,0.000436,0.001207,0.000583,0.27461,0.866,FAIL,150.0,100.0,17.05,0.0,0.0
105,50.4,0.2,4949,0,90,90,90,90,0,Cross-Ply,117656.0,9296.0,9296.0,14252.8,8551.679999999998,14252.8,0.2744,0.2744,0.33968,559.188,122.355633,410.176519,191.647706,0.007988,0.001894,0.005289,0.00256,1.19826,2.098,No Fail,150.0,100.0,49.49,0.0,0.0
106,50.5,0.2,4244,0,90,90,90,90,0,Cross-Ply,117882.5,9307.5,9307.5,14278.5,8567.1,14278.5,0.27425,0.27425,0.3396,481.234,103.554167,355.799767,163.111877,0.006875,0.001624,0.004572,0.002218,1.03122,1.875,No Fail,150.0,100.0,42.44,0.0,0.0
107,50.6,0.2,2981,0,90,90,90,90,0,Cross-Ply,118109.0,9319.0,9319.0,14304.2,8582.52,14304.2,0.2741,0.2741,0.33952,289.368,61.230148,215.640712,97.004968,0.004134,0.000973,0.002762,0.001343,0.62008,1.327,No Fail,150.0,100.0,29.81,0.0,0.0
108,50.7,0.2,4984,0,90,90,90,90,0,Cross-Ply,118335.5,9330.5,9330.5,14329.9,8597.939999999999,14329.9,0.2739499999999999,0.2739499999999999,0.3394399999999999,487.519,101.444852,366.172212,161.662877,0.006965,0.001632,0.004677,0.002277,1.04468,1.893,No Fail,150.0,100.0,49.84,0.0,0.0
109,50.8,0.2,4014,0,90,90,90,90,0,Cross-Ply,118562.0,9342.0,9342.0,14355.6,8613.36,14355.6,0.2738,0.2738,0.33936,412.543,84.433782,312.282646,135.349092,0.005893,0.001376,0.003977,0.00194,0.88402,1.679,No Fail,150.0,100.0,40.14,0.0,0.0
110,50.9,0.2,2538,0,90,90,90,90,0,Cross-Ply,118788.5,9353.5,9353.5,14381.3,8628.779999999999,14381.3,0.2736499999999999,0.2736499999999999,0.33928,270.646,54.501604,206.454869,87.877673,0.003866,0.000899,0.002623,0.001281,0.57996,1.273,No Fail,150.0,100.0,25.38,0.0,0.0
111,51.0,0.2,3527,0,90,90,90,90,0,Cross-Ply,119015.0,9365.0,9365.0,14407.0,8644.199999999999,14407.0,0.2734999999999999,0.2734999999999999,0.3392,293.712,58.225219,225.756087,94.415731,0.004196,0.000973,0.002862,0.001399,0.62938,1.339,No Fail,150.0,100.0,35.27,0.0,0.0
112,51.1,0.2,4118,0,90,90,90,90,0,Cross-Ply,119241.5,9376.5,9376.5,14432.7,8659.62,14432.7,0.27335,0.27335,0.33912,427.995,83.579739,331.428456,136.267827,0.006114,0.001412,0.004193,0.002052,0.91713,1.723,No Fail,150.0,100.0,41.18,0.0,0.0
113,51.2,0.2,3545,0,90,90,90,90,0,Cross-Ply,119468.0,9388.0,9388.0,14458.4,8675.039999999999,14458.4,0.2732,0.2732,0.33904,416.344,80.158326,324.762511,131.357829,0.005948,0.001369,0.004102,0.002009,0.89217,1.69,No Fail,150.0,100.0,35.45,0.0,0.0
114,51.3,0.2,4485,0,90,90,90,90,0,Cross-Ply,119694.5,9399.5,9399.5,14484.1,8690.46,14484.1,0.27305,0.27305,0.33896,481.58,91.501637,378.324278,150.649667,0.00688,0.001579,0.004772,0.002339,1.03196,1.876,No Fail,150.0,100.0,44.85,0.0,0.0
115,51.4,0.2,4863,0,90,90,90,90,0,Cross-Ply,119921.0,9411.0,9411.0,14509.8,8705.88,14509.8,0.2729,0.2729,0.33888,577.099,108.335696,456.498098,179.110913,0.008244,0.001885,0.005751,0.00282,1.23664,2.149,No Fail,150.0,100.0,48.63,0.0,0.0
116,51.5,0.2,2150,0,90,90,90,90,0,Cross-Ply,120147.5,9422.5,9422.5,14535.5,8721.3,14535.5,0.27275,0.27275,0.3388,229.276,42.579495,182.575399,70.648925,0.003275,0.000747,0.002298,0.001127,0.49131,1.155,No Fail,150.0,100.0,21.5,0.0,0.0
117,51.6,0.2,3863,0,90,90,90,90,0,Cross-Ply,120374.0,9434.0,9434.0,14561.2,8736.72,14561.2,0.2726,0.2726,0.33872,387.404,71.276215,310.482267,118.608272,0.005534,0.001258,0.003906,0.001916,0.83015,1.607,No Fail,150.0,100.0,38.63,0.0,0.0
118,51.7,0.2,1920,0,90,90,90,90,0,Cross-Ply,120600.5,9445.5,9445.5,14586.9,8752.14,14586.9,0.2724499999999999,0.2724499999999999,0.33864,178.341,32.556687,143.813385,54.294756,0.002548,0.000577,0.001809,0.000887,0.38216,1.01,No Fail,150.0,100.0,19.2,0.0,0.0
119,51.8,0.2,2362,0,90,90,90,90,0,Cross-Ply,120827.0,9457.0,9457.0,14612.6,8767.56,14612.6,0.2723,0.2723,0.3385599999999999,150.234,27.25712,121.86274,45.520105,0.002146,0.000485,0.001533,0.000752,0.32193,0.929,FAIL,150.0,100.0,23.62,0.0,0.0
120,51.9,0.2,3668,0,90,90,90,90,0,Cross-Ply,121053.5,9468.5,9468.5,14638.3,8782.98,14638.3,0.27215,0.27215,0.33848,361.678,65.32907,295.02026,109.163066,0.005167,0.001165,0.003712,0.00182,0.77502,1.533,No Fail,150.0,100.0,36.68,0.0,0.0
121,52.0,0.2,3543,0,90,90,90,90,0,Cross-Ply,121280.0,9480.0,9480.0,14664.0,8798.4,14664.0,0.272,0.272,0.3384,368.319,66.352482,302.027911,110.841197,0.005262,0.001183,0.003802,0.001864,0.78925,1.552,No Fail,150.0,100.0,35.43,0.0,0.0
122,52.1,0.2,4771,0,90,90,90,90,0,Cross-Ply,121506.5,9491.5,9491.5,14689.7,8813.82,14689.7,0.27185,0.27185,0.3383199999999999,516.827,93.029062,425.913779,155.225028,0.007383,0.001656,0.005366,0.002629,1.10749,1.977,No Fail,150.0,100.0,47.71,0.0,0.0
123,52.2,0.2,4007,0,90,90,90,90,0,Cross-Ply,121733.0,9503.0,9503.0,14715.4,8829.24,14715.4,0.2717,0.2717,0.33824,457.918,82.508415,379.11651,137.393863,0.006542,0.001464,0.004782,0.002341,0.98125,1.808,No Fail,150.0,100.0,40.07,0.0,0.0
124,52.3,0.2,2885,0,90,90,90,90,0,Cross-Ply,121959.5,9514.5,9514.5,14741.1,8844.66,14741.1,0.27155,0.27155,0.33816,305.347,55.173679,253.885049,91.614414,0.004362,0.000974,0.003207,0.001569,0.65431,1.372,No Fail,150.0,100.0,28.85,0.0,0.0
125,52.4,0.2,2550,0,90,90,90,90,0,Cross-Ply,122186.0,9526.0,9526.0,14766.8,8860.08,14766.8,0.2714,0.2714,0.33808,203.936,37.019782,170.232055,61.246621,0.002913,0.000649,0.002153,0.001053,0.437,1.083,No Fail,150.0,100.0,25.5,0.0,0.0
126,52.5,0.2,4132,0,90,90,90,90,0,Cross-Ply,122412.5,9537.5,9537.5,14792.5,8875.5,14792.5,0.27125,0.27125,0.3379999999999999,459.626,83.963993,385.032527,138.304003,0.006566,0.00146,0.004881,0.002384,0.98491,1.813,No Fail,150.0,100.0,41.32,0.0,0.0
127,52.6,0.2,3104,0,90,90,90,90,0,Cross-Ply,122639.0,9549.0,9549.0,14818.2,8890.92,14818.2,0.2711,0.2711,0.33792,356.152,65.581704,299.303202,107.479072,0.005088,0.00113,0.003802,0.001855,0.76318,1.518,No Fail,150.0,100.0,31.04,0.0,0.0
128,52.7,0.2,4986,0,90,90,90,90,0,Cross-Ply,122865.5,9560.5,9560.5,14843.9,8906.34,14843.9,0.2709499999999999,0.2709499999999999,0.33784,482.401,89.676665,406.538648,146.137103,0.006891,0.001527,0.005177,0.002523,1.03372,1.878,No Fail,150.0,100.0,49.86,0.0,0.0
129,52.8,0.2,2246,0,90,90,90,90,0,Cross-Ply,123092.0,9572.0,9572.0,14869.6,8921.76,14869.6,0.2708,0.2708,0.33776,242.807,45.631942,205.118206,73.904052,0.003469,0.000768,0.002619,0.001275,0.5203,1.194,No Fail,150.0,100.0,22.46,0.0,0.0
130,52.9,0.2,4766,0,90,90,90,90,0,Cross-Ply,123318.5,9583.5,9583.5,14895.3,8937.179999999998,14895.3,0.2706499999999999,0.2706499999999999,0.33768,550.159,104.661353,465.703914,168.392754,0.007859,0.001737,0.005963,0.0029,1.17891,2.072,No Fail,150.0,100.0,47.66,0.0,0.0
131,53.0,0.2,4577,0,90,90,90,90,0,Cross-Ply,123545.0,9595.0,9595.0,14921.0,8952.6,14921.0,0.2704999999999999,0.2704999999999999,0.3376,443.949,85.58782,376.409607,136.756902,0.006342,0.0014,0.004835,0.002349,0.95132,1.768,No Fail,150.0,100.0,45.77,0.0,0.0
132,53.1,0.2,2052,0,90,90,90,90,0,Cross-Ply,123771.5,9606.5,9606.5,14946.7,8968.02,14946.7,0.27035,0.27035,0.33752,178.101,34.829677,151.190889,55.257761,0.002544,0.000561,0.001949,0.000945,0.38165,1.009,No Fail,150.0,100.0,20.52,0.0,0.0
133,53.2,0.2,3962,0,90,90,90,90,0,Cross-Ply,123998.0,9618.0,9618.0,14972.4,8983.439999999999,14972.4,0.2702,0.2702,0.3374399999999999,368.981,73.256412,313.486906,115.384132,0.005271,0.001162,0.004055,0.001965,0.79067,1.554,No Fail,150.0,100.0,39.62,0.0,0.0
134,53.3,0.2,4955,0,90,90,90,90,0,Cross-Ply,124224.5,9629.5,9629.5,14998.1,8998.859999999999,14998.1,0.27005,0.27005,0.33736,529.36,106.766643,449.931457,166.949653,0.007562,0.001665,0.005842,0.002827,1.13434,2.012,No Fail,150.0,100.0,49.55,0.0,0.0
135,53.4,0.2,1527,0,90,90,90,90,0,Cross-Ply,124451.0,9641.0,9641.0,15023.8,9014.28,15023.8,0.2699,0.2699,0.33728,71.289,14.613834,60.592781,22.688073,0.001018,0.000224,0.00079,0.000382,0.15276,0.704,FAIL,150.0,100.0,15.27,0.0,0.0
136,53.5,0.2,2548,0,90,90,90,90,0,Cross-Ply,124677.5,9652.5,9652.5,15049.5,9029.7,15049.5,0.26975,0.26975,0.3372,184.455,38.444543,156.716674,59.26859,0.002635,0.00058,0.002052,0.00099,0.39526,1.027,No Fail,150.0,100.0,25.48,0.0,0.0
137,53.6,0.2,4786,0,90,90,90,90,0,Cross-Ply,124904.0,9664.0,9664.0,15075.2,9045.12,15075.2,0.2696,0.2696,0.33712,500.218,106.019238,424.65298,162.345468,0.007146,0.001572,0.005584,0.002691,1.0719,1.929,No Fail,150.0,100.0,47.86,0.0,0.0
138,53.7,0.2,1904,0,90,90,90,90,0,Cross-Ply,125130.5,9675.5,9675.5,15100.9,9060.54,15100.9,0.2694499999999999,0.2694499999999999,0.33704,189.602,40.866115,160.765302,62.176571,0.002709,0.000596,0.002124,0.001022,0.40629,1.042,No Fail,150.0,100.0,19.04,0.0,0.0
139,53.8,0.2,3436,0,90,90,90,90,0,Cross-Ply,125357.0,9687.0,9687.0,15126.6,9075.96,15126.6,0.2693,0.2693,0.33696,395.461,86.670585,334.775183,131.073638,0.005649,0.001243,0.004443,0.002135,0.84742,1.63,No Fail,150.0,100.0,34.36,0.0,0.0
140,53.9,0.2,3617,0,90,90,90,90,0,Cross-Ply,125583.5,9698.5,9698.5,15152.3,9091.38,15152.3,0.26915,0.26915,0.33688,397.481,88.557747,335.809817,133.183177,0.005678,0.00125,0.004478,0.00215,0.85175,1.636,No Fail,150.0,100.0,36.17,0.0,0.0
141,54.0,0.2,2213,0,90,90,90,90,0,Cross-Ply,125810.0,9710.0,9710.0,15178.000000000002,9106.8,15178.000000000002,0.269,0.269,0.3368,153.337,34.716777,129.235138,51.947388,0.002191,0.000482,0.001733,0.00083,0.32858,0.938,FAIL,150.0,100.0,22.13,0.0,0.0
142,54.1,0.2,2424,0,90,90,90,90,0,Cross-Ply,126036.5,9721.5,9721.5,15203.700000000004,9122.22,15203.700000000004,0.26885,0.26885,0.33672,192.241,44.208959,161.572673,65.853452,0.002746,0.000605,0.002177,0.001042,0.41195,1.049,No Fail,150.0,100.0,24.24,0.0,0.0
143,54.2,0.2,4669,0,90,90,90,90,0,Cross-Ply,126263.0,9733.0,9733.0,15229.4,9137.64,15229.4,0.2687,0.2687,0.33664,507.779,118.536954,425.421355,175.88363,0.007254,0.0016,0.005762,0.002754,1.0881,1.951,No Fail,150.0,100.0,46.69,0.0,0.0
144,54.3,0.2,1823,0,90,90,90,90,0,Cross-Ply,126489.5,9744.5,9744.5,15255.1,9153.06,15255.1,0.26855,0.26855,0.3365599999999999,84.956,20.118148,70.924927,29.753399,0.001214,0.000268,0.000966,0.000461,0.18205,0.743,FAIL,150.0,100.0,18.23,0.0,0.0
145,54.4,0.2,2468,0,90,90,90,90,0,Cross-Ply,126716.0,9756.0,9756.0,15280.8,9168.48,15280.8,0.2683999999999999,0.2683999999999999,0.33648,225.914,54.226712,187.866591,79.987778,0.003227,0.000713,0.002572,0.001226,0.4841,1.145,No Fail,150.0,100.0,24.68,0.0,0.0
146,54.5,0.2,4199,0,90,90,90,90,0,Cross-Ply,126942.5,9767.5,9767.5,15306.500000000002,9183.9,15306.500000000002,0.26825,0.26825,0.3364,509.789,123.926118,422.127625,182.443591,0.007283,0.001611,0.005812,0.002767,1.09241,1.957,No Fail,150.0,100.0,41.99,0.0,0.0
147,54.6,0.2,2417,0,90,90,90,90,0,Cross-Ply,127169.0,9779.0,9779.0,15332.200000000004,9199.320000000002,15332.200000000004,0.2681,0.2681,0.3363199999999999,190.924,46.960175,157.365881,69.047975,0.002727,0.000604,0.002178,0.001036,0.40912,1.045,No Fail,150.0,100.0,24.17,0.0,0.0
148,54.7,0.2,3431,0,90,90,90,90,0,Cross-Ply,127395.5,9790.5,9790.5,15357.9,9214.74,15357.9,0.2679499999999999,0.2679499999999999,0.33624,311.034,77.328632,255.09939,113.637438,0.004443,0.000986,0.003552,0.001687,0.6665,1.389,No Fail,150.0,100.0,34.31,0.0,0.0
149,54.8,0.2,1534,0,90,90,90,90,0,Cross-Ply,127622.0,9801.999999999998,9801.999999999998,15383.6,9230.159999999998,15383.6,0.2678,0.2678,0.33616,102.013,25.609024,83.227857,37.639233,0.001457,0.000324,0.001165,0.000553,0.2186,0.791,FAIL,150.0,100.0,15.34,0.0,0.0
150,54.9,0.2,4591,0,90,90,90,90,0,Cross-Ply,127848.5,9813.499999999998,9813.499999999998,15409.299999999996,9245.579999999998,15409.299999999996,0.26765,0.26765,0.33608,552.063,139.782059,447.898306,205.623714,0.007887,0.001756,0.00631,0.00299,1.18299,2.077,No Fail,150.0,100.0,45.91,0.0,0.0
151,55.0,0.2,3410,0,90,90,90,90,0,Cross-Ply,128075.0,9825.0,9825.0,15435.000000000002,9261.0,15435.000000000002,0.2674999999999999,0.2674999999999999,0.3359999999999999,286.744,73.144921,231.27832,107.767145,0.004096,0.000914,0.003277,0.001551,0.61445,1.319,No Fail,150.0,100.0,34.1,0.0,0.0
152,55.1,0.2,3539,0,90,90,90,90,0,Cross-Ply,128301.5,9836.5,9836.5,15460.700000000004,9276.420000000002,15460.700000000004,0.26735,0.26735,0.33592,312.953,80.330816,250.869836,118.622969,0.004471,0.001,0.003575,0.00169,0.67061,1.394,No Fail,150.0,100.0,35.39,0.0,0.0
153,55.2,0.2,1946,0,90,90,90,90,0,Cross-Ply,128528.0,9848.0,9848.0,15486.4,9291.84,15486.4,0.2672,0.2672,0.3358399999999999,193.331,49.87595,153.987575,73.869028,0.002762,0.000619,0.002207,0.001042,0.41428,1.052,No Fail,150.0,100.0,19.46,0.0,0.0
154,55.3,0.2,4646,0,90,90,90,90,0,Cross-Ply,128754.5,9859.499999999998,9859.499999999998,15512.1,9307.259999999998,15512.1,0.26705,0.26705,0.33576,528.639,136.898538,418.26544,203.493123,0.007552,0.001696,0.00603,0.002844,1.1328,2.01,No Fail,150.0,100.0,46.46,0.0,0.0
155,55.4,0.2,4512,0,90,90,90,90,0,Cross-Ply,128981.0,9870.999999999998,9870.999999999998,15537.799999999996,9322.679999999998,15537.799999999996,0.2669,0.2669,0.33568,446.556,115.936786,350.896591,173.077576,0.006379,0.001437,0.005087,0.002397,0.95691,1.776,No Fail,150.0,100.0,45.12,0.0,0.0
156,55.5,0.2,2235,0,90,90,90,90,0,Cross-Ply,129207.5,9882.5,9882.5,15563.500000000002,9338.1,15563.500000000002,0.26675,0.26675,0.3356,132.397,34.417555,103.300443,51.635654,0.001891,0.000427,0.001506,0.000709,0.28371,0.878,FAIL,150.0,100.0,22.35,0.0,0.0
157,55.6,0.2,1860,0,90,90,90,90,0,Cross-Ply,129434.0,9894.0,9894.0,15589.200000000004,9353.52,15589.200000000004,0.2666,0.2666,0.33552,168.553,43.81706,130.557169,66.105256,0.002408,0.000545,0.001914,0.0009,0.36118,0.982,FAIL,150.0,100.0,18.6,0.0,0.0
158,55.7,0.2,4594,0,90,90,90,90,0,Cross-Ply,129660.5,9905.5,9905.5,15614.9,9368.94,15614.9,0.2664499999999999,0.2664499999999999,0.3354399999999999,459.495,119.300079,353.27593,181.100597,0.006564,0.001491,0.005208,0.002447,0.98463,1.813,No Fail,150.0,100.0,45.94,0.0,0.0
159,55.8,0.2,3672,0,90,90,90,90,0,Cross-Ply,129887.0,9917.0,9917.0,15640.6,9384.36,15640.6,0.2663,0.2663,0.33536,387.104,100.251655,295.371534,153.217924,0.00553,0.00126,0.004378,0.002055,0.82951,1.606,No Fail,150.0,100.0,36.72,0.0,0.0
160,55.9,0.2,4755,0,90,90,90,90,0,Cross-Ply,130113.5,9928.5,9928.5,15666.299999999996,9399.78,15666.299999999996,0.26615,0.26615,0.33528,563.204,145.307911,426.445398,223.710611,0.008046,0.001838,0.006353,0.00298,1.20687,2.109,No Fail,150.0,100.0,47.55,0.0,0.0
161,56.0,0.2,4917,0,90,90,90,90,0,Cross-Ply,130340.0,9940.0,9940.0,15692.000000000002,9415.2,15692.000000000002,0.266,0.266,0.3352,490.879,126.01457,368.798025,195.534996,0.007013,0.001607,0.005523,0.002588,1.05188,1.903,No Fail,150.0,100.0,49.17,0.0,0.0
162,56.1,0.2,4585,0,90,90,90,90,0,Cross-Ply,130566.5,9951.5,9951.5,15717.700000000004,9430.62,15717.700000000004,0.26585,0.26585,0.33512,454.192,115.872871,338.564062,181.302726,0.006488,0.001492,0.005094,0.002386,0.97327,1.798,No Fail,150.0,100.0,45.85,0.0,0.0
163,56.2,0.2,4078,0,90,90,90,90,0,Cross-Ply,130793.0,9963.0,9963.0,15743.4,9446.04,15743.4,0.2657,0.2657,0.33504,491.021,124.343837,363.13738,196.273618,0.007015,0.001619,0.00549,0.002569,1.05219,1.903,No Fail,150.0,100.0,40.78,0.0,0.0
164,56.3,0.2,4758,0,90,90,90,90,0,Cross-Ply,131019.5,9974.5,9974.5,15769.1,9461.46,15769.1,0.26555,0.26555,0.33496,540.188,135.628981,396.350498,216.064682,0.007717,0.001787,0.006018,0.002814,1.15755,2.043,No Fail,150.0,100.0,47.58,0.0,0.0
165,56.4,0.2,4524,0,90,90,90,90,0,Cross-Ply,131246.0,9986.0,9986.0,15794.799999999996,9476.879999999996,15794.799999999996,0.2654,0.2654,0.33488,447.303,111.227616,325.616234,178.894341,0.00639,0.001485,0.004965,0.00232,0.95851,1.778,No Fail,150.0,100.0,45.24,0.0,0.0
166,56.5,0.2,2434,0,90,90,90,90,0,Cross-Ply,131472.5,9997.5,9997.5,15820.499999999998,9492.3,15820.499999999998,0.26525,0.26525,0.3348,170.245,41.88223,122.960867,68.030586,0.002432,0.000567,0.001882,0.000879,0.36481,0.986,FAIL,150.0,100.0,24.34,0.0,0.0
167,56.6,0.2,1878,0,90,90,90,90,0,Cross-Ply,131699.0,10009.0,10009.0,15846.200000000004,9507.72,15846.200000000004,0.2651,0.2651,0.33472,100.007,24.316242,71.670825,39.900265,0.001429,0.000335,0.001101,0.000514,0.2143,0.786,FAIL,150.0,100.0,18.78,0.0,0.0
168,56.7,0.2,4505,0,90,90,90,90,0,Cross-Ply,131925.5,10020.5,10020.5,15871.9,9523.14,15871.9,0.2649499999999999,0.2649499999999999,0.33464,435.544,104.56895,309.747218,173.370801,0.006222,0.001462,0.004775,0.002227,0.93331,1.744,No Fail,150.0,100.0,45.05,0.0,0.0
169,56.8,0.2,4358,0,90,90,90,90,0,Cross-Ply,132152.0,10032.0,10032.0,15897.6,9538.56,15897.6,0.2648,0.2648,0.3345599999999999,501.902,118.883005,354.253782,199.181114,0.00717,0.001691,0.005478,0.002553,1.0755,1.934,No Fail,150.0,100.0,43.58,0.0,0.0
170,56.9,0.2,2568,0,90,90,90,90,0,Cross-Ply,132378.5,10043.5,10043.5,15923.299999999996,9553.979999999998,15923.299999999996,0.26465,0.26465,0.33448,234.238,54.695165,164.112964,92.611226,0.003346,0.000792,0.002544,0.001185,0.50194,1.169,No Fail,150.0,100.0,25.68,0.0,0.0
171,57.0,0.2,2297,0,90,90,90,90,0,Cross-Ply,132605.0,10055.0,10055.0,15948.999999999998,9569.399999999998,15948.999999999998,0.2644999999999999,0.2644999999999999,0.3344,154.164,35.462123,107.236153,60.682609,0.002202,0.000523,0.001666,0.000776,0.33035,0.94,FAIL,150.0,100.0,22.97,0.0,0.0
172,57.1,0.2,2176,0,90,90,90,90,0,Cross-Ply,132831.5,10066.500000000002,10066.500000000002,15974.700000000004,9584.820000000002,15974.700000000004,0.26435,0.26435,0.3343199999999999,240.102,54.376326,165.852645,94.028055,0.00343,0.000819,0.002583,0.001202,0.5145,1.186,No Fail,150.0,100.0,21.76,0.0,0.0
173,57.2,0.2,4525,0,90,90,90,90,0,Cross-Ply,133058.00000000003,10078.000000000002,10078.000000000002,16000.4,9600.24,16000.4,0.2642,0.2642,0.33424,510.0,113.659385,349.923886,198.575837,0.007286,0.001746,0.005458,0.002538,1.09286,1.957,No Fail,150.0,100.0,45.25,0.0,0.0
174,57.3,0.2,2477,0,90,90,90,90,0,Cross-Ply,133284.5,10089.5,10089.5,16026.1,9615.659999999998,16026.1,0.26405,0.26405,0.33416,155.326,34.051757,105.887656,60.092342,0.002219,0.000534,0.001653,0.000768,0.33284,0.944,FAIL,150.0,100.0,24.77,0.0,0.0
175,57.4,0.2,2899,0,90,90,90,90,0,Cross-Ply,133511.0,10101.0,10101.0,16051.799999999996,9631.079999999998,16051.799999999996,0.2639,0.2639,0.33408,253.976,54.757271,172.077808,97.571274,0.003628,0.000877,0.002689,0.001249,0.54423,1.226,No Fail,150.0,100.0,28.99,0.0,0.0
176,57.5,0.2,3377,0,90,90,90,90,0,Cross-Ply,133737.5,10112.5,10112.5,16077.499999999998,9646.499999999998,16077.499999999998,0.26375,0.26375,0.334,272.22,57.713097,183.370033,103.789154,0.003889,0.000944,0.002866,0.001331,0.58333,1.278,No Fail,150.0,100.0,33.77,0.0,0.0
177,57.6,0.2,1904,0,90,90,90,90,0,Cross-Ply,133964.00000000003,10124.000000000002,10124.000000000002,16103.200000000004,9661.920000000002,16103.200000000004,0.2636,0.2636,0.33392,83.309,17.368583,55.812694,31.505687,0.00119,0.00029,0.000872,0.000405,0.17852,0.738,FAIL,150.0,100.0,19.04,0.0,0.0
178,57.7,0.2,2125,0,90,90,90,90,0,Cross-Ply,134190.50000000003,10135.500000000002,10135.500000000002,16128.9,9677.34,16128.9,0.2634499999999999,0.2634499999999999,0.3338399999999999,108.405,22.228859,72.258775,40.643344,0.001549,0.000379,0.001129,0.000523,0.2323,0.81,FAIL,150.0,100.0,21.25,0.0,0.0
179,57.8,0.2,2429,0,90,90,90,90,0,Cross-Ply,134417.0,10147.0,10147.0,16154.6,9692.759999999998,16154.6,0.2633,0.2633,0.33376,149.591,30.179566,99.248678,55.575531,0.002137,0.000525,0.001548,0.000717,0.32055,0.927,FAIL,150.0,100.0,24.29,0.0,0.0
180,57.9,0.2,3021,0,90,90,90,90,0,Cross-Ply,134643.5,10158.5,10158.5,16180.299999999996,9708.179999999998,16180.299999999996,0.26315,0.26315,0.33368,340.459,67.612209,224.931059,125.283643,0.004864,0.0012,0.003504,0.001622,0.72956,1.473,No Fail,150.0,100.0,30.21,0.0,0.0
181,58.0,0.2,2598,0,90,90,90,90,0,Cross-Ply,134870.0,10170.0,10170.0,16205.999999999998,9723.6,16205.999999999998,0.263,0.263,0.3336,202.751,39.660586,133.447094,73.871545,0.002896,0.000717,0.002074,0.00096,0.43447,1.079,No Fail,150.0,100.0,25.98,0.0,0.0
182,58.1,0.2,3290,0,90,90,90,90,0,Cross-Ply,135096.5,10181.5,10181.5,16231.7,9739.02,16231.7,0.26285,0.26285,0.33352,310.258,59.82849,203.532949,111.886145,0.004432,0.001102,0.003155,0.001459,0.66484,1.386,No Fail,150.0,100.0,32.9,0.0,0.0
183,58.2,0.2,3518,0,90,90,90,90,0,Cross-Ply,135323.00000000003,10193.000000000002,10193.000000000002,16257.4,9754.44,16257.4,0.2627,0.2627,0.3334399999999999,369.538,70.316189,241.739494,131.86478,0.005279,0.001319,0.003736,0.001726,0.79187,1.556,No Fail,150.0,100.0,35.18,0.0,0.0
184,58.3,0.2,3981,0,90,90,90,90,0,Cross-Ply,135549.5,10204.5,10204.5,16283.1,9769.86,16283.1,0.26255,0.26255,0.33336,447.835,84.181111,292.280944,158.0904,0.006398,0.001605,0.004501,0.002079,0.95965,1.78,No Fail,150.0,100.0,39.81,0.0,0.0
185,58.4,0.2,4740,0,90,90,90,90,0,Cross-Ply,135776.0,10216.0,10216.0,16308.799999999996,9785.28,16308.799999999996,0.2624,0.2624,0.33328,581.392,108.098298,378.763124,203.002364,0.008306,0.002092,0.00581,0.002681,1.24584,2.161,No Fail,150.0,100.0,47.4,0.0,0.0
186,58.5,0.2,4018,0,90,90,90,90,0,Cross-Ply,136002.5,10227.5,10227.5,16334.499999999998,9800.7,16334.499999999998,0.26225,0.26225,0.3332,415.301,76.485224,270.211554,143.414531,0.005933,0.0015,0.004126,0.001902,0.88993,1.687,No Fail,150.0,100.0,40.18,0.0,0.0
187,58.6,0.2,3847,0,90,90,90,90,0,Cross-Ply,136229.0,10239.0,10239.0,16360.2,9816.12,16360.2,0.2621,0.2621,0.3331199999999999,365.893,66.849425,237.884573,124.957946,0.005227,0.001327,0.003614,0.001665,0.78406,1.545,No Fail,150.0,100.0,38.47,0.0,0.0
188,58.7,0.2,1745,0,90,90,90,90,0,Cross-Ply,136455.50000000003,10250.500000000002,10250.500000000002,16385.9,9831.54,16385.9,0.2619499999999999,0.2619499999999999,0.33304,138.251,25.098653,89.863285,46.694753,0.001975,0.000503,0.001358,0.000625,0.29625,0.895,FAIL,150.0,100.0,17.45,0.0,0.0
189,58.8,0.2,2656,0,90,90,90,90,0,Cross-Ply,136682.0,10262.0,10262.0,16411.6,9846.96,16411.6,0.2618,0.2618,0.33296,218.873,39.551157,142.311215,73.117665,0.003127,0.0008,0.002138,0.000983,0.46901,1.125,No Fail,150.0,100.0,26.56,0.0,0.0
190,58.9,0.2,4468,0,90,90,90,90,0,Cross-Ply,136908.5,10273.5,10273.5,16437.3,9862.38,16437.3,0.26165,0.26165,0.33288,504.346,90.876999,328.200216,166.67096,0.007205,0.001851,0.0049,0.00225,1.08074,1.941,No Fail,150.0,100.0,44.68,0.0,0.0
191,59.0,0.2,2551,0,90,90,90,90,0,Cross-Ply,137135.0,10285.0,10285.0,16463.0,9877.8,16463.0,0.2614999999999999,0.2614999999999999,0.3328,197.741,35.593524,128.854307,64.659354,0.002825,0.000729,0.001911,0.000876,0.42373,1.065,No Fail,150.0,100.0,25.51,0.0,0.0
192,59.1,0.2,2929,0,90,90,90,90,0,Cross-Ply,137361.5,10296.5,10296.5,16488.7,9893.22,16488.7,0.2613499999999999,0.2613499999999999,0.33272,301.852,54.376825,197.06696,97.69345,0.004312,0.001117,0.002902,0.001329,0.64683,1.362,No Fail,150.0,100.0,29.29,0.0,0.0
193,59.2,0.2,2535,0,90,90,90,90,0,Cross-Ply,137588.00000000003,10308.000000000002,10308.000000000002,16514.4,9908.64,16514.4,0.2612,0.2612,0.33264,237.476,42.892066,155.409853,76.101427,0.003393,0.000882,0.002272,0.001039,0.50888,1.179,No Fail,150.0,100.0,25.35,0.0,0.0
194,59.3,0.2,2972,0,90,90,90,90,0,Cross-Ply,137814.5,10319.5,10319.5,16540.1,9924.06,16540.1,0.26105,0.26105,0.3325599999999999,331.444,60.128619,217.532625,105.215818,0.004735,0.001235,0.003156,0.001441,0.71024,1.447,No Fail,150.0,100.0,29.72,0.0,0.0
195,59.4,0.2,3871,0,90,90,90,90,0,Cross-Ply,138041.0,10331.0,10331.0,16565.8,9939.48,16565.8,0.2609,0.2609,0.33248,342.793,62.570168,225.741678,107.851786,0.004897,0.001282,0.003249,0.001482,0.73456,1.479,No Fail,150.0,100.0,38.71,0.0,0.0
196,59.5,0.2,3654,0,90,90,90,90,0,Cross-Ply,138267.5,10342.5,10342.5,16591.5,9954.9,16591.5,0.26075,0.26075,0.3324,319.198,58.718479,211.012658,99.594757,0.00456,0.001198,0.003012,0.001372,0.68399,1.412,No Fail,150.0,100.0,36.54,0.0,0.0
197,59.6,0.2,3418,0,90,90,90,90,0,Cross-Ply,138494.0,10354.0,10354.0,16617.2,9970.32,16617.2,0.2606,0.2606,0.33232,367.422,68.222835,243.936582,113.764612,0.005249,0.001384,0.003453,0.00157,0.78733,1.55,No Fail,150.0,100.0,34.18,0.0,0.0
198,59.7,0.2,2504,0,90,90,90,90,0,Cross-Ply,138720.5,10365.5,10365.5,16642.9,9985.74,16642.9,0.26045,0.26045,0.33224,286.501,53.77243,191.111717,88.093824,0.004093,0.001083,0.002682,0.001217,0.61393,1.319,No Fail,150.0,100.0,25.04,0.0,0.0
199,59.8,0.2,3530,0,90,90,90,90,0,Cross-Ply,138947.0,10377.0,10377.0,16668.6,10001.159999999998,16668.6,0.2603,0.2603,0.33216,365.208,69.375098,244.865226,111.602321,0.005217,0.001385,0.003406,0.001543,0.78259,1.543,No Fail,150.0,100.0,35.3,0.0,0.0
200,59.9,0.2,3127,0,90,90,90,90,0,Cross-Ply,139173.5,10388.5,10388.5,16694.3,10016.58,16694.3,0.26015,0.26015,0.33208,282.403,54.357607,190.391555,85.837021,0.004034,0.001075,0.002625,0.001187,0.60515,1.307,No Fail,150.0,100.0,31.27,0.0,0.0
201,60.0,0.2,2248,0,90,90,90,90,0,Cross-Ply,139400.0,10400.0,10400.0,16720.0,10032.0,16720.0,0.26,0.26,0.332,194.365,37.946181,131.808335,58.813129,0.002777,0.000742,0.001801,0.000813,0.4165,1.055,No Fail,150.0,100.0,22.48,0.0,0.0
202,60.1,0.2,4654,0,90,90,90,90,0,Cross-Ply,139626.5,10411.5,10411.5,16745.7,10047.42,16745.7,0.25985,0.25985,0.33192,507.885,100.655321,346.561255,153.132641,0.007255,0.001945,0.004693,0.002113,1.08832,1.951,No Fail,150.0,100.0,46.54,0.0,0.0
203,60.2,0.2,2094,0,90,90,90,90,0,Cross-Ply,139853.0,10423.0,10423.0,16771.4,10062.84,16771.4,0.2597,0.2597,0.33184,127.322,25.632355,87.44587,38.287833,0.001819,0.000489,0.001174,0.000527,0.27283,0.864,FAIL,150.0,100.0,20.94,0.0,0.0
204,60.3,0.2,3304,0,90,90,90,90,0,Cross-Ply,140079.5,10434.5,10434.5,16797.1,10078.259999999998,16797.1,0.25955,0.25955,0.33176,380.946,77.944327,263.414456,114.365367,0.005442,0.001468,0.003504,0.001571,0.81631,1.588,No Fail,150.0,100.0,33.04,0.0,0.0
205,60.4,0.2,2673,0,90,90,90,90,0,Cross-Ply,140306.0,10446.0,10446.0,16822.8,10093.679999999998,16822.8,0.2594,0.2594,0.33168,225.309,46.869356,156.892279,67.594081,0.003219,0.000871,0.002069,0.000925,0.4828,1.144,No Fail,150.0,100.0,26.73,0.0,0.0
206,60.5,0.2,4129,0,90,90,90,90,0,Cross-Ply,140532.5,10457.5,10457.5,16848.5,10109.1,16848.5,0.25925,0.25925,0.3316,392.994,83.132678,275.644616,117.935068,0.005614,0.001523,0.003602,0.001608,0.84213,1.623,No Fail,150.0,100.0,41.29,0.0,0.0
207,60.6,0.2,2286,0,90,90,90,90,0,Cross-Ply,140759.0,10469.0,10469.0,16874.2,10124.52,16874.2,0.2591,0.2591,0.33152,168.975,36.350046,119.400847,50.773043,0.002414,0.000656,0.001547,0.000689,0.36209,0.983,FAIL,150.0,100.0,22.86,0.0,0.0
208,60.7,0.2,1585,0,90,90,90,90,0,Cross-Ply,140985.5,10480.5,10480.5,16899.9,10139.94,16899.9,0.25895,0.25895,0.3314399999999999,138.999,30.40537,98.965954,41.859881,0.001986,0.000541,0.001272,0.000565,0.29786,0.897,FAIL,150.0,100.0,15.85,0.0,0.0
209,60.8,0.2,3163,0,90,90,90,90,0,Cross-Ply,141212.0,10492.0,10492.0,16925.6,10155.36,16925.6,0.2588,0.2588,0.33136,341.194,75.874719,244.804605,103.080517,0.004874,0.001332,0.00312,0.001382,0.73113,1.475,No Fail,150.0,100.0,31.63,0.0,0.0
210,60.9,0.2,1755,0,90,90,90,90,0,Cross-Ply,141438.5,10503.5,10503.5,16951.3,10170.78,16951.3,0.25865,0.25865,0.33128,75.481,17.058335,54.58105,22.898282,0.001078,0.000295,0.00069,0.000305,0.16175,0.716,FAIL,150.0,100.0,17.55,0.0,0.0
211,61.0,0.2,3704,0,90,90,90,90,0,Cross-Ply,141665.0,10515.0,10515.0,16977.0,10186.2,16977.0,0.2584999999999999,0.2584999999999999,0.3312,390.245,89.584904,284.417863,118.981207,0.005575,0.001531,0.003569,0.001573,0.83624,1.615,No Fail,150.0,100.0,37.04,0.0,0.0
212,61.1,0.2,3937,0,90,90,90,90,0,Cross-Ply,141891.5,10526.5,10526.5,17002.7,10201.62,17002.7,0.2583499999999999,0.2583499999999999,0.3311199999999999,450.05,104.882935,330.607148,138.020849,0.006429,0.001769,0.004118,0.00181,0.96439,1.786,No Fail,150.0,100.0,39.37,0.0,0.0
213,61.2,0.2,2354,0,90,90,90,90,0,Cross-Ply,142118.0,10538.0,10538.0,17028.4,10217.04,17028.4,0.2582,0.2582,0.33104,201.463,47.631124,149.170539,62.19678,0.002878,0.000793,0.001845,0.000809,0.43171,1.076,No Fail,150.0,100.0,23.54,0.0,0.0
214,61.3,0.2,1519,0,90,90,90,90,0,Cross-Ply,142344.5,10549.5,10549.5,17054.1,10232.46,17054.1,0.25805,0.25805,0.33096,69.962,16.767749,52.212987,21.759324,0.000999,0.000276,0.000641,0.00028,0.14992,0.7,FAIL,150.0,100.0,15.19,0.0,0.0
215,61.4,0.2,4195,0,90,90,90,90,0,Cross-Ply,142571.0,10561.0,10561.0,17079.8,10247.88,17079.8,0.2579,0.2579,0.33088,410.634,99.68146,308.873267,128.749215,0.005866,0.001623,0.003771,0.001645,0.87993,1.673,No Fail,150.0,100.0,41.95,0.0,0.0
216,61.5,0.2,2988,0,90,90,90,90,0,Cross-Ply,142797.5,10572.5,10572.5,17105.5,10263.3,17105.5,0.25775,0.25775,0.3308,336.348,82.621537,254.971988,106.378329,0.004805,0.001332,0.003095,0.001346,0.72075,1.461,No Fail,150.0,100.0,29.88,0.0,0.0
217,61.6,0.2,4853,0,90,90,90,90,0,Cross-Ply,143024.0,10584.0,10584.0,17131.2,10278.72,17131.2,0.2576,0.2576,0.33072,573.363,142.379857,437.995414,183.023789,0.008191,0.002274,0.005287,0.002294,1.22864,2.138,No Fail,150.0,100.0,48.53,0.0,0.0
218,61.7,0.2,1676,0,90,90,90,90,0,Cross-Ply,143250.5,10595.5,10595.5,17156.9,10294.14,17156.9,0.25745,0.25745,0.33064,108.83,27.291439,83.766859,35.079123,0.001555,0.000432,0.001006,0.000435,0.23321,0.811,FAIL,150.0,100.0,16.76,0.0,0.0
219,61.8,0.2,4469,0,90,90,90,90,0,Cross-Ply,143477.0,10607.0,10607.0,17182.6,10309.56,17182.6,0.2573,0.2573,0.3305599999999999,513.037,129.780059,397.826015,167.05085,0.007329,0.00204,0.004756,0.002053,1.09937,1.966,No Fail,150.0,100.0,44.69,0.0,0.0
220,61.9,0.2,4305,0,90,90,90,90,0,Cross-Ply,143703.5,10618.5,10618.5,17208.3,10324.98,17208.3,0.25715,0.25715,0.33048,464.002,118.267206,362.420377,152.674338,0.006629,0.001847,0.004316,0.001858,0.99429,1.826,No Fail,150.0,100.0,43.05,0.0,0.0
221,62.0,0.2,4958,0,90,90,90,90,0,Cross-Ply,143930.0,10630.0,10630.0,17234.0,10340.4,17234.0,0.257,0.257,0.3304,522.286,133.975661,410.834966,173.706307,0.007461,0.002081,0.004874,0.002093,1.11918,1.992,No Fail,150.0,100.0,49.58,0.0,0.0
222,62.1,0.2,4825,0,90,90,90,90,0,Cross-Ply,144156.5,10641.5,10641.5,17259.7,10355.82,17259.7,0.25685,0.25685,0.33032,514.319,132.616591,407.349239,172.935563,0.007347,0.002051,0.004817,0.002063,1.10211,1.969,No Fail,150.0,100.0,48.25,0.0,0.0
223,62.2,0.2,3644,0,90,90,90,90,0,Cross-Ply,144383.0,10653.0,10653.0,17285.4,10371.24,17285.4,0.2567,0.2567,0.33024,319.377,82.676299,254.632536,108.580692,0.004563,0.001275,0.003004,0.001284,0.68438,1.413,No Fail,150.0,100.0,36.44,0.0,0.0
224,62.3,0.2,3267,0,90,90,90,90,0,Cross-Ply,144609.5,10664.5,10664.5,17311.1,10386.659999999998,17311.1,0.25655,0.25655,0.33016,292.263,75.861225,234.505255,100.471414,0.004175,0.001167,0.00276,0.001177,0.62628,1.335,No Fail,150.0,100.0,32.67,0.0,0.0
225,62.4,0.2,3418,0,90,90,90,90,0,Cross-Ply,144836.0,10676.0,10676.0,17336.8,10402.08,17336.8,0.2564,0.2564,0.33008,297.482,77.326187,240.155713,103.40516,0.00425,0.001189,0.002822,0.0012,0.63746,1.35,No Fail,150.0,100.0,34.18,0.0,0.0
226,62.5,0.2,4103,0,90,90,90,90,0,Cross-Ply,145062.5,10687.5,10687.5,17362.5,10417.5,17362.5,0.25625,0.25625,0.33,379.137,98.566755,307.864622,133.246347,0.005416,0.001516,0.003612,0.001534,0.81244,1.583,No Fail,150.0,100.0,41.03,0.0,0.0
227,62.6,0.2,2407,0,90,90,90,90,0,Cross-Ply,145289.0,10699.0,10699.0,17388.2,10432.92,17388.2,0.2561,0.2561,0.32992,211.089,54.817153,172.35816,74.996314,0.003016,0.000844,0.002021,0.000856,0.45233,1.103,No Fail,150.0,100.0,24.07,0.0,0.0
228,62.7,0.2,3732,0,90,90,90,90,0,Cross-Ply,145515.5,10710.5,10710.5,17413.9,10448.34,17413.9,0.25595,0.25595,0.32984,415.964,107.763962,341.42056,149.36774,0.005942,0.001664,0.004002,0.001693,0.89135,1.688,No Fail,150.0,100.0,37.32,0.0,0.0
229,62.8,0.2,3325,0,90,90,90,90,0,Cross-Ply,145742.0,10722.0,10722.0,17439.6,10463.759999999998,17439.6,0.2558,0.2558,0.32976,293.753,75.826679,242.294308,106.585228,0.004196,0.001175,0.002841,0.001199,0.62947,1.339,No Fail,150.0,100.0,33.25,0.0,0.0
230,62.9,0.2,2461,0,90,90,90,90,0,Cross-Ply,145968.5,10733.5,10733.5,17465.3,10479.179999999998,17465.3,0.25565,0.25565,0.32968,198.133,50.895644,164.171848,72.61875,0.00283,0.000792,0.001926,0.000812,0.42457,1.066,No Fail,150.0,100.0,24.61,0.0,0.0
231,63.0,0.2,2500,0,90,90,90,90,0,Cross-Ply,146195.0,10745.0,10745.0,17491.0,10494.6,17491.0,0.2555,0.2555,0.3296,275.779,70.411075,229.473829,102.063889,0.00394,0.001103,0.002697,0.001135,0.59095,1.288,No Fail,150.0,100.0,25.0,0.0,0.0
232,63.1,0.2,2619,0,90,90,90,90,0,Cross-Ply,146421.5,10756.5,10756.5,17516.7,10510.02,17516.7,0.2553499999999999,0.2553499999999999,0.32952,265.839,67.381208,222.057509,99.304711,0.003798,0.001063,0.002614,0.001099,0.56966,1.26,No Fail,150.0,100.0,26.19,0.0,0.0
233,63.2,0.2,1984,0,90,90,90,90,0,Cross-Ply,146648.0,10768.0,10768.0,17542.4,10525.44,17542.4,0.2552,0.2552,0.3294399999999999,146.629,36.853591,122.908562,55.260338,0.002095,0.000586,0.00145,0.000609,0.3142,0.919,FAIL,150.0,100.0,19.84,0.0,0.0
234,63.3,0.2,3929,0,90,90,90,90,0,Cross-Ply,146874.5,10779.5,10779.5,17568.1,10540.86,17568.1,0.25505,0.25505,0.32936,444.078,110.554556,373.399855,168.764134,0.006344,0.001773,0.004416,0.001852,0.9516,1.769,No Fail,150.0,100.0,39.29,0.0,0.0
235,63.4,0.2,1725,0,90,90,90,90,0,Cross-Ply,147101.0,10791.0,10791.0,17593.8,10556.28,17593.8,0.2549,0.2549,0.32928,90.426,22.274445,76.24209,34.63459,0.001292,0.000361,0.000905,0.000379,0.19377,0.758,FAIL,150.0,100.0,17.25,0.0,0.0
236,63.5,0.2,3399,0,90,90,90,90,0,Cross-Ply,147327.5,10802.5,10802.5,17619.5,10571.7,17619.5,0.25475,0.25475,0.3292,350.883,85.434856,296.538859,135.371984,0.005013,0.001399,0.00353,0.001478,0.75189,1.503,No Fail,150.0,100.0,33.99,0.0,0.0
237,63.6,0.2,2224,0,90,90,90,90,0,Cross-Ply,147554.0,10814.0,10814.0,17645.2,10587.12,17645.2,0.2546,0.2546,0.3291199999999999,194.675,46.809366,164.845148,75.607867,0.002781,0.000775,0.00197,0.000825,0.41716,1.056,No Fail,150.0,100.0,22.24,0.0,0.0
238,63.7,0.2,4667,0,90,90,90,90,0,Cross-Ply,147780.5,10825.5,10825.5,17670.9,10602.54,17670.9,0.25445,0.25445,0.32904,516.576,122.55423,438.100629,201.841297,0.00738,0.002055,0.005259,0.0022,1.10695,1.976,No Fail,150.0,100.0,46.67,0.0,0.0
239,63.8,0.2,3934,0,90,90,90,90,0,Cross-Ply,148007.0,10837.0,10837.0,17696.6,10617.96,17696.6,0.2542999999999999,0.2542999999999999,0.32896,398.233,93.144926,338.124004,156.440837,0.005689,0.001582,0.004078,0.001706,0.85336,1.638,No Fail,150.0,100.0,39.34,0.0,0.0
240,63.9,0.2,4180,0,90,90,90,90,0,Cross-Ply,148233.5,10848.5,10848.5,17722.3,10633.38,17722.3,0.25415,0.25415,0.32888,394.616,90.932536,335.30256,155.751941,0.005637,0.001566,0.004064,0.0017,0.84561,1.627,No Fail,150.0,100.0,41.8,0.0,0.0
241,64.0,0.2,1521,0,90,90,90,90,0,Cross-Ply,148460.0,10860.0,10860.0,17748.0,10648.8,17748.0,0.254,0.254,0.3288,106.514,24.166346,90.534871,42.209693,0.001522,0.000422,0.001104,0.000462,0.22824,0.804,FAIL,150.0,100.0,15.21,0.0,0.0
242,64.1,0.2,4137,0,90,90,90,90,0,Cross-Ply,148686.49999999997,10871.499999999998,10871.499999999998,17773.699999999997,10664.219999999998,17773.699999999997,0.25385,0.25385,0.32872,455.673,101.742041,387.286859,181.175565,0.00651,0.001803,0.004748,0.001987,0.97644,1.802,No Fail,150.0,100.0,41.37,0.0,0.0
243,64.2,0.2,4837,0,90,90,90,90,0,Cross-Ply,148913.0,10883.0,10883.0,17799.4,10679.64,17799.4,0.2537,0.2537,0.32864,481.83,105.832007,409.32371,192.07447,0.006883,0.001903,0.005049,0.002114,1.03249,1.877,No Fail,150.0,100.0,48.37,0.0,0.0
244,64.3,0.2,4116,0,90,90,90,90,0,Cross-Ply,149139.5,10894.5,10894.5,17825.1,10695.06,17825.1,0.25355,0.25355,0.3285599999999999,444.041,95.920047,376.889057,177.34247,0.006343,0.00175,0.004679,0.001961,0.95152,1.769,No Fail,150.0,100.0,41.16,0.0,0.0
245,64.4,0.2,3611,0,90,90,90,90,0,Cross-Ply,149366.0,10906.0,10906.0,17850.8,10710.48,17850.8,0.2533999999999999,0.2533999999999999,0.32848,360.613,76.601177,305.684822,144.187063,0.005152,0.001419,0.003822,0.001603,0.77274,1.53,No Fail,150.0,100.0,36.11,0.0,0.0
246,64.5,0.2,2268,0,90,90,90,90,0,Cross-Ply,149592.5,10917.5,10917.5,17876.5,10725.9,17876.5,0.25325,0.25325,0.3284,226.262,47.26276,191.474995,90.504735,0.003232,0.000888,0.00241,0.001012,0.48485,1.146,No Fail,150.0,100.0,22.68,0.0,0.0
247,64.6,0.2,1602,0,90,90,90,90,0,Cross-Ply,149818.99999999997,10928.999999999998,10928.999999999998,17902.199999999997,10741.319999999998,17902.199999999997,0.2531,0.2531,0.32832,109.879,22.573833,92.792026,43.936758,0.00157,0.000431,0.001177,0.000495,0.23546,0.814,FAIL,150.0,100.0,16.02,0.0,0.0
248,64.7,0.2,3877,0,90,90,90,90,0,Cross-Ply,150045.5,10940.5,10940.5,17927.9,10756.74,17927.9,0.25295,0.25295,0.32824,423.394,85.576576,356.669361,169.11848,0.006048,0.001655,0.004558,0.001919,0.90727,1.71,No Fail,150.0,100.0,38.77,0.0,0.0
249,64.8,0.2,2078,0,90,90,90,90,0,Cross-Ply,150272.0,10952.0,10952.0,17953.6,10772.159999999998,17953.6,0.2528,0.2528,0.32816,176.881,35.189744,148.57972,70.524783,0.002527,0.00069,0.001914,0.000807,0.37903,1.005,No Fail,150.0,100.0,20.78,0.0,0.0
250,64.9,0.2,1947,0,90,90,90,90,0,Cross-Ply,150498.5,10963.5,10963.5,17979.3,10787.58,17979.3,0.25265,0.25265,0.32808,151.269,29.640433,126.654467,60.160134,0.002161,0.000588,0.001645,0.000695,0.32415,0.932,FAIL,150.0,100.0,19.47,0.0,0.0
251,65.0,0.2,1594,0,90,90,90,90,0,Cross-Ply,150725.0,10975.0,10975.0,18005.0,10803.0,18005.0,0.2525,0.2525,0.3279999999999999,84.321,16.286026,70.345583,33.425746,0.001205,0.000327,0.000921,0.00039,0.18069,0.741,FAIL,150.0,100.0,15.94,0.0,0.0
252,40.0,0.2,3475,0,90,90,90,90,0,Cross-Ply,94100.0,8100.0,8100.0,11580.0,6948.0,11580.0,0.29,0.29,0.348,362.738,69.124428,301.416234,143.224892,0.005182,0.001404,0.00398,0.001689,0.7773,1.536,No Fail,150.0,100.0,34.75,0.0,0.0
253,40.1,0.2,3750,0,90,90,90,90,0,Cross-Ply,94326.5,8111.5,8111.5,11605.7,6963.42,11605.7,0.28985,0.28985,0.34792,447.373,84.20717,370.136572,175.82292,0.006391,0.001726,0.00493,0.002097,0.95866,1.778,No Fail,150.0,100.0,37.5,0.0,0.0
254,40.2,0.2,3116,0,90,90,90,90,0,Cross-Ply,94553.0,8123.0,8123.0,11631.4,6978.839999999999,11631.4,0.2897,0.2897,0.34784,349.392,65.039734,287.722977,136.586254,0.004991,0.001344,0.003866,0.001648,0.7487,1.498,No Fail,150.0,100.0,31.16,0.0,0.0
255,40.3,0.2,2827,0,90,90,90,90,0,Cross-Ply,94779.5,8134.499999999999,8134.499999999999,11657.1,6994.26,11657.1,0.28955,0.28955,0.3477599999999999,322.508,59.456302,264.257407,125.325676,0.004607,0.001237,0.003582,0.001531,0.69109,1.421,No Fail,150.0,100.0,28.27,0.0,0.0
256,40.4,0.2,2644,0,90,90,90,90,0,Cross-Ply,95006.0,8146.0,8146.0,11682.8,7009.679999999999,11682.8,0.2894,0.2894,0.34768,277.064,50.662619,225.815135,106.9579,0.003958,0.00106,0.003089,0.001324,0.59371,1.292,No Fail,150.0,100.0,26.44,0.0,0.0
257,40.5,0.2,2827,0,90,90,90,90,0,Cross-Ply,95232.5,8157.5,8157.5,11708.5,7025.099999999999,11708.5,0.28925,0.28925,0.3476,228.674,41.541218,185.328874,87.644012,0.003267,0.000872,0.002558,0.0011,0.49002,1.153,No Fail,150.0,100.0,28.27,0.0,0.0
258,40.6,0.2,4412,0,90,90,90,90,0,Cross-Ply,95459.0,8169.0,8169.0,11734.2,7040.52,11734.2,0.2890999999999999,0.2890999999999999,0.34752,439.084,79.37934,353.753458,166.985376,0.006273,0.001669,0.004928,0.002126,0.94089,1.755,No Fail,150.0,100.0,44.12,0.0,0.0
259,40.7,0.2,1787,0,90,90,90,90,0,Cross-Ply,95685.5,8180.5,8180.5,11759.9,7055.94,11759.9,0.28895,0.28895,0.3474399999999999,158.541,28.573919,126.940936,59.795022,0.002265,0.0006,0.001784,0.000772,0.33973,0.953,FAIL,150.0,100.0,17.87,0.0,0.0
260,40.8,0.2,3388,0,90,90,90,90,0,Cross-Ply,95912.0,8192.0,8192.0,11785.6,7071.36,11785.6,0.2888,0.2888,0.34736,400.653,72.119719,318.730055,149.784778,0.005724,0.001512,0.004522,0.001964,0.85854,1.645,No Fail,150.0,100.0,33.88,0.0,0.0
261,40.9,0.2,2725,0,90,90,90,90,0,Cross-Ply,96138.5,8203.5,8203.5,11811.3,7086.78,11811.3,0.2886499999999999,0.2886499999999999,0.34728,183.694,33.085257,145.157447,68.041011,0.002624,0.000691,0.002078,0.000906,0.39363,1.025,No Fail,150.0,100.0,27.25,0.0,0.0
262,41.0,0.2,4234,0,90,90,90,90,0,Cross-Ply,96365.0,8215.0,8215.0,11837.0,7102.2,11837.0,0.2885,0.2885,0.3472,429.111,77.474026,336.749624,157.41332,0.00613,0.001608,0.004865,0.002129,0.91952,1.726,No Fail,150.0,100.0,42.34,0.0,0.0
263,41.1,0.2,4140,0,90,90,90,90,0,Cross-Ply,96591.5,8226.5,8226.5,11862.7,7117.62,11862.7,0.28835,0.28835,0.34712,416.424,75.500161,324.472851,151.231923,0.005949,0.001555,0.004731,0.002078,0.89234,1.69,No Fail,150.0,100.0,41.4,0.0,0.0
264,41.2,0.2,2198,0,90,90,90,90,0,Cross-Ply,96818.0,8238.0,8238.0,11888.4,7133.04,11888.4,0.2882,0.2882,0.34704,120.756,22.024216,93.406602,43.40242,0.001725,0.000449,0.001374,0.000606,0.25876,0.845,FAIL,150.0,100.0,21.98,0.0,0.0
265,41.3,0.2,2033,0,90,90,90,90,0,Cross-Ply,97044.5,8249.5,8249.5,11914.1,7148.46,11914.1,0.28805,0.28805,0.3469599999999999,221.71,40.745169,170.220165,78.844752,0.003167,0.000822,0.002526,0.001119,0.47509,1.133,No Fail,150.0,100.0,20.33,0.0,0.0
266,41.4,0.2,3843,0,90,90,90,90,0,Cross-Ply,97271.0,8261.0,8261.0,11939.8,7163.879999999999,11939.8,0.2879,0.2879,0.34688,446.629,82.834847,340.306382,157.118036,0.00638,0.001649,0.005095,0.002266,0.95706,1.776,No Fail,150.0,100.0,38.43,0.0,0.0
267,41.5,0.2,2263,0,90,90,90,90,0,Cross-Ply,97497.5,8272.5,8272.5,11965.5,7179.3,11965.5,0.28775,0.28775,0.3468,180.256,33.78753,136.289161,62.718502,0.002575,0.000663,0.002058,0.000919,0.38626,1.015,No Fail,150.0,100.0,22.63,0.0,0.0
268,41.6,0.2,4184,0,90,90,90,90,0,Cross-Ply,97724.0,8284.0,8284.0,11991.200000000004,7194.720000000001,11991.200000000004,0.2875999999999999,0.2875999999999999,0.34672,415.978,78.905175,312.070061,143.141464,0.005943,0.001524,0.004753,0.002132,0.89138,1.689,No Fail,150.0,100.0,41.84,0.0,0.0
269,41.7,0.2,3625,0,90,90,90,90,0,Cross-Ply,97950.5,8295.5,8295.5,12016.9,7210.14,12016.9,0.28745,0.28745,0.34664,412.4,79.255158,306.96119,140.343879,0.005891,0.001505,0.004713,0.002124,0.88371,1.678,No Fail,150.0,100.0,36.25,0.0,0.0
270,41.8,0.2,1901,0,90,90,90,90,0,Cross-Ply,98177.0,8307.0,8307.0,12042.6,7225.56,12042.6,0.2873,0.2873,0.34656,108.188,21.086321,79.893494,36.412751,0.001546,0.000393,0.001237,0.00056,0.23183,0.809,FAIL,150.0,100.0,19.01,0.0,0.0
271,41.9,0.2,4877,0,90,90,90,90,0,Cross-Ply,98403.5,8318.5,8318.5,12068.3,7240.98,12068.3,0.2871499999999999,0.2871499999999999,0.3464799999999999,491.553,97.246793,360.135956,163.641825,0.007022,0.00178,0.005616,0.002555,1.05333,1.904,No Fail,150.0,100.0,48.77,0.0,0.0
272,42.0,0.2,1590,0,90,90,90,90,0,Cross-Ply,98630.0,8330.0,8330.0,12094.0,7256.4,12094.0,0.287,0.287,0.3464,151.594,30.462854,110.192088,49.927098,0.002166,0.000547,0.001731,0.000791,0.32485,0.933,FAIL,150.0,100.0,15.9,0.0,0.0
273,42.1,0.2,3871,0,90,90,90,90,0,Cross-Ply,98856.5,8341.5,8341.5,12119.700000000004,7271.8200000000015,12119.700000000004,0.28685,0.28685,0.3463199999999999,425.756,86.948753,307.059344,138.757821,0.006082,0.001529,0.004858,0.002232,0.91233,1.716,No Fail,150.0,100.0,38.71,0.0,0.0
274,42.2,0.2,2888,0,90,90,90,90,0,Cross-Ply,99083.0,8353.0,8353.0,12145.4,7287.240000000001,12145.4,0.2867,0.2867,0.34624,210.776,43.762177,150.837507,67.999191,0.003011,0.000754,0.002402,0.001109,0.45166,1.102,No Fail,150.0,100.0,28.88,0.0,0.0
275,42.3,0.2,1766,0,90,90,90,90,0,Cross-Ply,99309.5,8364.5,8364.5,12171.1,7302.66,12171.1,0.2865499999999999,0.2865499999999999,0.3461599999999999,94.728,19.999769,67.272801,30.263681,0.001353,0.000337,0.001078,0.0005,0.20299,0.771,FAIL,150.0,100.0,17.66,0.0,0.0
276,42.4,0.2,3695,0,90,90,90,90,0,Cross-Ply,99536.0,8376.0,8376.0,12196.8,7318.079999999999,12196.8,0.2864,0.2864,0.34608,352.625,75.710679,248.545793,111.615172,0.005037,0.00125,0.004007,0.001869,0.75562,1.507,No Fail,150.0,100.0,36.95,0.0,0.0
277,42.5,0.2,4204,0,90,90,90,90,0,Cross-Ply,99762.5,8387.5,8387.5,12222.5,7333.5,12222.5,0.28625,0.28625,0.346,497.435,108.603592,348.043899,156.080811,0.007106,0.001757,0.005642,0.002645,1.06593,1.921,No Fail,150.0,100.0,42.04,0.0,0.0
278,42.6,0.2,3601,0,90,90,90,90,0,Cross-Ply,99989.0,8399.0,8399.0,12248.2,7348.92,12248.2,0.2861,0.2861,0.34592,319.151,70.839487,221.709048,99.329449,0.004559,0.001122,0.003612,0.001702,0.6839,1.412,No Fail,150.0,100.0,36.01,0.0,0.0
279,42.7,0.2,4943,0,90,90,90,90,0,Cross-Ply,100215.5,8410.5,8410.5,12273.9,7364.340000000001,12273.9,0.28595,0.28595,0.34584,592.557,133.669702,408.794362,183.051846,0.008465,0.002075,0.006691,0.003169,1.26976,2.193,No Fail,150.0,100.0,49.43,0.0,0.0
280,42.8,0.2,2715,0,90,90,90,90,0,Cross-Ply,100442.0,8422.0,8422.0,12299.6,7379.76,12299.6,0.2858,0.2858,0.34576,211.1,48.374401,144.664286,64.775992,0.003016,0.000736,0.002378,0.001132,0.45236,1.103,No Fail,150.0,100.0,27.15,0.0,0.0
281,42.9,0.2,2797,0,90,90,90,90,0,Cross-Ply,100668.5,8433.5,8433.5,12325.3,7395.179999999999,12325.3,0.2856499999999999,0.2856499999999999,0.34568,268.658,62.503592,182.934021,81.950428,0.003838,0.000933,0.003017,0.001444,0.5757,1.268,No Fail,150.0,100.0,27.97,0.0,0.0
282,43.0,0.2,2694,0,90,90,90,90,0,Cross-Ply,100895.0,8445.0,8445.0,12351.0,7410.599999999999,12351.0,0.2855,0.2855,0.3456,244.862,57.79817,165.719339,74.312831,0.003498,0.000847,0.002741,0.001319,0.5247,1.2,No Fail,150.0,100.0,26.94,0.0,0.0
283,43.1,0.2,4378,0,90,90,90,90,0,Cross-Ply,101121.5,8456.5,8456.5,12376.7,7426.02,12376.7,0.28535,0.28535,0.34552,421.773,100.931989,283.814756,127.466583,0.006025,0.001453,0.004705,0.002276,0.9038,1.705,No Fail,150.0,100.0,43.78,0.0,0.0
284,43.2,0.2,4863,0,90,90,90,90,0,Cross-Ply,101348.0,8468.0,8468.0,12402.4,7441.44,12402.4,0.2852,0.2852,0.3454399999999999,583.953,141.553027,390.838322,175.90191,0.008342,0.002003,0.006491,0.003156,1.25133,2.168,No Fail,150.0,100.0,48.63,0.0,0.0
285,43.3,0.2,4400,0,90,90,90,90,0,Cross-Ply,101574.5,8479.5,8479.5,12428.1,7456.86,12428.1,0.2850499999999999,0.2850499999999999,0.34536,452.966,111.121876,301.659736,136.127456,0.006471,0.001548,0.005016,0.002451,0.97064,1.794,No Fail,150.0,100.0,44.0,0.0,0.0
286,43.4,0.2,3024,0,90,90,90,90,0,Cross-Ply,101801.0,8491.0,8491.0,12453.8,7472.279999999999,12453.8,0.2849,0.2849,0.34528,261.83,64.940958,173.573432,78.57932,0.00374,0.000891,0.002887,0.001418,0.56106,1.248,No Fail,150.0,100.0,30.24,0.0,0.0
287,43.5,0.2,4879,0,90,90,90,90,0,Cross-Ply,102027.5,8502.5,8502.5,12479.5,7487.7,12479.5,0.28475,0.28475,0.3451999999999999,503.188,126.04977,332.196674,150.957386,0.007188,0.001706,0.005526,0.002728,1.07826,1.938,No Fail,150.0,100.0,48.79,0.0,0.0
288,43.6,0.2,4329,0,90,90,90,90,0,Cross-Ply,102254.0,8514.0,8514.0,12505.2,7503.12,12505.2,0.2846,0.2846,0.34512,491.737,124.274517,323.442256,147.611491,0.007025,0.00166,0.005377,0.002668,1.05372,1.905,No Fail,150.0,100.0,43.29,0.0,0.0
289,43.7,0.2,3192,0,90,90,90,90,0,Cross-Ply,102480.5,8525.5,8525.5,12530.9,7518.540000000001,12530.9,0.28445,0.28445,0.34504,306.337,78.017461,200.84808,92.103376,0.004376,0.00103,0.003334,0.001663,0.65644,1.375,No Fail,150.0,100.0,31.92,0.0,0.0
290,43.8,0.2,4059,0,90,90,90,90,0,Cross-Ply,102707.0,8537.0,8537.0,12556.6,7533.959999999999,12556.6,0.2843,0.2843,0.34496,434.238,111.314786,283.930968,130.891751,0.006203,0.001455,0.004703,0.002357,0.93051,1.741,No Fail,150.0,100.0,40.59,0.0,0.0
291,43.9,0.2,4481,0,90,90,90,90,0,Cross-Ply,102933.5,8548.5,8548.5,12582.3,7549.379999999999,12582.3,0.2841499999999999,0.2841499999999999,0.3448799999999999,512.063,131.964526,334.074438,154.890942,0.007315,0.001709,0.005519,0.002779,1.09728,1.963,No Fail,150.0,100.0,44.81,0.0,0.0
292,44.0,0.2,1803,0,90,90,90,90,0,Cross-Ply,103160.0,8560.0,8560.0,12608.0,7564.799999999999,12608.0,0.284,0.284,0.3448,84.382,21.835231,54.95758,25.637001,0.001205,0.000281,0.000904,0.000458,0.18082,0.741,FAIL,150.0,100.0,18.03,0.0,0.0
293,44.1,0.2,2354,0,90,90,90,90,0,Cross-Ply,103386.5,8571.5,8571.5,12633.7,7580.22,12633.7,0.2838499999999999,0.2838499999999999,0.3447199999999999,150.29,39.000441,97.767056,45.903137,0.002147,0.000498,0.001603,0.000815,0.32205,0.929,FAIL,150.0,100.0,23.54,0.0,0.0
294,44.2,0.2,3636,0,90,90,90,90,0,Cross-Ply,103613.0,8583.0,8583.0,12659.4,7595.639999999999,12659.4,0.2837,0.2837,0.34464,374.632,97.370523,243.546183,115.125801,0.005352,0.001237,0.003975,0.00203,0.80278,1.57,No Fail,150.0,100.0,36.36,0.0,0.0
295,44.3,0.2,1600,0,90,90,90,90,0,Cross-Ply,103839.5,8594.5,8594.5,12685.1,7611.059999999999,12685.1,0.28355,0.28355,0.34456,117.233,30.479259,76.202833,36.275349,0.001675,0.000386,0.001237,0.000635,0.25121,0.835,FAIL,150.0,100.0,16.0,0.0,0.0
296,44.4,0.2,2136,0,90,90,90,90,0,Cross-Ply,104066.0,8606.0,8606.0,12710.8,7626.48,12710.8,0.2834,0.2834,0.34448,125.684,32.644838,81.729166,39.187675,0.001795,0.000412,0.001318,0.000679,0.26932,0.859,FAIL,150.0,100.0,21.36,0.0,0.0
297,44.5,0.2,4292,0,90,90,90,90,0,Cross-Ply,104292.5,8617.5,8617.5,12736.5,7641.9,12736.5,0.28325,0.28325,0.3444,494.599,128.179252,321.926187,155.495471,0.007066,0.001617,0.00516,0.002669,1.05985,1.913,No Fail,150.0,100.0,42.92,0.0,0.0
298,44.6,0.2,4581,0,90,90,90,90,0,Cross-Ply,104519.0,8629.0,8629.0,12762.2,7657.32,12762.2,0.2831,0.2831,0.34432,515.783,133.203558,336.205038,163.600835,0.007368,0.001681,0.00535,0.002778,1.10525,1.974,No Fail,150.0,100.0,45.81,0.0,0.0
299,44.7,0.2,2467,0,90,90,90,90,0,Cross-Ply,104745.5,8640.5,8640.5,12787.9,7672.74,12787.9,0.28295,0.28295,0.34424,189.08,48.600406,123.492859,60.540702,0.002701,0.000614,0.00195,0.001016,0.40517,1.04,No Fail,150.0,100.0,24.67,0.0,0.0
300,44.8,0.2,4818,0,90,90,90,90,0,Cross-Ply,104972.0,8652.0,8652.0,12813.6,7688.159999999999,12813.6,0.2828,0.2828,0.34416,590.665,150.921702,386.7383,190.996459,0.008438,0.001914,0.006056,0.003167,1.26571,2.188,No Fail,150.0,100.0,48.18,0.0,0.0
301,44.9,0.2,4020,0,90,90,90,90,0,Cross-Ply,105198.5,8663.5,8663.5,12839.3,7703.579999999999,12839.3,0.2826499999999999,0.2826499999999999,0.3440799999999999,475.374,120.599302,312.180909,155.299274,0.006791,0.001536,0.004845,0.002543,1.01866,1.858,No Fail,150.0,100.0,40.2,0.0,0.0
302,45.0,0.2,4154,0,90,90,90,90,0,Cross-Ply,105425.0,8675.0,8675.0,12865.0,7719.0,12865.0,0.2825,0.2825,0.344,439.78,110.647446,289.807921,145.196337,0.006283,0.001417,0.004457,0.002346,0.94239,1.757,No Fail,150.0,100.0,41.54,0.0,0.0
303,45.1,0.2,3761,0,90,90,90,90,0,Cross-Ply,105651.5,8686.5,8686.5,12890.7,7734.42,12890.7,0.28235,0.28235,0.34392,361.247,90.037224,238.992584,120.563386,0.005161,0.001161,0.003639,0.001921,0.7741,1.532,No Fail,150.0,100.0,37.61,0.0,0.0
304,45.2,0.2,4275,0,90,90,90,90,0,Cross-Ply,105878.0,8698.0,8698.0,12916.4,7749.839999999999,12916.4,0.2822,0.2822,0.34384,455.547,112.356734,302.699748,153.712443,0.006508,0.00146,0.004562,0.002415,0.97617,1.802,No Fail,150.0,100.0,42.75,0.0,0.0
305,45.3,0.2,2276,0,90,90,90,90,0,Cross-Ply,106104.5,8709.5,8709.5,12942.1,7765.259999999998,12942.1,0.28205,0.28205,0.34376,244.094,59.515645,162.974208,83.279971,0.003487,0.000781,0.00243,0.001289,0.52306,1.197,No Fail,150.0,100.0,22.76,0.0,0.0
306,45.4,0.2,2572,0,90,90,90,90,0,Cross-Ply,106331.0,8721.0,8721.0,12967.799999999996,7780.6799999999985,12967.799999999996,0.2819,0.2819,0.34368,204.151,49.161027,137.015778,70.429667,0.002916,0.000651,0.002021,0.001074,0.43747,1.083,No Fail,150.0,100.0,25.72,0.0,0.0
307,45.5,0.2,3156,0,90,90,90,90,0,Cross-Ply,106557.5,8732.5,8732.5,12993.5,7796.099999999999,12993.5,0.28175,0.28175,0.3436,295.881,70.307206,199.690464,103.210968,0.004227,0.000942,0.002913,0.001551,0.63403,1.345,No Fail,150.0,100.0,31.56,0.0,0.0
308,45.6,0.2,2989,0,90,90,90,90,0,Cross-Ply,106784.0,8744.0,8744.0,13019.2,7811.52,13019.2,0.2816,0.2816,0.34352,280.501,65.717752,190.435815,98.924488,0.004007,0.000891,0.002746,0.001465,0.60107,1.301,No Fail,150.0,100.0,29.89,0.0,0.0
309,45.7,0.2,2658,0,90,90,90,90,0,Cross-Ply,107010.5,8755.5,8755.5,13044.9,7826.94,13044.9,0.28145,0.28145,0.3434399999999999,208.362,48.097499,142.346858,74.280989,0.002977,0.000661,0.002029,0.001083,0.44649,1.095,No Fail,150.0,100.0,26.58,0.0,0.0
310,45.8,0.2,2448,0,90,90,90,90,0,Cross-Ply,107237.0,8767.0,8767.0,13070.6,7842.359999999999,13070.6,0.2813,0.2813,0.34336,186.387,42.365004,128.170859,67.153415,0.002663,0.00059,0.001805,0.000965,0.3994,1.033,No Fail,150.0,100.0,24.48,0.0,0.0
311,45.9,0.2,1922,0,90,90,90,90,0,Cross-Ply,107463.5,8778.5,8778.5,13096.299999999996,7857.779999999998,13096.299999999996,0.28115,0.28115,0.34328,176.558,39.495204,122.242484,64.270627,0.002522,0.000558,0.001701,0.000909,0.37834,1.004,No Fail,150.0,100.0,19.22,0.0,0.0
312,46.0,0.2,1918,0,90,90,90,90,0,Cross-Ply,107690.0,8790.0,8790.0,13122.0,7873.2,13122.0,0.281,0.281,0.3432,183.813,40.450673,128.167001,67.581914,0.002626,0.000581,0.001762,0.000942,0.39389,1.025,No Fail,150.0,100.0,19.18,0.0,0.0
313,46.1,0.2,4168,0,90,90,90,90,0,Cross-Ply,107916.5,8801.5,8801.5,13147.7,7888.62,13147.7,0.2808499999999999,0.2808499999999999,0.34312,435.398,94.234342,305.803877,161.623635,0.00622,0.001374,0.004153,0.002221,0.93299,1.744,No Fail,150.0,100.0,41.68,0.0,0.0
314,46.2,0.2,2257,0,90,90,90,90,0,Cross-Ply,108143.0,8813.0,8813.0,13173.4,7904.039999999999,13173.4,0.2807,0.2807,0.34304,229.53,48.850983,162.416805,85.987858,0.003279,0.000723,0.002179,0.001165,0.49185,1.156,No Fail,150.0,100.0,22.57,0.0,0.0
315,46.3,0.2,4036,0,90,90,90,90,0,Cross-Ply,108369.5,8824.5,8824.5,13199.1,7919.46,13199.1,0.28055,0.28055,0.34296,424.844,88.914559,302.915403,160.54727,0.006069,0.001338,0.004015,0.002144,0.91038,1.714,No Fail,150.0,100.0,40.36,0.0,0.0
316,46.4,0.2,3336,0,90,90,90,90,0,Cross-Ply,108596.0,8836.0,8836.0,13224.8,7934.879999999999,13224.8,0.2804,0.2804,0.34288,267.47,55.054172,192.185128,101.906926,0.003821,0.000842,0.002517,0.001343,0.57315,1.264,No Fail,150.0,100.0,33.36,0.0,0.0
317,46.5,0.2,1852,0,90,90,90,90,0,Cross-Ply,108822.5,8847.5,8847.5,13250.5,7950.299999999999,13250.5,0.28025,0.28025,0.3428,163.087,33.0244,118.10179,62.613348,0.00233,0.000513,0.001529,0.000814,0.34947,0.966,FAIL,150.0,100.0,18.52,0.0,0.0
318,46.6,0.2,2296,0,90,90,90,90,0,Cross-Ply,109049.0,8859.0,8859.0,13276.2,7965.72,13276.2,0.2801,0.2801,0.34272,233.474,46.531998,170.409964,90.272314,0.003335,0.000734,0.00218,0.001158,0.5003,1.167,No Fail,150.0,100.0,22.96,0.0,0.0
319,46.7,0.2,1550,0,90,90,90,90,0,Cross-Ply,109275.5,8870.5,8870.5,13301.9,7981.139999999999,13301.9,0.27995,0.27995,0.3426399999999999,136.85,26.861017,100.678085,53.255685,0.001955,0.00043,0.001274,0.000675,0.29325,0.891,FAIL,150.0,100.0,15.5,0.0,0.0
320,46.8,0.2,2460,0,90,90,90,90,0,Cross-Ply,109502.0,8882.0,8882.0,13327.6,7996.559999999999,13327.6,0.2798,0.2798,0.34256,210.226,40.669196,155.887871,82.288259,0.003003,0.000661,0.00195,0.001031,0.45048,1.101,No Fail,150.0,100.0,24.6,0.0,0.0
321,46.9,0.2,3437,0,90,90,90,90,0,Cross-Ply,109728.5,8893.5,8893.5,13353.3,8011.98,13353.3,0.2796499999999999,0.2796499999999999,0.34248,281.045,53.636819,210.052371,110.578976,0.004015,0.000883,0.0026,0.00137,0.60224,1.303,No Fail,150.0,100.0,34.37,0.0,0.0
322,47.0,0.2,1942,0,90,90,90,90,0,Cross-Ply,109955.0,8905.0,8905.0,13379.0,8027.4,13379.0,0.2794999999999999,0.2794999999999999,0.3424,120.282,22.670957,90.605918,47.538856,0.001718,0.000378,0.00111,0.000582,0.25775,0.844,FAIL,150.0,100.0,19.42,0.0,0.0
323,47.1,0.2,3218,0,90,90,90,90,0,Cross-Ply,110181.5,8916.5,8916.5,13404.7,8042.82,13404.7,0.27935,0.27935,0.3423199999999999,266.149,49.603766,202.046812,105.590017,0.003802,0.000837,0.00245,0.001281,0.57032,1.26,No Fail,150.0,100.0,32.18,0.0,0.0
324,47.2,0.2,3509,0,90,90,90,90,0,Cross-Ply,110408.0,8928.0,8928.0,13430.4,8058.24,13430.4,0.2792,0.2792,0.34224,304.019,56.106048,232.570802,120.987616,0.004343,0.000957,0.002793,0.001454,0.65147,1.369,No Fail,150.0,100.0,35.09,0.0,0.0
325,47.3,0.2,3042,0,90,90,90,90,0,Cross-Ply,110634.5,8939.5,8939.5,13456.1,8073.66,13456.1,0.27905,0.27905,0.34216,295.536,54.086793,227.79157,117.8908,0.004222,0.000931,0.002711,0.001404,0.63329,1.344,No Fail,150.0,100.0,30.42,0.0,0.0
326,47.4,0.2,1680,0,90,90,90,90,0,Cross-Ply,110861.0,8951.0,8951.0,13481.8,8089.079999999999,13481.8,0.2789,0.2789,0.34208,153.4,27.885467,119.113432,61.292526,0.002191,0.000483,0.001405,0.000724,0.32871,0.938,FAIL,150.0,100.0,16.8,0.0,0.0
327,47.5,0.2,3172,0,90,90,90,90,0,Cross-Ply,111087.5,8962.5,8962.5,13507.5,8104.5,13507.5,0.27875,0.27875,0.3419999999999999,250.49,45.305753,195.911301,100.176494,0.003578,0.00079,0.002292,0.001174,0.53677,1.216,No Fail,150.0,100.0,31.72,0.0,0.0
328,47.6,0.2,2902,0,90,90,90,90,0,Cross-Ply,111314.0,8974.0,8974.0,13533.200000000004,8119.920000000001,13533.200000000004,0.2786,0.2786,0.34192,230.608,41.573431,181.632469,92.240632,0.003294,0.000729,0.002109,0.001074,0.49416,1.159,No Fail,150.0,100.0,29.02,0.0,0.0
329,47.7,0.2,3703,0,90,90,90,90,0,Cross-Ply,111540.5,8985.5,8985.5,13558.9,8135.34,13558.9,0.27845,0.27845,0.34184,435.025,78.310818,344.977533,173.905574,0.006215,0.001376,0.003978,0.002013,0.9322,1.743,No Fail,150.0,100.0,37.03,0.0,0.0
330,47.8,0.2,2022,0,90,90,90,90,0,Cross-Ply,111767.0,8997.0,8997.0,13584.6,8150.76,13584.6,0.2783,0.2783,0.34176,215.853,38.871195,172.302361,86.176451,0.003084,0.000684,0.001974,0.000992,0.46254,1.117,No Fail,150.0,100.0,20.22,0.0,0.0
331,47.9,0.2,2563,0,90,90,90,90,0,Cross-Ply,111993.5,9008.5,9008.5,13610.3,8166.179999999999,13610.3,0.27815,0.27815,0.34168,220.077,39.719219,176.789093,87.683596,0.003144,0.000699,0.002013,0.001005,0.47159,1.129,No Fail,150.0,100.0,25.63,0.0,0.0
332,48.0,0.2,1915,0,90,90,90,90,0,Cross-Ply,112220.0,9020.0,9020.0,13636.0,8181.599999999999,13636.0,0.278,0.278,0.3416,77.527,14.048053,62.656353,30.803149,0.001108,0.000247,0.00071,0.000352,0.16613,0.722,FAIL,150.0,100.0,19.15,0.0,0.0
333,48.1,0.2,3622,0,90,90,90,90,0,Cross-Ply,112446.5,9031.5,9031.5,13661.700000000004,8197.02,13661.700000000004,0.2778499999999999,0.2778499999999999,0.34152,333.212,60.726501,270.857403,131.932265,0.00476,0.001062,0.003054,0.001501,0.71403,1.452,No Fail,150.0,100.0,36.22,0.0,0.0
334,48.2,0.2,2290,0,90,90,90,90,0,Cross-Ply,112673.0,9043.0,9043.0,13687.4,8212.44,13687.4,0.2777,0.2777,0.34144,153.89,28.25442,125.7791,60.677066,0.002198,0.000491,0.001412,0.000689,0.32976,0.94,FAIL,150.0,100.0,22.9,0.0,0.0
335,48.3,0.2,3077,0,90,90,90,90,0,Cross-Ply,112899.5,9054.5,9054.5,13713.1,8227.86,13713.1,0.27755,0.27755,0.34136,293.158,54.309742,240.8473,115.027655,0.004188,0.000938,0.002695,0.001303,0.6282,1.338,No Fail,150.0,100.0,30.77,0.0,0.0
336,48.4,0.2,4511,0,90,90,90,90,0,Cross-Ply,113126.0,9066.0,9066.0,13738.8,8243.279999999999,13738.8,0.2774,0.2774,0.34128,492.958,92.282075,406.958553,192.356827,0.007042,0.001581,0.004542,0.002178,1.05634,1.908,No Fail,150.0,100.0,45.11,0.0,0.0
337,48.5,0.2,2569,0,90,90,90,90,0,Cross-Ply,113352.5,9077.5,9077.5,13764.5,8258.699999999999,13764.5,0.27725,0.27725,0.3412,164.402,31.140151,136.332891,63.756189,0.002349,0.000529,0.001519,0.000722,0.35229,0.97,FAIL,150.0,100.0,25.69,0.0,0.0
338,48.6,0.2,3634,0,90,90,90,90,0,Cross-Ply,113579.0,9089.0,9089.0,13790.2,8274.12,13790.2,0.2771,0.2771,0.34112,353.674,67.863411,294.508775,136.228272,0.005052,0.00114,0.003275,0.001543,0.75787,1.51,No Fail,150.0,100.0,36.34,0.0,0.0
339,48.7,0.2,4817,0,90,90,90,90,0,Cross-Ply,113805.5,9100.5,9100.5,13815.9,8289.54,13815.9,0.27695,0.27695,0.34104,494.095,96.141037,413.000946,188.91523,0.007058,0.001597,0.004589,0.002142,1.05877,1.912,No Fail,150.0,100.0,48.17,0.0,0.0
340,48.8,0.2,2239,0,90,90,90,90,0,Cross-Ply,114032.0,9112.0,9112.0,13841.6,8304.96,13841.6,0.2768,0.2768,0.34096,224.066,44.250528,187.932562,84.99278,0.003201,0.000726,0.002088,0.000966,0.48014,1.14,No Fail,150.0,100.0,22.39,0.0,0.0
341,48.9,0.2,2050,0,90,90,90,90,0,Cross-Ply,114258.5,9123.5,9123.5,13867.3,8320.38,13867.3,0.2766499999999999,0.2766499999999999,0.34088,139.384,27.958127,117.262996,52.425278,0.001991,0.000453,0.001304,0.000597,0.29868,0.898,FAIL,150.0,100.0,20.5,0.0,0.0
342,49.0,0.2,1763,0,90,90,90,90,0,Cross-Ply,114485.0,9135.0,9135.0,13893.0,8335.8,13893.0,0.2764999999999999,0.2764999999999999,0.3408,165.737,33.783581,139.80508,61.78139,0.002368,0.000541,0.001556,0.000706,0.35515,0.974,FAIL,150.0,100.0,17.63,0.0,0.0
343,49.1,0.2,3077,0,90,90,90,90,0,Cross-Ply,114711.5,9146.5,9146.5,13918.7,8351.22,13918.7,0.27635,0.27635,0.34072,361.78,74.970579,305.868115,133.597905,0.005168,0.001184,0.00341,0.001533,0.77524,1.534,No Fail,150.0,100.0,30.77,0.0,0.0
344,49.2,0.2,2519,0,90,90,90,90,0,Cross-Ply,114938.0,9158.0,9158.0,13944.4,8366.640000000001,13944.4,0.2762,0.2762,0.34064,210.179,44.289123,178.030188,76.85766,0.003003,0.00069,0.00199,0.000886,0.45038,1.101,No Fail,150.0,100.0,25.19,0.0,0.0
345,49.3,0.2,3974,0,90,90,90,90,0,Cross-Ply,115164.5,9169.5,9169.5,13970.1,8382.06,13970.1,0.27605,0.27605,0.34056,450.059,96.443857,381.781699,162.913346,0.006429,0.001482,0.00428,0.001887,0.96441,1.786,No Fail,150.0,100.0,39.74,0.0,0.0
346,49.4,0.2,3089,0,90,90,90,90,0,Cross-Ply,115391.0,9181.0,9181.0,13995.8,8397.48,13995.8,0.2759,0.2759,0.34048,270.968,59.04646,230.10719,97.065172,0.003871,0.000896,0.00259,0.00113,0.58065,1.274,No Fail,150.0,100.0,30.89,0.0,0.0
347,49.5,0.2,4734,0,90,90,90,90,0,Cross-Ply,115617.5,9192.5,9192.5,14021.5,8412.9,14021.5,0.27575,0.27575,0.3404,490.112,108.581556,416.483883,173.696644,0.007002,0.001626,0.004707,0.002035,1.05024,1.9,No Fail,150.0,100.0,47.34,0.0,0.0
348,49.6,0.2,3688,0,90,90,90,90,0,Cross-Ply,115844.0,9204.0,9204.0,14047.2,8428.32,14047.2,0.2756,0.2756,0.3403199999999999,338.783,76.282631,287.964301,118.76427,0.00484,0.001128,0.003271,0.0014,0.72596,1.468,No Fail,150.0,100.0,36.88,0.0,0.0
349,49.7,0.2,4768,0,90,90,90,90,0,Cross-Ply,116070.5,9215.5,9215.5,14072.9,8443.74,14072.9,0.27545,0.27545,0.34024,498.079,113.933702,423.304314,172.692806,0.007115,0.001664,0.004833,0.00205,1.06731,1.923,No Fail,150.0,100.0,47.68,0.0,0.0
350,49.8,0.2,3406,0,90,90,90,90,0,Cross-Ply,116297.0,9227.0,9227.0,14098.6,8459.16,14098.6,0.2753,0.2753,0.34016,349.469,81.165439,296.841027,119.83059,0.004992,0.001172,0.003409,0.001433,0.74886,1.498,No Fail,150.0,100.0,34.06,0.0,0.0
351,49.9,0.2,4679,0,90,90,90,90,0,Cross-Ply,116523.5,9238.5,9238.5,14124.3,8474.58,14124.3,0.27515,0.27515,0.34008,488.198,115.048635,414.281928,165.55331,0.006974,0.001644,0.004789,0.001994,1.04614,1.895,No Fail,150.0,100.0,46.79,0.0,0.0
352,50.0,0.2,1750,0,90,90,90,90,0,Cross-Ply,116750.0,9250.0,9250.0,14150.0,8490.0,14150.0,0.275,0.275,0.3399999999999999,77.876,18.607428,65.99533,26.11907,0.001113,0.000263,0.000769,0.000317,0.16688,0.723,FAIL,150.0,100.0,17.5,0.0,0.0
353,50.1,0.2,2577,0,90,90,90,90,0,Cross-Ply,116976.5,9261.5,9261.5,14175.7,8505.42,14175.7,0.27485,0.27485,0.33992,274.215,66.375679,231.972521,90.973983,0.003917,0.00093,0.002721,0.001112,0.5876,1.283,No Fail,150.0,100.0,25.77,0.0,0.0
354,50.2,0.2,3492,0,90,90,90,90,0,Cross-Ply,117203.0,9273.0,9273.0,14201.4,8520.84,14201.4,0.2747,0.2747,0.33984,318.111,77.935715,268.526843,104.416065,0.004544,0.001084,0.003175,0.001287,0.68167,1.409,No Fail,150.0,100.0,34.92,0.0,0.0
355,50.3,0.2,1935,0,90,90,90,90,0,Cross-Ply,117429.5,9284.5,9284.5,14227.1,8536.26,14227.1,0.27455,0.27455,0.33976,173.355,42.944748,145.961774,56.313133,0.002476,0.000593,0.00174,0.000699,0.37147,0.995,FAIL,150.0,100.0,19.35,0.0,0.0
356,50.4,0.2,3949,0,90,90,90,90,0,Cross-Ply,117656.0,9296.0,9296.0,14252.8,8551.679999999998,14252.8,0.2744,0.2744,0.33968,386.371,96.681636,324.364733,124.255626,0.00552,0.001327,0.003902,0.001556,0.82794,1.604,No Fail,150.0,100.0,39.49,0.0,0.0
357,50.5,0.2,3252,0,90,90,90,90,0,Cross-Ply,117882.5,9307.5,9307.5,14278.5,8567.1,14278.5,0.27425,0.27425,0.3396,260.785,65.843844,218.209485,83.064837,0.003725,0.000899,0.002648,0.001048,0.55882,1.245,No Fail,150.0,100.0,32.52,0.0,0.0
358,50.6,0.2,1782,0,90,90,90,90,0,Cross-Ply,118109.0,9319.0,9319.0,14304.2,8582.52,14304.2,0.2741,0.2741,0.33952,125.983,32.058664,105.027689,39.763567,0.0018,0.000436,0.001287,0.000506,0.26996,0.86,FAIL,150.0,100.0,17.82,0.0,0.0
359,50.7,0.2,3012,0,90,90,90,90,0,Cross-Ply,118335.5,9330.5,9330.5,14329.9,8597.939999999999,14329.9,0.2739499999999999,0.2739499999999999,0.3394399999999999,348.336,89.232686,289.223651,109.007476,0.004976,0.001211,0.00358,0.001396,0.74643,1.495,No Fail,150.0,100.0,30.12,0.0,0.0
360,50.8,0.2,2376,0,90,90,90,90,0,Cross-Ply,118562.0,9342.0,9342.0,14355.6,8613.36,14355.6,0.2738,0.2738,0.33936,227.124,58.500324,187.75392,70.514779,0.003245,0.000793,0.002348,0.000909,0.48669,1.149,No Fail,150.0,100.0,23.76,0.0,0.0
361,50.9,0.2,4867,0,90,90,90,90,0,Cross-Ply,118788.5,9353.5,9353.5,14381.3,8628.779999999999,14381.3,0.2736499999999999,0.2736499999999999,0.33928,586.348,151.665505,482.418093,180.731494,0.008376,0.002056,0.006096,0.002346,1.25646,2.175,No Fail,150.0,100.0,48.67,0.0,0.0
362,51.0,0.2,3513,0,90,90,90,90,0,Cross-Ply,119015.0,9365.0,9365.0,14407.0,8644.199999999999,14407.0,0.2734999999999999,0.2734999999999999,0.3392,309.395,80.267342,253.267984,94.750291,0.00442,0.001089,0.003235,0.001238,0.66299,1.384,No Fail,150.0,100.0,35.13,0.0,0.0
363,51.1,0.2,4999,0,90,90,90,90,0,Cross-Ply,119241.5,9376.5,9376.5,14432.7,8659.62,14432.7,0.27335,0.27335,0.33912,490.299,127.418672,399.198699,149.302838,0.007004,0.001733,0.005156,0.001961,1.05064,1.901,No Fail,150.0,100.0,49.99,0.0,0.0
364,51.2,0.2,2443,0,90,90,90,90,0,Cross-Ply,119468.0,9388.0,9388.0,14458.4,8675.039999999999,14458.4,0.2732,0.2732,0.33904,189.773,49.340311,153.635603,57.511268,0.002711,0.000674,0.002007,0.000759,0.40666,1.042,No Fail,150.0,100.0,24.43,0.0,0.0
365,51.3,0.2,4147,0,90,90,90,90,0,Cross-Ply,119694.5,9399.5,9399.5,14484.1,8690.46,14484.1,0.27305,0.27305,0.33896,498.086,129.394326,400.83513,150.357075,0.007116,0.001776,0.005296,0.001995,1.06733,1.923,No Fail,150.0,100.0,41.47,0.0,0.0
366,51.4,0.2,3780,0,90,90,90,90,0,Cross-Ply,119921.0,9411.0,9411.0,14509.8,8705.88,14509.8,0.2729,0.2729,0.33888,392.891,101.853522,314.209326,118.248843,0.005613,0.001407,0.0042,0.001575,0.84191,1.623,No Fail,150.0,100.0,37.8,0.0,0.0
367,51.5,0.2,2135,0,90,90,90,90,0,Cross-Ply,120147.5,9422.5,9422.5,14535.5,8721.3,14535.5,0.27275,0.27275,0.3388,116.926,30.210773,92.903597,35.120185,0.00167,0.00042,0.001256,0.000469,0.25056,0.834,FAIL,150.0,100.0,21.35,0.0,0.0
368,51.6,0.2,3722,0,90,90,90,90,0,Cross-Ply,120374.0,9434.0,9434.0,14561.2,8736.72,14561.2,0.2726,0.2726,0.33872,370.007,95.162915,292.013224,111.019653,0.005286,0.001336,0.003996,0.001488,0.79287,1.557,No Fail,150.0,100.0,37.22,0.0,0.0
369,51.7,0.2,1819,0,90,90,90,90,0,Cross-Ply,120600.5,9445.5,9445.5,14586.9,8752.14,14586.9,0.2724499999999999,0.2724499999999999,0.33864,131.246,33.559877,102.861952,39.377451,0.001875,0.000476,0.001424,0.000529,0.28124,0.875,FAIL,150.0,100.0,18.19,0.0,0.0
370,51.8,0.2,2667,0,90,90,90,90,0,Cross-Ply,120827.0,9457.0,9457.0,14612.6,8767.56,14612.6,0.2723,0.2723,0.3385599999999999,262.058,66.541014,203.918151,78.696998,0.003744,0.000954,0.002858,0.001059,0.56155,1.249,No Fail,150.0,100.0,26.67,0.0,0.0
371,51.9,0.2,4502,0,90,90,90,90,0,Cross-Ply,121053.5,9468.5,9468.5,14638.3,8782.98,14638.3,0.27215,0.27215,0.33848,461.815,116.309053,356.729572,138.947934,0.006597,0.001687,0.005058,0.001871,0.9896,1.819,No Fail,150.0,100.0,45.02,0.0,0.0
372,52.0,0.2,3928,0,90,90,90,90,0,Cross-Ply,121280.0,9480.0,9480.0,14664.0,8798.4,14664.0,0.272,0.272,0.3384,430.943,107.530581,330.396903,130.030142,0.006156,0.001581,0.004741,0.001751,0.92345,1.731,No Fail,150.0,100.0,39.28,0.0,0.0
373,52.1,0.2,4808,0,90,90,90,90,0,Cross-Ply,121506.5,9491.5,9491.5,14689.7,8813.82,14689.7,0.27185,0.27185,0.3383199999999999,552.635,136.474284,420.476824,167.381985,0.007895,0.002035,0.006105,0.002253,1.18422,2.079,No Fail,150.0,100.0,48.08,0.0,0.0
374,52.2,0.2,3425,0,90,90,90,90,0,Cross-Ply,121733.0,9503.0,9503.0,14715.4,8829.24,14715.4,0.2717,0.2717,0.33824,300.754,73.431308,227.067806,91.520746,0.004296,0.001112,0.003335,0.00123,0.64447,1.359,No Fail,150.0,100.0,34.25,0.0,0.0
375,52.3,0.2,2601,0,90,90,90,90,0,Cross-Ply,121959.5,9514.5,9514.5,14741.1,8844.66,14741.1,0.27155,0.27155,0.33816,239.27,57.703145,179.240715,73.216408,0.003418,0.000888,0.002664,0.000983,0.51272,1.184,No Fail,150.0,100.0,26.01,0.0,0.0
376,52.4,0.2,4896,0,90,90,90,90,0,Cross-Ply,122186.0,9526.0,9526.0,14766.8,8860.08,14766.8,0.2714,0.2714,0.33808,559.553,133.170511,415.880867,172.316655,0.007994,0.002084,0.006252,0.002307,1.19904,2.099,No Fail,150.0,100.0,48.96,0.0,0.0
377,52.5,0.2,3301,0,90,90,90,90,0,Cross-Ply,122412.5,9537.5,9537.5,14792.5,8875.5,14792.5,0.27125,0.27125,0.3379999999999999,338.392,79.412816,249.5248,104.954921,0.004834,0.001265,0.003793,0.001401,0.72513,1.467,No Fail,150.0,100.0,33.01,0.0,0.0
378,52.6,0.2,3802,0,90,90,90,90,0,Cross-Ply,122639.0,9549.0,9549.0,14818.2,8890.92,14818.2,0.2711,0.2711,0.33792,327.407,75.709041,239.522349,102.346486,0.004677,0.001228,0.003681,0.001362,0.70159,1.435,No Fail,150.0,100.0,38.02,0.0,0.0
379,52.7,0.2,2946,0,90,90,90,90,0,Cross-Ply,122865.5,9560.5,9560.5,14843.9,8906.34,14843.9,0.2709499999999999,0.2709499999999999,0.33784,273.298,62.231818,198.367141,86.159285,0.003904,0.001029,0.003081,0.001142,0.58564,1.281,No Fail,150.0,100.0,29.46,0.0,0.0
380,52.8,0.2,2766,0,90,90,90,90,0,Cross-Ply,123092.0,9572.0,9572.0,14869.6,8921.76,14869.6,0.2708,0.2708,0.33776,296.381,66.422442,213.443064,94.285806,0.004234,0.00112,0.00335,0.001245,0.6351,1.347,No Fail,150.0,100.0,27.66,0.0,0.0
381,52.9,0.2,3689,0,90,90,90,90,0,Cross-Ply,123318.5,9583.5,9583.5,14895.3,8937.179999999998,14895.3,0.2706499999999999,0.2706499999999999,0.33768,343.088,75.644925,245.172354,110.192378,0.004901,0.0013,0.003887,0.001449,0.73519,1.48,No Fail,150.0,100.0,36.89,0.0,0.0
382,53.0,0.2,2212,0,90,90,90,90,0,Cross-Ply,123545.0,9595.0,9595.0,14921.0,8952.6,14921.0,0.2704999999999999,0.2704999999999999,0.3376,147.725,32.034091,104.761799,47.922457,0.00211,0.000562,0.001677,0.000627,0.31655,0.922,FAIL,150.0,100.0,22.12,0.0,0.0
383,53.1,0.2,4747,0,90,90,90,90,0,Cross-Ply,123771.5,9606.5,9606.5,14946.7,8968.02,14946.7,0.27035,0.27035,0.33752,510.088,108.772401,359.036554,167.196406,0.007287,0.001946,0.005801,0.002178,1.09305,1.957,No Fail,150.0,100.0,47.47,0.0,0.0
384,53.2,0.2,3944,0,90,90,90,90,0,Cross-Ply,123998.0,9618.0,9618.0,14972.4,8983.439999999999,14972.4,0.2702,0.2702,0.3374399999999999,418.76,87.810273,292.602455,138.729878,0.005982,0.001603,0.004769,0.001799,0.89734,1.696,No Fail,150.0,100.0,39.44,0.0,0.0
385,53.3,0.2,4906,0,90,90,90,90,0,Cross-Ply,124224.5,9629.5,9629.5,14998.1,8998.859999999999,14998.1,0.27005,0.27005,0.33736,587.566,121.170826,407.639445,196.779249,0.008394,0.002256,0.0067,0.002539,1.25907,2.179,No Fail,150.0,100.0,49.06,0.0,0.0
386,53.4,0.2,2338,0,90,90,90,90,0,Cross-Ply,124451.0,9641.0,9641.0,15023.8,9014.28,15023.8,0.2699,0.2699,0.33728,184.184,37.365904,126.90497,62.367191,0.002631,0.000709,0.002102,0.000801,0.39468,1.026,No Fail,150.0,100.0,23.38,0.0,0.0
387,53.5,0.2,3428,0,90,90,90,90,0,Cross-Ply,124677.5,9652.5,9652.5,15049.5,9029.7,15049.5,0.26975,0.26975,0.3372,387.582,77.385316,265.283741,132.703651,0.005537,0.001497,0.004427,0.001695,0.83053,1.607,No Fail,150.0,100.0,34.28,0.0,0.0
388,53.6,0.2,1826,0,90,90,90,90,0,Cross-Ply,124904.0,9664.0,9664.0,15075.2,9045.12,15075.2,0.2696,0.2696,0.33712,124.165,24.41318,84.448532,42.987,0.001774,0.000481,0.001419,0.000547,0.26607,0.855,FAIL,150.0,100.0,18.26,0.0,0.0
389,53.7,0.2,4695,0,90,90,90,90,0,Cross-Ply,125130.5,9675.5,9675.5,15100.9,9060.54,15100.9,0.2694499999999999,0.2694499999999999,0.33704,444.796,86.187685,300.702732,155.701365,0.006354,0.001727,0.005083,0.00197,0.95313,1.771,No Fail,150.0,100.0,46.95,0.0,0.0
390,53.8,0.2,1911,0,90,90,90,90,0,Cross-Ply,125357.0,9687.0,9687.0,15126.6,9075.96,15126.6,0.2693,0.2693,0.33696,147.358,28.165392,99.056564,52.149022,0.002105,0.000574,0.001684,0.000657,0.31577,0.921,FAIL,150.0,100.0,19.11,0.0,0.0
391,53.9,0.2,3244,0,90,90,90,90,0,Cross-Ply,125583.5,9698.5,9698.5,15152.3,9091.38,15152.3,0.26915,0.26915,0.33688,274.407,51.791852,183.484114,98.158834,0.00392,0.001071,0.003134,0.001232,0.58801,1.284,No Fail,150.0,100.0,32.44,0.0,0.0
392,54.0,0.2,3281,0,90,90,90,90,0,Cross-Ply,125810.0,9710.0,9710.0,15178.000000000002,9106.8,15178.000000000002,0.269,0.269,0.3368,294.507,54.956286,195.958467,106.460199,0.004207,0.001152,0.003361,0.00133,0.63109,1.341,No Fail,150.0,100.0,32.81,0.0,0.0
393,54.1,0.2,4422,0,90,90,90,90,0,Cross-Ply,126036.5,9721.5,9721.5,15203.700000000004,9122.22,15203.700000000004,0.26885,0.26885,0.33672,503.55,93.027588,333.5474,183.892319,0.007194,0.001974,0.005742,0.00229,1.07904,1.939,No Fail,150.0,100.0,44.22,0.0,0.0
394,54.2,0.2,2353,0,90,90,90,90,0,Cross-Ply,126263.0,9733.0,9733.0,15229.4,9137.64,15229.4,0.2687,0.2687,0.33664,137.211,25.133463,90.519295,50.604455,0.00196,0.000539,0.001563,0.000628,0.29402,0.892,FAIL,150.0,100.0,23.53,0.0,0.0
395,54.3,0.2,2843,0,90,90,90,90,0,Cross-Ply,126489.5,9744.5,9744.5,15255.1,9153.06,15255.1,0.26855,0.26855,0.3365599999999999,258.45,47.014197,169.889001,96.224068,0.003692,0.001017,0.002939,0.001191,0.55382,1.238,No Fail,150.0,100.0,28.43,0.0,0.0
396,54.4,0.2,3279,0,90,90,90,90,0,Cross-Ply,126716.0,9756.0,9756.0,15280.8,9168.48,15280.8,0.2683999999999999,0.2683999999999999,0.33648,267.121,48.337507,175.041124,100.353277,0.003816,0.001054,0.003032,0.001239,0.5724,1.263,No Fail,150.0,100.0,32.79,0.0,0.0
397,54.5,0.2,4524,0,90,90,90,90,0,Cross-Ply,126942.5,9767.5,9767.5,15306.500000000002,9183.9,15306.500000000002,0.26825,0.26825,0.3364,437.109,78.823361,285.679224,165.622964,0.006244,0.001727,0.004951,0.002041,0.93666,1.749,No Fail,150.0,100.0,45.24,0.0,0.0
398,54.6,0.2,4265,0,90,90,90,90,0,Cross-Ply,127169.0,9779.0,9779.0,15332.200000000004,9199.320000000002,15332.200000000004,0.2681,0.2681,0.3363199999999999,482.518,86.866742,314.68675,184.300233,0.006893,0.00191,0.005454,0.002269,1.03397,1.879,No Fail,150.0,100.0,42.65,0.0,0.0
399,54.7,0.2,4770,0,90,90,90,90,0,Cross-Ply,127395.5,9790.5,9790.5,15357.9,9214.74,15357.9,0.2679499999999999,0.2679499999999999,0.33624,530.85,95.583384,345.650018,204.279517,0.007584,0.002104,0.005985,0.002512,1.13754,2.017,No Fail,150.0,100.0,47.7,0.0,0.0
400,54.8,0.2,4372,0,90,90,90,90,0,Cross-Ply,127622.0,9801.999999999998,9801.999999999998,15383.6,9230.159999999998,15383.6,0.2678,0.2678,0.33616,466.072,84.087019,303.141158,180.589258,0.006658,0.00185,0.005239,0.00222,0.99873,1.832,No Fail,150.0,100.0,43.72,0.0,0.0
401,54.9,0.2,2545,0,90,90,90,90,0,Cross-Ply,127848.5,9813.499999999998,9813.499999999998,15409.299999999996,9245.579999999998,15409.299999999996,0.26765,0.26765,0.33608,254.598,46.108313,165.502172,99.268767,0.003637,0.001012,0.002853,0.001221,0.54557,1.227,No Fail,150.0,100.0,25.45,0.0,0.0
402,55.0,0.2,4996,0,90,90,90,90,0,Cross-Ply,128075.0,9825.0,9825.0,15435.000000000002,9261.0,15435.000000000002,0.2674999999999999,0.2674999999999999,0.3359999999999999,538.017,97.978119,349.729642,210.957101,0.007686,0.002141,0.00601,0.002596,1.15289,2.037,No Fail,150.0,100.0,49.96,0.0,0.0
403,55.1,0.2,2020,0,90,90,90,90,0,Cross-Ply,128301.5,9836.5,9836.5,15460.700000000004,9276.420000000002,15460.700000000004,0.26735,0.26735,0.33592,158.019,28.985414,102.769553,62.267294,0.002257,0.000629,0.001759,0.000767,0.33861,0.951,FAIL,150.0,100.0,20.2,0.0,0.0
404,55.2,0.2,2708,0,90,90,90,90,0,Cross-Ply,128528.0,9848.0,9848.0,15486.4,9291.84,15486.4,0.2672,0.2672,0.3358399999999999,242.355,44.848319,157.781372,95.908869,0.003462,0.000966,0.002688,0.001184,0.51933,1.192,No Fail,150.0,100.0,27.08,0.0,0.0
405,55.3,0.2,3402,0,90,90,90,90,0,Cross-Ply,128754.5,9859.499999999998,9859.499999999998,15512.1,9307.259999999998,15512.1,0.26705,0.26705,0.33576,332.212,62.111366,216.618359,131.939433,0.004746,0.001326,0.00367,0.001633,0.71188,1.449,No Fail,150.0,100.0,34.02,0.0,0.0
406,55.4,0.2,2626,0,90,90,90,90,0,Cross-Ply,128981.0,9870.999999999998,9870.999999999998,15537.799999999996,9322.679999999998,15537.799999999996,0.2669,0.2669,0.33568,242.556,45.87868,158.486541,96.608273,0.003465,0.000969,0.002668,0.0012,0.51976,1.193,No Fail,150.0,100.0,26.26,0.0,0.0
407,55.5,0.2,3941,0,90,90,90,90,0,Cross-Ply,129207.5,9882.5,9882.5,15563.500000000002,9338.1,15563.500000000002,0.26675,0.26675,0.3356,451.342,86.470483,295.669316,180.151067,0.006448,0.001804,0.004943,0.002245,0.96716,1.79,No Fail,150.0,100.0,39.41,0.0,0.0
408,55.6,0.2,2317,0,90,90,90,90,0,Cross-Ply,129434.0,9894.0,9894.0,15589.200000000004,9353.52,15589.200000000004,0.2666,0.2666,0.33552,186.429,36.215413,122.503439,74.517055,0.002663,0.000745,0.002032,0.000933,0.39949,1.033,No Fail,150.0,100.0,23.17,0.0,0.0
409,55.7,0.2,1653,0,90,90,90,90,0,Cross-Ply,129660.5,9905.5,9905.5,15614.9,9368.94,15614.9,0.2664499999999999,0.2664499999999999,0.3354399999999999,71.793,14.153578,47.343331,28.715441,0.001026,0.000287,0.000779,0.000361,0.15384,0.705,FAIL,150.0,100.0,16.53,0.0,0.0
410,55.8,0.2,3968,0,90,90,90,90,0,Cross-Ply,129887.0,9917.0,9917.0,15640.6,9384.36,15640.6,0.2663,0.2663,0.33536,381.514,76.38628,252.597568,152.58576,0.00545,0.001526,0.004119,0.00193,0.81753,1.59,No Fail,150.0,100.0,39.68,0.0,0.0
411,55.9,0.2,2851,0,90,90,90,90,0,Cross-Ply,130113.5,9928.5,9928.5,15666.299999999996,9399.78,15666.299999999996,0.26615,0.26615,0.33528,225.262,45.83107,149.809812,90.020349,0.003218,0.000901,0.00242,0.001146,0.48271,1.144,No Fail,150.0,100.0,28.51,0.0,0.0
412,56.0,0.2,4373,0,90,90,90,90,0,Cross-Ply,130340.0,9940.0,9940.0,15692.000000000002,9415.2,15692.000000000002,0.266,0.266,0.3352,445.578,92.159465,297.777683,177.789501,0.006365,0.001782,0.004762,0.002278,0.95481,1.773,No Fail,150.0,100.0,43.73,0.0,0.0
413,56.1,0.2,3234,0,90,90,90,90,0,Cross-Ply,130566.5,9951.5,9951.5,15717.700000000004,9430.62,15717.700000000004,0.26585,0.26585,0.33512,253.374,53.288245,170.223305,100.868813,0.00362,0.001013,0.002694,0.001302,0.54294,1.224,No Fail,150.0,100.0,32.34,0.0,0.0
414,56.2,0.2,3258,0,90,90,90,90,0,Cross-Ply,130793.0,9963.0,9963.0,15743.4,9446.04,15743.4,0.2657,0.2657,0.33504,381.172,81.524254,257.530335,151.291637,0.005445,0.001524,0.00403,0.001968,0.8168,1.589,No Fail,150.0,100.0,32.58,0.0,0.0
415,56.3,0.2,4544,0,90,90,90,90,0,Cross-Ply,131019.5,9974.5,9974.5,15769.1,9461.46,15769.1,0.26555,0.26555,0.33496,477.898,103.938857,324.820711,188.981681,0.006827,0.00191,0.005025,0.002478,1.02407,1.865,No Fail,150.0,100.0,45.44,0.0,0.0
416,56.4,0.2,3041,0,90,90,90,90,0,Cross-Ply,131246.0,9986.0,9986.0,15794.799999999996,9476.879999999996,15794.799999999996,0.2654,0.2654,0.33488,242.028,53.518753,165.544284,95.288022,0.003458,0.000967,0.002531,0.001261,0.51863,1.192,No Fail,150.0,100.0,30.41,0.0,0.0
417,56.5,0.2,3099,0,90,90,90,90,0,Cross-Ply,131472.5,9997.5,9997.5,15820.499999999998,9492.3,15820.499999999998,0.26525,0.26525,0.3348,295.675,66.453415,203.57767,115.8192,0.004224,0.00118,0.003074,0.001547,0.63359,1.345,No Fail,150.0,100.0,30.99,0.0,0.0
418,56.6,0.2,2935,0,90,90,90,90,0,Cross-Ply,131699.0,10009.0,10009.0,15846.200000000004,9507.72,15846.200000000004,0.2651,0.2651,0.33472,248.048,56.638679,171.962072,96.607017,0.003544,0.000989,0.002564,0.001303,0.53153,1.209,No Fail,150.0,100.0,29.35,0.0,0.0
419,56.7,0.2,2040,0,90,90,90,90,0,Cross-Ply,131925.5,10020.5,10020.5,15871.9,9523.14,15871.9,0.2649499999999999,0.2649499999999999,0.33464,138.884,32.200914,96.968871,53.747203,0.001984,0.000553,0.001427,0.000732,0.29761,0.897,FAIL,150.0,100.0,20.4,0.0,0.0
420,56.8,0.2,4892,0,90,90,90,90,0,Cross-Ply,132152.0,10032.0,10032.0,15897.6,9538.56,15897.6,0.2648,0.2648,0.3345599999999999,539.799,127.000672,379.650787,207.444293,0.007711,0.002148,0.005514,0.002856,1.15671,2.042,No Fail,150.0,100.0,48.92,0.0,0.0
421,56.9,0.2,3924,0,90,90,90,90,0,Cross-Ply,132378.5,10043.5,10043.5,15923.299999999996,9553.979999999998,15923.299999999996,0.26465,0.26465,0.33448,429.339,102.426169,304.229033,163.75073,0.006133,0.001706,0.00436,0.002279,0.92001,1.727,No Fail,150.0,100.0,39.24,0.0,0.0
422,57.0,0.2,4481,0,90,90,90,90,0,Cross-Ply,132605.0,10055.0,10055.0,15948.999999999998,9569.399999999998,15948.999999999998,0.2644999999999999,0.2644999999999999,0.3344,461.737,111.605016,329.690236,174.683894,0.006596,0.001833,0.004662,0.002459,0.98944,1.819,No Fail,150.0,100.0,44.81,0.0,0.0
423,57.1,0.2,4508,0,90,90,90,90,0,Cross-Ply,132831.5,10066.500000000002,10066.500000000002,15974.700000000004,9584.820000000002,15974.700000000004,0.26435,0.26435,0.3343199999999999,438.507,107.288366,315.536134,164.470219,0.006264,0.001738,0.004401,0.002342,0.93966,1.753,No Fail,150.0,100.0,45.08,0.0,0.0
424,57.2,0.2,2608,0,90,90,90,90,0,Cross-Ply,133058.00000000003,10078.000000000002,10078.000000000002,16000.4,9600.24,16000.4,0.2642,0.2642,0.33424,250.136,61.889694,181.404126,92.968038,0.003573,0.00099,0.002496,0.001339,0.53601,1.215,No Fail,150.0,100.0,26.08,0.0,0.0
425,57.3,0.2,4158,0,90,90,90,90,0,Cross-Ply,133284.5,10089.5,10089.5,16026.1,9615.659999999998,16026.1,0.26405,0.26405,0.33416,409.973,102.474582,299.674058,150.928747,0.005857,0.00162,0.004068,0.002201,0.87851,1.671,No Fail,150.0,100.0,41.58,0.0,0.0
426,57.4,0.2,1626,0,90,90,90,90,0,Cross-Ply,133511.0,10101.0,10101.0,16051.799999999996,9631.079999999998,16051.799999999996,0.2639,0.2639,0.33408,60.0,15.134242,44.205889,21.870541,0.000857,0.000237,0.000592,0.000323,0.12857,0.671,FAIL,150.0,100.0,16.26,0.0,0.0
427,57.5,0.2,3709,0,90,90,90,90,0,Cross-Ply,133737.5,10112.5,10112.5,16077.499999999998,9646.499999999998,16077.499999999998,0.26375,0.26375,0.334,436.565,110.99841,324.1997,157.507882,0.006237,0.001719,0.004283,0.002353,0.9355,1.747,No Fail,150.0,100.0,37.09,0.0,0.0
428,57.6,0.2,4991,0,90,90,90,90,0,Cross-Ply,133964.00000000003,10124.000000000002,10124.000000000002,16103.200000000004,9661.920000000002,16103.200000000004,0.2636,0.2636,0.33392,493.248,126.265468,369.191511,176.092164,0.007046,0.001937,0.004812,0.002663,1.05696,1.909,No Fail,150.0,100.0,49.91,0.0,0.0
429,57.7,0.2,3019,0,90,90,90,90,0,Cross-Ply,134190.50000000003,10135.500000000002,10135.500000000002,16128.9,9677.34,16128.9,0.2634499999999999,0.2634499999999999,0.3338399999999999,255.922,65.880553,193.060274,90.38657,0.003656,0.001003,0.002483,0.001384,0.5484,1.231,No Fail,150.0,100.0,30.19,0.0,0.0
430,57.8,0.2,3718,0,90,90,90,90,0,Cross-Ply,134417.0,10147.0,10147.0,16154.6,9692.759999999998,16154.6,0.2633,0.2633,0.33376,433.797,112.159002,329.78867,151.540979,0.006197,0.001697,0.004187,0.002349,0.92957,1.739,No Fail,150.0,100.0,37.18,0.0,0.0
431,57.9,0.2,3053,0,90,90,90,90,0,Cross-Ply,134643.5,10158.5,10158.5,16180.299999999996,9708.179999999998,16180.299999999996,0.26315,0.26315,0.33368,243.799,63.231927,186.766537,84.231604,0.003483,0.000951,0.002341,0.001321,0.52243,1.197,No Fail,150.0,100.0,30.53,0.0,0.0
432,58.0,0.2,4662,0,90,90,90,90,0,Cross-Ply,134870.0,10170.0,10170.0,16205.999999999998,9723.6,16205.999999999998,0.263,0.263,0.3336,479.774,124.666829,370.309951,163.930466,0.006854,0.001867,0.004585,0.002602,1.02809,1.871,No Fail,150.0,100.0,46.62,0.0,0.0
433,58.1,0.2,4287,0,90,90,90,90,0,Cross-Ply,135096.5,10181.5,10181.5,16231.7,9739.02,16231.7,0.26285,0.26285,0.33352,515.747,134.094138,401.0148,174.280425,0.007368,0.002002,0.004905,0.002799,1.10517,1.974,No Fail,150.0,100.0,42.87,0.0,0.0
434,58.2,0.2,2812,0,90,90,90,90,0,Cross-Ply,135323.00000000003,10193.000000000002,10193.000000000002,16257.4,9754.44,16257.4,0.2627,0.2627,0.3334399999999999,288.452,74.946876,225.899931,96.408062,0.004121,0.001117,0.002731,0.001566,0.61811,1.324,No Fail,150.0,100.0,28.12,0.0,0.0
435,58.3,0.2,3359,0,90,90,90,90,0,Cross-Ply,135549.5,10204.5,10204.5,16283.1,9769.86,16283.1,0.26255,0.26255,0.33336,380.184,98.589359,299.826392,125.698784,0.005431,0.001468,0.003584,0.002064,0.81468,1.586,No Fail,150.0,100.0,33.59,0.0,0.0
436,58.4,0.2,4274,0,90,90,90,90,0,Cross-Ply,135776.0,10216.0,10216.0,16308.799999999996,9785.28,16308.799999999996,0.2624,0.2624,0.33328,445.441,115.14252,353.67597,145.722138,0.006363,0.001715,0.004181,0.002417,0.95452,1.773,No Fail,150.0,100.0,42.74,0.0,0.0
437,58.5,0.2,1776,0,90,90,90,90,0,Cross-Ply,136002.5,10227.5,10227.5,16334.499999999998,9800.7,16334.499999999998,0.26225,0.26225,0.3332,168.046,43.245652,134.301369,54.411877,0.002401,0.000645,0.001572,0.000912,0.3601,0.98,FAIL,150.0,100.0,17.76,0.0,0.0
438,58.6,0.2,3669,0,90,90,90,90,0,Cross-Ply,136229.0,10239.0,10239.0,16360.2,9816.12,16360.2,0.2621,0.2621,0.3331199999999999,325.355,83.254693,261.659402,104.30779,0.004648,0.001245,0.003032,0.001764,0.69719,1.43,No Fail,150.0,100.0,36.69,0.0,0.0
439,58.7,0.2,4695,0,90,90,90,90,0,Cross-Ply,136455.50000000003,10250.500000000002,10250.500000000002,16385.9,9831.54,16385.9,0.2619499999999999,0.2619499999999999,0.33304,543.937,138.23453,440.084801,172.74136,0.007771,0.002075,0.005052,0.002946,1.16558,2.054,No Fail,150.0,100.0,46.95,0.0,0.0
440,58.8,0.2,3114,0,90,90,90,90,0,Cross-Ply,136682.0,10262.0,10262.0,16411.6,9846.96,16411.6,0.2618,0.2618,0.33296,348.16,87.7723,283.302836,109.582314,0.004974,0.001324,0.003224,0.001883,0.74606,1.495,No Fail,150.0,100.0,31.14,0.0,0.0
441,58.9,0.2,2394,0,90,90,90,90,0,Cross-Ply,136908.5,10273.5,10273.5,16437.3,9862.38,16437.3,0.26165,0.26165,0.33288,238.436,59.562392,195.072947,74.42218,0.003406,0.000904,0.002202,0.001288,0.51093,1.181,No Fail,150.0,100.0,23.94,0.0,0.0
442,59.0,0.2,4316,0,90,90,90,90,0,Cross-Ply,137135.0,10285.0,10285.0,16463.0,9877.8,16463.0,0.2614999999999999,0.2614999999999999,0.3328,524.5,129.68764,431.307228,162.453322,0.007493,0.001981,0.004832,0.002828,1.12393,1.999,No Fail,150.0,100.0,43.16,0.0,0.0
443,59.1,0.2,3872,0,90,90,90,90,0,Cross-Ply,137361.5,10296.5,10296.5,16488.7,9893.22,16488.7,0.2613499999999999,0.2613499999999999,0.33272,348.097,85.10605,287.617181,107.064712,0.004973,0.00131,0.0032,0.001873,0.74592,1.495,No Fail,150.0,100.0,38.72,0.0,0.0
444,59.2,0.2,3046,0,90,90,90,90,0,Cross-Ply,137588.00000000003,10308.000000000002,10308.000000000002,16514.4,9908.64,16514.4,0.2612,0.2612,0.33264,337.226,81.445852,279.873019,103.077857,0.004818,0.001265,0.003095,0.001811,0.72263,1.464,No Fail,150.0,100.0,30.46,0.0,0.0
445,59.3,0.2,3557,0,90,90,90,90,0,Cross-Ply,137814.5,10319.5,10319.5,16540.1,9924.06,16540.1,0.26105,0.26105,0.3325599999999999,379.843,90.542061,316.531529,115.479405,0.005426,0.00142,0.003481,0.002034,0.81395,1.585,No Fail,150.0,100.0,35.57,0.0,0.0
446,59.4,0.2,2985,0,90,90,90,90,0,Cross-Ply,138041.0,10331.0,10331.0,16565.8,9939.48,16565.8,0.2609,0.2609,0.33248,265.691,62.454741,222.231554,80.410179,0.003796,0.000989,0.002432,0.001419,0.56934,1.259,No Fail,150.0,100.0,29.85,0.0,0.0
447,59.5,0.2,4459,0,90,90,90,90,0,Cross-Ply,138267.5,10342.5,10342.5,16591.5,9954.9,16591.5,0.26075,0.26075,0.3324,511.517,118.487368,429.283606,154.249096,0.007307,0.001898,0.004679,0.002724,1.09611,1.961,No Fail,150.0,100.0,44.59,0.0,0.0
448,59.6,0.2,2846,0,90,90,90,90,0,Cross-Ply,138494.0,10354.0,10354.0,16617.2,9970.32,16617.2,0.2606,0.2606,0.33232,305.432,69.674192,257.092863,91.85731,0.004363,0.001129,0.002793,0.001622,0.6545,1.373,No Fail,150.0,100.0,28.46,0.0,0.0
449,59.7,0.2,2330,0,90,90,90,90,0,Cross-Ply,138720.5,10365.5,10365.5,16642.9,9985.74,16642.9,0.26045,0.26045,0.33224,199.806,44.861951,168.619641,59.987782,0.002854,0.000735,0.001827,0.001057,0.42815,1.071,No Fail,150.0,100.0,23.3,0.0,0.0
450,59.8,0.2,3512,0,90,90,90,90,0,Cross-Ply,138947.0,10377.0,10377.0,16668.6,10001.159999999998,16668.6,0.2603,0.2603,0.33216,344.069,76.005128,291.004457,103.223824,0.004915,0.001262,0.003147,0.001814,0.73729,1.483,No Fail,150.0,100.0,35.12,0.0,0.0
451,59.9,0.2,2533,0,90,90,90,90,0,Cross-Ply,139173.5,10388.5,10388.5,16694.3,10016.58,16694.3,0.26015,0.26015,0.33208,159.361,34.623835,135.026412,47.821636,0.002277,0.000582,0.001459,0.000837,0.34149,0.955,FAIL,150.0,100.0,25.33,0.0,0.0
452,60.0,0.2,3804,0,90,90,90,90,0,Cross-Ply,139400.0,10400.0,10400.0,16720.0,10032.0,16720.0,0.26,0.26,0.332,329.014,70.295517,279.164377,98.853412,0.0047,0.001197,0.003014,0.001721,0.70503,1.44,No Fail,150.0,100.0,38.04,0.0,0.0
453,60.1,0.2,3481,0,90,90,90,90,0,Cross-Ply,139626.5,10411.5,10411.5,16745.7,10047.42,16745.7,0.25985,0.25985,0.33192,379.228,79.674253,322.091995,114.191757,0.005418,0.001374,0.003479,0.001976,0.81263,1.584,No Fail,150.0,100.0,34.81,0.0,0.0
454,60.2,0.2,4106,0,90,90,90,90,0,Cross-Ply,139853.0,10423.0,10423.0,16771.4,10062.84,16771.4,0.2597,0.2597,0.33184,407.511,84.199323,346.319372,123.096167,0.005822,0.001471,0.003744,0.002114,0.87324,1.664,No Fail,150.0,100.0,41.06,0.0,0.0
455,60.3,0.2,3622,0,90,90,90,90,0,Cross-Ply,140079.5,10434.5,10434.5,16797.1,10078.259999999998,16797.1,0.25955,0.25955,0.33176,427.686,86.927888,363.532982,129.718778,0.00611,0.001537,0.003937,0.002209,0.91647,1.722,No Fail,150.0,100.0,36.22,0.0,0.0
456,60.4,0.2,4665,0,90,90,90,90,0,Cross-Ply,140306.0,10446.0,10446.0,16822.8,10093.679999999998,16822.8,0.2594,0.2594,0.33168,506.152,101.242096,430.13454,154.282919,0.007231,0.001812,0.00467,0.002601,1.08461,1.946,No Fail,150.0,100.0,46.65,0.0,0.0
457,60.5,0.2,4296,0,90,90,90,90,0,Cross-Ply,140532.5,10457.5,10457.5,16848.5,10109.1,16848.5,0.25925,0.25925,0.3316,485.296,95.583678,412.152653,148.788958,0.006933,0.00173,0.004489,0.002482,1.03992,1.887,No Fail,150.0,100.0,42.96,0.0,0.0
458,60.6,0.2,2733,0,90,90,90,90,0,Cross-Ply,140759.0,10469.0,10469.0,16874.2,10124.52,16874.2,0.2591,0.2591,0.33152,236.64,45.928573,200.766679,73.034156,0.003381,0.00084,0.002196,0.001204,0.50709,1.176,No Fail,150.0,100.0,27.33,0.0,0.0
459,60.7,0.2,3673,0,90,90,90,90,0,Cross-Ply,140985.5,10480.5,10480.5,16899.9,10139.94,16899.9,0.25895,0.25895,0.3314399999999999,356.818,68.304599,302.292517,110.938297,0.005097,0.001261,0.003321,0.001806,0.76461,1.519,No Fail,150.0,100.0,36.73,0.0,0.0
460,60.8,0.2,4023,0,90,90,90,90,0,Cross-Ply,141212.0,10492.0,10492.0,16925.6,10155.36,16925.6,0.2588,0.2588,0.33136,397.604,75.148632,336.228889,124.617625,0.00568,0.0014,0.003714,0.002001,0.85201,1.636,No Fail,150.0,100.0,40.23,0.0,0.0
461,60.9,0.2,4434,0,90,90,90,90,0,Cross-Ply,141438.5,10503.5,10503.5,16951.3,10170.78,16951.3,0.25865,0.25865,0.33128,454.3,84.879785,383.317762,143.626588,0.00649,0.001593,0.004259,0.002274,0.9735,1.798,No Fail,150.0,100.0,44.34,0.0,0.0
462,61.0,0.2,4662,0,90,90,90,90,0,Cross-Ply,141665.0,10515.0,10515.0,16977.0,10186.2,16977.0,0.2584999999999999,0.2584999999999999,0.3312,488.444,90.334306,411.048827,155.85133,0.006978,0.001705,0.004598,0.002431,1.04667,1.896,No Fail,150.0,100.0,46.62,0.0,0.0
463,61.1,0.2,2581,0,90,90,90,90,0,Cross-Ply,141891.5,10526.5,10526.5,17002.7,10201.62,17002.7,0.2583499999999999,0.2583499999999999,0.3311199999999999,211.41,38.759727,177.377982,68.113768,0.00302,0.000735,0.001998,0.001046,0.45302,1.104,No Fail,150.0,100.0,25.81,0.0,0.0
464,61.2,0.2,3529,0,90,90,90,90,0,Cross-Ply,142118.0,10538.0,10538.0,17028.4,10217.04,17028.4,0.2582,0.2582,0.33104,363.574,66.184297,304.017588,118.330011,0.005194,0.001259,0.003452,0.001788,0.77909,1.539,No Fail,150.0,100.0,35.29,0.0,0.0
465,61.3,0.2,1815,0,90,90,90,90,0,Cross-Ply,142344.5,10549.5,10549.5,17054.1,10232.46,17054.1,0.25805,0.25805,0.33096,98.97,17.918563,82.448124,32.549629,0.001414,0.000341,0.000944,0.000484,0.21208,0.783,FAIL,150.0,100.0,18.15,0.0,0.0
466,61.4,0.2,4116,0,90,90,90,90,0,Cross-Ply,142571.0,10561.0,10561.0,17079.8,10247.88,17079.8,0.2579,0.2579,0.33088,460.382,83.045797,381.953375,153.044385,0.006577,0.001581,0.004413,0.002237,0.98653,1.815,No Fail,150.0,100.0,41.16,0.0,0.0
467,61.5,0.2,1963,0,90,90,90,90,0,Cross-Ply,142797.5,10572.5,10572.5,17105.5,10263.3,17105.5,0.25775,0.25775,0.3308,191.873,34.54593,158.477817,64.484366,0.002741,0.000656,0.001849,0.000926,0.41116,1.048,No Fail,150.0,100.0,19.63,0.0,0.0
468,61.6,0.2,4900,0,90,90,90,90,0,Cross-Ply,143024.0,10584.0,10584.0,17131.2,10278.72,17131.2,0.2576,0.2576,0.33072,531.626,95.712377,436.994481,180.651811,0.007595,0.001811,0.005149,0.00255,1.1392,2.019,No Fail,150.0,100.0,49.0,0.0,0.0
469,61.7,0.2,4697,0,90,90,90,90,0,Cross-Ply,143250.5,10595.5,10595.5,17156.9,10294.14,17156.9,0.25745,0.25745,0.33064,505.958,91.253743,413.768129,173.848087,0.007228,0.001717,0.004926,0.002411,1.0842,1.946,No Fail,150.0,100.0,46.97,0.0,0.0
470,61.8,0.2,2399,0,90,90,90,90,0,Cross-Ply,143477.0,10607.0,10607.0,17182.6,10309.56,17182.6,0.2573,0.2573,0.3305599999999999,163.098,29.521882,132.65614,56.665384,0.00233,0.000551,0.001597,0.000772,0.3495,0.966,FAIL,150.0,100.0,23.99,0.0,0.0
471,61.9,0.2,3186,0,90,90,90,90,0,Cross-Ply,143703.5,10618.5,10618.5,17208.3,10324.98,17208.3,0.25715,0.25715,0.33048,267.755,48.725445,216.531882,94.056011,0.003825,0.000901,0.002636,0.001259,0.57376,1.265,No Fail,150.0,100.0,31.86,0.0,0.0
472,62.0,0.2,4113,0,90,90,90,90,0,Cross-Ply,143930.0,10630.0,10630.0,17234.0,10340.4,17234.0,0.257,0.257,0.3304,392.454,71.922081,315.467388,139.365803,0.005606,0.001316,0.003885,0.001834,0.84097,1.621,No Fail,150.0,100.0,41.13,0.0,0.0
473,62.1,0.2,1903,0,90,90,90,90,0,Cross-Ply,144156.5,10641.5,10641.5,17259.7,10355.82,17259.7,0.25685,0.25685,0.33032,162.498,30.03785,129.801006,58.323915,0.002321,0.000543,0.001618,0.000754,0.34821,0.964,FAIL,150.0,100.0,19.03,0.0,0.0
474,62.2,0.2,1993,0,90,90,90,90,0,Cross-Ply,144383.0,10653.0,10653.0,17285.4,10371.24,17285.4,0.2567,0.2567,0.33024,91.928,17.165624,72.951209,33.340001,0.001313,0.000306,0.000921,0.000424,0.19699,0.763,FAIL,150.0,100.0,19.93,0.0,0.0
475,62.3,0.2,4510,0,90,90,90,90,0,Cross-Ply,144609.5,10664.5,10664.5,17311.1,10386.659999999998,17311.1,0.25655,0.25655,0.33016,423.807,80.049604,334.045519,155.26361,0.006054,0.001405,0.00427,0.001941,0.90816,1.711,No Fail,150.0,100.0,45.1,0.0,0.0
476,62.4,0.2,4930,0,90,90,90,90,0,Cross-Ply,144836.0,10676.0,10676.0,17336.8,10402.08,17336.8,0.2564,0.2564,0.33008,511.137,97.776629,400.068384,189.088571,0.007302,0.001689,0.00518,0.002326,1.09529,1.96,No Fail,150.0,100.0,49.3,0.0,0.0
477,62.5,0.2,4316,0,90,90,90,90,0,Cross-Ply,145062.5,10687.5,10687.5,17362.5,10417.5,17362.5,0.25625,0.25625,0.33,398.04,77.195758,309.313134,148.628889,0.005686,0.001311,0.004058,0.001799,0.85294,1.637,No Fail,150.0,100.0,43.16,0.0,0.0
478,62.6,0.2,4267,0,90,90,90,90,0,Cross-Ply,145289.0,10699.0,10699.0,17388.2,10432.92,17388.2,0.2561,0.2561,0.32992,471.013,92.696401,363.332175,177.443888,0.006729,0.001546,0.00483,0.002115,1.00931,1.846,No Fail,150.0,100.0,42.67,0.0,0.0
479,62.7,0.2,3378,0,90,90,90,90,0,Cross-Ply,145515.5,10710.5,10710.5,17413.9,10448.34,17413.9,0.25595,0.25595,0.32984,400.059,79.954316,306.28703,151.981,0.005715,0.001309,0.004126,0.001785,0.85727,1.643,No Fail,150.0,100.0,33.78,0.0,0.0
480,62.8,0.2,3855,0,90,90,90,90,0,Cross-Ply,145742.0,10722.0,10722.0,17439.6,10463.759999999998,17439.6,0.2558,0.2558,0.32976,404.815,82.208524,307.566582,154.998765,0.005783,0.00132,0.0042,0.001794,0.86746,1.657,No Fail,150.0,100.0,38.55,0.0,0.0
481,62.9,0.2,3546,0,90,90,90,90,0,Cross-Ply,145968.5,10733.5,10733.5,17465.3,10479.179999999998,17465.3,0.25565,0.25565,0.32968,335.318,69.222041,252.797241,129.327064,0.00479,0.00109,0.003499,0.001477,0.71854,1.458,No Fail,150.0,100.0,35.46,0.0,0.0
482,63.0,0.2,4791,0,90,90,90,90,0,Cross-Ply,146195.0,10745.0,10745.0,17491.0,10494.6,17491.0,0.2555,0.2555,0.3296,479.856,100.726207,358.942726,186.314026,0.006855,0.001555,0.005035,0.0021,1.02826,1.871,No Fail,150.0,100.0,47.91,0.0,0.0
483,63.1,0.2,2318,0,90,90,90,90,0,Cross-Ply,146421.5,10756.5,10756.5,17516.7,10510.02,17516.7,0.2553499999999999,0.2553499999999999,0.32952,247.724,52.880358,183.847713,96.768485,0.003539,0.000801,0.002614,0.001077,0.53084,1.208,No Fail,150.0,100.0,23.18,0.0,0.0
484,63.2,0.2,4595,0,90,90,90,90,0,Cross-Ply,146648.0,10768.0,10768.0,17542.4,10525.44,17542.4,0.2552,0.2552,0.3294399999999999,559.213,121.390807,411.748609,219.630613,0.007989,0.001803,0.005934,0.002418,1.19831,2.098,No Fail,150.0,100.0,45.95,0.0,0.0
485,63.3,0.2,4703,0,90,90,90,90,0,Cross-Ply,146874.5,10779.5,10779.5,17568.1,10540.86,17568.1,0.25505,0.25505,0.32936,502.742,110.95922,367.253184,198.389979,0.007182,0.001616,0.005363,0.00216,1.07731,1.936,No Fail,150.0,100.0,47.03,0.0,0.0
486,63.4,0.2,1721,0,90,90,90,90,0,Cross-Ply,147101.0,10791.0,10791.0,17593.8,10556.28,17593.8,0.2549,0.2549,0.32928,153.986,34.544594,111.604113,61.01209,0.0022,0.000494,0.001651,0.000658,0.32997,0.94,FAIL,150.0,100.0,17.21,0.0,0.0
487,63.5,0.2,4683,0,90,90,90,90,0,Cross-Ply,147327.5,10802.5,10802.5,17619.5,10571.7,17619.5,0.25475,0.25475,0.3292,465.388,106.074954,334.671133,185.013889,0.006648,0.001489,0.005016,0.001977,0.99726,1.83,No Fail,150.0,100.0,46.83,0.0,0.0
488,63.6,0.2,2929,0,90,90,90,90,0,Cross-Ply,147554.0,10814.0,10814.0,17645.2,10587.12,17645.2,0.2546,0.2546,0.3291199999999999,302.744,70.071484,216.033437,120.672425,0.004325,0.000967,0.00328,0.001279,0.64874,1.365,No Fail,150.0,100.0,29.29,0.0,0.0
489,63.7,0.2,4812,0,90,90,90,90,0,Cross-Ply,147780.5,10825.5,10825.5,17670.9,10602.54,17670.9,0.25445,0.25445,0.32904,572.722,134.524696,405.58581,228.720066,0.008182,0.001825,0.006234,0.002407,1.22726,2.136,No Fail,150.0,100.0,48.12,0.0,0.0
490,63.8,0.2,3224,0,90,90,90,90,0,Cross-Ply,148007.0,10837.0,10837.0,17696.6,10617.96,17696.6,0.2542999999999999,0.2542999999999999,0.32896,341.416,81.323784,239.982874,136.5066,0.004877,0.001085,0.003733,0.001428,0.73161,1.475,No Fail,150.0,100.0,32.24,0.0,0.0
491,63.9,0.2,4605,0,90,90,90,90,0,Cross-Ply,148233.5,10848.5,10848.5,17722.3,10633.38,17722.3,0.25415,0.25415,0.32888,551.084,133.006519,384.546347,220.432962,0.007873,0.001749,0.006053,0.002294,1.1809,2.075,No Fail,150.0,100.0,46.05,0.0,0.0
492,64.0,0.2,3088,0,90,90,90,90,0,Cross-Ply,148460.0,10860.0,10860.0,17748.0,10648.8,17748.0,0.254,0.254,0.3288,345.676,84.461349,239.510512,138.227928,0.004938,0.001095,0.003813,0.001432,0.74073,1.488,No Fail,150.0,100.0,30.88,0.0,0.0
493,64.1,0.2,4101,0,90,90,90,90,0,Cross-Ply,148686.49999999997,10871.499999999998,10871.499999999998,17773.699999999997,10664.219999999998,17773.699999999997,0.25385,0.25385,0.32872,408.827,101.028574,281.333971,163.310213,0.00584,0.001293,0.004527,0.001686,0.87606,1.668,No Fail,150.0,100.0,41.01,0.0,0.0
494,64.2,0.2,2967,0,90,90,90,90,0,Cross-Ply,148913.0,10883.0,10883.0,17799.4,10679.64,17799.4,0.2537,0.2537,0.32864,222.768,55.619734,152.292361,88.829013,0.003182,0.000704,0.002476,0.000915,0.47736,1.136,No Fail,150.0,100.0,29.67,0.0,0.0
495,64.3,0.2,2041,0,90,90,90,90,0,Cross-Ply,149139.5,10894.5,10894.5,17825.1,10695.06,17825.1,0.25355,0.25355,0.3285599999999999,127.41,32.105786,86.556441,50.677797,0.00182,0.000402,0.001421,0.000521,0.27302,0.864,FAIL,150.0,100.0,20.41,0.0,0.0
496,64.4,0.2,1847,0,90,90,90,90,0,Cross-Ply,149366.0,10906.0,10906.0,17850.8,10710.48,17850.8,0.2533999999999999,0.2533999999999999,0.32848,144.983,36.830922,97.909188,57.481948,0.002071,0.000457,0.001623,0.000591,0.31068,0.914,FAIL,150.0,100.0,18.47,0.0,0.0
497,64.5,0.2,2928,0,90,90,90,90,0,Cross-Ply,149592.5,10917.5,10917.5,17876.5,10725.9,17876.5,0.25325,0.25325,0.3284,277.956,71.102041,186.65709,109.770074,0.003971,0.000875,0.003122,0.00113,0.59562,1.294,No Fail,150.0,100.0,29.28,0.0,0.0
498,64.6,0.2,1615,0,90,90,90,90,0,Cross-Ply,149818.99999999997,10928.999999999998,10928.999999999998,17902.199999999997,10741.319999999998,17902.199999999997,0.2531,0.2531,0.32832,60.0,15.436477,40.081549,23.585904,0.000857,0.000189,0.000676,0.000243,0.12857,0.671,FAIL,150.0,100.0,16.15,0.0,0.0
499,64.7,0.2,3052,0,90,90,90,90,0,Cross-Ply,150045.5,10940.5,10940.5,17927.9,10756.74,17927.9,0.25295,0.25295,0.32824,309.933,80.098516,206.043619,121.190938,0.004428,0.000975,0.0035,0.001252,0.66414,1.386,No Fail,150.0,100.0,30.52,0.0,0.0
500,64.8,0.2,4494,0,90,90,90,90,0,Cross-Ply,150272.0,10952.0,10952.0,17953.6,10772.159999999998,17953.6,0.2528,0.2528,0.32816,423.745,109.870411,280.464081,164.711808,0.006053,0.001332,0.004796,0.001708,0.90802,1.711,No Fail,150.0,100.0,44.94,0.0,0.0
501,64.9,0.2,3900,45,-45,45,-45,45,-45,Angle-Ply,150498.5,10963.5,10963.5,17979.3,10787.58,17979.3,0.25265,0.25265,0.32808,374.457,97.286146,246.858619,144.599606,0.005349,0.001177,0.004247,0.001506,0.80241,1.57,No Fail,150.0,100.0,39.0,0.0,0.0
502,65.0,0.2,4922,45,-45,45,-45,45,-45,Angle-Ply,150725.0,10975.0,10975.0,18005.0,10803.0,18005.0,0.2525,0.2525,0.3279999999999999,436.822,113.57321,286.962556,167.476396,0.00624,0.001373,0.004964,0.001754,0.93605,1.748,No Fail,150.0,100.0,49.22,0.0,0.0
503,40.0,0.2,2893,45,-45,45,-45,45,-45,Angle-Ply,94100.0,8100.0,8100.0,11580.0,6948.0,11580.0,0.29,0.29,0.348,237.76,61.784647,155.719163,90.453192,0.003397,0.000747,0.002707,0.000953,0.50949,1.179,No Fail,150.0,100.0,28.93,0.0,0.0
504,40.1,0.2,1928,45,-45,45,-45,45,-45,Angle-Ply,94326.5,8111.5,8111.5,11605.7,6963.42,11605.7,0.28985,0.28985,0.34792,151.677,39.34422,99.0878,57.227848,0.002167,0.000477,0.001729,0.000608,0.32502,0.933,FAIL,150.0,100.0,19.28,0.0,0.0
505,40.2,0.2,3092,45,-45,45,-45,45,-45,Angle-Ply,94553.0,8123.0,8123.0,11631.4,6978.839999999999,11631.4,0.2897,0.2897,0.34784,206.296,53.348718,134.495752,77.154909,0.002947,0.000649,0.002354,0.000826,0.44206,1.089,No Fail,150.0,100.0,30.92,0.0,0.0
506,40.3,0.2,3746,45,-45,45,-45,45,-45,Angle-Ply,94779.5,8134.499999999999,8134.499999999999,11657.1,6994.26,11657.1,0.28955,0.28955,0.3477599999999999,296.985,76.471254,193.327712,110.050548,0.004243,0.000935,0.003392,0.001188,0.6364,1.349,No Fail,150.0,100.0,37.46,0.0,0.0
507,40.4,0.2,1575,45,-45,45,-45,45,-45,Angle-Ply,95006.0,8146.0,8146.0,11682.8,7009.679999999999,11682.8,0.2894,0.2894,0.34768,69.581,17.817713,45.250141,25.535947,0.000994,0.000219,0.000795,0.000278,0.1491,0.699,FAIL,150.0,100.0,15.75,0.0,0.0
508,40.5,0.2,2352,45,-45,45,-45,45,-45,Angle-Ply,95232.5,8157.5,8157.5,11708.5,7025.099999999999,11708.5,0.28925,0.28925,0.3476,133.095,33.853138,86.514855,48.357692,0.001901,0.000419,0.001521,0.000532,0.2852,0.88,FAIL,150.0,100.0,23.52,0.0,0.0
509,40.6,0.2,3476,45,-45,45,-45,45,-45,Angle-Ply,95459.0,8169.0,8169.0,11734.2,7040.52,11734.2,0.2890999999999999,0.2890999999999999,0.34752,325.811,82.218773,211.799718,117.158205,0.004654,0.001028,0.003723,0.001304,0.69817,1.431,No Fail,150.0,100.0,34.76,0.0,0.0
510,40.7,0.2,4178,45,-45,45,-45,45,-45,Angle-Ply,95685.5,8180.5,8180.5,11759.9,7055.94,11759.9,0.28895,0.28895,0.3474399999999999,407.82,101.988395,265.27096,145.098311,0.005826,0.001288,0.004659,0.001634,0.8739,1.665,No Fail,150.0,100.0,41.78,0.0,0.0
511,40.8,0.2,2256,45,-45,45,-45,45,-45,Angle-Ply,95912.0,8192.0,8192.0,11785.6,7071.36,11785.6,0.2888,0.2888,0.34736,185.257,45.863002,120.638773,65.202396,0.002647,0.000586,0.002116,0.000743,0.39698,1.029,No Fail,150.0,100.0,22.56,0.0,0.0
512,40.9,0.2,2650,45,-45,45,-45,45,-45,Angle-Ply,96138.5,8203.5,8203.5,11811.3,7086.78,11811.3,0.2886499999999999,0.2886499999999999,0.34728,156.268,38.257356,101.929642,54.398648,0.002232,0.000495,0.001782,0.000628,0.33486,0.946,FAIL,150.0,100.0,26.5,0.0,0.0
513,41.0,0.2,4652,45,-45,45,-45,45,-45,Angle-Ply,96365.0,8215.0,8215.0,11837.0,7102.2,11837.0,0.2885,0.2885,0.3472,450.465,108.953328,294.464623,155.084833,0.006435,0.001429,0.005133,0.001813,0.96528,1.787,No Fail,150.0,100.0,46.52,0.0,0.0
514,41.1,0.2,4504,45,-45,45,-45,45,-45,Angle-Ply,96591.5,8226.5,8226.5,11862.7,7117.62,11862.7,0.28835,0.28835,0.34712,450.171,107.472775,295.059758,153.272881,0.006431,0.001431,0.005122,0.001816,0.96465,1.786,No Fail,150.0,100.0,45.04,0.0,0.0
515,41.2,0.2,1955,45,-45,45,-45,45,-45,Angle-Ply,96818.0,8238.0,8238.0,11888.4,7133.04,11888.4,0.2882,0.2882,0.34704,159.511,37.557186,104.880927,53.712642,0.002279,0.000508,0.001812,0.000645,0.34181,0.956,FAIL,150.0,100.0,19.55,0.0,0.0
516,41.3,0.2,2111,45,-45,45,-45,45,-45,Angle-Ply,97044.5,8249.5,8249.5,11914.1,7148.46,11914.1,0.28805,0.28805,0.3469599999999999,164.889,38.260635,108.812113,54.919208,0.002356,0.000526,0.00187,0.000669,0.35333,0.971,FAIL,150.0,100.0,21.11,0.0,0.0
517,41.4,0.2,1590,45,-45,45,-45,45,-45,Angle-Ply,97271.0,8261.0,8261.0,11939.8,7163.879999999999,11939.8,0.2879,0.2879,0.34688,64.351,14.705879,42.640189,21.203815,0.000919,0.000206,0.000728,0.000262,0.13789,0.684,FAIL,150.0,100.0,15.9,0.0,0.0
518,41.5,0.2,4265,45,-45,45,-45,45,-45,Angle-Ply,97497.5,8272.5,8272.5,11965.5,7179.3,11965.5,0.28775,0.28775,0.3468,423.009,95.152882,281.566959,137.92566,0.006043,0.001356,0.004774,0.001727,0.90645,1.709,No Fail,150.0,100.0,42.65,0.0,0.0
519,41.6,0.2,2633,45,-45,45,-45,45,-45,Angle-Ply,97724.0,8284.0,8284.0,11991.200000000004,7194.720000000001,11991.200000000004,0.2875999999999999,0.2875999999999999,0.34672,222.689,49.285304,148.963463,71.874214,0.003181,0.000716,0.002506,0.000913,0.47719,1.136,No Fail,150.0,100.0,26.33,0.0,0.0
520,41.7,0.2,1683,45,-45,45,-45,45,-45,Angle-Ply,97950.5,8295.5,8295.5,12016.9,7210.14,12016.9,0.28745,0.28745,0.34664,126.988,27.643276,85.401038,40.587232,0.001814,0.000409,0.001425,0.000522,0.27212,0.863,FAIL,150.0,100.0,16.83,0.0,0.0
521,41.8,0.2,3341,45,-45,45,-45,45,-45,Angle-Ply,98177.0,8307.0,8307.0,12042.6,7225.56,12042.6,0.2873,0.2873,0.34656,244.755,52.394325,165.543195,77.502429,0.003496,0.000791,0.002737,0.001011,0.52447,1.199,No Fail,150.0,100.0,33.41,0.0,0.0
522,41.9,0.2,3167,45,-45,45,-45,45,-45,Angle-Ply,98403.5,8318.5,8318.5,12068.3,7240.98,12068.3,0.2871499999999999,0.2871499999999999,0.3464799999999999,225.489,47.465827,153.438006,70.778452,0.003221,0.000731,0.002513,0.000936,0.48319,1.144,No Fail,150.0,100.0,31.67,0.0,0.0
523,42.0,0.2,3296,45,-45,45,-45,45,-45,Angle-Ply,98630.0,8330.0,8330.0,12094.0,7256.4,12094.0,0.287,0.287,0.3464,235.978,48.850625,161.600866,73.468895,0.003371,0.000767,0.002621,0.000984,0.50567,1.174,No Fail,150.0,100.0,32.96,0.0,0.0
524,42.1,0.2,3263,45,-45,45,-45,45,-45,Angle-Ply,98856.5,8341.5,8341.5,12119.700000000004,7271.8200000000015,12119.700000000004,0.28685,0.28685,0.3463199999999999,304.673,62.04131,210.036762,94.148754,0.004352,0.000993,0.00337,0.001277,0.65287,1.37,No Fail,150.0,100.0,32.63,0.0,0.0
525,42.2,0.2,1652,45,-45,45,-45,45,-45,Angle-Ply,99083.0,8353.0,8353.0,12145.4,7287.240000000001,12145.4,0.2867,0.2867,0.34624,60.0,12.023197,41.649892,18.416159,0.000857,0.000196,0.000661,0.000253,0.12857,0.671,FAIL,150.0,100.0,16.52,0.0,0.0
526,42.3,0.2,4534,45,-45,45,-45,45,-45,Angle-Ply,99309.5,8364.5,8364.5,12171.1,7302.66,12171.1,0.2865499999999999,0.2865499999999999,0.3461599999999999,369.13,72.830364,258.073052,112.625589,0.005273,0.001211,0.004049,0.001563,0.79099,1.555,No Fail,150.0,100.0,45.34,0.0,0.0
527,42.4,0.2,3103,45,-45,45,-45,45,-45,Angle-Ply,99536.0,8376.0,8376.0,12196.8,7318.079999999999,12196.8,0.2864,0.2864,0.34608,242.823,47.206331,171.017418,73.709242,0.003469,0.000799,0.002652,0.001034,0.52034,1.194,No Fail,150.0,100.0,31.03,0.0,0.0
528,42.5,0.2,1713,45,-45,45,-45,45,-45,Angle-Ply,99762.5,8387.5,8387.5,12222.5,7333.5,12222.5,0.28625,0.28625,0.346,60.0,11.503278,42.575774,18.135986,0.000857,0.000198,0.000652,0.000257,0.12857,0.671,FAIL,150.0,100.0,17.13,0.0,0.0
529,42.6,0.2,2906,45,-45,45,-45,45,-45,Angle-Ply,99989.0,8399.0,8399.0,12248.2,7348.92,12248.2,0.2861,0.2861,0.34592,226.081,42.790309,161.657829,68.110036,0.00323,0.000749,0.002446,0.000974,0.48446,1.146,No Fail,150.0,100.0,29.06,0.0,0.0
530,42.7,0.2,3216,45,-45,45,-45,45,-45,Angle-Ply,100215.5,8410.5,8410.5,12273.9,7364.340000000001,12273.9,0.28595,0.28595,0.34584,237.223,44.377809,170.945833,71.297261,0.003389,0.000789,0.002554,0.001028,0.50834,1.178,No Fail,150.0,100.0,32.16,0.0,0.0
531,42.8,0.2,1757,45,-45,45,-45,45,-45,Angle-Ply,100442.0,8422.0,8422.0,12299.6,7379.76,12299.6,0.2858,0.2858,0.34576,60.0,11.108782,43.576955,18.007659,0.000857,0.0002,0.000642,0.000262,0.12857,0.671,FAIL,150.0,100.0,17.57,0.0,0.0
532,42.9,0.2,3629,45,-45,45,-45,45,-45,Angle-Ply,100668.5,8433.5,8433.5,12325.3,7395.179999999999,12325.3,0.2856499999999999,0.2856499999999999,0.34568,347.211,63.716157,254.170544,104.163558,0.00496,0.001164,0.003699,0.001523,0.74402,1.492,No Fail,150.0,100.0,36.29,0.0,0.0
533,43.0,0.2,2463,45,-45,45,-45,45,-45,Angle-Ply,100895.0,8445.0,8445.0,12351.0,7410.599999999999,12351.0,0.2855,0.2855,0.3456,222.862,40.599202,164.438551,66.896383,0.003184,0.00075,0.002361,0.000984,0.47756,1.137,No Fail,150.0,100.0,24.63,0.0,0.0
534,43.1,0.2,3419,45,-45,45,-45,45,-45,Angle-Ply,101121.5,8456.5,8456.5,12376.7,7426.02,12376.7,0.28535,0.28535,0.34552,264.906,47.987144,197.012083,79.639495,0.003784,0.000895,0.002791,0.001177,0.56766,1.257,No Fail,150.0,100.0,34.19,0.0,0.0
535,43.2,0.2,4981,45,-45,45,-45,45,-45,Angle-Ply,101348.0,8468.0,8468.0,12402.4,7441.44,12402.4,0.2852,0.2852,0.3454399999999999,466.849,84.24037,349.942456,140.702923,0.006669,0.001583,0.004891,0.002088,1.00039,1.834,No Fail,150.0,100.0,49.81,0.0,0.0
536,43.3,0.2,3088,45,-45,45,-45,45,-45,Angle-Ply,101574.5,8479.5,8479.5,12428.1,7456.86,12428.1,0.2850499999999999,0.2850499999999999,0.34536,240.204,43.253057,181.465342,72.64525,0.003431,0.000818,0.002502,0.001081,0.51472,1.186,No Fail,150.0,100.0,30.88,0.0,0.0
537,43.4,0.2,1847,45,-45,45,-45,45,-45,Angle-Ply,101801.0,8491.0,8491.0,12453.8,7472.279999999999,12453.8,0.2849,0.2849,0.34528,98.103,17.660623,74.688186,29.799353,0.001401,0.000335,0.001016,0.000444,0.21022,0.78,FAIL,150.0,100.0,18.47,0.0,0.0
538,43.5,0.2,4485,45,-45,45,-45,45,-45,Angle-Ply,102027.5,8502.5,8502.5,12479.5,7487.7,12479.5,0.28475,0.28475,0.3451999999999999,372.563,67.174836,285.810117,113.763445,0.005322,0.001278,0.003837,0.0017,0.79835,1.564,No Fail,150.0,100.0,44.85,0.0,0.0
539,43.6,0.2,4191,45,-45,45,-45,45,-45,Angle-Ply,102254.0,8514.0,8514.0,12505.2,7503.12,12505.2,0.2846,0.2846,0.34512,346.369,62.66365,267.711366,106.409901,0.004948,0.001193,0.003546,0.001591,0.74222,1.49,No Fail,150.0,100.0,41.91,0.0,0.0
540,43.7,0.2,2253,45,-45,45,-45,45,-45,Angle-Ply,102480.5,8525.5,8525.5,12530.9,7518.540000000001,12530.9,0.28445,0.28445,0.34504,129.428,23.536468,100.771474,40.036005,0.001849,0.000448,0.001317,0.000598,0.27735,0.87,FAIL,150.0,100.0,22.53,0.0,0.0
541,43.8,0.2,2300,45,-45,45,-45,45,-45,Angle-Ply,102707.0,8537.0,8537.0,12556.6,7533.959999999999,12556.6,0.2843,0.2843,0.34496,163.603,29.955544,128.293397,50.992722,0.002337,0.000568,0.001655,0.000761,0.35058,0.967,FAIL,150.0,100.0,23.0,0.0,0.0
542,43.9,0.2,3087,45,-45,45,-45,45,-45,Angle-Ply,102933.5,8548.5,8548.5,12582.3,7549.379999999999,12582.3,0.2841499999999999,0.2841499999999999,0.3448799999999999,260.818,48.160785,205.952579,81.966688,0.003726,0.00091,0.002624,0.001222,0.5589,1.245,No Fail,150.0,100.0,30.87,0.0,0.0
543,44.0,0.2,1833,45,-45,45,-45,45,-45,Angle-Ply,103160.0,8560.0,8560.0,12608.0,7564.799999999999,12608.0,0.284,0.284,0.3448,117.016,21.823322,93.024178,37.101223,0.001672,0.00041,0.00117,0.000552,0.25075,0.834,FAIL,150.0,100.0,18.33,0.0,0.0
544,44.1,0.2,3828,45,-45,45,-45,45,-45,Angle-Ply,103386.5,8571.5,8571.5,12633.7,7580.22,12633.7,0.2838499999999999,0.2838499999999999,0.3447199999999999,331.32,62.493935,265.103354,106.038722,0.004733,0.001165,0.003294,0.001573,0.70997,1.447,No Fail,150.0,100.0,38.28,0.0,0.0
545,44.2,0.2,2034,45,-45,45,-45,45,-45,Angle-Ply,103613.0,8583.0,8583.0,12659.4,7595.639999999999,12659.4,0.2837,0.2837,0.34464,143.273,27.365527,115.355205,46.307919,0.002047,0.000506,0.001417,0.000685,0.30701,0.909,FAIL,150.0,100.0,20.34,0.0,0.0
546,44.3,0.2,1735,45,-45,45,-45,45,-45,Angle-Ply,103839.5,8594.5,8594.5,12685.1,7611.059999999999,12685.1,0.28355,0.28355,0.34456,60.0,11.617426,48.5971,19.592296,0.000857,0.000213,0.00059,0.000289,0.12857,0.671,FAIL,150.0,100.0,17.35,0.0,0.0
547,44.4,0.2,1826,45,-45,45,-45,45,-45,Angle-Ply,104066.0,8606.0,8606.0,12710.8,7626.48,12710.8,0.2834,0.2834,0.34448,71.41,14.029401,58.167249,23.565352,0.00102,0.000254,0.000698,0.000346,0.15302,0.704,FAIL,150.0,100.0,18.26,0.0,0.0
548,44.5,0.2,4086,45,-45,45,-45,45,-45,Angle-Ply,104292.5,8617.5,8617.5,12736.5,7641.9,12736.5,0.28325,0.28325,0.3444,394.836,78.768208,323.343665,131.709978,0.005641,0.001412,0.003839,0.001923,0.84608,1.628,No Fail,150.0,100.0,40.86,0.0,0.0
549,44.6,0.2,3447,45,-45,45,-45,45,-45,Angle-Ply,104519.0,8629.0,8629.0,12762.2,7657.32,12762.2,0.2831,0.2831,0.34432,248.637,50.398389,204.64601,83.855149,0.003552,0.000893,0.002405,0.001219,0.53279,1.21,No Fail,150.0,100.0,34.47,0.0,0.0
550,44.7,0.2,3466,45,-45,45,-45,45,-45,Angle-Ply,104745.5,8640.5,8640.5,12787.9,7672.74,12787.9,0.28295,0.28295,0.34424,274.941,56.65,227.364799,93.758327,0.003928,0.000992,0.002645,0.001356,0.58916,1.286,No Fail,150.0,100.0,34.66,0.0,0.0
551,44.8,0.2,1928,45,-45,45,-45,45,-45,Angle-Ply,104972.0,8652.0,8652.0,12813.6,7688.159999999999,12813.6,0.2828,0.2828,0.34416,136.602,28.618803,113.458804,47.10295,0.001951,0.000495,0.001307,0.000677,0.29272,0.89,FAIL,150.0,100.0,19.28,0.0,0.0
552,44.9,0.2,3829,45,-45,45,-45,45,-45,Angle-Ply,105198.5,8663.5,8663.5,12839.3,7703.579999999999,12839.3,0.2826499999999999,0.2826499999999999,0.3440799999999999,339.31,72.290837,282.957906,118.30243,0.004847,0.001234,0.003233,0.001693,0.72709,1.469,No Fail,150.0,100.0,38.29,0.0,0.0
553,45.0,0.2,4538,45,-45,45,-45,45,-45,Angle-Ply,105425.0,8675.0,8675.0,12865.0,7719.0,12865.0,0.2825,0.2825,0.344,373.108,80.836584,312.281446,131.520883,0.00533,0.001362,0.003538,0.001872,0.79952,1.566,No Fail,150.0,100.0,45.38,0.0,0.0
554,45.1,0.2,4889,45,-45,45,-45,45,-45,Angle-Ply,105651.5,8686.5,8686.5,12890.7,7734.42,12890.7,0.28235,0.28235,0.34392,414.18,91.239625,347.79701,147.585172,0.005917,0.001518,0.003911,0.00209,0.88753,1.683,No Fail,150.0,100.0,48.89,0.0,0.0
555,45.2,0.2,2731,45,-45,45,-45,45,-45,Angle-Ply,105878.0,8698.0,8698.0,12916.4,7749.839999999999,12916.4,0.2822,0.2822,0.34384,194.078,43.457918,163.445678,69.892089,0.002773,0.000714,0.001825,0.000985,0.41588,1.055,No Fail,150.0,100.0,27.31,0.0,0.0
556,45.3,0.2,2245,45,-45,45,-45,45,-45,Angle-Ply,106104.5,8709.5,8709.5,12942.1,7765.259999999998,12942.1,0.28205,0.28205,0.34376,144.0,32.762527,121.57728,52.395343,0.002057,0.000532,0.001349,0.000734,0.30857,0.911,FAIL,150.0,100.0,22.45,0.0,0.0
557,45.4,0.2,2285,45,-45,45,-45,45,-45,Angle-Ply,106331.0,8721.0,8721.0,12967.799999999996,7780.6799999999985,12967.799999999996,0.2819,0.2819,0.34368,139.837,32.30978,118.313608,51.391138,0.001998,0.000519,0.001305,0.000717,0.29965,0.9,FAIL,150.0,100.0,22.85,0.0,0.0
558,45.5,0.2,4459,45,-45,45,-45,45,-45,Angle-Ply,106557.5,8732.5,8732.5,12993.5,7796.099999999999,12993.5,0.28175,0.28175,0.3436,433.864,101.740012,367.719494,160.987314,0.006198,0.001615,0.004035,0.002234,0.92971,1.74,No Fail,150.0,100.0,44.59,0.0,0.0
559,45.6,0.2,4169,45,-45,45,-45,45,-45,Angle-Ply,106784.0,8744.0,8744.0,13019.2,7811.52,13019.2,0.2816,0.2816,0.34352,374.568,89.080534,317.885129,140.267329,0.005351,0.001399,0.003472,0.001938,0.80265,1.57,No Fail,150.0,100.0,41.69,0.0,0.0
560,45.7,0.2,4325,45,-45,45,-45,45,-45,Angle-Ply,107010.5,8755.5,8755.5,13044.9,7826.94,13044.9,0.28145,0.28145,0.3434399999999999,369.127,88.959409,313.557086,139.439815,0.005273,0.001384,0.003412,0.001918,0.79099,1.555,No Fail,150.0,100.0,43.25,0.0,0.0
561,45.8,0.2,4911,45,-45,45,-45,45,-45,Angle-Ply,107237.0,8767.0,8767.0,13070.6,7842.359999999999,13070.6,0.2813,0.2813,0.34336,403.102,98.358273,342.594896,153.529285,0.005759,0.001517,0.003717,0.002104,0.86379,1.652,No Fail,150.0,100.0,49.11,0.0,0.0
562,45.9,0.2,3648,45,-45,45,-45,45,-45,Angle-Ply,107463.5,8778.5,8778.5,13096.299999999996,7857.779999999998,13096.299999999996,0.28115,0.28115,0.34328,269.541,66.52519,229.107474,103.450078,0.003851,0.001018,0.00248,0.001413,0.57759,1.27,No Fail,150.0,100.0,36.48,0.0,0.0
563,46.0,0.2,1592,45,-45,45,-45,45,-45,Angle-Ply,107690.0,8790.0,8790.0,13122.0,7873.2,13122.0,0.281,0.281,0.3432,66.512,16.58766,56.517919,25.709038,0.00095,0.000252,0.000611,0.00035,0.14253,0.69,FAIL,150.0,100.0,15.92,0.0,0.0
564,46.1,0.2,4403,45,-45,45,-45,45,-45,Angle-Ply,107916.5,8801.5,8801.5,13147.7,7888.62,13147.7,0.2808499999999999,0.2808499999999999,0.34312,339.195,85.387272,288.025455,131.963032,0.004846,0.001289,0.00311,0.001791,0.72685,1.469,No Fail,150.0,100.0,44.03,0.0,0.0
565,46.2,0.2,2131,45,-45,45,-45,45,-45,Angle-Ply,108143.0,8813.0,8813.0,13173.4,7904.039999999999,13173.4,0.2807,0.2807,0.34304,165.313,41.958841,140.219344,64.692287,0.002362,0.00063,0.001514,0.000876,0.35424,0.972,FAIL,150.0,100.0,21.31,0.0,0.0
566,46.3,0.2,2581,45,-45,45,-45,45,-45,Angle-Ply,108369.5,8824.5,8824.5,13199.1,7919.46,13199.1,0.28055,0.28055,0.34296,166.905,42.663378,141.356266,65.65577,0.002384,0.000638,0.001527,0.000887,0.35765,0.977,FAIL,150.0,100.0,25.81,0.0,0.0
567,46.4,0.2,1521,45,-45,45,-45,45,-45,Angle-Ply,108596.0,8836.0,8836.0,13224.8,7934.879999999999,13224.8,0.2804,0.2804,0.34288,91.607,23.554066,77.436543,36.199016,0.001309,0.000352,0.000838,0.000489,0.1963,0.762,FAIL,150.0,100.0,15.21,0.0,0.0
568,46.5,0.2,3482,45,-45,45,-45,45,-45,Angle-Ply,108822.5,8847.5,8847.5,13250.5,7950.299999999999,13250.5,0.28025,0.28025,0.3428,246.124,63.578829,207.573307,97.630492,0.003516,0.000947,0.00225,0.001316,0.52741,1.203,No Fail,150.0,100.0,34.82,0.0,0.0
569,46.6,0.2,1997,45,-45,45,-45,45,-45,Angle-Ply,109049.0,8859.0,8859.0,13276.2,7965.72,13276.2,0.2801,0.2801,0.34272,136.344,35.34082,114.679231,54.252961,0.001948,0.000526,0.001247,0.000731,0.29217,0.89,FAIL,150.0,100.0,19.97,0.0,0.0
570,46.7,0.2,1607,45,-45,45,-45,45,-45,Angle-Ply,109275.5,8870.5,8870.5,13301.9,7981.139999999999,13301.9,0.27995,0.27995,0.3426399999999999,69.206,17.97713,58.030638,27.604153,0.000989,0.000268,0.000633,0.000372,0.1483,0.698,FAIL,150.0,100.0,16.07,0.0,0.0
571,46.8,0.2,2253,45,-45,45,-45,45,-45,Angle-Ply,109502.0,8882.0,8882.0,13327.6,7996.559999999999,13327.6,0.2798,0.2798,0.34256,126.74,32.95157,105.908039,50.637363,0.001811,0.000492,0.001161,0.000683,0.27159,0.862,FAIL,150.0,100.0,22.53,0.0,0.0
572,46.9,0.2,2693,45,-45,45,-45,45,-45,Angle-Ply,109728.5,8893.5,8893.5,13353.3,8011.98,13353.3,0.2796499999999999,0.2796499999999999,0.34248,209.517,54.452214,174.412022,83.788436,0.002993,0.000815,0.001921,0.00113,0.44896,1.099,No Fail,150.0,100.0,26.93,0.0,0.0
573,47.0,0.2,4026,45,-45,45,-45,45,-45,Angle-Ply,109955.0,8905.0,8905.0,13379.0,8027.4,13379.0,0.2794999999999999,0.2794999999999999,0.3424,358.798,93.09556,297.435871,143.516389,0.005126,0.001399,0.003294,0.001939,0.76885,1.525,No Fail,150.0,100.0,40.26,0.0,0.0
574,47.1,0.2,3487,45,-45,45,-45,45,-45,Angle-Ply,110181.5,8916.5,8916.5,13404.7,8042.82,13404.7,0.27935,0.27935,0.3423199999999999,256.652,66.398505,211.798462,102.603391,0.003666,0.001003,0.00236,0.001389,0.54997,1.233,No Fail,150.0,100.0,34.87,0.0,0.0
575,47.2,0.2,1684,45,-45,45,-45,45,-45,Angle-Ply,110408.0,8928.0,8928.0,13430.4,8058.24,13430.4,0.2792,0.2792,0.34224,136.711,35.221636,112.271593,54.584065,0.001953,0.000536,0.00126,0.000741,0.29295,0.891,FAIL,150.0,100.0,16.84,0.0,0.0
576,47.3,0.2,3662,45,-45,45,-45,45,-45,Angle-Ply,110634.5,8939.5,8939.5,13456.1,8073.66,13456.1,0.27905,0.27905,0.34216,342.543,87.776763,279.852061,136.491213,0.004893,0.001345,0.003165,0.001857,0.73402,1.479,No Fail,150.0,100.0,36.62,0.0,0.0
577,47.4,0.2,2452,45,-45,45,-45,45,-45,Angle-Ply,110861.0,8951.0,8951.0,13481.8,8089.079999999999,13481.8,0.2789,0.2789,0.34208,156.066,39.729034,126.804048,62.016918,0.00223,0.000614,0.001447,0.000847,0.33443,0.946,FAIL,150.0,100.0,24.52,0.0,0.0
578,47.5,0.2,3200,45,-45,45,-45,45,-45,Angle-Ply,111087.5,8962.5,8962.5,13507.5,8104.5,13507.5,0.27875,0.27875,0.3419999999999999,238.091,60.140685,192.331212,94.28589,0.003401,0.000939,0.002213,0.001292,0.51019,1.18,No Fail,150.0,100.0,32.0,0.0,0.0
579,47.6,0.2,2456,45,-45,45,-45,45,-45,Angle-Ply,111314.0,8974.0,8974.0,13533.200000000004,8119.920000000001,13533.200000000004,0.2786,0.2786,0.34192,181.516,45.443612,145.740697,71.583966,0.002593,0.000717,0.001693,0.000985,0.38896,1.019,No Fail,150.0,100.0,24.56,0.0,0.0
580,47.7,0.2,1898,45,-45,45,-45,45,-45,Angle-Ply,111540.5,8985.5,8985.5,13558.9,8135.34,13558.9,0.27845,0.27845,0.34184,87.489,21.685534,69.801178,34.33631,0.00125,0.000346,0.000819,0.000475,0.18748,0.75,FAIL,150.0,100.0,18.98,0.0,0.0
581,47.8,0.2,2491,45,-45,45,-45,45,-45,Angle-Ply,111767.0,8997.0,8997.0,13584.6,8150.76,13584.6,0.2783,0.2783,0.34176,186.636,45.752989,147.924405,72.845941,0.002666,0.00074,0.001754,0.001013,0.39994,1.033,No Fail,150.0,100.0,24.91,0.0,0.0
582,47.9,0.2,3203,45,-45,45,-45,45,-45,Angle-Ply,111993.5,9008.5,9008.5,13610.3,8166.179999999999,13610.3,0.27815,0.27815,0.34168,236.671,57.325892,186.304904,91.808882,0.003381,0.000939,0.002233,0.001283,0.50715,1.176,No Fail,150.0,100.0,32.03,0.0,0.0
583,48.0,0.2,1659,45,-45,45,-45,45,-45,Angle-Ply,112220.0,9020.0,9020.0,13636.0,8181.599999999999,13636.0,0.278,0.278,0.3416,71.117,17.004517,55.589868,27.401452,0.001016,0.000283,0.000674,0.000385,0.15239,0.703,FAIL,150.0,100.0,16.59,0.0,0.0
584,48.1,0.2,3598,45,-45,45,-45,45,-45,Angle-Ply,112446.5,9031.5,9031.5,13661.700000000004,8197.02,13661.700000000004,0.2778499999999999,0.2778499999999999,0.34152,309.856,73.075511,240.459605,118.512326,0.004427,0.001233,0.002951,0.001677,0.66398,1.385,No Fail,150.0,100.0,35.98,0.0,0.0
585,48.2,0.2,2555,45,-45,45,-45,45,-45,Angle-Ply,112673.0,9043.0,9043.0,13687.4,8212.44,13687.4,0.2777,0.2777,0.34144,239.106,55.57708,184.187034,90.730662,0.003416,0.000952,0.002288,0.001292,0.51237,1.183,No Fail,150.0,100.0,25.55,0.0,0.0
586,48.3,0.2,1980,45,-45,45,-45,45,-45,Angle-Ply,112899.5,9054.5,9054.5,13713.1,8227.86,13713.1,0.27755,0.27755,0.34136,155.061,35.498777,118.54784,58.344198,0.002215,0.000618,0.001491,0.000837,0.33227,0.943,FAIL,150.0,100.0,19.8,0.0,0.0
587,48.4,0.2,2648,45,-45,45,-45,45,-45,Angle-Ply,113126.0,9066.0,9066.0,13738.8,8243.279999999999,13738.8,0.2774,0.2774,0.34128,222.434,50.127228,168.756705,82.949853,0.003178,0.000888,0.00215,0.001198,0.47664,1.136,No Fail,150.0,100.0,26.48,0.0,0.0
588,48.5,0.2,4115,45,-45,45,-45,45,-45,Angle-Ply,113352.5,9077.5,9077.5,13764.5,8258.699999999999,13764.5,0.27725,0.27725,0.3412,407.537,90.366033,306.798081,150.55894,0.005822,0.001627,0.00396,0.002191,0.87329,1.664,No Fail,150.0,100.0,41.15,0.0,0.0
589,48.6,0.2,2831,45,-45,45,-45,45,-45,Angle-Ply,113579.0,9089.0,9089.0,13790.2,8274.12,13790.2,0.2771,0.2771,0.34112,250.743,54.687525,187.287186,91.731468,0.003582,0.001002,0.00245,0.001345,0.53731,1.216,No Fail,150.0,100.0,28.31,0.0,0.0
590,48.7,0.2,3251,45,-45,45,-45,45,-45,Angle-Ply,113805.5,9100.5,9100.5,13815.9,8289.54,13815.9,0.27695,0.27695,0.34104,239.103,51.283402,177.18919,86.5905,0.003416,0.000956,0.002349,0.001279,0.51236,1.183,No Fail,150.0,100.0,32.51,0.0,0.0
591,48.8,0.2,4322,45,-45,45,-45,45,-45,Angle-Ply,114032.0,9112.0,9112.0,13841.6,8304.96,13841.6,0.2768,0.2768,0.34096,340.741,71.865211,250.518934,122.11616,0.004868,0.001363,0.003367,0.001818,0.73016,1.474,No Fail,150.0,100.0,43.22,0.0,0.0
592,48.9,0.2,4516,45,-45,45,-45,45,-45,Angle-Ply,114258.5,9123.5,9123.5,13867.3,8320.38,13867.3,0.2766499999999999,0.2766499999999999,0.34088,443.963,92.082292,323.839595,157.416564,0.006342,0.001776,0.004411,0.002361,0.95135,1.768,No Fail,150.0,100.0,45.16,0.0,0.0
593,49.0,0.2,1566,45,-45,45,-45,45,-45,Angle-Ply,114485.0,9135.0,9135.0,13893.0,8335.8,13893.0,0.2764999999999999,0.2764999999999999,0.3408,128.516,26.219197,93.008519,45.074619,0.001836,0.000514,0.001284,0.000681,0.27539,0.867,FAIL,150.0,100.0,15.66,0.0,0.0
594,49.1,0.2,4517,45,-45,45,-45,45,-45,Angle-Ply,114711.5,9146.5,9146.5,13918.7,8351.22,13918.7,0.27635,0.27635,0.34072,352.392,70.743489,253.047366,122.240365,0.005034,0.001409,0.003542,0.001862,0.75513,1.507,No Fail,150.0,100.0,45.17,0.0,0.0
595,49.2,0.2,3507,45,-45,45,-45,45,-45,Angle-Ply,114938.0,9158.0,9158.0,13944.4,8366.640000000001,13944.4,0.2762,0.2762,0.34064,280.563,55.452839,199.920374,96.250434,0.004008,0.001122,0.002837,0.001477,0.60121,1.302,No Fail,150.0,100.0,35.07,0.0,0.0
596,49.3,0.2,2962,45,-45,45,-45,45,-45,Angle-Ply,115164.5,9169.5,9169.5,13970.1,8382.06,13970.1,0.27605,0.27605,0.34056,207.262,40.359967,146.5719,70.319246,0.002961,0.000829,0.002108,0.001087,0.44413,1.092,No Fail,150.0,100.0,29.62,0.0,0.0
597,49.4,0.2,1573,45,-45,45,-45,45,-45,Angle-Ply,115391.0,9181.0,9181.0,13995.8,8397.48,13995.8,0.2759,0.2759,0.34048,121.445,23.319711,85.24747,40.751577,0.001735,0.000485,0.001243,0.000634,0.26024,0.847,FAIL,150.0,100.0,15.73,0.0,0.0
598,49.5,0.2,4305,45,-45,45,-45,45,-45,Angle-Ply,115617.5,9192.5,9192.5,14021.5,8412.9,14021.5,0.27575,0.27575,0.3404,393.825,74.645305,274.445043,130.718394,0.005626,0.001573,0.004053,0.002048,0.84391,1.625,No Fail,150.0,100.0,43.05,0.0,0.0
599,49.6,0.2,4412,45,-45,45,-45,45,-45,Angle-Ply,115844.0,9204.0,9204.0,14047.2,8428.32,14047.2,0.2756,0.2756,0.3403199999999999,373.748,70.007268,258.626836,122.735518,0.005339,0.001492,0.003869,0.001935,0.80089,1.568,No Fail,150.0,100.0,44.12,0.0,0.0
600,49.7,0.2,1808,45,-45,45,-45,45,-45,Angle-Ply,116070.5,9215.5,9215.5,14072.9,8443.74,14072.9,0.27545,0.27545,0.34024,60.0,11.121212,41.237632,19.4994,0.000857,0.000239,0.000625,0.000309,0.12857,0.671,FAIL,150.0,100.0,18.08,0.0,0.0
601,49.8,0.2,2352,45,-45,45,-45,45,-45,Angle-Ply,116297.0,9227.0,9227.0,14098.6,8459.16,14098.6,0.2753,0.2753,0.34016,126.769,23.285155,86.560762,40.786255,0.001811,0.000505,0.001327,0.00065,0.27165,0.862,FAIL,150.0,100.0,23.52,0.0,0.0
602,49.9,0.2,3334,45,-45,45,-45,45,-45,Angle-Ply,116523.5,9238.5,9238.5,14124.3,8474.58,14124.3,0.27515,0.27515,0.34008,260.46,47.484455,176.744013,82.995787,0.003721,0.001037,0.002743,0.001329,0.55813,1.244,No Fail,150.0,100.0,33.34,0.0,0.0
603,50.0,0.2,2586,45,-45,45,-45,45,-45,Angle-Ply,116750.0,9250.0,9250.0,14150.0,8490.0,14150.0,0.275,0.275,0.3399999999999999,200.541,36.347943,135.283443,63.320856,0.002865,0.000797,0.002124,0.001018,0.42973,1.073,No Fail,150.0,100.0,25.86,0.0,0.0
604,50.1,0.2,2666,45,-45,45,-45,45,-45,Angle-Ply,116976.5,9261.5,9261.5,14175.7,8505.42,14175.7,0.27485,0.27485,0.33992,215.233,38.851479,144.391563,67.379147,0.003075,0.000855,0.002292,0.001087,0.46121,1.115,No Fail,150.0,100.0,26.66,0.0,0.0
605,50.2,0.2,3287,45,-45,45,-45,45,-45,Angle-Ply,117203.0,9273.0,9273.0,14201.4,8520.84,14201.4,0.2747,0.2747,0.33984,300.804,54.173169,200.75797,93.421474,0.004297,0.001193,0.003219,0.00151,0.64458,1.359,No Fail,150.0,100.0,32.87,0.0,0.0
606,50.3,0.2,3285,45,-45,45,-45,45,-45,Angle-Ply,117429.5,9284.5,9284.5,14227.1,8536.26,14227.1,0.27455,0.27455,0.33976,306.447,55.163461,203.552289,94.485646,0.004378,0.001213,0.003297,0.00153,0.65667,1.376,No Fail,150.0,100.0,32.85,0.0,0.0
607,50.4,0.2,2723,45,-45,45,-45,45,-45,Angle-Ply,117656.0,9296.0,9296.0,14252.8,8551.679999999998,14252.8,0.2744,0.2744,0.33968,160.224,28.881222,105.965522,49.080831,0.002289,0.000633,0.001732,0.000795,0.34334,0.958,FAIL,150.0,100.0,27.23,0.0,0.0
608,50.5,0.2,4366,45,-45,45,-45,45,-45,Angle-Ply,117882.5,9307.5,9307.5,14278.5,8567.1,14278.5,0.27425,0.27425,0.3396,357.006,64.55704,235.192194,108.738582,0.0051,0.001408,0.003879,0.001761,0.76501,1.52,No Fail,150.0,100.0,43.66,0.0,0.0
609,50.6,0.2,2327,45,-45,45,-45,45,-45,Angle-Ply,118109.0,9319.0,9319.0,14304.2,8582.52,14304.2,0.2741,0.2741,0.33952,127.286,23.131206,83.568107,38.581883,0.001818,0.000501,0.001389,0.000624,0.27275,0.864,FAIL,150.0,100.0,23.27,0.0,0.0
610,50.7,0.2,2190,45,-45,45,-45,45,-45,Angle-Ply,118335.5,9330.5,9330.5,14329.9,8597.939999999999,14329.9,0.2739499999999999,0.2739499999999999,0.3394399999999999,184.753,33.798633,120.940955,55.779899,0.002639,0.000726,0.002026,0.0009,0.3959,1.028,No Fail,150.0,100.0,21.9,0.0,0.0
611,50.8,0.2,4161,45,-45,45,-45,45,-45,Angle-Ply,118562.0,9342.0,9342.0,14355.6,8613.36,14355.6,0.2738,0.2738,0.33936,348.302,64.247426,227.444571,104.840561,0.004976,0.001366,0.003836,0.001687,0.74636,1.495,No Fail,150.0,100.0,41.61,0.0,0.0
612,50.9,0.2,2120,45,-45,45,-45,45,-45,Angle-Ply,118788.5,9353.5,9353.5,14381.3,8628.779999999999,14381.3,0.2736499999999999,0.2736499999999999,0.33928,122.166,22.756092,79.621195,36.696617,0.001745,0.000478,0.001351,0.000588,0.26178,0.849,FAIL,150.0,100.0,21.2,0.0,0.0
613,51.0,0.2,3229,45,-45,45,-45,45,-45,Angle-Ply,119015.0,9365.0,9365.0,14407.0,8644.199999999999,14407.0,0.2734999999999999,0.2734999999999999,0.3392,229.309,43.193416,149.239368,68.805343,0.003276,0.000895,0.002546,0.001097,0.49138,1.155,No Fail,150.0,100.0,32.29,0.0,0.0
614,51.1,0.2,4160,45,-45,45,-45,45,-45,Angle-Ply,119241.5,9376.5,9376.5,14432.7,8659.62,14432.7,0.27335,0.27335,0.33912,331.753,63.270647,215.719522,99.533342,0.004739,0.001292,0.003696,0.001576,0.7109,1.448,No Fail,150.0,100.0,41.6,0.0,0.0
615,51.2,0.2,4735,45,-45,45,-45,45,-45,Angle-Ply,119468.0,9388.0,9388.0,14458.4,8675.039999999999,14458.4,0.2732,0.2732,0.33904,426.849,82.514493,277.454279,128.176484,0.006098,0.001658,0.004773,0.002015,0.91468,1.72,No Fail,150.0,100.0,47.35,0.0,0.0
616,51.3,0.2,3724,45,-45,45,-45,45,-45,Angle-Ply,119694.5,9399.5,9399.5,14484.1,8690.46,14484.1,0.27305,0.27305,0.33896,305.178,59.853267,198.401077,91.810424,0.00436,0.001182,0.003423,0.001431,0.65395,1.372,No Fail,150.0,100.0,37.24,0.0,0.0
617,51.4,0.2,4525,45,-45,45,-45,45,-45,Angle-Ply,119921.0,9411.0,9411.0,14509.8,8705.88,14509.8,0.2729,0.2729,0.33888,385.237,76.71531,250.624281,116.222089,0.005503,0.001488,0.004334,0.001794,0.82551,1.601,No Fail,150.0,100.0,45.25,0.0,0.0
618,51.5,0.2,2028,45,-45,45,-45,45,-45,Angle-Ply,120147.5,9422.5,9422.5,14535.5,8721.3,14535.5,0.27275,0.27275,0.3388,115.322,23.33223,75.117449,34.922176,0.001647,0.000444,0.001301,0.000533,0.24712,0.829,FAIL,150.0,100.0,20.28,0.0,0.0
619,51.6,0.2,3048,45,-45,45,-45,45,-45,Angle-Ply,120374.0,9434.0,9434.0,14561.2,8736.72,14561.2,0.2726,0.2726,0.33872,285.78,58.771498,186.474949,86.944437,0.004083,0.001098,0.003232,0.001314,0.61239,1.317,No Fail,150.0,100.0,30.48,0.0,0.0
620,51.7,0.2,2461,45,-45,45,-45,45,-45,Angle-Ply,120600.5,9445.5,9445.5,14586.9,8752.14,14586.9,0.2724499999999999,0.2724499999999999,0.33864,197.122,41.218589,128.915885,60.303283,0.002816,0.000755,0.002234,0.0009,0.4224,1.063,No Fail,150.0,100.0,24.61,0.0,0.0
621,51.8,0.2,3276,45,-45,45,-45,45,-45,Angle-Ply,120827.0,9457.0,9457.0,14612.6,8767.56,14612.6,0.2723,0.2723,0.3385599999999999,311.707,66.281658,204.417628,95.962839,0.004453,0.00119,0.00354,0.001414,0.66794,1.391,No Fail,150.0,100.0,32.76,0.0,0.0
622,51.9,0.2,3082,45,-45,45,-45,45,-45,Angle-Ply,121053.5,9468.5,9468.5,14638.3,8782.98,14638.3,0.27215,0.27215,0.33848,263.299,56.935951,173.234061,81.637241,0.003761,0.001002,0.002995,0.001186,0.56421,1.252,No Fail,150.0,100.0,30.82,0.0,0.0
623,52.0,0.2,4411,45,-45,45,-45,45,-45,Angle-Ply,121280.0,9480.0,9480.0,14664.0,8798.4,14664.0,0.272,0.272,0.3384,434.237,95.476328,286.766289,135.692312,0.006203,0.001647,0.004947,0.001944,0.93051,1.741,No Fail,150.0,100.0,44.11,0.0,0.0
624,52.1,0.2,4525,45,-45,45,-45,45,-45,Angle-Ply,121506.5,9491.5,9491.5,14689.7,8813.82,14689.7,0.27185,0.27185,0.3383199999999999,444.4,99.324884,294.706397,140.046225,0.006349,0.00168,0.005069,0.001976,0.95228,1.77,No Fail,150.0,100.0,45.25,0.0,0.0
625,52.2,0.2,3653,45,-45,45,-45,45,-45,Angle-Ply,121733.0,9503.0,9503.0,14715.4,8829.24,14715.4,0.2717,0.2717,0.33824,266.101,60.433207,177.281978,84.618198,0.003801,0.001002,0.003038,0.001176,0.57022,1.26,No Fail,150.0,100.0,36.53,0.0,0.0
626,52.3,0.2,3119,45,-45,45,-45,45,-45,Angle-Ply,121959.5,9514.5,9514.5,14741.1,8844.66,14741.1,0.27155,0.27155,0.33816,246.142,56.772781,164.810624,79.021266,0.003516,0.000924,0.002812,0.001081,0.52745,1.203,No Fail,150.0,100.0,31.19,0.0,0.0
627,52.4,0.2,4271,45,-45,45,-45,45,-45,Angle-Ply,122186.0,9526.0,9526.0,14766.8,8860.08,14766.8,0.2714,0.2714,0.33808,365.441,85.552226,246.017925,118.496871,0.005221,0.001367,0.004176,0.001595,0.78309,1.544,No Fail,150.0,100.0,42.71,0.0,0.0
628,52.5,0.2,3074,45,-45,45,-45,45,-45,Angle-Ply,122412.5,9537.5,9537.5,14792.5,8875.5,14792.5,0.27125,0.27125,0.3379999999999999,199.245,47.310046,134.910167,65.278097,0.002846,0.000742,0.002277,0.000864,0.42695,1.069,No Fail,150.0,100.0,30.74,0.0,0.0
629,52.6,0.2,3781,45,-45,45,-45,45,-45,Angle-Ply,122639.0,9549.0,9549.0,14818.2,8890.92,14818.2,0.2711,0.2711,0.33792,284.934,68.567169,194.113468,94.350106,0.00407,0.001058,0.003255,0.001228,0.61057,1.314,No Fail,150.0,100.0,37.81,0.0,0.0
630,52.7,0.2,3165,45,-45,45,-45,45,-45,Angle-Ply,122865.5,9560.5,9560.5,14843.9,8906.34,14843.9,0.2709499999999999,0.2709499999999999,0.33784,271.063,66.049243,185.853312,90.736631,0.003872,0.001002,0.003095,0.001161,0.58085,1.274,No Fail,150.0,100.0,31.65,0.0,0.0
631,52.8,0.2,1717,45,-45,45,-45,45,-45,Angle-Ply,123092.0,9572.0,9572.0,14869.6,8921.76,14869.6,0.2708,0.2708,0.33776,133.095,32.807551,91.8698,45.045729,0.001901,0.00049,0.001519,0.000567,0.2852,0.88,FAIL,150.0,100.0,17.17,0.0,0.0
632,52.9,0.2,4647,45,-45,45,-45,45,-45,Angle-Ply,123318.5,9583.5,9583.5,14895.3,8937.179999999998,14895.3,0.2706499999999999,0.2706499999999999,0.33768,454.692,113.267489,316.045106,155.604926,0.006496,0.001669,0.005184,0.001927,0.97434,1.799,No Fail,150.0,100.0,46.47,0.0,0.0
633,53.0,0.2,4000,45,-45,45,-45,45,-45,Angle-Ply,123545.0,9595.0,9595.0,14921.0,8952.6,14921.0,0.2704999999999999,0.2704999999999999,0.3376,358.92,90.260728,251.273771,124.200346,0.005127,0.001312,0.004086,0.001513,0.76911,1.525,No Fail,150.0,100.0,40.0,0.0,0.0
634,53.1,0.2,2104,45,-45,45,-45,45,-45,Angle-Ply,123771.5,9606.5,9606.5,14946.7,8968.02,14946.7,0.27035,0.27035,0.33752,136.736,34.674776,96.4349,47.841339,0.001953,0.000498,0.001554,0.000573,0.29301,0.891,FAIL,150.0,100.0,21.04,0.0,0.0
635,53.2,0.2,3032,45,-45,45,-45,45,-45,Angle-Ply,123998.0,9618.0,9618.0,14972.4,8983.439999999999,14972.4,0.2702,0.2702,0.3374399999999999,264.716,67.614385,188.106834,93.636344,0.003782,0.00096,0.003004,0.001105,0.56725,1.256,No Fail,150.0,100.0,30.32,0.0,0.0
636,53.3,0.2,3330,45,-45,45,-45,45,-45,Angle-Ply,124224.5,9629.5,9629.5,14998.1,8998.859999999999,14998.1,0.27005,0.27005,0.33736,276.141,70.958006,197.736337,98.732685,0.003945,0.000997,0.003127,0.001147,0.59173,1.289,No Fail,150.0,100.0,33.3,0.0,0.0
637,53.4,0.2,2805,45,-45,45,-45,45,-45,Angle-Ply,124451.0,9641.0,9641.0,15023.8,9014.28,15023.8,0.2699,0.2699,0.33728,249.793,64.496121,180.265388,90.255337,0.003568,0.000898,0.002821,0.001032,0.53527,1.214,No Fail,150.0,100.0,28.05,0.0,0.0
638,53.5,0.2,2931,45,-45,45,-45,45,-45,Angle-Ply,124677.5,9652.5,9652.5,15049.5,9029.7,15049.5,0.26975,0.26975,0.3372,249.962,64.769684,181.808867,91.243536,0.003571,0.000895,0.002816,0.001029,0.53563,1.214,No Fail,150.0,100.0,29.31,0.0,0.0
639,53.6,0.2,3593,45,-45,45,-45,45,-45,Angle-Ply,124904.0,9664.0,9664.0,15075.2,9045.12,15075.2,0.2696,0.2696,0.33712,315.457,81.928885,231.265099,116.293174,0.004507,0.001126,0.003544,0.001293,0.67598,1.401,No Fail,150.0,100.0,35.93,0.0,0.0
640,53.7,0.2,3766,45,-45,45,-45,45,-45,Angle-Ply,125130.5,9675.5,9675.5,15100.9,9060.54,15100.9,0.2694499999999999,0.2694499999999999,0.33704,285.445,74.211045,210.925315,106.231144,0.004078,0.001014,0.003197,0.001166,0.61167,1.316,No Fail,150.0,100.0,37.66,0.0,0.0
641,53.8,0.2,1831,45,-45,45,-45,45,-45,Angle-Ply,125357.0,9687.0,9687.0,15126.6,9075.96,15126.6,0.2693,0.2693,0.33696,154.605,40.185282,115.149348,58.060149,0.002209,0.000547,0.001726,0.000629,0.3313,0.942,FAIL,150.0,100.0,18.31,0.0,0.0
642,53.9,0.2,2495,45,-45,45,-45,45,-45,Angle-Ply,125583.5,9698.5,9698.5,15152.3,9091.38,15152.3,0.26915,0.26915,0.33688,160.143,41.562093,120.215674,60.656795,0.002288,0.000564,0.001781,0.00065,0.34316,0.958,FAIL,150.0,100.0,24.95,0.0,0.0
643,54.0,0.2,3798,45,-45,45,-45,45,-45,Angle-Ply,125810.0,9710.0,9710.0,15178.000000000002,9106.8,15178.000000000002,0.269,0.269,0.3368,296.018,76.613458,223.95381,113.026816,0.004229,0.001039,0.00328,0.001198,0.63432,1.346,No Fail,150.0,100.0,37.98,0.0,0.0
644,54.1,0.2,4556,45,-45,45,-45,45,-45,Angle-Ply,126036.5,9721.5,9721.5,15203.700000000004,9122.22,15203.700000000004,0.26885,0.26885,0.33672,358.215,92.338994,273.106584,137.803019,0.005117,0.001252,0.003953,0.001446,0.7676,1.523,No Fail,150.0,100.0,45.56,0.0,0.0
645,54.2,0.2,3540,45,-45,45,-45,45,-45,Angle-Ply,126263.0,9733.0,9733.0,15229.4,9137.64,15229.4,0.2687,0.2687,0.33664,310.272,79.561558,238.357695,120.186306,0.004432,0.00108,0.003409,0.001249,0.66487,1.386,No Fail,150.0,100.0,35.4,0.0,0.0
646,54.3,0.2,2724,45,-45,45,-45,45,-45,Angle-Ply,126489.5,9744.5,9744.5,15255.1,9153.06,15255.1,0.26855,0.26855,0.3365599999999999,242.958,61.899436,188.042387,94.705327,0.003471,0.000842,0.002658,0.000976,0.52062,1.194,No Fail,150.0,100.0,27.24,0.0,0.0
647,54.4,0.2,3945,45,-45,45,-45,45,-45,Angle-Ply,126716.0,9756.0,9756.0,15280.8,9168.48,15280.8,0.2683999999999999,0.2683999999999999,0.33648,285.514,72.188234,222.597238,111.924108,0.004079,0.000985,0.00311,0.001146,0.61182,1.316,No Fail,150.0,100.0,39.45,0.0,0.0
648,54.5,0.2,3583,45,-45,45,-45,45,-45,Angle-Ply,126942.5,9767.5,9767.5,15306.500000000002,9183.9,15306.500000000002,0.26825,0.26825,0.3364,308.594,77.341897,242.308144,121.576368,0.004408,0.001061,0.003344,0.001237,0.66127,1.382,No Fail,150.0,100.0,35.83,0.0,0.0
649,54.6,0.2,2584,45,-45,45,-45,45,-45,Angle-Ply,127169.0,9779.0,9779.0,15332.200000000004,9199.320000000002,15332.200000000004,0.2681,0.2681,0.3363199999999999,141.718,35.169364,112.048239,56.073295,0.002025,0.000485,0.001529,0.000568,0.30368,0.905,FAIL,150.0,100.0,25.84,0.0,0.0
650,54.7,0.2,4271,45,-45,45,-45,45,-45,Angle-Ply,127395.5,9790.5,9790.5,15357.9,9214.74,15357.9,0.2679499999999999,0.2679499999999999,0.33624,384.567,94.399477,306.093596,152.710589,0.005494,0.001311,0.004127,0.001539,0.82407,1.599,No Fail,150.0,100.0,42.71,0.0,0.0
651,54.8,0.2,3845,45,-45,45,-45,45,-45,Angle-Ply,127622.0,9801.999999999998,9801.999999999998,15383.6,9230.159999999998,15383.6,0.2678,0.2678,0.33616,291.48,70.702636,233.500482,116.081415,0.004164,0.00099,0.003111,0.001166,0.6246,1.333,No Fail,150.0,100.0,38.45,0.0,0.0
652,54.9,0.2,4086,45,-45,45,-45,45,-45,Angle-Ply,127848.5,9813.499999999998,9813.499999999998,15409.299999999996,9245.579999999998,15409.299999999996,0.26765,0.26765,0.33608,315.729,75.608471,254.493789,126.01179,0.00451,0.001068,0.003352,0.001263,0.67656,1.402,No Fail,150.0,100.0,40.86,0.0,0.0
653,55.0,0.2,3342,45,-45,45,-45,45,-45,Angle-Ply,128075.0,9825.0,9825.0,15435.000000000002,9261.0,15435.000000000002,0.2674999999999999,0.2674999999999999,0.3359999999999999,250.952,59.279949,203.477664,100.302693,0.003585,0.000845,0.00265,0.001004,0.53775,1.217,No Fail,150.0,100.0,33.42,0.0,0.0
654,55.1,0.2,2982,45,-45,45,-45,45,-45,Angle-Ply,128301.5,9836.5,9836.5,15460.700000000004,9276.420000000002,15460.700000000004,0.26735,0.26735,0.33592,216.277,50.356617,176.348877,86.504285,0.00309,0.000726,0.002271,0.000866,0.46345,1.118,No Fail,150.0,100.0,29.82,0.0,0.0
655,55.2,0.2,2769,45,-45,45,-45,45,-45,Angle-Ply,128528.0,9848.0,9848.0,15486.4,9291.84,15486.4,0.2672,0.2672,0.3358399999999999,223.984,51.368833,183.604039,89.583625,0.0032,0.000749,0.002339,0.000898,0.47997,1.14,No Fail,150.0,100.0,27.69,0.0,0.0
656,55.3,0.2,2250,45,-45,45,-45,45,-45,Angle-Ply,128754.5,9859.499999999998,9859.499999999998,15512.1,9307.259999999998,15512.1,0.26705,0.26705,0.33576,187.496,42.331349,154.461713,74.931952,0.002679,0.000625,0.001947,0.000753,0.40178,1.036,No Fail,150.0,100.0,22.5,0.0,0.0
657,55.4,0.2,3202,45,-45,45,-45,45,-45,Angle-Ply,128981.0,9870.999999999998,9870.999999999998,15537.799999999996,9322.679999999998,15537.799999999996,0.2669,0.2669,0.33568,207.462,46.088685,171.706334,82.786077,0.002964,0.000689,0.002141,0.000834,0.44456,1.093,No Fail,150.0,100.0,32.02,0.0,0.0
658,55.5,0.2,1981,45,-45,45,-45,45,-45,Angle-Ply,129207.5,9882.5,9882.5,15563.500000000002,9338.1,15563.500000000002,0.26675,0.26675,0.3356,153.533,33.550007,127.620001,61.128949,0.002193,0.000508,0.001575,0.000619,0.329,0.939,FAIL,150.0,100.0,19.81,0.0,0.0
659,55.6,0.2,4455,45,-45,45,-45,45,-45,Angle-Ply,129434.0,9894.0,9894.0,15589.200000000004,9353.52,15589.200000000004,0.2666,0.2666,0.33552,436.86,93.879942,364.564466,173.420451,0.006241,0.00144,0.004457,0.001765,0.93613,1.748,No Fail,150.0,100.0,44.55,0.0,0.0
660,55.7,0.2,4198,45,-45,45,-45,45,-45,Angle-Ply,129660.5,9905.5,9905.5,15614.9,9368.94,15614.9,0.2664499999999999,0.2664499999999999,0.3354399999999999,406.467,85.893173,340.419226,160.763483,0.005807,0.001335,0.004122,0.001646,0.871,1.661,No Fail,150.0,100.0,41.98,0.0,0.0
661,55.8,0.2,4593,45,-45,45,-45,45,-45,Angle-Ply,129887.0,9917.0,9917.0,15640.6,9384.36,15640.6,0.2663,0.2663,0.33536,369.839,76.855346,310.739331,145.638518,0.005283,0.001211,0.003728,0.001502,0.79251,1.557,No Fail,150.0,100.0,45.93,0.0,0.0
662,55.9,0.2,2679,45,-45,45,-45,45,-45,Angle-Ply,130113.5,9928.5,9928.5,15666.299999999996,9399.78,15666.299999999996,0.26615,0.26615,0.33528,249.22,50.940411,209.988679,97.645574,0.00356,0.000813,0.002498,0.001016,0.53404,1.212,No Fail,150.0,100.0,26.79,0.0,0.0
663,56.0,0.2,1959,45,-45,45,-45,45,-45,Angle-Ply,130340.0,9940.0,9940.0,15692.000000000002,9415.2,15692.000000000002,0.266,0.266,0.3352,92.775,18.658909,78.361964,36.142657,0.001325,0.000302,0.000924,0.000379,0.1988,0.765,FAIL,150.0,100.0,19.59,0.0,0.0
664,56.1,0.2,2068,45,-45,45,-45,45,-45,Angle-Ply,130566.5,9951.5,9951.5,15717.700000000004,9430.62,15717.700000000004,0.26585,0.26585,0.33512,146.644,29.035009,124.116481,56.767023,0.002095,0.000476,0.001453,0.000602,0.31424,0.919,FAIL,150.0,100.0,20.68,0.0,0.0
665,56.2,0.2,4199,45,-45,45,-45,45,-45,Angle-Ply,130793.0,9963.0,9963.0,15743.4,9446.04,15743.4,0.2657,0.2657,0.33504,327.69,63.917526,277.809167,125.971479,0.004681,0.00106,0.003228,0.001351,0.70219,1.436,No Fail,150.0,100.0,41.99,0.0,0.0
666,56.3,0.2,2079,45,-45,45,-45,45,-45,Angle-Ply,131019.5,9974.5,9974.5,15769.1,9461.46,15769.1,0.26555,0.26555,0.33496,101.197,19.462122,85.900372,38.61011,0.001446,0.000326,0.000992,0.000419,0.21685,0.789,FAIL,150.0,100.0,20.79,0.0,0.0
667,56.4,0.2,2938,45,-45,45,-45,45,-45,Angle-Ply,131246.0,9986.0,9986.0,15794.799999999996,9476.879999999996,15794.799999999996,0.2654,0.2654,0.33488,234.036,44.422857,198.828511,88.573044,0.003343,0.000753,0.00228,0.000973,0.50151,1.169,No Fail,150.0,100.0,29.38,0.0,0.0
668,56.5,0.2,2331,45,-45,45,-45,45,-45,Angle-Ply,131472.5,9997.5,9997.5,15820.499999999998,9492.3,15820.499999999998,0.26525,0.26525,0.3348,142.739,26.771312,121.3196,53.557908,0.002039,0.000458,0.001383,0.000597,0.30587,0.908,FAIL,150.0,100.0,23.31,0.0,0.0
669,56.6,0.2,2497,45,-45,45,-45,45,-45,Angle-Ply,131699.0,10009.0,10009.0,15846.200000000004,9507.72,15846.200000000004,0.2651,0.2651,0.33472,185.729,34.464706,157.864207,69.058339,0.002653,0.000594,0.00179,0.00078,0.39799,1.031,No Fail,150.0,100.0,24.97,0.0,0.0
670,56.7,0.2,3071,45,-45,45,-45,45,-45,Angle-Ply,131925.5,10020.5,10020.5,15871.9,9523.14,15871.9,0.2649499999999999,0.2649499999999999,0.33464,214.853,39.502672,182.551028,79.130692,0.003069,0.000686,0.002061,0.000907,0.4604,1.114,No Fail,150.0,100.0,30.71,0.0,0.0
671,56.8,0.2,2583,45,-45,45,-45,45,-45,Angle-Ply,132152.0,10032.0,10032.0,15897.6,9538.56,15897.6,0.2648,0.2648,0.3345599999999999,185.306,33.809474,157.323964,67.575856,0.002647,0.000591,0.001769,0.000787,0.39708,1.029,No Fail,150.0,100.0,25.83,0.0,0.0
672,56.9,0.2,3142,45,-45,45,-45,45,-45,Angle-Ply,132378.5,10043.5,10043.5,15923.299999999996,9553.979999999998,15923.299999999996,0.26465,0.26465,0.33448,215.957,39.164944,183.130051,77.950782,0.003085,0.000687,0.002051,0.000922,0.46276,1.117,No Fail,150.0,100.0,31.42,0.0,0.0
673,57.0,0.2,2787,45,-45,45,-45,45,-45,Angle-Ply,132605.0,10055.0,10055.0,15948.999999999998,9569.399999999998,15948.999999999998,0.2644999999999999,0.2644999999999999,0.3344,174.852,31.574356,148.038751,62.452538,0.002498,0.000555,0.001654,0.000751,0.37468,1.0,No Fail,150.0,100.0,27.87,0.0,0.0
674,57.1,0.2,4946,45,-45,45,-45,45,-45,Angle-Ply,132831.5,10066.500000000002,10066.500000000002,15974.700000000004,9584.820000000002,15974.700000000004,0.26435,0.26435,0.3343199999999999,395.828,71.29872,334.465173,139.86578,0.005655,0.001255,0.003728,0.00171,0.8482,1.631,No Fail,150.0,100.0,49.46,0.0,0.0
675,57.2,0.2,2486,45,-45,45,-45,45,-45,Angle-Ply,133058.00000000003,10078.000000000002,10078.000000000002,16000.4,9600.24,16000.4,0.2642,0.2642,0.33424,182.648,32.877138,153.967109,63.836618,0.002609,0.000578,0.001713,0.000794,0.39139,1.022,No Fail,150.0,100.0,24.86,0.0,0.0
676,57.3,0.2,3346,45,-45,45,-45,45,-45,Angle-Ply,133284.5,10089.5,10089.5,16026.1,9615.659999999998,16026.1,0.26405,0.26405,0.33416,284.138,51.204585,238.859447,98.216715,0.004059,0.000898,0.002655,0.001243,0.60887,1.312,No Fail,150.0,100.0,33.46,0.0,0.0
677,57.4,0.2,4359,45,-45,45,-45,45,-45,Angle-Ply,133511.0,10101.0,10101.0,16051.799999999996,9631.079999999998,16051.799999999996,0.2639,0.2639,0.33408,330.428,59.72368,276.900805,112.956964,0.00472,0.001043,0.003076,0.001454,0.70806,1.444,No Fail,150.0,100.0,43.59,0.0,0.0
678,57.5,0.2,1984,45,-45,45,-45,45,-45,Angle-Ply,133737.5,10112.5,10112.5,16077.499999999998,9646.499999999998,16077.499999999998,0.26375,0.26375,0.334,91.779,16.667688,76.641212,31.028973,0.001311,0.000289,0.000852,0.000406,0.19667,0.762,FAIL,150.0,100.0,19.84,0.0,0.0
679,57.6,0.2,3744,45,-45,45,-45,45,-45,Angle-Ply,133964.00000000003,10124.000000000002,10124.000000000002,16103.200000000004,9661.920000000002,16103.200000000004,0.2636,0.2636,0.33392,341.365,62.396126,283.955772,114.148078,0.004877,0.001075,0.003159,0.001522,0.7315,1.475,No Fail,150.0,100.0,37.44,0.0,0.0
680,57.7,0.2,3441,45,-45,45,-45,45,-45,Angle-Ply,134190.50000000003,10135.500000000002,10135.500000000002,16128.9,9677.34,16128.9,0.2634499999999999,0.2634499999999999,0.3338399999999999,241.212,44.447888,199.796706,79.788855,0.003446,0.000759,0.002226,0.001082,0.51688,1.189,No Fail,150.0,100.0,34.41,0.0,0.0
681,57.8,0.2,4461,45,-45,45,-45,45,-45,Angle-Ply,134417.0,10147.0,10147.0,16154.6,9692.759999999998,16154.6,0.2633,0.2633,0.33376,434.668,80.869482,358.388685,142.263661,0.00621,0.001367,0.004003,0.001964,0.93143,1.742,No Fail,150.0,100.0,44.61,0.0,0.0
682,57.9,0.2,2498,45,-45,45,-45,45,-45,Angle-Ply,134643.5,10158.5,10158.5,16180.299999999996,9708.179999999998,16180.299999999996,0.26315,0.26315,0.33368,141.828,26.679141,116.364419,45.943277,0.002026,0.000446,0.001303,0.000645,0.30392,0.905,FAIL,150.0,100.0,24.98,0.0,0.0
683,58.0,0.2,2455,45,-45,45,-45,45,-45,Angle-Ply,134870.0,10170.0,10170.0,16205.999999999998,9723.6,16205.999999999998,0.263,0.263,0.3336,146.698,27.936107,119.730216,47.051126,0.002096,0.000461,0.001346,0.000672,0.31435,0.919,FAIL,150.0,100.0,24.55,0.0,0.0
684,58.1,0.2,2016,45,-45,45,-45,45,-45,Angle-Ply,135096.5,10181.5,10181.5,16231.7,9739.02,16231.7,0.26285,0.26285,0.33352,83.925,16.197576,68.117358,26.663452,0.001199,0.000264,0.000769,0.000387,0.17984,0.74,FAIL,150.0,100.0,20.16,0.0,0.0
685,58.2,0.2,4812,45,-45,45,-45,45,-45,Angle-Ply,135323.00000000003,10193.000000000002,10193.000000000002,16257.4,9754.44,16257.4,0.2627,0.2627,0.3334399999999999,436.497,85.462373,352.213775,137.438862,0.006236,0.001372,0.003995,0.002025,0.93535,1.747,No Fail,150.0,100.0,48.12,0.0,0.0
686,58.3,0.2,3079,45,-45,45,-45,45,-45,Angle-Ply,135549.5,10204.5,10204.5,16283.1,9769.86,16283.1,0.26255,0.26255,0.33336,272.546,54.17729,218.575743,85.09914,0.003894,0.000857,0.002493,0.001273,0.58403,1.279,No Fail,150.0,100.0,30.79,0.0,0.0
687,58.4,0.2,1593,45,-45,45,-45,45,-45,Angle-Ply,135776.0,10216.0,10216.0,16308.799999999996,9785.28,16308.799999999996,0.2624,0.2624,0.33328,98.326,19.856756,78.35256,30.464437,0.001405,0.000309,0.000899,0.000462,0.2107,0.781,FAIL,150.0,100.0,15.93,0.0,0.0
688,58.5,0.2,3257,45,-45,45,-45,45,-45,Angle-Ply,136002.5,10227.5,10227.5,16334.499999999998,9800.7,16334.499999999998,0.26225,0.26225,0.3332,310.007,63.633044,245.398654,95.37729,0.004429,0.000975,0.002835,0.001467,0.6643,1.386,No Fail,150.0,100.0,32.57,0.0,0.0
689,58.6,0.2,4981,45,-45,45,-45,45,-45,Angle-Ply,136229.0,10239.0,10239.0,16360.2,9816.12,16360.2,0.2621,0.2621,0.3331199999999999,476.467,99.438676,374.585196,145.676413,0.006807,0.0015,0.004358,0.002269,1.021,1.861,No Fail,150.0,100.0,49.81,0.0,0.0
690,58.7,0.2,1599,45,-45,45,-45,45,-45,Angle-Ply,136455.50000000003,10250.500000000002,10250.500000000002,16385.9,9831.54,16385.9,0.2619499999999999,0.2619499999999999,0.33304,96.164,20.408899,75.068402,29.242113,0.001374,0.000303,0.00088,0.000461,0.20607,0.775,FAIL,150.0,100.0,15.99,0.0,0.0
691,58.8,0.2,4437,45,-45,45,-45,45,-45,Angle-Ply,136682.0,10262.0,10262.0,16411.6,9846.96,16411.6,0.2618,0.2618,0.33296,342.679,73.958492,265.569222,103.729052,0.004895,0.001081,0.00314,0.001653,0.73431,1.479,No Fail,150.0,100.0,44.37,0.0,0.0
692,58.9,0.2,4270,45,-45,45,-45,45,-45,Angle-Ply,136908.5,10273.5,10273.5,16437.3,9862.38,16437.3,0.26165,0.26165,0.33288,354.946,77.894024,273.039999,107.049788,0.005071,0.001121,0.003257,0.001723,0.7606,1.514,No Fail,150.0,100.0,42.7,0.0,0.0
693,59.0,0.2,2504,45,-45,45,-45,45,-45,Angle-Ply,137135.0,10285.0,10285.0,16463.0,9877.8,16463.0,0.2614999999999999,0.2614999999999999,0.3328,219.58,48.985321,167.636464,66.044193,0.003137,0.000694,0.002018,0.001073,0.47053,1.127,No Fail,150.0,100.0,25.04,0.0,0.0
694,59.1,0.2,3936,45,-45,45,-45,45,-45,Angle-Ply,137361.5,10296.5,10296.5,16488.7,9893.22,16488.7,0.2613499999999999,0.2613499999999999,0.33272,299.501,67.895148,226.899726,89.924193,0.004279,0.000948,0.002759,0.001472,0.64179,1.356,No Fail,150.0,100.0,39.36,0.0,0.0
695,59.2,0.2,3969,45,-45,45,-45,45,-45,Angle-Ply,137588.00000000003,10308.000000000002,10308.000000000002,16514.4,9908.64,16514.4,0.2612,0.2612,0.33264,377.703,86.96488,283.925926,113.315663,0.005396,0.001198,0.003487,0.001868,0.80936,1.579,No Fail,150.0,100.0,39.69,0.0,0.0
696,59.3,0.2,1518,45,-45,45,-45,45,-45,Angle-Ply,137814.5,10319.5,10319.5,16540.1,9924.06,16540.1,0.26105,0.26105,0.3325599999999999,79.536,18.588725,59.320841,23.866697,0.001136,0.000253,0.000736,0.000396,0.17043,0.727,FAIL,150.0,100.0,15.18,0.0,0.0
697,59.4,0.2,2396,45,-45,45,-45,45,-45,Angle-Ply,138041.0,10331.0,10331.0,16565.8,9939.48,16565.8,0.2609,0.2609,0.33248,214.183,50.776194,158.48893,64.3472,0.00306,0.000682,0.001989,0.001072,0.45896,1.112,No Fail,150.0,100.0,23.96,0.0,0.0
698,59.5,0.2,3421,45,-45,45,-45,45,-45,Angle-Ply,138267.5,10342.5,10342.5,16591.5,9954.9,16591.5,0.26075,0.26075,0.3324,243.272,58.454089,178.595155,73.244554,0.003475,0.000776,0.002266,0.001224,0.5213,1.195,No Fail,150.0,100.0,34.21,0.0,0.0
699,59.6,0.2,3347,45,-45,45,-45,45,-45,Angle-Ply,138494.0,10354.0,10354.0,16617.2,9970.32,16617.2,0.2606,0.2606,0.33232,246.956,60.09155,179.87303,74.585698,0.003528,0.000789,0.002309,0.001249,0.52919,1.206,No Fail,150.0,100.0,33.47,0.0,0.0
700,59.7,0.2,2508,45,-45,45,-45,45,-45,Angle-Ply,138720.5,10365.5,10365.5,16642.9,9985.74,16642.9,0.26045,0.26045,0.33224,222.894,54.872587,161.076222,67.591098,0.003184,0.000714,0.002091,0.001133,0.47763,1.137,No Fail,150.0,100.0,25.08,0.0,0.0
701,59.8,0.2,1667,45,-45,45,-45,45,-45,Angle-Ply,138947.0,10377.0,10377.0,16668.6,10001.159999999998,16668.6,0.2603,0.2603,0.33216,111.525,27.749612,79.969084,33.986443,0.001593,0.000358,0.001051,0.00057,0.23898,0.819,FAIL,150.0,100.0,16.67,0.0,0.0
702,59.9,0.2,4279,45,-45,45,-45,45,-45,Angle-Ply,139173.5,10388.5,10388.5,16694.3,10016.58,16694.3,0.26015,0.26015,0.33208,380.753,95.652335,270.927486,116.704624,0.005439,0.001226,0.003603,0.001956,0.8159,1.588,No Fail,150.0,100.0,42.79,0.0,0.0
703,60.0,0.2,1888,45,-45,45,-45,45,-45,Angle-Ply,139400.0,10400.0,10400.0,16720.0,10032.0,16720.0,0.26,0.26,0.332,118.536,30.032309,83.709692,36.572446,0.001693,0.000383,0.001126,0.000612,0.25401,0.839,FAIL,150.0,100.0,18.88,0.0,0.0
704,60.1,0.2,3589,45,-45,45,-45,45,-45,Angle-Ply,139626.5,10411.5,10411.5,16745.7,10047.42,16745.7,0.25985,0.25985,0.33192,253.811,64.779192,177.91826,78.885524,0.003626,0.000822,0.002424,0.001316,0.54388,1.225,No Fail,150.0,100.0,35.89,0.0,0.0
705,60.2,0.2,3304,45,-45,45,-45,45,-45,Angle-Ply,139853.0,10423.0,10423.0,16771.4,10062.84,16771.4,0.2597,0.2597,0.33184,319.037,81.929034,222.033024,99.95611,0.004558,0.001036,0.003062,0.001662,0.68365,1.412,No Fail,150.0,100.0,33.04,0.0,0.0
706,60.3,0.2,2003,45,-45,45,-45,45,-45,Angle-Ply,140079.5,10434.5,10434.5,16797.1,10078.259999999998,16797.1,0.25955,0.25955,0.33176,154.143,39.78,106.527444,48.712921,0.002202,0.000502,0.001487,0.000806,0.33031,0.94,FAIL,150.0,100.0,20.03,0.0,0.0
707,60.4,0.2,3652,45,-45,45,-45,45,-45,Angle-Ply,140306.0,10446.0,10446.0,16822.8,10093.679999999998,16822.8,0.2594,0.2594,0.33168,312.04,80.827293,214.198621,99.523186,0.004458,0.00102,0.003026,0.001639,0.66866,1.392,No Fail,150.0,100.0,36.52,0.0,0.0
708,60.5,0.2,2958,45,-45,45,-45,45,-45,Angle-Ply,140532.5,10457.5,10457.5,16848.5,10109.1,16848.5,0.25925,0.25925,0.3316,257.482,66.858518,175.607101,82.921259,0.003678,0.000844,0.00251,0.001357,0.55175,1.236,No Fail,150.0,100.0,29.58,0.0,0.0
709,60.6,0.2,1800,45,-45,45,-45,45,-45,Angle-Ply,140759.0,10469.0,10469.0,16874.2,10124.52,16874.2,0.2591,0.2591,0.33152,86.61,22.515964,58.706261,28.175556,0.001237,0.000285,0.000849,0.000458,0.18559,0.747,FAIL,150.0,100.0,18.0,0.0,0.0
710,60.7,0.2,1737,45,-45,45,-45,45,-45,Angle-Ply,140985.5,10480.5,10480.5,16899.9,10139.94,16899.9,0.25895,0.25895,0.3314399999999999,60.0,15.596769,40.432736,19.723784,0.000857,0.000198,0.000591,0.000318,0.12857,0.671,FAIL,150.0,100.0,17.37,0.0,0.0
711,60.8,0.2,3276,45,-45,45,-45,45,-45,Angle-Ply,141212.0,10492.0,10492.0,16925.6,10155.36,16925.6,0.2588,0.2588,0.33136,260.955,67.742046,174.891536,86.707511,0.003728,0.000864,0.002587,0.00139,0.55919,1.246,No Fail,150.0,100.0,32.76,0.0,0.0
712,60.9,0.2,3440,45,-45,45,-45,45,-45,Angle-Ply,141438.5,10503.5,10503.5,16951.3,10170.78,16951.3,0.25865,0.25865,0.33128,228.73,59.22106,152.515618,76.833856,0.003268,0.00076,0.002281,0.001222,0.49013,1.154,No Fail,150.0,100.0,34.4,0.0,0.0
713,61.0,0.2,3145,45,-45,45,-45,45,-45,Angle-Ply,141665.0,10515.0,10515.0,16977.0,10186.2,16977.0,0.2584999999999999,0.2584999999999999,0.3312,261.542,67.454516,173.579213,88.831037,0.003736,0.000872,0.002623,0.0014,0.56045,1.247,No Fail,150.0,100.0,31.45,0.0,0.0
714,61.1,0.2,4934,45,-45,45,-45,45,-45,Angle-Ply,141891.5,10526.5,10526.5,17002.7,10201.62,17002.7,0.2583499999999999,0.2583499999999999,0.3311199999999999,428.18,109.869301,282.966121,147.051205,0.006117,0.001434,0.00432,0.002298,0.91753,1.723,No Fail,150.0,100.0,49.34,0.0,0.0
715,61.2,0.2,1557,45,-45,45,-45,45,-45,Angle-Ply,142118.0,10538.0,10538.0,17028.4,10217.04,17028.4,0.2582,0.2582,0.33104,104.745,26.70778,68.958645,36.373921,0.001496,0.000352,0.001063,0.000563,0.22445,0.799,FAIL,150.0,100.0,15.57,0.0,0.0
716,61.3,0.2,2707,45,-45,45,-45,45,-45,Angle-Ply,142344.5,10549.5,10549.5,17054.1,10232.46,17054.1,0.25805,0.25805,0.33096,171.175,43.319796,112.31731,60.100627,0.002445,0.000578,0.001747,0.000923,0.3668,0.989,FAIL,150.0,100.0,27.07,0.0,0.0
717,61.4,0.2,3699,45,-45,45,-45,45,-45,Angle-Ply,142571.0,10561.0,10561.0,17079.8,10247.88,17079.8,0.2579,0.2579,0.33088,284.324,71.335215,186.029361,100.919236,0.004062,0.000963,0.00292,0.001535,0.60926,1.312,No Fail,150.0,100.0,36.99,0.0,0.0
718,61.5,0.2,4073,45,-45,45,-45,45,-45,Angle-Ply,142797.5,10572.5,10572.5,17105.5,10263.3,17105.5,0.25775,0.25775,0.3308,320.579,79.651031,209.257708,115.008804,0.00458,0.00109,0.003311,0.001734,0.68695,1.416,No Fail,150.0,100.0,40.73,0.0,0.0
719,61.6,0.2,1655,45,-45,45,-45,45,-45,Angle-Ply,143024.0,10584.0,10584.0,17131.2,10278.72,17131.2,0.2576,0.2576,0.33072,106.847,26.261997,69.615995,38.733163,0.001526,0.000365,0.00111,0.000578,0.22896,0.805,FAIL,150.0,100.0,16.55,0.0,0.0
720,61.7,0.2,4347,45,-45,45,-45,45,-45,Angle-Ply,143250.5,10595.5,10595.5,17156.9,10294.14,17156.9,0.25745,0.25745,0.33064,374.537,90.978201,243.706788,137.153082,0.005351,0.001284,0.003914,0.00203,0.80258,1.57,No Fail,150.0,100.0,43.47,0.0,0.0
721,61.8,0.2,4227,45,-45,45,-45,45,-45,Angle-Ply,143477.0,10607.0,10607.0,17182.6,10309.56,17182.6,0.2573,0.2573,0.3305599999999999,401.606,96.319986,261.11274,148.506289,0.005737,0.001383,0.00422,0.002178,0.86058,1.647,No Fail,150.0,100.0,42.27,0.0,0.0
722,61.9,0.2,3934,45,-45,45,-45,45,-45,Angle-Ply,143703.5,10618.5,10618.5,17208.3,10324.98,17208.3,0.25715,0.25715,0.33048,338.678,80.131811,220.140701,126.412049,0.004838,0.001171,0.003578,0.001838,0.72574,1.468,No Fail,150.0,100.0,39.34,0.0,0.0
723,62.0,0.2,4340,45,-45,45,-45,45,-45,Angle-Ply,143930.0,10630.0,10630.0,17234.0,10340.4,17234.0,0.257,0.257,0.3304,364.519,85.016545,237.000964,137.272134,0.005207,0.001265,0.003872,0.001979,0.78111,1.541,No Fail,150.0,100.0,43.4,0.0,0.0
724,62.1,0.2,4217,45,-45,45,-45,45,-45,Angle-Ply,144156.5,10641.5,10641.5,17259.7,10355.82,17259.7,0.25685,0.25685,0.33032,412.585,94.790482,268.466726,156.683257,0.005894,0.001438,0.004407,0.00224,0.88411,1.679,No Fail,150.0,100.0,42.17,0.0,0.0
725,62.2,0.2,2527,45,-45,45,-45,45,-45,Angle-Ply,144383.0,10653.0,10653.0,17285.4,10371.24,17285.4,0.2567,0.2567,0.33024,187.492,42.407997,122.161855,71.764359,0.002678,0.000656,0.002013,0.001017,0.40177,1.036,No Fail,150.0,100.0,25.27,0.0,0.0
726,62.3,0.2,2198,45,-45,45,-45,45,-45,Angle-Ply,144609.5,10664.5,10664.5,17311.1,10386.659999999998,17311.1,0.25655,0.25655,0.33016,196.669,43.773095,128.377966,75.828775,0.00281,0.000691,0.002123,0.001067,0.42143,1.062,No Fail,150.0,100.0,21.98,0.0,0.0
727,62.4,0.2,4767,45,-45,45,-45,45,-45,Angle-Ply,144836.0,10676.0,10676.0,17336.8,10402.08,17336.8,0.2564,0.2564,0.33008,474.288,103.839644,310.327503,184.100111,0.006776,0.001674,0.005144,0.002571,1.01633,1.855,No Fail,150.0,100.0,47.67,0.0,0.0
728,62.5,0.2,4962,45,-45,45,-45,45,-45,Angle-Ply,145062.5,10687.5,10687.5,17362.5,10417.5,17362.5,0.25625,0.25625,0.33,444.227,95.647521,291.489813,173.484354,0.006346,0.001574,0.004841,0.002406,0.95191,1.769,No Fail,150.0,100.0,49.62,0.0,0.0
729,62.6,0.2,2387,45,-45,45,-45,45,-45,Angle-Ply,145289.0,10699.0,10699.0,17388.2,10432.92,17388.2,0.2561,0.2561,0.32992,163.105,34.533453,107.38327,64.044973,0.00233,0.00058,0.001785,0.000882,0.34951,0.966,FAIL,150.0,100.0,23.87,0.0,0.0
730,62.7,0.2,2169,45,-45,45,-45,45,-45,Angle-Ply,145515.5,10710.5,10710.5,17413.9,10448.34,17413.9,0.25595,0.25595,0.32984,116.882,24.33561,77.245186,46.114489,0.00167,0.000418,0.001285,0.000631,0.25046,0.834,FAIL,150.0,100.0,21.69,0.0,0.0
731,62.8,0.2,4233,45,-45,45,-45,45,-45,Angle-Ply,145742.0,10722.0,10722.0,17439.6,10463.759999999998,17439.6,0.2558,0.2558,0.32976,382.605,78.351922,253.936048,151.570218,0.005466,0.001373,0.004224,0.002063,0.81987,1.593,No Fail,150.0,100.0,42.33,0.0,0.0
732,62.9,0.2,2662,45,-45,45,-45,45,-45,Angle-Ply,145968.5,10733.5,10733.5,17465.3,10479.179999999998,17465.3,0.25565,0.25565,0.32968,157.961,31.827534,105.331953,62.788663,0.002257,0.000569,0.001751,0.00085,0.33849,0.951,FAIL,150.0,100.0,26.62,0.0,0.0
733,63.0,0.2,2788,45,-45,45,-45,45,-45,Angle-Ply,146195.0,10745.0,10745.0,17491.0,10494.6,17491.0,0.2555,0.2555,0.3296,251.668,49.917621,168.675413,100.303611,0.003595,0.00091,0.0028,0.001351,0.53929,1.219,No Fail,150.0,100.0,27.88,0.0,0.0
734,63.1,0.2,4102,45,-45,45,-45,45,-45,Angle-Ply,146421.5,10756.5,10756.5,17516.7,10510.02,17516.7,0.2553499999999999,0.2553499999999999,0.32952,310.906,60.745817,209.52365,124.153682,0.004442,0.00113,0.003472,0.001665,0.66623,1.388,No Fail,150.0,100.0,41.02,0.0,0.0
735,63.2,0.2,2853,45,-45,45,-45,45,-45,Angle-Ply,146648.0,10768.0,10768.0,17542.4,10525.44,17542.4,0.2552,0.2552,0.3294399999999999,175.531,33.811245,118.985386,70.179107,0.002508,0.00064,0.001967,0.000938,0.37614,1.002,No Fail,150.0,100.0,28.53,0.0,0.0
736,63.3,0.2,3237,45,-45,45,-45,45,-45,Angle-Ply,146874.5,10779.5,10779.5,17568.1,10540.86,17568.1,0.25505,0.25505,0.32936,208.403,39.614943,142.142457,83.360657,0.002977,0.000763,0.002342,0.00111,0.44658,1.095,No Fail,150.0,100.0,32.37,0.0,0.0
737,63.4,0.2,4735,45,-45,45,-45,45,-45,Angle-Ply,147101.0,10791.0,10791.0,17593.8,10556.28,17593.8,0.2549,0.2549,0.32928,421.657,79.187488,289.461961,168.615896,0.006024,0.00155,0.004752,0.002239,0.90355,1.705,No Fail,150.0,100.0,47.35,0.0,0.0
738,63.5,0.2,4304,45,-45,45,-45,45,-45,Angle-Ply,147327.5,10802.5,10802.5,17619.5,10571.7,17619.5,0.25475,0.25475,0.3292,372.752,69.249569,257.622914,148.908861,0.005325,0.001376,0.004212,0.001973,0.79875,1.565,No Fail,150.0,100.0,43.04,0.0,0.0
739,63.6,0.2,1776,45,-45,45,-45,45,-45,Angle-Ply,147554.0,10814.0,10814.0,17645.2,10587.12,17645.2,0.2546,0.2546,0.3291199999999999,77.31,14.228156,53.80714,30.830356,0.001104,0.000286,0.000875,0.000408,0.16566,0.721,FAIL,150.0,100.0,17.76,0.0,0.0
740,63.7,0.2,4378,45,-45,45,-45,45,-45,Angle-Ply,147780.5,10825.5,10825.5,17670.9,10602.54,17670.9,0.25445,0.25445,0.32904,371.78,67.88643,260.630124,147.895504,0.005311,0.001382,0.004219,0.001953,0.79667,1.562,No Fail,150.0,100.0,43.78,0.0,0.0
741,63.8,0.2,2624,45,-45,45,-45,45,-45,Angle-Ply,148007.0,10837.0,10837.0,17696.6,10617.96,17696.6,0.2542999999999999,0.2542999999999999,0.32896,188.507,34.207492,133.131903,74.749848,0.002693,0.000704,0.002143,0.000986,0.40394,1.039,No Fail,150.0,100.0,26.24,0.0,0.0
742,63.9,0.2,3813,45,-45,45,-45,45,-45,Angle-Ply,148233.5,10848.5,10848.5,17722.3,10633.38,17722.3,0.25415,0.25415,0.32888,367.18,66.331286,261.287413,145.033655,0.005245,0.001375,0.004181,0.001913,0.78681,1.549,No Fail,150.0,100.0,38.13,0.0,0.0
743,64.0,0.2,3609,45,-45,45,-45,45,-45,Angle-Ply,148460.0,10860.0,10860.0,17748.0,10648.8,17748.0,0.254,0.254,0.3288,320.689,57.775587,229.966267,126.089908,0.004581,0.001205,0.003656,0.001664,0.68719,1.416,No Fail,150.0,100.0,36.09,0.0,0.0
744,64.1,0.2,3914,45,-45,45,-45,45,-45,Angle-Ply,148686.49999999997,10871.499999999998,10871.499999999998,17773.699999999997,10664.219999999998,17773.699999999997,0.25385,0.25385,0.32872,340.711,61.32799,246.234964,133.258897,0.004867,0.001285,0.003888,0.00176,0.73009,1.473,No Fail,150.0,100.0,39.14,0.0,0.0
745,64.2,0.2,1648,45,-45,45,-45,45,-45,Angle-Ply,148913.0,10883.0,10883.0,17799.4,10679.64,17799.4,0.2537,0.2537,0.32864,104.043,18.745386,75.786187,40.453217,0.001486,0.000394,0.001188,0.000535,0.22295,0.797,FAIL,150.0,100.0,16.48,0.0,0.0
746,64.3,0.2,2734,45,-45,45,-45,45,-45,Angle-Ply,149139.5,10894.5,10894.5,17825.1,10695.06,17825.1,0.25355,0.25355,0.3285599999999999,165.303,29.864985,121.363784,63.85248,0.002361,0.000628,0.001888,0.000845,0.35422,0.972,FAIL,150.0,100.0,27.34,0.0,0.0
747,64.4,0.2,2461,45,-45,45,-45,45,-45,Angle-Ply,149366.0,10906.0,10906.0,17850.8,10710.48,17850.8,0.2533999999999999,0.2533999999999999,0.32848,121.982,22.138696,90.269389,46.782994,0.001743,0.000465,0.001394,0.000621,0.26139,0.849,FAIL,150.0,100.0,24.61,0.0,0.0
748,64.5,0.2,4818,45,-45,45,-45,45,-45,Angle-Ply,149592.5,10917.5,10917.5,17876.5,10725.9,17876.5,0.25325,0.25325,0.3284,378.465,69.120157,282.292915,144.033878,0.005407,0.001447,0.004325,0.001916,0.811,1.581,No Fail,150.0,100.0,48.18,0.0,0.0
749,64.6,0.2,3731,45,-45,45,-45,45,-45,Angle-Ply,149818.99999999997,10928.999999999998,10928.999999999998,17902.199999999997,10741.319999999998,17902.199999999997,0.2531,0.2531,0.32832,358.875,66.062748,269.791528,135.454897,0.005127,0.001376,0.0041,0.001807,0.76902,1.525,No Fail,150.0,100.0,37.31,0.0,0.0
750,64.7,0.2,4304,45,-45,45,-45,45,-45,Angle-Ply,150045.5,10940.5,10940.5,17927.9,10756.74,17927.9,0.25295,0.25295,0.32824,389.577,72.394909,295.161133,145.760266,0.005565,0.001498,0.004447,0.00195,0.83481,1.613,No Fail,150.0,100.0,43.04,0.0,0.0
751,64.8,0.2,4835,45,-45,45,-45,45,-45,Angle-Ply,150272.0,10952.0,10952.0,17953.6,10772.159999999998,17953.6,0.2528,0.2528,0.32816,412.778,77.543799,315.153404,153.022674,0.005897,0.001592,0.004708,0.002055,0.88452,1.679,No Fail,150.0,100.0,48.35,0.0,0.0
752,64.9,0.2,3627,45,-45,45,-45,45,-45,Angle-Ply,150498.5,10963.5,10963.5,17979.3,10787.58,17979.3,0.25265,0.25265,0.32808,340.242,64.697919,261.746659,124.92184,0.004861,0.001316,0.003876,0.001684,0.72909,1.472,No Fail,150.0,100.0,36.27,0.0,0.0
753,65.0,0.2,1622,45,-45,45,-45,45,-45,Angle-Ply,150725.0,10975.0,10975.0,18005.0,10803.0,18005.0,0.2525,0.2525,0.3279999999999999,60.0,11.561607,46.50184,21.809761,0.000857,0.000233,0.000682,0.000295,0.12857,0.671,FAIL,150.0,100.0,16.22,0.0,0.0
754,40.0,0.2,4225,45,-45,45,-45,45,-45,Angle-Ply,94100.0,8100.0,8100.0,11580.0,6948.0,11580.0,0.29,0.29,0.348,413.018,80.728396,322.434556,148.585853,0.0059,0.001606,0.004689,0.002019,0.88504,1.68,No Fail,150.0,100.0,42.25,0.0,0.0
755,40.1,0.2,2840,45,-45,45,-45,45,-45,Angle-Ply,94326.5,8111.5,8111.5,11605.7,6963.42,11605.7,0.28985,0.28985,0.34792,231.155,45.867794,181.739049,82.281704,0.003302,0.000901,0.002619,0.001123,0.49533,1.16,No Fail,150.0,100.0,28.4,0.0,0.0
756,40.2,0.2,3618,45,-45,45,-45,45,-45,Angle-Ply,94553.0,8123.0,8123.0,11631.4,6978.839999999999,11631.4,0.2897,0.2897,0.34784,293.463,59.155059,232.316661,103.336072,0.004192,0.001147,0.003318,0.001417,0.62885,1.338,No Fail,150.0,100.0,36.18,0.0,0.0
757,40.3,0.2,4821,45,-45,45,-45,45,-45,Angle-Ply,94779.5,8134.499999999999,8134.499999999999,11657.1,6994.26,11657.1,0.28955,0.28955,0.3477599999999999,411.317,84.268638,327.783345,143.253993,0.005876,0.001611,0.004639,0.001973,0.88139,1.675,No Fail,150.0,100.0,48.21,0.0,0.0
758,40.4,0.2,4171,45,-45,45,-45,45,-45,Angle-Ply,95006.0,8146.0,8146.0,11682.8,7009.679999999999,11682.8,0.2894,0.2894,0.34768,374.268,77.959789,300.171364,128.915201,0.005347,0.001469,0.004209,0.001784,0.802,1.569,No Fail,150.0,100.0,41.71,0.0,0.0
759,40.5,0.2,3353,45,-45,45,-45,45,-45,Angle-Ply,95232.5,8157.5,8157.5,11708.5,7025.099999999999,11708.5,0.28925,0.28925,0.3476,264.152,55.952733,213.15834,89.981811,0.003774,0.001039,0.002962,0.001251,0.56604,1.255,No Fail,150.0,100.0,33.53,0.0,0.0
760,40.6,0.2,3773,45,-45,45,-45,45,-45,Angle-Ply,95459.0,8169.0,8169.0,11734.2,7040.52,11734.2,0.2890999999999999,0.2890999999999999,0.34752,328.546,70.771636,266.676569,110.686239,0.004694,0.001295,0.003672,0.001546,0.70403,1.439,No Fail,150.0,100.0,37.73,0.0,0.0
761,40.7,0.2,1897,45,-45,45,-45,45,-45,Angle-Ply,95685.5,8180.5,8180.5,11759.9,7055.94,11759.9,0.28895,0.28895,0.3474399999999999,141.926,31.08675,115.841077,47.293703,0.002028,0.00056,0.001581,0.000663,0.30413,0.906,FAIL,150.0,100.0,18.97,0.0,0.0
762,40.8,0.2,3247,45,-45,45,-45,45,-45,Angle-Ply,95912.0,8192.0,8192.0,11785.6,7071.36,11785.6,0.2888,0.2888,0.34736,235.186,52.36868,192.969873,77.53089,0.00336,0.00093,0.00261,0.001092,0.50397,1.172,No Fail,150.0,100.0,32.47,0.0,0.0
763,40.9,0.2,3466,45,-45,45,-45,45,-45,Angle-Ply,96138.5,8203.5,8203.5,11811.3,7086.78,11811.3,0.2886499999999999,0.2886499999999999,0.34728,296.518,67.096522,244.49288,96.726522,0.004236,0.001175,0.003277,0.001368,0.63539,1.347,No Fail,150.0,100.0,34.66,0.0,0.0
764,41.0,0.2,2411,45,-45,45,-45,45,-45,Angle-Ply,96365.0,8215.0,8215.0,11837.0,7102.2,11837.0,0.2885,0.2885,0.3472,196.118,45.076116,162.451631,63.326268,0.002802,0.000778,0.002159,0.000899,0.42025,1.06,No Fail,150.0,100.0,24.11,0.0,0.0
765,41.1,0.2,4987,45,-45,45,-45,45,-45,Angle-Ply,96591.5,8226.5,8226.5,11862.7,7117.62,11862.7,0.28835,0.28835,0.34712,454.429,106.02778,378.01896,145.303658,0.006492,0.001805,0.00498,0.002068,0.97378,1.798,No Fail,150.0,100.0,49.87,0.0,0.0
766,41.2,0.2,4708,45,-45,45,-45,45,-45,Angle-Ply,96818.0,8238.0,8238.0,11888.4,7133.04,11888.4,0.2882,0.2882,0.34704,441.587,104.51921,368.765043,139.885946,0.006308,0.001756,0.004817,0.001996,0.94626,1.762,No Fail,150.0,100.0,47.08,0.0,0.0
767,41.3,0.2,1929,45,-45,45,-45,45,-45,Angle-Ply,97044.5,8249.5,8249.5,11914.1,7148.46,11914.1,0.28805,0.28805,0.3469599999999999,119.307,28.624278,99.983027,37.463183,0.001704,0.000475,0.001295,0.000536,0.25566,0.841,FAIL,150.0,100.0,19.29,0.0,0.0
768,41.4,0.2,3082,45,-45,45,-45,45,-45,Angle-Ply,97271.0,8261.0,8261.0,11939.8,7163.879999999999,11939.8,0.2879,0.2879,0.34688,204.767,49.755903,172.141102,63.773861,0.002925,0.000816,0.002212,0.000914,0.43879,1.085,No Fail,150.0,100.0,30.82,0.0,0.0
769,41.5,0.2,3058,45,-45,45,-45,45,-45,Angle-Ply,97497.5,8272.5,8272.5,11965.5,7179.3,11965.5,0.28775,0.28775,0.3468,197.195,48.483299,166.233649,60.955621,0.002817,0.000787,0.00212,0.000874,0.42256,1.063,No Fail,150.0,100.0,30.58,0.0,0.0
770,41.6,0.2,3887,45,-45,45,-45,45,-45,Angle-Ply,97724.0,8284.0,8284.0,11991.200000000004,7194.720000000001,11991.200000000004,0.2875999999999999,0.2875999999999999,0.34672,374.288,93.021045,316.270567,114.914899,0.005347,0.001494,0.004003,0.001649,0.80205,1.569,No Fail,150.0,100.0,38.87,0.0,0.0
771,41.7,0.2,2619,45,-45,45,-45,45,-45,Angle-Ply,97950.5,8295.5,8295.5,12016.9,7210.14,12016.9,0.28745,0.28745,0.34664,155.488,39.020589,131.646291,47.452774,0.002221,0.000621,0.001654,0.000681,0.33319,0.944,FAIL,150.0,100.0,26.19,0.0,0.0
772,41.8,0.2,1727,45,-45,45,-45,45,-45,Angle-Ply,98177.0,8307.0,8307.0,12042.6,7225.56,12042.6,0.2873,0.2873,0.34656,113.025,28.609748,95.84561,34.316034,0.001615,0.000452,0.001196,0.000492,0.2422,0.823,FAIL,150.0,100.0,17.27,0.0,0.0
773,41.9,0.2,4620,45,-45,45,-45,45,-45,Angle-Ply,98403.5,8318.5,8318.5,12068.3,7240.98,12068.3,0.2871499999999999,0.2871499999999999,0.3464799999999999,404.369,103.124606,343.310482,122.247763,0.005777,0.001617,0.004255,0.001748,0.8665,1.655,No Fail,150.0,100.0,46.2,0.0,0.0
774,42.0,0.2,3991,45,-45,45,-45,45,-45,Angle-Ply,98630.0,8330.0,8330.0,12094.0,7256.4,12094.0,0.287,0.287,0.3464,303.117,77.790465,257.546341,91.329804,0.00433,0.001212,0.003172,0.001303,0.64954,1.366,No Fail,150.0,100.0,39.91,0.0,0.0
775,42.1,0.2,3732,45,-45,45,-45,45,-45,Angle-Ply,98856.5,8341.5,8341.5,12119.700000000004,7271.8200000000015,12119.700000000004,0.28685,0.28685,0.3463199999999999,266.9,68.84463,226.857516,80.223459,0.003813,0.001068,0.002777,0.001141,0.57193,1.263,No Fail,150.0,100.0,37.32,0.0,0.0
776,42.2,0.2,3281,45,-45,45,-45,45,-45,Angle-Ply,99083.0,8353.0,8353.0,12145.4,7287.240000000001,12145.4,0.2867,0.2867,0.34624,232.59,60.225661,197.68714,69.809585,0.003323,0.00093,0.002406,0.000988,0.49841,1.165,No Fail,150.0,100.0,32.81,0.0,0.0
777,42.3,0.2,2203,45,-45,45,-45,45,-45,Angle-Ply,99309.5,8364.5,8364.5,12171.1,7302.66,12171.1,0.2865499999999999,0.2865499999999999,0.3461599999999999,188.863,49.030065,160.450233,56.65892,0.002698,0.000755,0.001942,0.000798,0.40471,1.04,No Fail,150.0,100.0,22.03,0.0,0.0
778,42.4,0.2,4266,45,-45,45,-45,45,-45,Angle-Ply,99536.0,8376.0,8376.0,12196.8,7318.079999999999,12196.8,0.2864,0.2864,0.34608,409.762,106.518067,347.820346,122.992452,0.005854,0.001638,0.00419,0.001723,0.87806,1.671,No Fail,150.0,100.0,42.66,0.0,0.0
779,42.5,0.2,3439,45,-45,45,-45,45,-45,Angle-Ply,99762.5,8387.5,8387.5,12222.5,7333.5,12222.5,0.28625,0.28625,0.346,332.581,86.45964,281.951979,99.975957,0.004751,0.001329,0.00338,0.001391,0.71267,1.45,No Fail,150.0,100.0,34.39,0.0,0.0
780,42.6,0.2,4313,45,-45,45,-45,45,-45,Angle-Ply,99989.0,8399.0,8399.0,12248.2,7348.92,12248.2,0.2861,0.2861,0.34592,389.942,101.248517,330.033437,117.508623,0.005571,0.001558,0.00394,0.001623,0.83559,1.614,No Fail,150.0,100.0,43.13,0.0,0.0
781,42.7,0.2,3642,45,-45,45,-45,45,-45,Angle-Ply,100215.5,8410.5,8410.5,12273.9,7364.340000000001,12273.9,0.28595,0.28595,0.34584,297.739,77.116565,251.478757,90.030126,0.004253,0.001188,0.002991,0.001233,0.63801,1.351,No Fail,150.0,100.0,36.42,0.0,0.0
782,42.8,0.2,2583,45,-45,45,-45,45,-45,Angle-Ply,100442.0,8422.0,8422.0,12299.6,7379.76,12299.6,0.2858,0.2858,0.34576,233.601,60.278913,196.823704,70.942606,0.003337,0.000932,0.002333,0.000964,0.50057,1.167,No Fail,150.0,100.0,25.83,0.0,0.0
783,42.9,0.2,4016,45,-45,45,-45,45,-45,Angle-Ply,100668.5,8433.5,8433.5,12325.3,7395.179999999999,12325.3,0.2856499999999999,0.2856499999999999,0.34568,289.776,74.403733,243.463662,88.462022,0.00414,0.001155,0.002877,0.001191,0.62095,1.328,No Fail,150.0,100.0,40.16,0.0,0.0
784,43.0,0.2,4192,45,-45,45,-45,45,-45,Angle-Ply,100895.0,8445.0,8445.0,12351.0,7410.599999999999,12351.0,0.2855,0.2855,0.3456,359.969,91.856905,301.467595,110.556434,0.005142,0.001433,0.003554,0.001473,0.77136,1.528,No Fail,150.0,100.0,41.92,0.0,0.0
785,43.1,0.2,1758,45,-45,45,-45,45,-45,Angle-Ply,101121.5,8456.5,8456.5,12376.7,7426.02,12376.7,0.28535,0.28535,0.34552,64.957,16.454038,54.205496,20.086757,0.000928,0.000258,0.000638,0.000265,0.13919,0.686,FAIL,150.0,100.0,17.58,0.0,0.0
786,43.2,0.2,3748,45,-45,45,-45,45,-45,Angle-Ply,101348.0,8468.0,8468.0,12402.4,7441.44,12402.4,0.2852,0.2852,0.3454399999999999,263.787,66.252248,219.257422,82.189875,0.003768,0.001048,0.002575,0.001072,0.56526,1.254,No Fail,150.0,100.0,37.48,0.0,0.0
787,43.3,0.2,3880,45,-45,45,-45,45,-45,Angle-Ply,101574.5,8479.5,8479.5,12428.1,7456.86,12428.1,0.2850499999999999,0.2850499999999999,0.34536,334.484,83.203665,276.825216,105.077808,0.004778,0.001327,0.003248,0.001355,0.71675,1.456,No Fail,150.0,100.0,38.8,0.0,0.0
788,43.4,0.2,4573,45,-45,45,-45,45,-45,Angle-Ply,101801.0,8491.0,8491.0,12453.8,7472.279999999999,12453.8,0.2849,0.2849,0.34528,420.661,103.528467,346.531176,133.321489,0.006009,0.001666,0.004063,0.0017,0.90142,1.702,No Fail,150.0,100.0,45.73,0.0,0.0
789,43.5,0.2,3739,45,-45,45,-45,45,-45,Angle-Ply,102027.5,8502.5,8502.5,12479.5,7487.7,12479.5,0.28475,0.28475,0.3451999999999999,283.574,68.979407,232.440389,90.719074,0.004051,0.001121,0.002725,0.001143,0.60766,1.31,No Fail,150.0,100.0,37.39,0.0,0.0
790,43.6,0.2,4882,45,-45,45,-45,45,-45,Angle-Ply,102254.0,8514.0,8514.0,12505.2,7503.12,12505.2,0.2846,0.2846,0.34512,471.596,113.276974,384.513153,152.359028,0.006737,0.001861,0.004509,0.001897,1.01056,1.847,No Fail,150.0,100.0,48.82,0.0,0.0
791,43.7,0.2,4687,45,-45,45,-45,45,-45,Angle-Ply,102480.5,8525.5,8525.5,12530.9,7518.540000000001,12530.9,0.28445,0.28445,0.34504,423.526,100.367799,343.386894,138.233884,0.00605,0.001668,0.00403,0.001701,0.90756,1.71,No Fail,150.0,100.0,46.87,0.0,0.0
792,43.8,0.2,1935,45,-45,45,-45,45,-45,Angle-Ply,102707.0,8537.0,8537.0,12556.6,7533.959999999999,12556.6,0.2843,0.2843,0.34496,166.948,39.002966,134.561364,55.066954,0.002385,0.000656,0.001582,0.000669,0.35775,0.977,FAIL,150.0,100.0,19.35,0.0,0.0
793,43.9,0.2,2076,45,-45,45,-45,45,-45,Angle-Ply,102933.5,8548.5,8548.5,12582.3,7549.379999999999,12582.3,0.2841499999999999,0.2841499999999999,0.3448799999999999,171.715,39.520711,137.550652,57.253371,0.002453,0.000674,0.00162,0.000688,0.36796,0.991,FAIL,150.0,100.0,20.76,0.0,0.0
794,44.0,0.2,3983,45,-45,45,-45,45,-45,Angle-Ply,103160.0,8560.0,8560.0,12608.0,7564.799999999999,12608.0,0.284,0.284,0.3448,359.28,81.412337,285.949729,121.111462,0.005133,0.001407,0.003375,0.001438,0.76989,1.527,No Fail,150.0,100.0,39.83,0.0,0.0
795,44.1,0.2,4793,45,-45,45,-45,45,-45,Angle-Ply,103386.5,8571.5,8571.5,12633.7,7580.22,12633.7,0.2838499999999999,0.2838499999999999,0.3447199999999999,444.291,99.072327,351.253811,151.434479,0.006347,0.001735,0.004157,0.001777,0.95205,1.769,No Fail,150.0,100.0,47.93,0.0,0.0
796,44.2,0.2,4461,45,-45,45,-45,45,-45,Angle-Ply,103613.0,8583.0,8583.0,12659.4,7595.639999999999,12659.4,0.2837,0.2837,0.34464,349.111,76.579655,274.104863,120.321013,0.004987,0.00136,0.003255,0.001396,0.74809,1.497,No Fail,150.0,100.0,44.61,0.0,0.0
797,44.3,0.2,3723,45,-45,45,-45,45,-45,Angle-Ply,103839.5,8594.5,8594.5,12685.1,7611.059999999999,12685.1,0.28355,0.28355,0.34456,338.986,73.128755,264.268892,118.131826,0.004843,0.001318,0.00315,0.001356,0.7264,1.469,No Fail,150.0,100.0,37.23,0.0,0.0
798,44.4,0.2,1938,45,-45,45,-45,45,-45,Angle-Ply,104066.0,8606.0,8606.0,12710.8,7626.48,12710.8,0.2834,0.2834,0.34448,113.823,24.145843,88.089841,40.103364,0.001626,0.000441,0.001054,0.000456,0.24391,0.825,FAIL,150.0,100.0,19.38,0.0,0.0
799,44.5,0.2,3367,45,-45,45,-45,45,-45,Angle-Ply,104292.5,8617.5,8617.5,12736.5,7641.9,12736.5,0.28325,0.28325,0.3444,294.95,61.528639,226.571695,105.050048,0.004214,0.00114,0.002725,0.001182,0.63203,1.343,No Fail,150.0,100.0,33.67,0.0,0.0
800,44.6,0.2,2090,45,-45,45,-45,45,-45,Angle-Ply,104519.0,8629.0,8629.0,12762.2,7657.32,12762.2,0.2831,0.2831,0.34432,135.466,27.793981,103.273496,48.761945,0.001935,0.000522,0.001248,0.000543,0.29029,0.887,FAIL,150.0,100.0,20.9,0.0,0.0
801,44.7,0.2,2040,45,-45,45,-45,45,-45,Angle-Ply,104745.5,8640.5,8640.5,12787.9,7672.74,12787.9,0.28295,0.28295,0.34424,82.592,16.672159,62.481016,30.038135,0.00118,0.000317,0.00076,0.000332,0.17698,0.736,FAIL,150.0,100.0,20.4,0.0,0.0
802,44.8,0.2,4022,45,-45,45,-45,45,-45,Angle-Ply,104972.0,8652.0,8652.0,12813.6,7688.159999999999,12813.6,0.2828,0.2828,0.34416,327.256,65.025774,245.646296,120.216838,0.004675,0.001254,0.003004,0.001317,0.70126,1.435,No Fail,150.0,100.0,40.22,0.0,0.0
803,44.9,0.2,4449,45,-45,45,-45,45,-45,Angle-Ply,105198.5,8663.5,8663.5,12839.3,7703.579999999999,12839.3,0.2826499999999999,0.2826499999999999,0.3440799999999999,379.121,74.199396,282.34822,140.616122,0.005416,0.001448,0.003475,0.00153,0.8124,1.583,No Fail,150.0,100.0,44.49,0.0,0.0
804,45.0,0.2,4388,45,-45,45,-45,45,-45,Angle-Ply,105425.0,8675.0,8675.0,12865.0,7719.0,12865.0,0.2825,0.2825,0.344,377.069,72.747591,278.609722,141.147915,0.005387,0.001436,0.003452,0.001525,0.808,1.577,No Fail,150.0,100.0,43.88,0.0,0.0
805,45.1,0.2,1659,45,-45,45,-45,45,-45,Angle-Ply,105651.5,8686.5,8686.5,12890.7,7734.42,12890.7,0.28235,0.28235,0.34392,140.12,26.674298,102.71627,52.911276,0.002002,0.000532,0.001282,0.000568,0.30026,0.9,FAIL,150.0,100.0,16.59,0.0,0.0
806,45.2,0.2,3519,45,-45,45,-45,45,-45,Angle-Ply,105878.0,8698.0,8698.0,12916.4,7749.839999999999,12916.4,0.2822,0.2822,0.34384,274.743,51.665604,199.819106,104.604434,0.003925,0.001039,0.002512,0.001118,0.58873,1.285,No Fail,150.0,100.0,35.19,0.0,0.0
807,45.3,0.2,4184,45,-45,45,-45,45,-45,Angle-Ply,106104.5,8709.5,8709.5,12942.1,7765.259999999998,12942.1,0.28205,0.28205,0.34376,345.588,64.27856,249.379231,132.5936,0.004937,0.001303,0.00316,0.001411,0.74055,1.487,No Fail,150.0,100.0,41.84,0.0,0.0
808,45.4,0.2,3736,45,-45,45,-45,45,-45,Angle-Ply,106331.0,8721.0,8721.0,12967.799999999996,7780.6799999999985,12967.799999999996,0.2819,0.2819,0.34368,322.547,59.421375,230.950279,124.637314,0.004608,0.001212,0.00295,0.001322,0.69117,1.422,No Fail,150.0,100.0,37.36,0.0,0.0
809,45.5,0.2,3695,45,-45,45,-45,45,-45,Angle-Ply,106557.5,8732.5,8732.5,12993.5,7796.099999999999,12993.5,0.28175,0.28175,0.3436,309.28,56.520532,219.758952,120.291741,0.004418,0.001158,0.00283,0.001272,0.66274,1.384,No Fail,150.0,100.0,36.95,0.0,0.0
810,45.6,0.2,4848,45,-45,45,-45,45,-45,Angle-Ply,106784.0,8744.0,8744.0,13019.2,7811.52,13019.2,0.2816,0.2816,0.34352,456.329,82.860067,321.810617,178.532404,0.006519,0.001702,0.004179,0.001885,0.97785,1.804,No Fail,150.0,100.0,48.48,0.0,0.0
811,45.7,0.2,4316,45,-45,45,-45,45,-45,Angle-Ply,107010.5,8755.5,8755.5,13044.9,7826.94,13044.9,0.28145,0.28145,0.3434399999999999,378.014,68.317672,264.623871,148.668073,0.0054,0.001405,0.003466,0.001569,0.81003,1.58,No Fail,150.0,100.0,43.16,0.0,0.0
812,45.8,0.2,2541,45,-45,45,-45,45,-45,Angle-Ply,107237.0,8767.0,8767.0,13070.6,7842.359999999999,13070.6,0.2813,0.2813,0.34336,164.451,29.634144,114.298551,64.971673,0.002349,0.000609,0.00151,0.000686,0.35239,0.97,FAIL,150.0,100.0,25.41,0.0,0.0
813,45.9,0.2,1710,45,-45,45,-45,45,-45,Angle-Ply,107463.5,8778.5,8778.5,13096.299999999996,7857.779999999998,13096.299999999996,0.28115,0.28115,0.34328,140.766,25.338121,97.158807,55.829298,0.002011,0.000519,0.001295,0.00059,0.30164,0.902,FAIL,150.0,100.0,17.1,0.0,0.0
814,46.0,0.2,3195,45,-45,45,-45,45,-45,Angle-Ply,107690.0,8790.0,8790.0,13122.0,7873.2,13122.0,0.281,0.281,0.3432,261.57,47.117468,179.333909,104.069137,0.003737,0.000961,0.002413,0.001102,0.56051,1.247,No Fail,150.0,100.0,31.95,0.0,0.0
815,46.1,0.2,3623,45,-45,45,-45,45,-45,Angle-Ply,107916.5,8801.5,8801.5,13147.7,7888.62,13147.7,0.2808499999999999,0.2808499999999999,0.34312,333.283,60.18896,227.038823,132.924293,0.004761,0.001219,0.003082,0.001411,0.71418,1.452,No Fail,150.0,100.0,36.23,0.0,0.0
816,46.2,0.2,4014,45,-45,45,-45,45,-45,Angle-Ply,108143.0,8813.0,8813.0,13173.4,7904.039999999999,13173.4,0.2807,0.2807,0.34304,363.782,65.982939,246.306168,145.33599,0.005197,0.001326,0.003374,0.001549,0.77953,1.539,No Fail,150.0,100.0,40.14,0.0,0.0
817,46.3,0.2,4513,45,-45,45,-45,45,-45,Angle-Ply,108369.5,8824.5,8824.5,13199.1,7919.46,13199.1,0.28055,0.28055,0.34296,372.08,67.899271,250.474781,148.795534,0.005315,0.00135,0.003461,0.001593,0.79731,1.563,No Fail,150.0,100.0,45.13,0.0,0.0
818,46.4,0.2,1958,45,-45,45,-45,45,-45,Angle-Ply,108596.0,8836.0,8836.0,13224.8,7934.879999999999,13224.8,0.2804,0.2804,0.34288,70.089,12.889419,46.927671,28.035242,0.001001,0.000253,0.000654,0.000302,0.15019,0.7,FAIL,150.0,100.0,19.58,0.0,0.0
819,46.5,0.2,3466,45,-45,45,-45,45,-45,Angle-Ply,108822.5,8847.5,8847.5,13250.5,7950.299999999999,13250.5,0.28025,0.28025,0.3428,298.286,55.366039,198.715698,119.252386,0.004261,0.001074,0.002795,0.001292,0.63918,1.352,No Fail,150.0,100.0,34.66,0.0,0.0
820,46.6,0.2,3133,45,-45,45,-45,45,-45,Angle-Ply,109049.0,8859.0,8859.0,13276.2,7965.72,13276.2,0.2801,0.2801,0.34272,267.862,50.25389,177.627209,106.955912,0.003827,0.000961,0.00252,0.001168,0.57399,1.265,No Fail,150.0,100.0,31.33,0.0,0.0
821,46.7,0.2,2368,45,-45,45,-45,45,-45,Angle-Ply,109275.5,8870.5,8870.5,13301.9,7981.139999999999,13301.9,0.27995,0.27995,0.3426399999999999,190.826,36.233239,126.015341,76.045309,0.002726,0.000681,0.001803,0.000837,0.40891,1.045,No Fail,150.0,100.0,23.68,0.0,0.0
822,46.8,0.2,2516,45,-45,45,-45,45,-45,Angle-Ply,109502.0,8882.0,8882.0,13327.6,7996.559999999999,13327.6,0.2798,0.2798,0.34256,225.244,43.334527,148.191644,89.518797,0.003218,0.000801,0.002137,0.000994,0.48267,1.144,No Fail,150.0,100.0,25.16,0.0,0.0
823,46.9,0.2,3654,45,-45,45,-45,45,-45,Angle-Ply,109728.5,8893.5,8893.5,13353.3,8011.98,13353.3,0.2796499999999999,0.2796499999999999,0.34248,317.124,61.880646,207.964487,125.604611,0.00453,0.001123,0.003023,0.001409,0.67955,1.406,No Fail,150.0,100.0,36.54,0.0,0.0
824,47.0,0.2,4529,45,-45,45,-45,45,-45,Angle-Ply,109955.0,8905.0,8905.0,13379.0,8027.4,13379.0,0.2794999999999999,0.2794999999999999,0.3424,426.273,84.435151,278.772142,168.141437,0.00609,0.001503,0.004084,0.001907,0.91344,1.718,No Fail,150.0,100.0,45.29,0.0,0.0
825,47.1,0.2,2646,45,-45,45,-45,45,-45,Angle-Ply,110181.5,8916.5,8916.5,13404.7,8042.82,13404.7,0.27935,0.27935,0.3423199999999999,232.523,46.784925,151.721374,91.277804,0.003322,0.000817,0.002239,0.001047,0.49826,1.164,No Fail,150.0,100.0,26.46,0.0,0.0
826,47.2,0.2,2595,45,-45,45,-45,45,-45,Angle-Ply,110408.0,8928.0,8928.0,13430.4,8058.24,13430.4,0.2792,0.2792,0.34224,181.816,37.179324,118.428156,70.982901,0.002597,0.000636,0.001759,0.000824,0.38961,1.019,No Fail,150.0,100.0,25.95,0.0,0.0
827,47.3,0.2,3244,45,-45,45,-45,45,-45,Angle-Ply,110634.5,8939.5,8939.5,13456.1,8073.66,13456.1,0.27905,0.27905,0.34216,231.927,48.217622,150.883833,89.994265,0.003313,0.000808,0.002256,0.001058,0.49699,1.163,No Fail,150.0,100.0,32.44,0.0,0.0
828,47.4,0.2,3246,45,-45,45,-45,45,-45,Angle-Ply,110861.0,8951.0,8951.0,13481.8,8089.079999999999,13481.8,0.2789,0.2789,0.34208,258.941,54.743024,168.341013,99.80137,0.003699,0.000898,0.002533,0.001189,0.55487,1.24,No Fail,150.0,100.0,32.46,0.0,0.0
829,47.5,0.2,1581,45,-45,45,-45,45,-45,Angle-Ply,111087.5,8962.5,8962.5,13507.5,8104.5,13507.5,0.27875,0.27875,0.3419999999999999,101.438,21.808491,65.935336,38.81065,0.001449,0.00035,0.000998,0.000469,0.21737,0.79,FAIL,150.0,100.0,15.81,0.0,0.0
830,47.6,0.2,3269,45,-45,45,-45,45,-45,Angle-Ply,111314.0,8974.0,8974.0,13533.200000000004,8119.920000000001,13533.200000000004,0.2786,0.2786,0.34192,214.973,46.996706,139.785127,81.602715,0.003071,0.000739,0.002127,0.001,0.46066,1.114,No Fail,150.0,100.0,32.69,0.0,0.0
831,47.7,0.2,2253,45,-45,45,-45,45,-45,Angle-Ply,111540.5,8985.5,8985.5,13558.9,8135.34,13558.9,0.27845,0.27845,0.34184,102.922,22.874587,66.98461,38.740941,0.00147,0.000353,0.001024,0.000482,0.22055,0.794,FAIL,150.0,100.0,22.53,0.0,0.0
832,47.8,0.2,1677,45,-45,45,-45,45,-45,Angle-Ply,111767.0,8997.0,8997.0,13584.6,8150.76,13584.6,0.2783,0.2783,0.34176,106.992,24.166067,69.732654,39.915505,0.001528,0.000365,0.00107,0.000504,0.22927,0.806,FAIL,150.0,100.0,16.77,0.0,0.0
833,47.9,0.2,4588,45,-45,45,-45,45,-45,Angle-Ply,111993.5,9008.5,9008.5,13610.3,8166.179999999999,13610.3,0.27815,0.27815,0.34168,406.076,93.16838,265.176775,150.082791,0.005801,0.00138,0.004088,0.001928,0.87016,1.66,No Fail,150.0,100.0,45.88,0.0,0.0
834,48.0,0.2,3147,45,-45,45,-45,45,-45,Angle-Ply,112220.0,9020.0,9020.0,13636.0,8181.599999999999,13636.0,0.278,0.278,0.3416,233.222,54.323404,152.67289,85.359217,0.003332,0.00079,0.002362,0.001114,0.49976,1.166,No Fail,150.0,100.0,31.47,0.0,0.0
835,48.1,0.2,4465,45,-45,45,-45,45,-45,Angle-Ply,112446.5,9031.5,9031.5,13661.700000000004,8197.02,13661.700000000004,0.2778499999999999,0.2778499999999999,0.34152,388.269,91.751416,254.920679,140.6746,0.005547,0.001309,0.003955,0.001867,0.832,1.609,No Fail,150.0,100.0,44.65,0.0,0.0
836,48.2,0.2,4589,45,-45,45,-45,45,-45,Angle-Ply,112673.0,9043.0,9043.0,13687.4,8212.44,13687.4,0.2777,0.2777,0.34144,413.028,98.943896,272.107902,148.091915,0.0059,0.001387,0.004232,0.001999,0.88506,1.68,No Fail,150.0,100.0,45.89,0.0,0.0
837,48.3,0.2,4173,45,-45,45,-45,45,-45,Angle-Ply,112899.5,9054.5,9054.5,13713.1,8227.86,13713.1,0.27755,0.27755,0.34136,336.167,81.569008,222.335156,119.252125,0.004802,0.001125,0.003464,0.001637,0.72036,1.46,No Fail,150.0,100.0,41.73,0.0,0.0
838,48.4,0.2,2902,45,-45,45,-45,45,-45,Angle-Ply,113126.0,9066.0,9066.0,13738.8,8243.279999999999,13738.8,0.2774,0.2774,0.34128,237.899,58.414729,158.026886,83.479152,0.003399,0.000793,0.002466,0.001166,0.50978,1.18,No Fail,150.0,100.0,29.02,0.0,0.0
839,48.5,0.2,2181,45,-45,45,-45,45,-45,Angle-Ply,113352.5,9077.5,9077.5,13764.5,8258.699999999999,13764.5,0.27725,0.27725,0.3412,137.989,34.253452,92.098599,47.890083,0.001971,0.000458,0.001438,0.00068,0.29569,0.894,FAIL,150.0,100.0,21.81,0.0,0.0
840,48.6,0.2,1757,45,-45,45,-45,45,-45,Angle-Ply,113579.0,9089.0,9089.0,13790.2,8274.12,13790.2,0.2771,0.2771,0.34112,94.047,23.576549,63.09556,32.279775,0.001344,0.000311,0.000986,0.000467,0.20153,0.769,FAIL,150.0,100.0,17.57,0.0,0.0
841,48.7,0.2,4175,45,-45,45,-45,45,-45,Angle-Ply,113805.5,9100.5,9100.5,13815.9,8289.54,13815.9,0.27695,0.27695,0.34104,360.485,91.163539,243.192955,122.364214,0.00515,0.001189,0.003801,0.001798,0.77247,1.53,No Fail,150.0,100.0,41.75,0.0,0.0
842,48.8,0.2,4962,45,-45,45,-45,45,-45,Angle-Ply,114032.0,9112.0,9112.0,13841.6,8304.96,13841.6,0.2768,0.2768,0.34096,469.666,119.681256,318.725233,157.675688,0.00671,0.001544,0.00498,0.002356,1.00643,1.842,No Fail,150.0,100.0,49.62,0.0,0.0
843,48.9,0.2,1916,45,-45,45,-45,45,-45,Angle-Ply,114258.5,9123.5,9123.5,13867.3,8320.38,13867.3,0.2766499999999999,0.2766499999999999,0.34088,97.428,24.986889,66.529869,32.353763,0.001392,0.000319,0.001039,0.000492,0.20877,0.778,FAIL,150.0,100.0,19.16,0.0,0.0
844,49.0,0.2,2879,45,-45,45,-45,45,-45,Angle-Ply,114485.0,9135.0,9135.0,13893.0,8335.8,13893.0,0.2764999999999999,0.2764999999999999,0.3408,169.587,43.720738,116.563079,55.716897,0.002423,0.000554,0.001818,0.00086,0.3634,0.985,FAIL,150.0,100.0,28.79,0.0,0.0
845,49.1,0.2,2687,45,-45,45,-45,45,-45,Angle-Ply,114711.5,9146.5,9146.5,13918.7,8351.22,13918.7,0.27635,0.27635,0.34072,168.325,43.568712,116.485083,54.72876,0.002405,0.000548,0.001813,0.000858,0.3607,0.981,FAIL,150.0,100.0,26.87,0.0,0.0
846,49.2,0.2,4142,45,-45,45,-45,45,-45,Angle-Ply,114938.0,9158.0,9158.0,13944.4,8366.640000000001,13944.4,0.2762,0.2762,0.34064,309.97,80.451417,216.022825,99.772309,0.004428,0.001006,0.003355,0.001588,0.66422,1.386,No Fail,150.0,100.0,41.42,0.0,0.0
847,49.3,0.2,3282,45,-45,45,-45,45,-45,Angle-Ply,115164.5,9169.5,9169.5,13970.1,8382.06,13970.1,0.27605,0.27605,0.34056,296.95,77.185676,208.455726,94.662759,0.004242,0.000961,0.00323,0.001529,0.63632,1.348,No Fail,150.0,100.0,32.82,0.0,0.0
848,49.4,0.2,1659,45,-45,45,-45,45,-45,Angle-Ply,115391.0,9181.0,9181.0,13995.8,8397.48,13995.8,0.2759,0.2759,0.34048,89.116,23.16845,63.025458,28.149454,0.001273,0.000288,0.000974,0.000461,0.19096,0.755,FAIL,150.0,100.0,16.59,0.0,0.0
849,49.5,0.2,2666,45,-45,45,-45,45,-45,Angle-Ply,115617.5,9192.5,9192.5,14021.5,8412.9,14021.5,0.27575,0.27575,0.3404,237.089,61.572779,168.953772,74.248437,0.003387,0.000763,0.002602,0.001232,0.50805,1.177,No Fail,150.0,100.0,26.66,0.0,0.0
850,49.6,0.2,3099,45,-45,45,-45,45,-45,Angle-Ply,115844.0,9204.0,9204.0,14047.2,8428.32,14047.2,0.2756,0.2756,0.3403199999999999,247.577,64.146644,177.793683,76.916583,0.003537,0.000795,0.002729,0.001292,0.53052,1.207,No Fail,150.0,100.0,30.99,0.0,0.0
851,49.7,0.2,3304,45,-45,45,-45,45,-45,Angle-Ply,116070.5,9215.5,9215.5,14072.9,8443.74,14072.9,0.27545,0.27545,0.34024,255.385,65.932586,184.83809,78.765958,0.003648,0.000818,0.002826,0.001338,0.54725,1.23,No Fail,150.0,100.0,33.04,0.0,0.0
852,49.8,0.2,3646,45,-45,45,-45,45,-45,Angle-Ply,116297.0,9227.0,9227.0,14098.6,8459.16,14098.6,0.2753,0.2753,0.34016,322.319,82.812056,235.125552,98.761574,0.004605,0.00103,0.003582,0.001696,0.69068,1.421,No Fail,150.0,100.0,36.46,0.0,0.0
853,49.9,0.2,4967,45,-45,45,-45,45,-45,Angle-Ply,116523.5,9238.5,9238.5,14124.3,8474.58,14124.3,0.27515,0.27515,0.34008,482.903,123.322413,355.06421,147.119376,0.006899,0.00154,0.005385,0.00255,1.03479,1.88,No Fail,150.0,100.0,49.67,0.0,0.0
854,50.0,0.2,2547,45,-45,45,-45,45,-45,Angle-Ply,116750.0,9250.0,9250.0,14150.0,8490.0,14150.0,0.275,0.275,0.3399999999999999,159.264,40.379229,118.032233,48.284241,0.002275,0.000507,0.001782,0.000844,0.34128,0.955,FAIL,150.0,100.0,25.47,0.0,0.0
855,50.1,0.2,4399,45,-45,45,-45,45,-45,Angle-Ply,116976.5,9261.5,9261.5,14175.7,8505.42,14175.7,0.27485,0.27485,0.33992,402.765,101.262668,300.858054,121.620121,0.005754,0.001279,0.004521,0.002141,0.86307,1.651,No Fail,150.0,100.0,43.99,0.0,0.0
856,50.2,0.2,3981,45,-45,45,-45,45,-45,Angle-Ply,117203.0,9273.0,9273.0,14201.4,8520.84,14201.4,0.2747,0.2747,0.33984,336.411,83.780315,253.271438,101.272823,0.004806,0.001067,0.003787,0.001794,0.72088,1.461,No Fail,150.0,100.0,39.81,0.0,0.0
857,50.3,0.2,4355,45,-45,45,-45,45,-45,Angle-Ply,117429.5,9284.5,9284.5,14227.1,8536.26,14227.1,0.27455,0.27455,0.33976,401.976,99.056737,304.99315,120.755413,0.005743,0.001273,0.004538,0.00215,0.86138,1.649,No Fail,150.0,100.0,43.55,0.0,0.0
858,50.4,0.2,3858,45,-45,45,-45,45,-45,Angle-Ply,117656.0,9296.0,9296.0,14252.8,8551.679999999998,14252.8,0.2744,0.2744,0.33968,340.916,83.043466,260.656229,102.296418,0.00487,0.001078,0.003858,0.001828,0.73053,1.474,No Fail,150.0,100.0,38.58,0.0,0.0
859,50.5,0.2,3543,45,-45,45,-45,45,-45,Angle-Ply,117882.5,9307.5,9307.5,14278.5,8567.1,14278.5,0.27425,0.27425,0.3396,240.81,57.929046,185.512095,72.247245,0.00344,0.00076,0.002731,0.001294,0.51602,1.188,No Fail,150.0,100.0,35.43,0.0,0.0
860,50.6,0.2,4039,45,-45,45,-45,45,-45,Angle-Ply,118109.0,9319.0,9319.0,14304.2,8582.52,14304.2,0.2741,0.2741,0.33952,314.123,74.56,243.786959,94.320912,0.004487,0.000991,0.003569,0.001691,0.67312,1.397,No Fail,150.0,100.0,40.39,0.0,0.0
861,50.7,0.2,1593,45,-45,45,-45,45,-45,Angle-Ply,118335.5,9330.5,9330.5,14329.9,8597.939999999999,14329.9,0.2739499999999999,0.2739499999999999,0.3394399999999999,61.764,14.453764,48.282021,18.579316,0.000882,0.000195,0.000703,0.000333,0.13235,0.676,FAIL,150.0,100.0,15.93,0.0,0.0
862,50.8,0.2,4885,45,-45,45,-45,45,-45,Angle-Ply,118562.0,9342.0,9342.0,14355.6,8613.36,14355.6,0.2738,0.2738,0.33936,440.297,101.513553,346.618702,132.813948,0.00629,0.001386,0.005018,0.002379,0.94349,1.758,No Fail,150.0,100.0,48.85,0.0,0.0
863,50.9,0.2,4217,45,-45,45,-45,45,-45,Angle-Ply,118788.5,9353.5,9353.5,14381.3,8628.779999999999,14381.3,0.2736499999999999,0.2736499999999999,0.33928,334.836,76.011388,265.4011,101.377329,0.004783,0.001053,0.00382,0.001812,0.7175,1.457,No Fail,150.0,100.0,42.17,0.0,0.0
864,51.0,0.2,4025,45,-45,45,-45,45,-45,Angle-Ply,119015.0,9365.0,9365.0,14407.0,8644.199999999999,14407.0,0.2734999999999999,0.2734999999999999,0.3392,336.305,75.132791,268.329146,102.292985,0.004804,0.001057,0.00384,0.001822,0.72065,1.461,No Fail,150.0,100.0,40.25,0.0,0.0
865,51.1,0.2,2097,45,-45,45,-45,45,-45,Angle-Ply,119241.5,9376.5,9376.5,14432.7,8659.62,14432.7,0.27335,0.27335,0.33912,127.433,28.00652,102.322715,38.973925,0.00182,0.0004,0.001456,0.000691,0.27307,0.864,FAIL,150.0,100.0,20.97,0.0,0.0
866,51.2,0.2,3669,45,-45,45,-45,45,-45,Angle-Ply,119468.0,9388.0,9388.0,14458.4,8675.039999999999,14458.4,0.2732,0.2732,0.33904,292.325,63.184326,236.154321,89.969156,0.004176,0.000919,0.003341,0.001586,0.62641,1.335,No Fail,150.0,100.0,36.69,0.0,0.0
867,51.3,0.2,2017,45,-45,45,-45,45,-45,Angle-Ply,119694.5,9399.5,9399.5,14484.1,8690.46,14484.1,0.27305,0.27305,0.33896,91.013,19.344411,73.952058,28.209769,0.0013,0.000286,0.00104,0.000494,0.19503,0.76,FAIL,150.0,100.0,20.17,0.0,0.0
868,51.4,0.2,1610,45,-45,45,-45,45,-45,Angle-Ply,119921.0,9411.0,9411.0,14509.8,8705.88,14509.8,0.2729,0.2729,0.33888,64.415,13.46329,52.628531,20.121456,0.00092,0.000202,0.000736,0.00035,0.13803,0.684,FAIL,150.0,100.0,16.1,0.0,0.0
869,51.5,0.2,1885,45,-45,45,-45,45,-45,Angle-Ply,120147.5,9422.5,9422.5,14535.5,8721.3,14535.5,0.27275,0.27275,0.3388,65.134,13.389104,53.492606,20.518108,0.00093,0.000205,0.000743,0.000353,0.13957,0.686,FAIL,150.0,100.0,18.85,0.0,0.0
870,51.6,0.2,2598,45,-45,45,-45,45,-45,Angle-Ply,120374.0,9434.0,9434.0,14561.2,8736.72,14561.2,0.2726,0.2726,0.33872,242.531,49.048376,200.153734,77.091458,0.003465,0.000763,0.002767,0.001316,0.51971,1.193,No Fail,150.0,100.0,25.98,0.0,0.0
871,51.7,0.2,3917,45,-45,45,-45,45,-45,Angle-Ply,120600.5,9445.5,9445.5,14586.9,8752.14,14586.9,0.2724499999999999,0.2724499999999999,0.33864,370.655,73.780827,307.277065,118.943504,0.005295,0.001167,0.004224,0.00201,0.79426,1.559,No Fail,150.0,100.0,39.17,0.0,0.0
872,51.8,0.2,4212,45,-45,45,-45,45,-45,Angle-Ply,120827.0,9457.0,9457.0,14612.6,8767.56,14612.6,0.2723,0.2723,0.3385599999999999,374.619,73.443307,311.862047,121.41833,0.005352,0.00118,0.004264,0.00203,0.80275,1.57,No Fail,150.0,100.0,42.12,0.0,0.0
873,51.9,0.2,4555,45,-45,45,-45,45,-45,Angle-Ply,121053.5,9468.5,9468.5,14638.3,8782.98,14638.3,0.27215,0.27215,0.33848,356.509,68.891286,297.920153,116.747886,0.005093,0.001124,0.004051,0.00193,0.76395,1.519,No Fail,150.0,100.0,45.55,0.0,0.0
874,52.0,0.2,1718,45,-45,45,-45,45,-45,Angle-Ply,121280.0,9480.0,9480.0,14664.0,8798.4,14664.0,0.272,0.272,0.3384,70.072,13.359236,58.758516,23.191889,0.001001,0.000221,0.000795,0.000379,0.15015,0.7,FAIL,150.0,100.0,17.18,0.0,0.0
875,52.1,0.2,2226,45,-45,45,-45,45,-45,Angle-Ply,121506.5,9491.5,9491.5,14689.7,8813.82,14689.7,0.27185,0.27185,0.3383199999999999,189.462,35.676472,159.361016,63.390536,0.002707,0.000599,0.002144,0.001023,0.40599,1.041,No Fail,150.0,100.0,22.26,0.0,0.0
876,52.2,0.2,3818,45,-45,45,-45,45,-45,Angle-Ply,121733.0,9503.0,9503.0,14715.4,8829.24,14715.4,0.2717,0.2717,0.33824,341.216,63.54119,287.777379,115.427404,0.004875,0.00108,0.003852,0.001838,0.73118,1.475,No Fail,150.0,100.0,38.18,0.0,0.0
877,52.3,0.2,2598,45,-45,45,-45,45,-45,Angle-Ply,121959.5,9514.5,9514.5,14741.1,8844.66,14741.1,0.27155,0.27155,0.33816,187.847,34.641722,158.792416,64.253539,0.002684,0.000596,0.002115,0.00101,0.40253,1.037,No Fail,150.0,100.0,25.98,0.0,0.0
878,52.4,0.2,4692,45,-45,45,-45,45,-45,Angle-Ply,122186.0,9526.0,9526.0,14766.8,8860.08,14766.8,0.2714,0.2714,0.33808,452.079,82.686685,382.883545,156.360353,0.006458,0.001436,0.005075,0.002424,0.96874,1.792,No Fail,150.0,100.0,46.92,0.0,0.0
879,52.5,0.2,2740,45,-45,45,-45,45,-45,Angle-Ply,122412.5,9537.5,9537.5,14792.5,8875.5,14792.5,0.27125,0.27125,0.3379999999999999,222.949,40.509424,189.108714,77.967712,0.003185,0.000709,0.002495,0.001193,0.47775,1.137,No Fail,150.0,100.0,27.4,0.0,0.0
880,52.6,0.2,4023,45,-45,45,-45,45,-45,Angle-Ply,122639.0,9549.0,9549.0,14818.2,8890.92,14818.2,0.2711,0.2711,0.33792,315.135,56.979394,267.597214,111.41728,0.004502,0.001005,0.003515,0.001681,0.67529,1.4,No Fail,150.0,100.0,40.23,0.0,0.0
881,52.7,0.2,3927,45,-45,45,-45,45,-45,Angle-Ply,122865.5,9560.5,9560.5,14843.9,8906.34,14843.9,0.2709499999999999,0.2709499999999999,0.33784,318.595,57.424982,270.724182,113.85829,0.004551,0.001018,0.00354,0.001694,0.6827,1.41,No Fail,150.0,100.0,39.27,0.0,0.0
882,52.8,0.2,2173,45,-45,45,-45,45,-45,Angle-Ply,123092.0,9572.0,9572.0,14869.6,8921.76,14869.6,0.2708,0.2708,0.33776,132.788,23.902871,112.868721,47.957019,0.001897,0.000425,0.00147,0.000704,0.28454,0.879,FAIL,150.0,100.0,21.73,0.0,0.0
883,52.9,0.2,3453,45,-45,45,-45,45,-45,Angle-Ply,123318.5,9583.5,9583.5,14895.3,8937.179999999998,14895.3,0.2706499999999999,0.2706499999999999,0.33768,310.333,55.891396,263.750117,113.230365,0.004433,0.000996,0.003421,0.00164,0.665,1.387,No Fail,150.0,100.0,34.53,0.0,0.0
884,53.0,0.2,4905,45,-45,45,-45,45,-45,Angle-Ply,123545.0,9595.0,9595.0,14921.0,8952.6,14921.0,0.2704999999999999,0.2704999999999999,0.3376,469.475,84.751727,398.795693,172.99774,0.006707,0.001511,0.005154,0.002471,1.00602,1.841,No Fail,150.0,100.0,49.05,0.0,0.0
885,53.1,0.2,2512,45,-45,45,-45,45,-45,Angle-Ply,123771.5,9606.5,9606.5,14946.7,8968.02,14946.7,0.27035,0.27035,0.33752,203.101,36.81685,172.364255,75.555024,0.002901,0.000655,0.002219,0.001065,0.43522,1.08,No Fail,150.0,100.0,25.12,0.0,0.0
886,53.2,0.2,3967,45,-45,45,-45,45,-45,Angle-Ply,123998.0,9618.0,9618.0,14972.4,8983.439999999999,14972.4,0.2702,0.2702,0.3374399999999999,370.1,67.484984,313.672295,138.932667,0.005287,0.001198,0.004026,0.001933,0.79307,1.557,No Fail,150.0,100.0,39.67,0.0,0.0
887,53.3,0.2,2721,45,-45,45,-45,45,-45,Angle-Ply,124224.5,9629.5,9629.5,14998.1,8998.859999999999,14998.1,0.27005,0.27005,0.33736,223.607,41.081645,189.186647,84.66368,0.003194,0.000726,0.00242,0.001163,0.47916,1.139,No Fail,150.0,100.0,27.21,0.0,0.0
888,53.4,0.2,4284,45,-45,45,-45,45,-45,Angle-Ply,124451.0,9641.0,9641.0,15023.8,9014.28,15023.8,0.2699,0.2699,0.33728,325.824,60.408456,275.083125,124.364658,0.004655,0.001061,0.00351,0.001687,0.69819,1.431,No Fail,150.0,100.0,42.84,0.0,0.0
889,53.5,0.2,1927,45,-45,45,-45,45,-45,Angle-Ply,124677.5,9652.5,9652.5,15049.5,9029.7,15049.5,0.26975,0.26975,0.3372,142.535,26.706415,120.035052,54.814815,0.002036,0.000465,0.001527,0.000734,0.30543,0.907,FAIL,150.0,100.0,19.27,0.0,0.0
890,53.6,0.2,2829,45,-45,45,-45,45,-45,Angle-Ply,124904.0,9664.0,9664.0,15075.2,9045.12,15075.2,0.2696,0.2696,0.33712,196.449,37.247169,164.958419,76.073817,0.002806,0.000643,0.002094,0.001007,0.42096,1.061,No Fail,150.0,100.0,28.29,0.0,0.0
891,53.7,0.2,4364,45,-45,45,-45,45,-45,Angle-Ply,125130.5,9675.5,9675.5,15100.9,9060.54,15100.9,0.2694499999999999,0.2694499999999999,0.33704,329.489,63.290915,275.76492,128.401218,0.004707,0.001083,0.003494,0.001681,0.70605,1.441,No Fail,150.0,100.0,43.64,0.0,0.0
892,53.8,0.2,4316,45,-45,45,-45,45,-45,Angle-Ply,125357.0,9687.0,9687.0,15126.6,9075.96,15126.6,0.2693,0.2693,0.33696,327.047,63.710221,272.722137,128.175176,0.004672,0.001079,0.003449,0.00166,0.70082,1.434,No Fail,150.0,100.0,43.16,0.0,0.0
893,53.9,0.2,2507,45,-45,45,-45,45,-45,Angle-Ply,125583.5,9698.5,9698.5,15152.3,9091.38,15152.3,0.26915,0.26915,0.33688,203.355,40.20917,168.896111,80.098977,0.002905,0.000673,0.002132,0.001027,0.43576,1.081,No Fail,150.0,100.0,25.07,0.0,0.0
894,54.0,0.2,2712,45,-45,45,-45,45,-45,Angle-Ply,125810.0,9710.0,9710.0,15178.000000000002,9106.8,15178.000000000002,0.269,0.269,0.3368,179.798,36.110153,148.679425,71.127838,0.002569,0.000597,0.001875,0.000903,0.38528,1.014,No Fail,150.0,100.0,27.12,0.0,0.0
895,54.1,0.2,2398,45,-45,45,-45,45,-45,Angle-Ply,126036.5,9721.5,9721.5,15203.700000000004,9122.22,15203.700000000004,0.26885,0.26885,0.33672,175.159,35.750653,144.162055,69.545147,0.002502,0.000584,0.001816,0.000874,0.37534,1.0,No Fail,150.0,100.0,23.98,0.0,0.0
896,54.2,0.2,2207,45,-45,45,-45,45,-45,Angle-Ply,126263.0,9733.0,9733.0,15229.4,9137.64,15229.4,0.2687,0.2687,0.33664,150.641,31.2583,123.358909,59.985757,0.002152,0.000504,0.001553,0.000748,0.3228,0.93,FAIL,150.0,100.0,22.07,0.0,0.0
897,54.3,0.2,4766,45,-45,45,-45,45,-45,Angle-Ply,126489.5,9744.5,9744.5,15255.1,9153.06,15255.1,0.26855,0.26855,0.3365599999999999,420.517,88.73039,342.516542,167.820595,0.006007,0.001412,0.004309,0.002075,0.90111,1.701,No Fail,150.0,100.0,47.66,0.0,0.0
898,54.4,0.2,1980,45,-45,45,-45,45,-45,Angle-Ply,126716.0,9756.0,9756.0,15280.8,9168.48,15280.8,0.2683999999999999,0.2683999999999999,0.33648,102.703,22.037862,83.180126,41.047259,0.001467,0.000346,0.001046,0.000504,0.22008,0.793,FAIL,150.0,100.0,19.8,0.0,0.0
899,54.5,0.2,3554,45,-45,45,-45,45,-45,Angle-Ply,126942.5,9767.5,9767.5,15306.500000000002,9183.9,15306.500000000002,0.26825,0.26825,0.3364,281.329,61.385649,226.497593,112.521384,0.004019,0.000952,0.002849,0.001371,0.60285,1.304,No Fail,150.0,100.0,35.54,0.0,0.0
900,54.6,0.2,3844,45,-45,45,-45,45,-45,Angle-Ply,127169.0,9779.0,9779.0,15332.200000000004,9199.320000000002,15332.200000000004,0.2681,0.2681,0.3363199999999999,353.012,78.310031,282.443933,141.19151,0.005043,0.0012,0.003554,0.00171,0.75645,1.509,No Fail,150.0,100.0,38.44,0.0,0.0
901,54.7,0.2,3733,45,-45,45,-45,45,-45,Angle-Ply,127395.5,9790.5,9790.5,15357.9,9214.74,15357.9,0.2679499999999999,0.2679499999999999,0.33624,309.791,69.84358,246.259862,123.812785,0.004426,0.001057,0.003101,0.001491,0.66384,1.385,No Fail,150.0,100.0,37.33,0.0,0.0
902,54.8,0.2,2947,45,-45,45,-45,45,-45,Angle-Ply,127622.0,9801.999999999998,9801.999999999998,15383.6,9230.159999999998,15383.6,0.2678,0.2678,0.33616,276.559,63.339974,218.368916,110.367777,0.003951,0.000947,0.002752,0.001323,0.59263,1.29,No Fail,150.0,100.0,29.47,0.0,0.0
903,54.9,0.2,1852,45,-45,45,-45,45,-45,Angle-Ply,127848.5,9813.499999999998,9813.499999999998,15409.299999999996,9245.579999999998,15409.299999999996,0.26765,0.26765,0.33608,86.531,20.12098,67.851162,34.456141,0.001236,0.000298,0.000856,0.000411,0.18542,0.747,FAIL,150.0,100.0,18.52,0.0,0.0
904,55.0,0.2,1518,45,-45,45,-45,45,-45,Angle-Ply,128075.0,9825.0,9825.0,15435.000000000002,9261.0,15435.000000000002,0.2674999999999999,0.2674999999999999,0.3359999999999999,60.0,14.155562,46.712425,23.821701,0.000857,0.000207,0.00059,0.000283,0.12857,0.671,FAIL,150.0,100.0,15.18,0.0,0.0
905,55.1,0.2,4752,45,-45,45,-45,45,-45,Angle-Ply,128301.5,9836.5,9836.5,15460.700000000004,9276.420000000002,15460.700000000004,0.26735,0.26735,0.33592,417.762,99.925071,322.870122,165.260125,0.005968,0.001449,0.004087,0.001959,0.8952,1.694,No Fail,150.0,100.0,47.52,0.0,0.0
906,55.2,0.2,4773,45,-45,45,-45,45,-45,Angle-Ply,128528.0,9848.0,9848.0,15486.4,9291.84,15486.4,0.2672,0.2672,0.3358399999999999,435.496,105.519913,334.066255,171.529169,0.006221,0.001517,0.004237,0.002029,0.93321,1.744,No Fail,150.0,100.0,47.73,0.0,0.0
907,55.3,0.2,3171,45,-45,45,-45,45,-45,Angle-Ply,128754.5,9859.499999999998,9859.499999999998,15512.1,9307.259999999998,15512.1,0.26705,0.26705,0.33576,211.608,51.890712,161.09119,82.92871,0.003023,0.00074,0.002048,0.000979,0.45345,1.105,No Fail,150.0,100.0,31.71,0.0,0.0
908,55.4,0.2,4874,45,-45,45,-45,45,-45,Angle-Ply,128981.0,9870.999999999998,9870.999999999998,15537.799999999996,9322.679999999998,15537.799999999996,0.2669,0.2669,0.33568,468.818,116.23655,354.150157,182.687583,0.006697,0.001646,0.004514,0.002155,1.00461,1.839,No Fail,150.0,100.0,48.74,0.0,0.0
909,55.5,0.2,3761,45,-45,45,-45,45,-45,Angle-Ply,129207.5,9882.5,9882.5,15563.500000000002,9338.1,15563.500000000002,0.26675,0.26675,0.3356,335.463,84.00632,251.439932,129.898487,0.004792,0.001183,0.003214,0.001532,0.71885,1.458,No Fail,150.0,100.0,37.61,0.0,0.0
910,55.6,0.2,1813,45,-45,45,-45,45,-45,Angle-Ply,129434.0,9894.0,9894.0,15589.200000000004,9353.52,15589.200000000004,0.2666,0.2666,0.33552,61.759,15.603504,45.927263,23.74917,0.000882,0.000219,0.000589,0.00028,0.13234,0.676,FAIL,150.0,100.0,18.13,0.0,0.0
911,55.7,0.2,3373,45,-45,45,-45,45,-45,Angle-Ply,129660.5,9905.5,9905.5,15614.9,9368.94,15614.9,0.2664499999999999,0.2664499999999999,0.3354399999999999,266.281,67.798953,196.461277,101.630394,0.003804,0.000947,0.002527,0.0012,0.5706,1.261,No Fail,150.0,100.0,33.73,0.0,0.0
912,55.8,0.2,4778,45,-45,45,-45,45,-45,Angle-Ply,129887.0,9917.0,9917.0,15640.6,9384.36,15640.6,0.2663,0.2663,0.33536,401.964,103.019854,294.230779,152.183069,0.005742,0.001435,0.003797,0.001799,0.86135,1.648,No Fail,150.0,100.0,47.78,0.0,0.0
913,55.9,0.2,2113,45,-45,45,-45,45,-45,Angle-Ply,130113.5,9928.5,9928.5,15666.299999999996,9399.78,15666.299999999996,0.26615,0.26615,0.33528,93.546,24.103854,67.936035,35.113651,0.001336,0.000335,0.00088,0.000416,0.20046,0.767,FAIL,150.0,100.0,21.13,0.0,0.0
914,56.0,0.2,2115,45,-45,45,-45,45,-45,Angle-Ply,130340.0,9940.0,9940.0,15692.000000000002,9415.2,15692.000000000002,0.266,0.266,0.3352,97.166,25.140204,70.014122,36.143425,0.001388,0.00035,0.00091,0.000429,0.20821,0.778,FAIL,150.0,100.0,21.15,0.0,0.0
915,56.1,0.2,4990,45,-45,45,-45,45,-45,Angle-Ply,130566.5,9951.5,9951.5,15717.700000000004,9430.62,15717.700000000004,0.26585,0.26585,0.33512,403.61,104.729045,288.578894,148.714034,0.005766,0.001459,0.003768,0.001772,0.86488,1.653,No Fail,150.0,100.0,49.9,0.0,0.0
916,56.2,0.2,3234,45,-45,45,-45,45,-45,Angle-Ply,130793.0,9963.0,9963.0,15743.4,9446.04,15743.4,0.2657,0.2657,0.33504,270.38,70.27202,191.847579,98.643882,0.003863,0.000981,0.002516,0.00118,0.57939,1.273,No Fail,150.0,100.0,32.34,0.0,0.0
917,56.3,0.2,4867,45,-45,45,-45,45,-45,Angle-Ply,131019.5,9974.5,9974.5,15769.1,9461.46,15769.1,0.26555,0.26555,0.33496,388.532,101.015048,273.620339,140.30707,0.00555,0.001416,0.003603,0.001685,0.83257,1.61,No Fail,150.0,100.0,48.67,0.0,0.0
918,56.4,0.2,4569,45,-45,45,-45,45,-45,Angle-Ply,131246.0,9986.0,9986.0,15794.799999999996,9476.879999999996,15794.799999999996,0.2654,0.2654,0.33488,357.397,92.834557,249.853821,127.712964,0.005106,0.001308,0.003305,0.001541,0.76585,1.521,No Fail,150.0,100.0,45.69,0.0,0.0
919,56.5,0.2,3488,45,-45,45,-45,45,-45,Angle-Ply,131472.5,9997.5,9997.5,15820.499999999998,9492.3,15820.499999999998,0.26525,0.26525,0.3348,339.689,88.04194,235.785301,120.086716,0.004853,0.001248,0.003133,0.001456,0.7279,1.471,No Fail,150.0,100.0,34.88,0.0,0.0
920,56.6,0.2,4940,45,-45,45,-45,45,-45,Angle-Ply,131699.0,10009.0,10009.0,15846.200000000004,9507.72,15846.200000000004,0.2651,0.2651,0.33472,485.983,125.52571,335.008621,169.936763,0.006943,0.001792,0.004473,0.002071,1.04139,1.889,No Fail,150.0,100.0,49.4,0.0,0.0
921,56.7,0.2,4962,45,-45,45,-45,45,-45,Angle-Ply,131925.5,10020.5,10020.5,15871.9,9523.14,15871.9,0.2649499999999999,0.2649499999999999,0.33464,469.147,120.610454,321.25932,162.247466,0.006702,0.001736,0.004309,0.001988,1.00531,1.84,No Fail,150.0,100.0,49.62,0.0,0.0
922,56.8,0.2,3229,45,-45,45,-45,45,-45,Angle-Ply,132152.0,10032.0,10032.0,15897.6,9538.56,15897.6,0.2648,0.2648,0.3345599999999999,254.022,64.920523,172.844161,86.880182,0.003629,0.000944,0.00233,0.001071,0.54433,1.226,No Fail,150.0,100.0,32.29,0.0,0.0
923,56.9,0.2,4479,45,-45,45,-45,45,-45,Angle-Ply,132378.5,10043.5,10043.5,15923.299999999996,9553.979999999998,15923.299999999996,0.26465,0.26465,0.33448,346.336,87.887129,234.236448,117.147754,0.004948,0.001292,0.003172,0.001452,0.74215,1.49,No Fail,150.0,100.0,44.79,0.0,0.0
924,57.0,0.2,2175,45,-45,45,-45,45,-45,Angle-Ply,132605.0,10055.0,10055.0,15948.999999999998,9569.399999999998,15948.999999999998,0.2644999999999999,0.2644999999999999,0.3344,148.336,37.332599,99.752891,49.62564,0.002119,0.000555,0.001357,0.000619,0.31786,0.924,FAIL,150.0,100.0,21.75,0.0,0.0
925,57.1,0.2,2069,45,-45,45,-45,45,-45,Angle-Ply,132831.5,10066.500000000002,10066.500000000002,15974.700000000004,9584.820000000002,15974.700000000004,0.26435,0.26435,0.3343199999999999,175.257,43.696409,117.229339,57.999597,0.002504,0.000658,0.001603,0.000728,0.37555,1.001,No Fail,150.0,100.0,20.69,0.0,0.0
926,57.2,0.2,2400,45,-45,45,-45,45,-45,Angle-Ply,133058.00000000003,10078.000000000002,10078.000000000002,16000.4,9600.24,16000.4,0.2642,0.2642,0.33424,173.683,42.85404,115.603483,56.871522,0.002481,0.000655,0.001588,0.000718,0.37218,0.996,FAIL,150.0,100.0,24.0,0.0,0.0
927,57.3,0.2,4078,45,-45,45,-45,45,-45,Angle-Ply,133284.5,10089.5,10089.5,16026.1,9615.659999999998,16026.1,0.26405,0.26405,0.33416,384.332,93.748479,254.655787,124.555043,0.00549,0.001454,0.003514,0.001582,0.82357,1.598,No Fail,150.0,100.0,40.78,0.0,0.0
928,57.4,0.2,3487,45,-45,45,-45,45,-45,Angle-Ply,133511.0,10101.0,10101.0,16051.799999999996,9631.079999999998,16051.799999999996,0.2639,0.2639,0.33408,255.218,61.486315,168.415397,81.892489,0.003646,0.000969,0.002335,0.001046,0.5469,1.229,No Fail,150.0,100.0,34.87,0.0,0.0
929,57.5,0.2,2114,45,-45,45,-45,45,-45,Angle-Ply,133737.5,10112.5,10112.5,16077.499999999998,9646.499999999998,16077.499999999998,0.26375,0.26375,0.334,110.551,26.281861,72.686759,35.137062,0.001579,0.000421,0.001012,0.000452,0.23689,0.816,FAIL,150.0,100.0,21.14,0.0,0.0
930,57.6,0.2,4640,45,-45,45,-45,45,-45,Angle-Ply,133964.00000000003,10124.000000000002,10124.000000000002,16103.200000000004,9661.920000000002,16103.200000000004,0.2636,0.2636,0.33392,372.618,87.344277,244.222083,117.370596,0.005323,0.001423,0.003415,0.001517,0.79847,1.565,No Fail,150.0,100.0,46.4,0.0,0.0
931,57.7,0.2,3303,45,-45,45,-45,45,-45,Angle-Ply,134190.50000000003,10135.500000000002,10135.500000000002,16128.9,9677.34,16128.9,0.2634499999999999,0.2634499999999999,0.3338399999999999,231.461,53.458209,151.300537,72.296711,0.003307,0.000887,0.002125,0.000939,0.49599,1.161,No Fail,150.0,100.0,33.03,0.0,0.0
932,57.8,0.2,3842,45,-45,45,-45,45,-45,Angle-Ply,134417.0,10147.0,10147.0,16154.6,9692.759999999998,16154.6,0.2633,0.2633,0.33376,369.611,84.057767,241.083723,114.554447,0.00528,0.001421,0.003399,0.001496,0.79202,1.556,No Fail,150.0,100.0,38.42,0.0,0.0
933,57.9,0.2,1992,45,-45,45,-45,45,-45,Angle-Ply,134643.5,10158.5,10158.5,16180.299999999996,9708.179999999998,16180.299999999996,0.26315,0.26315,0.33368,159.195,35.631552,103.665987,48.992654,0.002274,0.000614,0.001467,0.000642,0.34113,0.955,FAIL,150.0,100.0,19.92,0.0,0.0
934,58.0,0.2,2368,45,-45,45,-45,45,-45,Angle-Ply,134870.0,10170.0,10170.0,16205.999999999998,9723.6,16205.999999999998,0.263,0.263,0.3336,184.813,40.694491,120.212696,56.519942,0.00264,0.000714,0.001707,0.000744,0.39603,1.028,No Fail,150.0,100.0,23.68,0.0,0.0
935,58.1,0.2,2324,45,-45,45,-45,45,-45,Angle-Ply,135096.5,10181.5,10181.5,16231.7,9739.02,16231.7,0.26285,0.26285,0.33352,186.862,40.466962,121.472879,56.834727,0.002669,0.000724,0.001731,0.000751,0.40042,1.034,No Fail,150.0,100.0,23.24,0.0,0.0
936,58.2,0.2,4839,45,-45,45,-45,45,-45,Angle-Ply,135323.00000000003,10193.000000000002,10193.000000000002,16257.4,9754.44,16257.4,0.2627,0.2627,0.3334399999999999,405.219,86.294213,263.402271,122.682389,0.005789,0.001575,0.003765,0.001626,0.86833,1.658,No Fail,150.0,100.0,48.39,0.0,0.0
937,58.3,0.2,4030,45,-45,45,-45,45,-45,Angle-Ply,135549.5,10204.5,10204.5,16283.1,9769.86,16283.1,0.26255,0.26255,0.33336,366.639,76.778399,238.435418,110.592061,0.005238,0.001429,0.003418,0.001469,0.78566,1.548,No Fail,150.0,100.0,40.3,0.0,0.0
938,58.4,0.2,3788,45,-45,45,-45,45,-45,Angle-Ply,135776.0,10216.0,10216.0,16308.799999999996,9785.28,16308.799999999996,0.2624,0.2624,0.33328,371.857,76.585193,242.069712,111.85652,0.005312,0.001452,0.003479,0.001489,0.79684,1.562,No Fail,150.0,100.0,37.88,0.0,0.0
939,58.5,0.2,1717,45,-45,45,-45,45,-45,Angle-Ply,136002.5,10227.5,10227.5,16334.499999999998,9800.7,16334.499999999998,0.26225,0.26225,0.3332,74.664,15.127767,48.67836,22.418903,0.001067,0.000292,0.000702,0.000299,0.15999,0.713,FAIL,150.0,100.0,17.17,0.0,0.0
940,58.6,0.2,2574,45,-45,45,-45,45,-45,Angle-Ply,136229.0,10239.0,10239.0,16360.2,9816.12,16360.2,0.2621,0.2621,0.3331199999999999,229.205,45.706408,149.738495,68.765332,0.003274,0.000899,0.002161,0.000917,0.49115,1.155,No Fail,150.0,100.0,25.74,0.0,0.0
941,58.7,0.2,3259,45,-45,45,-45,45,-45,Angle-Ply,136455.50000000003,10250.500000000002,10250.500000000002,16385.9,9831.54,16385.9,0.2619499999999999,0.2619499999999999,0.33304,272.168,53.449533,178.258894,81.668136,0.003888,0.00107,0.002578,0.001089,0.58322,1.278,No Fail,150.0,100.0,32.59,0.0,0.0
942,58.8,0.2,3962,45,-45,45,-45,45,-45,Angle-Ply,136682.0,10262.0,10262.0,16411.6,9846.96,16411.6,0.2618,0.2618,0.33296,295.272,57.15017,193.97947,88.702349,0.004218,0.001163,0.00281,0.001182,0.63273,1.344,No Fail,150.0,100.0,39.62,0.0,0.0
943,58.9,0.2,1911,45,-45,45,-45,45,-45,Angle-Ply,136908.5,10273.5,10273.5,16437.3,9862.38,16437.3,0.26165,0.26165,0.33288,136.798,26.119657,90.186327,41.182492,0.001954,0.00054,0.001308,0.000548,0.29314,0.891,FAIL,150.0,100.0,19.11,0.0,0.0
944,59.0,0.2,2533,45,-45,45,-45,45,-45,Angle-Ply,137135.0,10285.0,10285.0,16463.0,9877.8,16463.0,0.2614999999999999,0.2614999999999999,0.3328,138.582,26.131162,91.726719,41.847967,0.00198,0.000548,0.001332,0.000556,0.29696,0.896,FAIL,150.0,100.0,25.33,0.0,0.0
945,59.1,0.2,2267,45,-45,45,-45,45,-45,Angle-Ply,137361.5,10296.5,10296.5,16488.7,9893.22,16488.7,0.2613499999999999,0.2613499999999999,0.33272,142.451,26.559379,94.705436,43.188756,0.002035,0.000564,0.001376,0.000572,0.30525,0.907,FAIL,150.0,100.0,22.67,0.0,0.0
946,59.2,0.2,2036,45,-45,45,-45,45,-45,Angle-Ply,137588.00000000003,10308.000000000002,10308.000000000002,16514.4,9908.64,16514.4,0.2612,0.2612,0.33264,169.479,31.287101,113.221471,51.635297,0.002421,0.000672,0.001645,0.000682,0.36317,0.984,FAIL,150.0,100.0,20.36,0.0,0.0
947,59.3,0.2,3620,45,-45,45,-45,45,-45,Angle-Ply,137814.5,10319.5,10319.5,16540.1,9924.06,16540.1,0.26105,0.26105,0.3325599999999999,274.214,50.198071,184.153182,84.026403,0.003917,0.001089,0.002677,0.001105,0.5876,1.283,No Fail,150.0,100.0,36.2,0.0,0.0
948,59.4,0.2,3422,45,-45,45,-45,45,-45,Angle-Ply,138041.0,10331.0,10331.0,16565.8,9939.48,16565.8,0.2609,0.2609,0.33248,288.699,52.491497,194.972887,89.046232,0.004124,0.001148,0.002834,0.001166,0.61864,1.325,No Fail,150.0,100.0,34.22,0.0,0.0
949,59.5,0.2,3381,45,-45,45,-45,45,-45,Angle-Ply,138267.5,10342.5,10342.5,16591.5,9954.9,16591.5,0.26075,0.26075,0.3324,278.332,50.348964,189.096243,86.477422,0.003976,0.001108,0.002747,0.001127,0.59643,1.295,No Fail,150.0,100.0,33.81,0.0,0.0
950,59.6,0.2,2264,45,-45,45,-45,45,-45,Angle-Ply,138494.0,10354.0,10354.0,16617.2,9970.32,16617.2,0.2606,0.2606,0.33232,136.837,24.670726,93.552187,42.85603,0.001955,0.000545,0.001359,0.000556,0.29322,0.891,FAIL,150.0,100.0,22.64,0.0,0.0
951,59.7,0.2,4142,45,-45,45,-45,45,-45,Angle-Ply,138720.5,10365.5,10365.5,16642.9,9985.74,16642.9,0.26045,0.26045,0.33224,384.565,69.228696,264.654047,121.483936,0.005494,0.001534,0.00384,0.001567,0.82407,1.599,No Fail,150.0,100.0,41.42,0.0,0.0
952,59.8,0.2,1787,45,-45,45,-45,45,-45,Angle-Ply,138947.0,10377.0,10377.0,16668.6,10001.159999999998,16668.6,0.2603,0.2603,0.33216,62.648,11.281262,43.409993,19.972843,0.000895,0.00025,0.000629,0.000256,0.13425,0.679,FAIL,150.0,100.0,17.87,0.0,0.0
953,59.9,0.2,3963,45,-45,45,-45,45,-45,Angle-Ply,139173.5,10388.5,10388.5,16694.3,10016.58,16694.3,0.26015,0.26015,0.33208,343.775,62.037332,239.90163,110.663215,0.004911,0.001373,0.003473,0.001411,0.73666,1.482,No Fail,150.0,100.0,39.63,0.0,0.0
954,60.0,0.2,3475,45,-45,45,-45,45,-45,Angle-Ply,139400.0,10400.0,10400.0,16720.0,10032.0,16720.0,0.26,0.26,0.332,330.821,59.935173,232.551004,107.572234,0.004726,0.001322,0.003362,0.001364,0.7089,1.445,No Fail,150.0,100.0,34.75,0.0,0.0
955,60.1,0.2,3417,45,-45,45,-45,45,-45,Angle-Ply,139626.5,10411.5,10411.5,16745.7,10047.42,16745.7,0.25985,0.25985,0.33192,326.342,59.460679,231.121984,107.228118,0.004662,0.001305,0.003336,0.001351,0.6993,1.432,No Fail,150.0,100.0,34.17,0.0,0.0
956,60.2,0.2,3504,45,-45,45,-45,45,-45,Angle-Ply,139853.0,10423.0,10423.0,16771.4,10062.84,16771.4,0.2597,0.2597,0.33184,287.889,52.841535,205.447291,95.611111,0.004113,0.001151,0.002961,0.001198,0.6169,1.323,No Fail,150.0,100.0,35.04,0.0,0.0
957,60.3,0.2,2648,45,-45,45,-45,45,-45,Angle-Ply,140079.5,10434.5,10434.5,16797.1,10078.259999999998,16797.1,0.25955,0.25955,0.33176,233.844,43.306521,168.174297,78.513578,0.003341,0.000935,0.002419,0.000977,0.5011,1.168,No Fail,150.0,100.0,26.48,0.0,0.0
958,60.4,0.2,1907,45,-45,45,-45,45,-45,Angle-Ply,140306.0,10446.0,10446.0,16822.8,10093.679999999998,16822.8,0.2594,0.2594,0.33168,113.742,21.284232,82.442362,38.612808,0.001625,0.000455,0.001183,0.000478,0.24373,0.825,FAIL,150.0,100.0,19.07,0.0,0.0
959,60.5,0.2,3541,45,-45,45,-45,45,-45,Angle-Ply,140532.5,10457.5,10457.5,16848.5,10109.1,16848.5,0.25925,0.25925,0.3316,324.246,61.390143,236.878586,111.302159,0.004632,0.001297,0.003392,0.001369,0.69481,1.426,No Fail,150.0,100.0,35.41,0.0,0.0
960,60.6,0.2,3286,45,-45,45,-45,45,-45,Angle-Ply,140759.0,10469.0,10469.0,16874.2,10124.52,16874.2,0.2591,0.2591,0.33152,309.1,59.282285,227.606533,107.286079,0.004416,0.001236,0.003253,0.001312,0.66236,1.383,No Fail,150.0,100.0,32.86,0.0,0.0
961,60.7,0.2,3087,45,-45,45,-45,45,-45,Angle-Ply,140985.5,10480.5,10480.5,16899.9,10139.94,16899.9,0.25895,0.25895,0.3314399999999999,210.059,40.852476,155.905785,73.717322,0.003001,0.00084,0.002223,0.000897,0.45013,1.1,No Fail,150.0,100.0,30.87,0.0,0.0
962,60.8,0.2,3099,45,-45,45,-45,45,-45,Angle-Ply,141212.0,10492.0,10492.0,16925.6,10155.36,16925.6,0.2588,0.2588,0.33136,243.239,48.011167,181.960898,86.295162,0.003475,0.000972,0.002588,0.001045,0.52123,1.195,No Fail,150.0,100.0,30.99,0.0,0.0
963,60.9,0.2,3118,45,-45,45,-45,45,-45,Angle-Ply,141438.5,10503.5,10503.5,16951.3,10170.78,16951.3,0.25865,0.25865,0.33128,294.543,59.04739,222.07238,105.618957,0.004208,0.001176,0.00315,0.001272,0.63116,1.342,No Fail,150.0,100.0,31.18,0.0,0.0
964,61.0,0.2,4031,45,-45,45,-45,45,-45,Angle-Ply,141665.0,10515.0,10515.0,16977.0,10186.2,16977.0,0.2584999999999999,0.2584999999999999,0.3312,312.253,63.612496,237.257086,113.143553,0.004461,0.001246,0.003357,0.001357,0.66911,1.392,No Fail,150.0,100.0,40.31,0.0,0.0
965,61.1,0.2,4358,45,-45,45,-45,45,-45,Angle-Ply,141891.5,10526.5,10526.5,17002.7,10201.62,17002.7,0.2583499999999999,0.2583499999999999,0.3311199999999999,391.857,81.155643,300.027967,143.432456,0.005598,0.001562,0.004234,0.001714,0.83969,1.62,No Fail,150.0,100.0,43.58,0.0,0.0
966,61.2,0.2,3524,45,-45,45,-45,45,-45,Angle-Ply,142118.0,10538.0,10538.0,17028.4,10217.04,17028.4,0.2582,0.2582,0.33104,264.055,55.608926,203.701573,97.601253,0.003772,0.001051,0.002867,0.001162,0.56583,1.254,No Fail,150.0,100.0,35.24,0.0,0.0
967,61.3,0.2,2706,45,-45,45,-45,45,-45,Angle-Ply,142344.5,10549.5,10549.5,17054.1,10232.46,17054.1,0.25805,0.25805,0.33096,251.341,53.828295,195.327491,93.775505,0.003591,0.001,0.002742,0.001113,0.53859,1.218,No Fail,150.0,100.0,27.06,0.0,0.0
968,61.4,0.2,4979,45,-45,45,-45,45,-45,Angle-Ply,142571.0,10561.0,10561.0,17079.8,10247.88,17079.8,0.2579,0.2579,0.33088,494.893,107.778294,387.37884,186.297562,0.00707,0.001966,0.005423,0.002206,1.06048,1.914,No Fail,150.0,100.0,49.79,0.0,0.0
969,61.5,0.2,1742,45,-45,45,-45,45,-45,Angle-Ply,142797.5,10572.5,10572.5,17105.5,10263.3,17105.5,0.25775,0.25775,0.3308,60.0,13.284956,47.295045,22.777385,0.000857,0.000238,0.00066,0.000269,0.12857,0.671,FAIL,150.0,100.0,17.42,0.0,0.0
970,61.6,0.2,1611,45,-45,45,-45,45,-45,Angle-Ply,143024.0,10584.0,10584.0,17131.2,10278.72,17131.2,0.2576,0.2576,0.33072,60.0,13.50235,47.616989,22.957853,0.000857,0.000238,0.000663,0.000271,0.12857,0.671,FAIL,150.0,100.0,16.11,0.0,0.0
971,61.7,0.2,4191,45,-45,45,-45,45,-45,Angle-Ply,143250.5,10595.5,10595.5,17156.9,10294.14,17156.9,0.25745,0.25745,0.33064,372.514,85.164442,297.57585,143.58392,0.005322,0.001473,0.004133,0.001694,0.79824,1.564,No Fail,150.0,100.0,41.91,0.0,0.0
972,61.8,0.2,4924,45,-45,45,-45,45,-45,Angle-Ply,143477.0,10607.0,10607.0,17182.6,10309.56,17182.6,0.2573,0.2573,0.3305599999999999,413.101,95.893632,332.082493,160.304207,0.005901,0.001631,0.0046,0.00189,0.88522,1.68,No Fail,150.0,100.0,49.24,0.0,0.0
973,61.9,0.2,2971,45,-45,45,-45,45,-45,Angle-Ply,143703.5,10618.5,10618.5,17208.3,10324.98,17208.3,0.25715,0.25715,0.33048,215.142,50.674855,173.993252,83.998111,0.003073,0.000848,0.002404,0.000991,0.46102,1.115,No Fail,150.0,100.0,29.71,0.0,0.0
974,62.0,0.2,2839,45,-45,45,-45,45,-45,Angle-Ply,143930.0,10630.0,10630.0,17234.0,10340.4,17234.0,0.257,0.257,0.3304,163.349,39.011549,132.86696,64.12625,0.002334,0.000643,0.001832,0.000758,0.35003,0.967,FAIL,150.0,100.0,28.39,0.0,0.0
975,62.1,0.2,4674,45,-45,45,-45,45,-45,Angle-Ply,144156.5,10641.5,10641.5,17259.7,10355.82,17259.7,0.25685,0.25685,0.33032,374.839,90.692196,306.554671,147.859472,0.005355,0.001471,0.004216,0.00175,0.80323,1.571,No Fail,150.0,100.0,46.74,0.0,0.0
976,62.2,0.2,3890,45,-45,45,-45,45,-45,Angle-Ply,144383.0,10653.0,10653.0,17285.4,10371.24,17285.4,0.2567,0.2567,0.33024,343.502,84.121879,282.369871,136.05687,0.004907,0.001345,0.003874,0.001614,0.73608,1.481,No Fail,150.0,100.0,38.9,0.0,0.0
977,62.3,0.2,3388,45,-45,45,-45,45,-45,Angle-Ply,144609.5,10664.5,10664.5,17311.1,10386.659999999998,17311.1,0.25655,0.25655,0.33016,258.382,63.984276,213.419901,102.691671,0.003691,0.00101,0.002921,0.001222,0.55368,1.238,No Fail,150.0,100.0,33.88,0.0,0.0
978,62.4,0.2,2717,45,-45,45,-45,45,-45,Angle-Ply,144836.0,10676.0,10676.0,17336.8,10402.08,17336.8,0.2564,0.2564,0.33008,186.875,46.745983,155.04577,74.47238,0.00267,0.000729,0.002118,0.00089,0.40045,1.034,No Fail,150.0,100.0,27.17,0.0,0.0
979,62.5,0.2,3380,45,-45,45,-45,45,-45,Angle-Ply,145062.5,10687.5,10687.5,17362.5,10417.5,17362.5,0.25625,0.25625,0.33,309.809,78.198295,258.099138,123.706923,0.004426,0.001205,0.003518,0.001485,0.66388,1.385,No Fail,150.0,100.0,33.8,0.0,0.0
980,62.6,0.2,4048,45,-45,45,-45,45,-45,Angle-Ply,145289.0,10699.0,10699.0,17388.2,10432.92,17388.2,0.2561,0.2561,0.32992,344.015,87.518371,287.671715,137.53556,0.004915,0.001334,0.003913,0.00166,0.73718,1.483,No Fail,150.0,100.0,40.48,0.0,0.0
981,62.7,0.2,1512,45,-45,45,-45,45,-45,Angle-Ply,145515.5,10710.5,10710.5,17413.9,10448.34,17413.9,0.25595,0.25595,0.32984,103.262,26.446777,86.641737,41.304322,0.001475,0.000399,0.001176,0.000501,0.22128,0.795,FAIL,150.0,100.0,15.12,0.0,0.0
982,62.8,0.2,2544,45,-45,45,-45,45,-45,Angle-Ply,145742.0,10722.0,10722.0,17439.6,10463.759999999998,17439.6,0.2558,0.2558,0.32976,236.326,60.860011,198.88457,94.506724,0.003376,0.000912,0.002695,0.001154,0.50641,1.175,No Fail,150.0,100.0,25.44,0.0,0.0
983,62.9,0.2,3406,45,-45,45,-45,45,-45,Angle-Ply,145968.5,10733.5,10733.5,17465.3,10479.179999999998,17465.3,0.25565,0.25565,0.32968,259.062,67.000706,218.589534,103.497637,0.003701,0.000996,0.002957,0.001273,0.55513,1.24,No Fail,150.0,100.0,34.06,0.0,0.0
984,63.0,0.2,4382,45,-45,45,-45,45,-45,Angle-Ply,146195.0,10745.0,10745.0,17491.0,10494.6,17491.0,0.2555,0.2555,0.3296,379.781,98.519543,321.162941,151.466406,0.005425,0.001456,0.004338,0.001878,0.81382,1.585,No Fail,150.0,100.0,43.82,0.0,0.0
985,63.1,0.2,2712,45,-45,45,-45,45,-45,Angle-Ply,146421.5,10756.5,10756.5,17516.7,10510.02,17516.7,0.2553499999999999,0.2553499999999999,0.32952,230.117,59.800356,194.955597,91.552832,0.003287,0.00088,0.002629,0.001144,0.49311,1.157,No Fail,150.0,100.0,27.12,0.0,0.0
986,63.2,0.2,4781,45,-45,45,-45,45,-45,Angle-Ply,146648.0,10768.0,10768.0,17542.4,10525.44,17542.4,0.2552,0.2552,0.3294399999999999,450.571,117.147547,382.271142,178.695618,0.006437,0.001717,0.00515,0.002254,0.96551,1.787,No Fail,150.0,100.0,47.81,0.0,0.0
987,63.3,0.2,1895,45,-45,45,-45,45,-45,Angle-Ply,146874.5,10779.5,10779.5,17568.1,10540.86,17568.1,0.25505,0.25505,0.32936,90.353,23.473372,76.735652,35.695513,0.001291,0.000343,0.001033,0.000455,0.19361,0.758,FAIL,150.0,100.0,18.95,0.0,0.0
988,63.4,0.2,2967,45,-45,45,-45,45,-45,Angle-Ply,147101.0,10791.0,10791.0,17593.8,10556.28,17593.8,0.2549,0.2549,0.32928,197.049,51.088083,167.455431,77.493436,0.002815,0.000746,0.002251,0.000997,0.42225,1.063,No Fail,150.0,100.0,29.67,0.0,0.0
989,63.5,0.2,4593,45,-45,45,-45,45,-45,Angle-Ply,147327.5,10802.5,10802.5,17619.5,10571.7,17619.5,0.25475,0.25475,0.3292,377.326,97.505269,320.727038,147.616182,0.00539,0.001423,0.004306,0.001918,0.80856,1.578,No Fail,150.0,100.0,45.93,0.0,0.0
990,63.6,0.2,2221,45,-45,45,-45,45,-45,Angle-Ply,147554.0,10814.0,10814.0,17645.2,10587.12,17645.2,0.2546,0.2546,0.3291199999999999,202.209,52.016105,171.844803,78.643022,0.002889,0.00076,0.002306,0.001034,0.43331,1.078,No Fail,150.0,100.0,22.21,0.0,0.0
991,63.7,0.2,1618,45,-45,45,-45,45,-45,Angle-Ply,147780.5,10825.5,10825.5,17670.9,10602.54,17670.9,0.25445,0.25445,0.32904,127.795,32.684832,108.540117,49.378997,0.001826,0.000479,0.001456,0.000657,0.27385,0.865,FAIL,150.0,100.0,16.18,0.0,0.0
992,63.8,0.2,3962,45,-45,45,-45,45,-45,Angle-Ply,148007.0,10837.0,10837.0,17696.6,10617.96,17696.6,0.2542999999999999,0.2542999999999999,0.32896,327.281,83.124493,277.690951,125.561276,0.004675,0.001221,0.003721,0.001689,0.70132,1.435,No Fail,150.0,100.0,39.62,0.0,0.0
993,63.9,0.2,4092,45,-45,45,-45,45,-45,Angle-Ply,148233.5,10848.5,10848.5,17722.3,10633.38,17722.3,0.25415,0.25415,0.32888,400.667,100.939888,339.479853,152.537236,0.005724,0.00149,0.004548,0.002077,0.85857,1.645,No Fail,150.0,100.0,40.92,0.0,0.0
994,64.0,0.2,2320,45,-45,45,-45,45,-45,Angle-Ply,148460.0,10860.0,10860.0,17748.0,10648.8,17748.0,0.254,0.254,0.3288,171.136,42.717338,144.739701,64.618412,0.002445,0.000634,0.001938,0.000891,0.36672,0.989,FAIL,150.0,100.0,23.2,0.0,0.0
995,64.1,0.2,4523,45,-45,45,-45,45,-45,Angle-Ply,148686.49999999997,10871.499999999998,10871.499999999998,17773.699999999997,10664.219999999998,17773.699999999997,0.25385,0.25385,0.32872,429.025,105.98924,362.053625,160.58358,0.006129,0.001583,0.004848,0.002244,0.91934,1.726,No Fail,150.0,100.0,45.23,0.0,0.0
996,64.2,0.2,3264,45,-45,45,-45,45,-45,Angle-Ply,148913.0,10883.0,10883.0,17799.4,10679.64,17799.4,0.2537,0.2537,0.32864,310.377,75.812591,261.248718,115.109182,0.004434,0.001141,0.003498,0.00163,0.66509,1.387,No Fail,150.0,100.0,32.64,0.0,0.0
997,64.3,0.2,4355,45,-45,45,-45,45,-45,Angle-Ply,149139.5,10894.5,10894.5,17825.1,10695.06,17825.1,0.25355,0.25355,0.3285599999999999,403.127,97.263364,338.309182,148.074806,0.005759,0.001476,0.004531,0.002125,0.86384,1.652,No Fail,150.0,100.0,43.55,0.0,0.0
998,64.4,0.2,2616,45,-45,45,-45,45,-45,Angle-Ply,149366.0,10906.0,10906.0,17850.8,10710.48,17850.8,0.2533999999999999,0.2533999999999999,0.32848,167.542,39.893283,140.132473,60.928278,0.002393,0.000611,0.001877,0.000886,0.35902,0.979,FAIL,150.0,100.0,26.16,0.0,0.0
999,64.5,0.2,3854,45,-45,45,-45,45,-45,Angle-Ply,149592.5,10917.5,10917.5,17876.5,10725.9,17876.5,0.25325,0.25325,0.3284,315.642,74.11163,263.022209,113.606859,0.004509,0.001147,0.003525,0.001675,0.67638,1.402,No Fail,150.0,100.0,38.54,0.0,0.0
1000,64.6,0.2,2556,45,-45,45,-45,45,-45,Angle-Ply,149818.99999999997,10928.999999999998,10928.999999999998,17902.199999999997,10741.319999999998,17902.199999999997,0.2531,0.2531,0.32832,205.435,47.529771,170.489569,73.161128,0.002935,0.000743,0.002286,0.001094,0.44022,1.087,No Fail,150.0,100.0,25.56,0.0,0.0
1001,64.7,0.2,3811,0,45,-45,90,90,-45,Quasi-Isotropic,150045.5,10940.5,10940.5,17927.9,10756.74,17927.9,0.25295,0.25295,0.32824,400.098,91.155486,330.569647,140.953064,0.005716,0.001442,0.004436,0.002137,0.85735,1.643,No Fail,150.0,100.0,38.11,0.0,0.0
1002,64.8,0.2,2552,0,45,-45,90,90,-45,Quasi-Isotropic,150272.0,10952.0,10952.0,17953.6,10772.159999999998,17953.6,0.2528,0.2528,0.32816,239.685,53.746845,197.089208,83.518537,0.003424,0.00086,0.002646,0.001283,0.51361,1.185,No Fail,150.0,100.0,25.52,0.0,0.0
1003,64.9,0.2,4820,0,45,-45,90,90,-45,Quasi-Isotropic,150498.5,10963.5,10963.5,17979.3,10787.58,17979.3,0.25265,0.25265,0.32808,531.064,117.158608,434.46177,183.012785,0.007587,0.001898,0.00584,0.002851,1.13799,2.017,No Fail,150.0,100.0,48.2,0.0,0.0
1004,65.0,0.2,4691,0,45,-45,90,90,-45,Quasi-Isotropic,150725.0,10975.0,10975.0,18005.0,10803.0,18005.0,0.2525,0.2525,0.3279999999999999,417.297,90.544116,339.543636,142.219499,0.005961,0.001485,0.004568,0.002245,0.89421,1.692,No Fail,150.0,100.0,46.91,0.0,0.0
1005,40.0,0.2,2995,0,45,-45,90,90,-45,Quasi-Isotropic,94100.0,8100.0,8100.0,11580.0,6948.0,11580.0,0.29,0.29,0.348,244.305,52.127147,197.650201,82.345803,0.00349,0.000866,0.002662,0.001317,0.52351,1.198,No Fail,150.0,100.0,29.95,0.0,0.0
1006,40.1,0.2,4903,0,45,-45,90,90,-45,Quasi-Isotropic,94326.5,8111.5,8111.5,11605.7,6963.42,11605.7,0.28985,0.28985,0.34792,488.887,102.576024,393.154634,162.989179,0.006984,0.001726,0.005302,0.00264,1.04762,1.897,No Fail,150.0,100.0,49.03,0.0,0.0
1007,40.2,0.2,3850,0,45,-45,90,90,-45,Quasi-Isotropic,94553.0,8123.0,8123.0,11631.4,6978.839999999999,11631.4,0.2897,0.2897,0.34784,308.973,63.755276,246.915195,101.903394,0.004414,0.001086,0.003335,0.001671,0.66209,1.383,No Fail,150.0,100.0,38.5,0.0,0.0
1008,40.3,0.2,2616,0,45,-45,90,90,-45,Quasi-Isotropic,94779.5,8134.499999999999,8134.499999999999,11657.1,6994.26,11657.1,0.28955,0.28955,0.3477599999999999,179.572,36.451128,142.569969,58.6047,0.002565,0.000628,0.001928,0.000972,0.3848,1.013,No Fail,150.0,100.0,26.16,0.0,0.0
1009,40.4,0.2,2022,0,45,-45,90,90,-45,Quasi-Isotropic,95006.0,8146.0,8146.0,11682.8,7009.679999999999,11682.8,0.2894,0.2894,0.34768,152.712,30.507669,120.426587,49.332376,0.002182,0.000532,0.001632,0.000828,0.32724,0.936,FAIL,150.0,100.0,20.22,0.0,0.0
1010,40.5,0.2,4140,0,45,-45,90,90,-45,Quasi-Isotropic,95232.5,8157.5,8157.5,11708.5,7025.099999999999,11708.5,0.28925,0.28925,0.3476,411.68,80.987032,322.384904,131.690497,0.005881,0.001429,0.004374,0.002233,0.88217,1.676,No Fail,150.0,100.0,41.4,0.0,0.0
1011,40.6,0.2,4473,0,45,-45,90,90,-45,Quasi-Isotropic,95459.0,8169.0,8169.0,11734.2,7040.52,11734.2,0.2890999999999999,0.2890999999999999,0.34752,439.901,85.28193,342.019052,139.407865,0.006284,0.001521,0.004648,0.002387,0.94264,1.757,No Fail,150.0,100.0,44.73,0.0,0.0
1012,40.7,0.2,3977,0,45,-45,90,90,-45,Quasi-Isotropic,95685.5,8180.5,8180.5,11759.9,7055.94,11759.9,0.28895,0.28895,0.3474399999999999,401.094,76.69918,309.560727,125.993594,0.00573,0.001381,0.004215,0.002177,0.85949,1.646,No Fail,150.0,100.0,39.77,0.0,0.0
1013,40.8,0.2,4702,0,45,-45,90,90,-45,Quasi-Isotropic,95912.0,8192.0,8192.0,11785.6,7071.36,11785.6,0.2888,0.2888,0.34736,427.498,80.720753,327.470135,133.188936,0.006107,0.001466,0.004467,0.002321,0.91607,1.721,No Fail,150.0,100.0,47.02,0.0,0.0
1014,40.9,0.2,4887,0,45,-45,90,90,-45,Quasi-Isotropic,96138.5,8203.5,8203.5,11811.3,7086.78,11811.3,0.2886499999999999,0.2886499999999999,0.34728,478.984,89.414464,364.116367,148.107394,0.006843,0.001636,0.004977,0.0026,1.02639,1.869,No Fail,150.0,100.0,48.87,0.0,0.0
1015,41.0,0.2,1969,0,45,-45,90,90,-45,Quasi-Isotropic,96365.0,8215.0,8215.0,11837.0,7102.2,11837.0,0.2885,0.2885,0.3472,129.445,23.922004,97.642799,39.753834,0.001849,0.00044,0.001337,0.000702,0.27738,0.87,FAIL,150.0,100.0,19.69,0.0,0.0
1016,41.1,0.2,2212,0,45,-45,90,90,-45,Quasi-Isotropic,96591.5,8226.5,8226.5,11862.7,7117.62,11862.7,0.28835,0.28835,0.34712,196.258,35.959213,146.88692,59.910067,0.002804,0.000665,0.002016,0.001064,0.42055,1.061,No Fail,150.0,100.0,22.12,0.0,0.0
1017,41.2,0.2,4728,0,45,-45,90,90,-45,Quasi-Isotropic,96818.0,8238.0,8238.0,11888.4,7133.04,11888.4,0.2882,0.2882,0.34704,449.73,81.827344,333.952556,136.57325,0.006425,0.001518,0.004592,0.002436,0.96371,1.785,No Fail,150.0,100.0,47.28,0.0,0.0
1018,41.3,0.2,1824,0,45,-45,90,90,-45,Quasi-Isotropic,97044.5,8249.5,8249.5,11914.1,7148.46,11914.1,0.28805,0.28805,0.3469599999999999,77.179,13.96828,56.858735,23.336522,0.001103,0.00026,0.000784,0.000418,0.16538,0.721,FAIL,150.0,100.0,18.24,0.0,0.0
1019,41.4,0.2,2167,0,45,-45,90,90,-45,Quasi-Isotropic,97271.0,8261.0,8261.0,11939.8,7163.879999999999,11939.8,0.2879,0.2879,0.34688,133.052,23.995329,97.24886,40.094023,0.001901,0.000446,0.001343,0.000719,0.28511,0.88,FAIL,150.0,100.0,21.67,0.0,0.0
1020,41.5,0.2,3858,0,45,-45,90,90,-45,Quasi-Isotropic,97497.5,8272.5,8272.5,11965.5,7179.3,11965.5,0.28775,0.28775,0.3468,390.727,70.343752,283.343833,117.452917,0.005582,0.001304,0.00392,0.002107,0.83727,1.616,No Fail,150.0,100.0,38.58,0.0,0.0
1021,41.6,0.2,4558,0,45,-45,90,90,-45,Quasi-Isotropic,97724.0,8284.0,8284.0,11991.200000000004,7194.720000000001,11991.200000000004,0.2875999999999999,0.2875999999999999,0.34672,434.57,78.244576,312.681345,130.437536,0.006208,0.001445,0.004334,0.002339,0.93122,1.742,No Fail,150.0,100.0,45.58,0.0,0.0
1022,41.7,0.2,4166,0,45,-45,90,90,-45,Quasi-Isotropic,97950.5,8295.5,8295.5,12016.9,7210.14,12016.9,0.28745,0.28745,0.34664,437.333,78.894033,312.243717,131.19992,0.006248,0.001449,0.004337,0.002348,0.93714,1.75,No Fail,150.0,100.0,41.66,0.0,0.0
1023,41.8,0.2,3456,0,45,-45,90,90,-45,Quasi-Isotropic,98177.0,8307.0,8307.0,12042.6,7225.56,12042.6,0.2873,0.2873,0.34656,287.801,52.11289,203.921573,86.381368,0.004111,0.00095,0.002837,0.001541,0.61672,1.322,No Fail,150.0,100.0,34.56,0.0,0.0
1024,41.9,0.2,4543,0,45,-45,90,90,-45,Quasi-Isotropic,98403.5,8318.5,8318.5,12068.3,7240.98,12068.3,0.2871499999999999,0.2871499999999999,0.3464799999999999,447.652,81.503424,314.821179,134.555334,0.006395,0.001472,0.004389,0.002392,0.95925,1.779,No Fail,150.0,100.0,45.43,0.0,0.0
1025,42.0,0.2,4850,0,45,-45,90,90,-45,Quasi-Isotropic,98630.0,8330.0,8330.0,12094.0,7256.4,12094.0,0.287,0.287,0.3464,501.993,92.054495,350.469078,151.255518,0.007171,0.001646,0.004894,0.002674,1.0757,1.934,No Fail,150.0,100.0,48.5,0.0,0.0
1026,42.1,0.2,4780,0,45,-45,90,90,-45,Quasi-Isotropic,98856.5,8341.5,8341.5,12119.700000000004,7271.8200000000015,12119.700000000004,0.28685,0.28685,0.3463199999999999,531.767,98.371485,368.630362,160.767935,0.007597,0.001738,0.005157,0.002824,1.1395,2.019,No Fail,150.0,100.0,47.8,0.0,0.0
1027,42.2,0.2,1911,0,45,-45,90,90,-45,Quasi-Isotropic,99083.0,8353.0,8353.0,12145.4,7287.240000000001,12145.4,0.2867,0.2867,0.34624,73.823,13.796836,50.82542,22.414692,0.001055,0.000241,0.000712,0.000391,0.15819,0.711,FAIL,150.0,100.0,19.11,0.0,0.0
1028,42.3,0.2,3176,0,45,-45,90,90,-45,Quasi-Isotropic,99309.5,8364.5,8364.5,12171.1,7302.66,12171.1,0.2865499999999999,0.2865499999999999,0.3461599999999999,221.198,41.820825,151.288043,67.509951,0.00316,0.000718,0.002123,0.001167,0.474,1.132,No Fail,150.0,100.0,31.76,0.0,0.0
1029,42.4,0.2,3615,0,45,-45,90,90,-45,Quasi-Isotropic,99536.0,8376.0,8376.0,12196.8,7318.079999999999,12196.8,0.2864,0.2864,0.34608,364.737,69.845299,247.893049,111.988983,0.005211,0.001181,0.003484,0.001917,0.78158,1.542,No Fail,150.0,100.0,36.15,0.0,0.0
1030,42.5,0.2,4703,0,45,-45,90,90,-45,Quasi-Isotropic,99762.5,8387.5,8387.5,12222.5,7333.5,12222.5,0.28625,0.28625,0.346,499.812,97.043613,337.669168,154.508562,0.00714,0.001614,0.004751,0.002616,1.07102,1.928,No Fail,150.0,100.0,47.03,0.0,0.0
1031,42.6,0.2,4214,0,45,-45,90,90,-45,Quasi-Isotropic,99989.0,8399.0,8399.0,12248.2,7348.92,12248.2,0.2861,0.2861,0.34592,399.466,78.710341,268.358604,124.420894,0.005707,0.001287,0.00378,0.002082,0.856,1.641,No Fail,150.0,100.0,42.14,0.0,0.0
1032,42.7,0.2,3368,0,45,-45,90,90,-45,Quasi-Isotropic,100215.5,8410.5,8410.5,12273.9,7364.340000000001,12273.9,0.28595,0.28595,0.34584,318.454,63.724939,212.811624,100.004306,0.004549,0.001023,0.003,0.001652,0.6824,1.41,No Fail,150.0,100.0,33.68,0.0,0.0
1033,42.8,0.2,2415,0,45,-45,90,90,-45,Quasi-Isotropic,100442.0,8422.0,8422.0,12299.6,7379.76,12299.6,0.2858,0.2858,0.34576,206.745,42.039486,137.489383,65.49804,0.002953,0.000662,0.00194,0.001068,0.44302,1.091,No Fail,150.0,100.0,24.15,0.0,0.0
1034,42.9,0.2,3240,0,45,-45,90,90,-45,Quasi-Isotropic,100668.5,8433.5,8433.5,12325.3,7395.179999999999,12325.3,0.2856499999999999,0.2856499999999999,0.34568,287.318,59.391497,190.223875,91.877844,0.004105,0.000919,0.002686,0.001477,0.61568,1.321,No Fail,150.0,100.0,32.4,0.0,0.0
1035,43.0,0.2,4935,0,45,-45,90,90,-45,Quasi-Isotropic,100895.0,8445.0,8445.0,12351.0,7410.599999999999,12351.0,0.2855,0.2855,0.3456,540.321,113.570028,356.29836,174.48473,0.007719,0.001724,0.005033,0.002764,1.15783,2.044,No Fail,150.0,100.0,49.35,0.0,0.0
1036,43.1,0.2,4439,0,45,-45,90,90,-45,Quasi-Isotropic,101121.5,8456.5,8456.5,12376.7,7426.02,12376.7,0.28535,0.28535,0.34552,436.348,93.26977,286.717959,142.353466,0.006234,0.001389,0.004052,0.002221,0.93503,1.747,No Fail,150.0,100.0,44.39,0.0,0.0
1037,43.2,0.2,2797,0,45,-45,90,90,-45,Quasi-Isotropic,101348.0,8468.0,8468.0,12402.4,7441.44,12402.4,0.2852,0.2852,0.3454399999999999,185.976,40.424386,121.827799,61.314314,0.002657,0.000591,0.001722,0.000942,0.39852,1.031,No Fail,150.0,100.0,27.97,0.0,0.0
1038,43.3,0.2,3469,0,45,-45,90,90,-45,Quasi-Isotropic,101574.5,8479.5,8479.5,12428.1,7456.86,12428.1,0.2850499999999999,0.2850499999999999,0.34536,326.589,72.175452,213.389406,108.839221,0.004666,0.001036,0.003016,0.001645,0.69983,1.433,No Fail,150.0,100.0,34.69,0.0,0.0
1039,43.4,0.2,2011,0,45,-45,90,90,-45,Quasi-Isotropic,101801.0,8491.0,8491.0,12453.8,7472.279999999999,12453.8,0.2849,0.2849,0.34528,174.735,39.249659,113.933852,58.873578,0.002496,0.000553,0.001609,0.000875,0.37443,0.999,FAIL,150.0,100.0,20.11,0.0,0.0
1040,43.5,0.2,4772,0,45,-45,90,90,-45,Quasi-Isotropic,102027.5,8502.5,8502.5,12479.5,7487.7,12479.5,0.28475,0.28475,0.3451999999999999,501.306,114.403959,326.363519,170.783965,0.007162,0.001585,0.004608,0.002496,1.07423,1.932,No Fail,150.0,100.0,47.72,0.0,0.0
1041,43.6,0.2,2962,0,45,-45,90,90,-45,Quasi-Isotropic,102254.0,8514.0,8514.0,12505.2,7503.12,12505.2,0.2846,0.2846,0.34512,245.886,56.979637,159.913811,84.702966,0.003513,0.000777,0.002256,0.001217,0.5269,1.203,No Fail,150.0,100.0,29.62,0.0,0.0
1042,43.7,0.2,2655,0,45,-45,90,90,-45,Quasi-Isotropic,102480.5,8525.5,8525.5,12530.9,7518.540000000001,12530.9,0.28445,0.28445,0.34504,260.254,61.200065,169.173736,90.65059,0.003718,0.000821,0.002385,0.00128,0.55769,1.244,No Fail,150.0,100.0,26.55,0.0,0.0
1043,43.8,0.2,4417,0,45,-45,90,90,-45,Quasi-Isotropic,102707.0,8537.0,8537.0,12556.6,7533.959999999999,12556.6,0.2843,0.2843,0.34496,444.432,105.976224,288.905087,156.511618,0.006349,0.0014,0.004068,0.002173,0.95235,1.77,No Fail,150.0,100.0,44.17,0.0,0.0
1044,43.9,0.2,3791,0,45,-45,90,90,-45,Quasi-Isotropic,102933.5,8548.5,8548.5,12582.3,7549.379999999999,12582.3,0.2841499999999999,0.2841499999999999,0.3448799999999999,355.019,85.772173,230.912111,126.384415,0.005072,0.001118,0.003247,0.001725,0.76076,1.514,No Fail,150.0,100.0,37.91,0.0,0.0
1045,44.0,0.2,2401,0,45,-45,90,90,-45,Quasi-Isotropic,103160.0,8560.0,8560.0,12608.0,7564.799999999999,12608.0,0.284,0.284,0.3448,165.896,40.572536,108.020443,59.687774,0.00237,0.000522,0.001517,0.000801,0.35549,0.974,FAIL,150.0,100.0,24.01,0.0,0.0
1046,44.1,0.2,4883,0,45,-45,90,90,-45,Quasi-Isotropic,103386.5,8571.5,8571.5,12633.7,7580.22,12633.7,0.2838499999999999,0.2838499999999999,0.3447199999999999,447.342,110.641306,291.750705,162.621946,0.006391,0.001407,0.00409,0.002147,0.95859,1.778,No Fail,150.0,100.0,48.83,0.0,0.0
1047,44.2,0.2,3217,0,45,-45,90,90,-45,Quasi-Isotropic,103613.0,8583.0,8583.0,12659.4,7595.639999999999,12659.4,0.2837,0.2837,0.34464,269.047,67.22654,175.843513,98.790928,0.003844,0.000846,0.002461,0.001283,0.57653,1.269,No Fail,150.0,100.0,32.17,0.0,0.0
1048,44.3,0.2,4282,0,45,-45,90,90,-45,Quasi-Isotropic,103839.5,8594.5,8594.5,12685.1,7611.059999999999,12685.1,0.28355,0.28355,0.34456,453.702,114.406001,297.31306,168.208078,0.006481,0.001426,0.004152,0.002149,0.97222,1.796,No Fail,150.0,100.0,42.82,0.0,0.0
1049,44.4,0.2,4021,0,45,-45,90,90,-45,Quasi-Isotropic,104066.0,8606.0,8606.0,12710.8,7626.48,12710.8,0.2834,0.2834,0.34448,422.22,107.323038,277.549626,157.986445,0.006032,0.001327,0.003868,0.001987,0.90476,1.706,No Fail,150.0,100.0,40.21,0.0,0.0
1050,44.5,0.2,4709,0,45,-45,90,90,-45,Quasi-Isotropic,104292.5,8617.5,8617.5,12736.5,7641.9,12736.5,0.28325,0.28325,0.3444,466.5,119.392046,307.764711,176.090711,0.006664,0.001466,0.004279,0.002181,0.99964,1.833,No Fail,150.0,100.0,47.09,0.0,0.0
1051,44.6,0.2,3746,0,45,-45,90,90,-45,Quasi-Isotropic,104519.0,8629.0,8629.0,12762.2,7657.32,12762.2,0.2831,0.2831,0.34432,344.504,88.668018,228.205401,131.118646,0.004921,0.001083,0.003165,0.0016,0.73822,1.484,No Fail,150.0,100.0,37.46,0.0,0.0
1052,44.7,0.2,1618,0,45,-45,90,90,-45,Quasi-Isotropic,104745.5,8640.5,8640.5,12787.9,7672.74,12787.9,0.28295,0.28295,0.34424,147.158,38.042895,97.91983,56.442366,0.002102,0.000463,0.001355,0.000679,0.31534,0.92,FAIL,150.0,100.0,16.18,0.0,0.0
1053,44.8,0.2,4808,0,45,-45,90,90,-45,Quasi-Isotropic,104972.0,8652.0,8652.0,12813.6,7688.159999999999,12813.6,0.2828,0.2828,0.34416,435.375,112.909198,291.129836,168.185016,0.00622,0.00137,0.004018,0.001995,0.93295,1.744,No Fail,150.0,100.0,48.08,0.0,0.0
1054,44.9,0.2,4175,0,45,-45,90,90,-45,Quasi-Isotropic,105198.5,8663.5,8663.5,12839.3,7703.579999999999,12839.3,0.2826499999999999,0.2826499999999999,0.3440799999999999,380.836,98.953909,256.017099,148.082099,0.005441,0.0012,0.003524,0.001734,0.81608,1.588,No Fail,150.0,100.0,41.75,0.0,0.0
1055,45.0,0.2,4449,0,45,-45,90,90,-45,Quasi-Isotropic,105425.0,8675.0,8675.0,12865.0,7719.0,12865.0,0.2825,0.2825,0.344,444.382,115.539319,300.43864,173.815451,0.006348,0.001401,0.004124,0.002009,0.95225,1.77,No Fail,150.0,100.0,44.49,0.0,0.0
1056,45.1,0.2,3975,0,45,-45,90,90,-45,Quasi-Isotropic,105651.5,8686.5,8686.5,12890.7,7734.42,12890.7,0.28235,0.28235,0.34392,409.239,106.335128,278.351805,160.913523,0.005846,0.001292,0.00381,0.001838,0.87694,1.669,No Fail,150.0,100.0,39.75,0.0,0.0
1057,45.2,0.2,3270,0,45,-45,90,90,-45,Quasi-Isotropic,105878.0,8698.0,8698.0,12916.4,7749.839999999999,12916.4,0.2822,0.2822,0.34384,351.311,91.110228,240.471759,138.770807,0.005019,0.00111,0.003283,0.001568,0.75281,1.504,No Fail,150.0,100.0,32.7,0.0,0.0
1058,45.3,0.2,3662,0,45,-45,90,90,-45,Quasi-Isotropic,106104.5,8709.5,8709.5,12942.1,7765.259999999998,12942.1,0.28205,0.28205,0.34376,354.707,91.700924,244.412188,140.658651,0.005067,0.001122,0.003326,0.001573,0.76009,1.513,No Fail,150.0,100.0,36.62,0.0,0.0
1059,45.4,0.2,3658,0,45,-45,90,90,-45,Quasi-Isotropic,106331.0,8721.0,8721.0,12967.799999999996,7780.6799999999985,12967.799999999996,0.2819,0.2819,0.34368,318.928,82.088875,221.278653,126.87401,0.004556,0.001011,0.003003,0.001405,0.68342,1.411,No Fail,150.0,100.0,36.58,0.0,0.0
1060,45.5,0.2,3207,0,45,-45,90,90,-45,Quasi-Isotropic,106557.5,8732.5,8732.5,12993.5,7796.099999999999,12993.5,0.28175,0.28175,0.3436,286.914,73.434303,200.489985,114.420237,0.004099,0.000911,0.002713,0.001256,0.61482,1.32,No Fail,150.0,100.0,32.07,0.0,0.0
1061,45.6,0.2,3431,0,45,-45,90,90,-45,Quasi-Isotropic,106784.0,8744.0,8744.0,13019.2,7811.52,13019.2,0.2816,0.2816,0.34352,370.897,94.283441,261.081306,148.16965,0.005299,0.00118,0.003523,0.001614,0.79478,1.56,No Fail,150.0,100.0,34.31,0.0,0.0
1062,45.7,0.2,3353,0,45,-45,90,90,-45,Quasi-Isotropic,107010.5,8755.5,8755.5,13044.9,7826.94,13044.9,0.28145,0.28145,0.3434399999999999,360.933,91.020029,255.979417,144.33388,0.005156,0.00115,0.003445,0.001561,0.77343,1.531,No Fail,150.0,100.0,33.53,0.0,0.0
1063,45.8,0.2,4921,0,45,-45,90,90,-45,Quasi-Isotropic,107237.0,8767.0,8767.0,13070.6,7842.359999999999,13070.6,0.2813,0.2813,0.34336,517.572,129.336115,369.885019,207.027263,0.007394,0.001653,0.004964,0.002225,1.10908,1.979,No Fail,150.0,100.0,49.21,0.0,0.0
1064,45.9,0.2,4346,0,45,-45,90,90,-45,Quasi-Isotropic,107463.5,8778.5,8778.5,13096.299999999996,7857.779999999998,13096.299999999996,0.28115,0.28115,0.34328,479.469,118.598327,345.320689,191.69521,0.00685,0.001535,0.004622,0.002049,1.02743,1.87,No Fail,150.0,100.0,43.46,0.0,0.0
1065,46.0,0.2,4322,0,45,-45,90,90,-45,Quasi-Isotropic,107690.0,8790.0,8790.0,13122.0,7873.2,13122.0,0.281,0.281,0.3432,397.706,97.275294,288.686229,158.813158,0.005682,0.001276,0.003854,0.00169,0.85223,1.636,No Fail,150.0,100.0,43.22,0.0,0.0
1066,46.1,0.2,1875,0,45,-45,90,90,-45,Quasi-Isotropic,107916.5,8801.5,8801.5,13147.7,7888.62,13147.7,0.2808499999999999,0.2808499999999999,0.34312,75.774,18.30892,55.438196,30.199501,0.001082,0.000244,0.000738,0.00032,0.16237,0.716,FAIL,150.0,100.0,18.75,0.0,0.0
1067,46.2,0.2,2021,0,45,-45,90,90,-45,Quasi-Isotropic,108143.0,8813.0,8813.0,13173.4,7904.039999999999,13173.4,0.2807,0.2807,0.34304,190.979,45.544891,140.834831,75.911075,0.002728,0.000616,0.001871,0.000803,0.40924,1.046,No Fail,150.0,100.0,20.21,0.0,0.0
1068,46.3,0.2,3343,0,45,-45,90,90,-45,Quasi-Isotropic,108369.5,8824.5,8824.5,13199.1,7919.46,13199.1,0.28055,0.28055,0.34296,338.08,79.511111,251.291593,133.926988,0.00483,0.001093,0.00333,0.001414,0.72446,1.466,No Fail,150.0,100.0,33.43,0.0,0.0
1069,46.4,0.2,2436,0,45,-45,90,90,-45,Quasi-Isotropic,108596.0,8836.0,8836.0,13224.8,7934.879999999999,13224.8,0.2804,0.2804,0.34288,154.451,35.795883,115.709692,60.934486,0.002206,0.000501,0.00153,0.000643,0.33097,0.941,FAIL,150.0,100.0,24.36,0.0,0.0
1070,46.5,0.2,2806,0,45,-45,90,90,-45,Quasi-Isotropic,108822.5,8847.5,8847.5,13250.5,7950.299999999999,13250.5,0.28025,0.28025,0.3428,249.054,56.844753,188.047685,97.789294,0.003558,0.00081,0.002482,0.001032,0.53369,1.212,No Fail,150.0,100.0,28.06,0.0,0.0
1071,46.6,0.2,3478,0,45,-45,90,90,-45,Quasi-Isotropic,109049.0,8859.0,8859.0,13276.2,7965.72,13276.2,0.2801,0.2801,0.34272,328.578,73.816765,250.018475,128.313185,0.004694,0.001072,0.003293,0.001356,0.70409,1.439,No Fail,150.0,100.0,34.78,0.0,0.0
1072,46.7,0.2,2291,0,45,-45,90,90,-45,Quasi-Isotropic,109275.5,8870.5,8870.5,13301.9,7981.139999999999,13301.9,0.27995,0.27995,0.3426399999999999,116.032,25.646474,88.965862,45.036502,0.001658,0.00038,0.00117,0.000477,0.24864,0.832,FAIL,150.0,100.0,22.91,0.0,0.0
1073,46.8,0.2,4468,0,45,-45,90,90,-45,Quasi-Isotropic,109502.0,8882.0,8882.0,13327.6,7996.559999999999,13327.6,0.2798,0.2798,0.34256,414.019,90.005626,319.830784,159.621351,0.005915,0.00136,0.004199,0.001695,0.88718,1.683,No Fail,150.0,100.0,44.68,0.0,0.0
1074,46.9,0.2,4504,0,45,-45,90,90,-45,Quasi-Isotropic,109728.5,8893.5,8893.5,13353.3,8011.98,13353.3,0.2796499999999999,0.2796499999999999,0.34248,422.004,90.216871,328.400108,161.515033,0.006029,0.001391,0.004305,0.001721,0.90429,1.706,No Fail,150.0,100.0,45.04,0.0,0.0
1075,47.0,0.2,1827,0,45,-45,90,90,-45,Quasi-Isotropic,109955.0,8905.0,8905.0,13379.0,8027.4,13379.0,0.2794999999999999,0.2794999999999999,0.3424,88.12,18.52463,69.067017,33.461994,0.001259,0.000291,0.000904,0.000358,0.18883,0.752,FAIL,150.0,100.0,18.27,0.0,0.0
1076,47.1,0.2,3434,0,45,-45,90,90,-45,Quasi-Isotropic,110181.5,8916.5,8916.5,13404.7,8042.82,13404.7,0.27935,0.27935,0.3423199999999999,326.623,67.525947,257.789994,122.991515,0.004666,0.001084,0.003371,0.001324,0.69991,1.433,No Fail,150.0,100.0,34.34,0.0,0.0
1077,47.2,0.2,1533,0,45,-45,90,90,-45,Quasi-Isotropic,110408.0,8928.0,8928.0,13430.4,8058.24,13430.4,0.2792,0.2792,0.34224,137.235,27.909271,109.046604,51.218953,0.001961,0.000457,0.001425,0.000555,0.29408,0.892,FAIL,150.0,100.0,15.33,0.0,0.0
1078,47.3,0.2,3250,0,45,-45,90,90,-45,Quasi-Isotropic,110634.5,8939.5,8939.5,13456.1,8073.66,13456.1,0.27905,0.27905,0.34216,329.374,65.919121,263.427532,121.785789,0.004705,0.001101,0.003438,0.001328,0.7058,1.441,No Fail,150.0,100.0,32.5,0.0,0.0
1079,47.4,0.2,4245,0,45,-45,90,90,-45,Quasi-Isotropic,110861.0,8951.0,8951.0,13481.8,8089.079999999999,13481.8,0.2789,0.2789,0.34208,417.369,82.248707,335.896485,152.824216,0.005962,0.001401,0.004382,0.001679,0.89436,1.692,No Fail,150.0,100.0,42.45,0.0,0.0
1080,47.5,0.2,4503,0,45,-45,90,90,-45,Quasi-Isotropic,111087.5,8962.5,8962.5,13507.5,8104.5,13507.5,0.27875,0.27875,0.3419999999999999,432.441,83.973255,350.112037,156.749919,0.006178,0.001457,0.004566,0.001737,0.92666,1.736,No Fail,150.0,100.0,45.03,0.0,0.0
1081,47.6,0.2,3349,0,45,-45,90,90,-45,Quasi-Isotropic,111314.0,8974.0,8974.0,13533.200000000004,8119.920000000001,13533.200000000004,0.2786,0.2786,0.34192,350.383,67.104333,285.294051,125.689146,0.005005,0.001185,0.003719,0.001405,0.75082,1.501,No Fail,150.0,100.0,33.49,0.0,0.0
1082,47.7,0.2,2240,0,45,-45,90,90,-45,Quasi-Isotropic,111540.5,8985.5,8985.5,13558.9,8135.34,13558.9,0.27845,0.27845,0.34184,223.689,42.29626,183.118406,79.38947,0.003196,0.00076,0.002388,0.000896,0.47933,1.139,No Fail,150.0,100.0,22.4,0.0,0.0
1083,47.8,0.2,4606,0,45,-45,90,90,-45,Quasi-Isotropic,111767.0,8997.0,8997.0,13584.6,8150.76,13584.6,0.2783,0.2783,0.34176,408.599,76.370607,336.189811,143.447555,0.005837,0.001393,0.004384,0.001635,0.87557,1.667,No Fail,150.0,100.0,46.06,0.0,0.0
1084,47.9,0.2,1663,0,45,-45,90,90,-45,Quasi-Isotropic,111993.5,9008.5,9008.5,13610.3,8166.179999999999,13610.3,0.27815,0.27815,0.34168,102.496,18.962281,84.732633,35.589386,0.001464,0.000351,0.001105,0.00041,0.21963,0.793,FAIL,150.0,100.0,16.63,0.0,0.0
1085,48.0,0.2,4740,0,45,-45,90,90,-45,Quasi-Isotropic,112220.0,9020.0,9020.0,13636.0,8181.599999999999,13636.0,0.278,0.278,0.3416,519.824,95.330906,431.626615,178.506951,0.007426,0.001786,0.005634,0.002079,1.11391,1.985,No Fail,150.0,100.0,47.4,0.0,0.0
1086,48.1,0.2,3472,0,45,-45,90,90,-45,Quasi-Isotropic,112446.5,9031.5,9031.5,13661.700000000004,8197.02,13661.700000000004,0.2778499999999999,0.2778499999999999,0.34152,268.757,48.934934,224.061222,91.272462,0.003839,0.000927,0.002926,0.001075,0.57591,1.268,No Fail,150.0,100.0,34.72,0.0,0.0
1087,48.2,0.2,4751,0,45,-45,90,90,-45,Quasi-Isotropic,112673.0,9043.0,9043.0,13687.4,8212.44,13687.4,0.2777,0.2777,0.34144,526.134,95.2723,440.251665,176.718867,0.007516,0.001823,0.005756,0.002106,1.12743,2.003,No Fail,150.0,100.0,47.51,0.0,0.0
1088,48.3,0.2,4865,0,45,-45,90,90,-45,Quasi-Isotropic,112899.5,9054.5,9054.5,13713.1,8227.86,13713.1,0.27755,0.27755,0.34136,506.079,91.297931,424.873443,168.138474,0.00723,0.001761,0.005561,0.002028,1.08445,1.946,No Fail,150.0,100.0,48.65,0.0,0.0
1089,48.4,0.2,4133,0,45,-45,90,90,-45,Quasi-Isotropic,113126.0,9066.0,9066.0,13738.8,8243.279999999999,13738.8,0.2774,0.2774,0.34128,385.503,69.410651,324.59453,126.714218,0.005507,0.001347,0.004254,0.001546,0.82608,1.601,No Fail,150.0,100.0,41.33,0.0,0.0
1090,48.5,0.2,2894,0,45,-45,90,90,-45,Quasi-Isotropic,113352.5,9077.5,9077.5,13764.5,8258.699999999999,13764.5,0.27725,0.27725,0.3412,221.759,39.923656,187.197237,72.134914,0.003168,0.000778,0.002457,0.000891,0.4752,1.134,No Fail,150.0,100.0,28.94,0.0,0.0
1091,48.6,0.2,2069,0,45,-45,90,90,-45,Quasi-Isotropic,113579.0,9089.0,9089.0,13790.2,8274.12,13790.2,0.2771,0.2771,0.34112,198.997,35.887393,168.344716,64.080639,0.002843,0.000701,0.002213,0.000801,0.42642,1.069,No Fail,150.0,100.0,20.69,0.0,0.0
1092,48.7,0.2,4421,0,45,-45,90,90,-45,Quasi-Isotropic,113805.5,9100.5,9100.5,13815.9,8289.54,13815.9,0.27695,0.27695,0.34104,461.697,83.557256,391.266528,147.242816,0.006596,0.001633,0.005153,0.001863,0.98935,1.819,No Fail,150.0,100.0,44.21,0.0,0.0
1093,48.8,0.2,4638,0,45,-45,90,90,-45,Quasi-Isotropic,114032.0,9112.0,9112.0,13841.6,8304.96,13841.6,0.2768,0.2768,0.34096,469.842,85.482116,398.709272,148.46952,0.006712,0.001669,0.005261,0.0019,1.0068,1.842,No Fail,150.0,100.0,46.38,0.0,0.0
1094,48.9,0.2,4145,0,45,-45,90,90,-45,Quasi-Isotropic,114258.5,9123.5,9123.5,13867.3,8320.38,13867.3,0.2766499999999999,0.2766499999999999,0.34088,417.548,76.49972,354.670123,130.810351,0.005965,0.00149,0.00469,0.001693,0.89475,1.693,No Fail,150.0,100.0,41.45,0.0,0.0
1095,49.0,0.2,4960,0,45,-45,90,90,-45,Quasi-Isotropic,114485.0,9135.0,9135.0,13893.0,8335.8,13893.0,0.2764999999999999,0.2764999999999999,0.3408,538.367,99.484525,457.545451,167.315155,0.007691,0.001929,0.006065,0.00219,1.15364,2.038,No Fail,150.0,100.0,49.6,0.0,0.0
1096,49.1,0.2,3253,0,45,-45,90,90,-45,Quasi-Isotropic,114711.5,9146.5,9146.5,13918.7,8351.22,13918.7,0.27635,0.27635,0.34072,263.433,49.171833,223.916956,81.273077,0.003763,0.000947,0.002975,0.001075,0.5645,1.253,No Fail,150.0,100.0,32.53,0.0,0.0
1097,49.2,0.2,1688,0,45,-45,90,90,-45,Quasi-Isotropic,114938.0,9158.0,9158.0,13944.4,8366.640000000001,13944.4,0.2762,0.2762,0.34064,60.0,11.328097,50.986158,18.389579,0.000857,0.000217,0.000679,0.000246,0.12857,0.671,FAIL,150.0,100.0,16.88,0.0,0.0
1098,49.3,0.2,4435,0,45,-45,90,90,-45,Quasi-Isotropic,115164.5,9169.5,9169.5,13970.1,8382.06,13970.1,0.27605,0.27605,0.34056,439.793,84.089766,373.471178,134.017289,0.006283,0.001595,0.00499,0.001809,0.94241,1.757,No Fail,150.0,100.0,44.35,0.0,0.0
1099,49.4,0.2,4192,0,45,-45,90,90,-45,Quasi-Isotropic,115391.0,9181.0,9181.0,13995.8,8397.48,13995.8,0.2759,0.2759,0.34048,422.111,81.822978,358.069514,127.997133,0.00603,0.001537,0.004798,0.001744,0.90452,1.706,No Fail,150.0,100.0,41.92,0.0,0.0
1100,49.5,0.2,2888,0,45,-45,90,90,-45,Quasi-Isotropic,115617.5,9192.5,9192.5,14021.5,8412.9,14021.5,0.27575,0.27575,0.3404,192.032,37.772238,162.656489,57.995672,0.002743,0.000702,0.002186,0.000797,0.4115,1.049,No Fail,150.0,100.0,28.88,0.0,0.0
1101,49.6,0.2,1604,0,45,-45,90,90,-45,Quasi-Isotropic,115844.0,9204.0,9204.0,14047.2,8428.32,14047.2,0.2756,0.2756,0.3403199999999999,60.0,11.984722,50.726257,18.064425,0.000857,0.00022,0.000684,0.00025,0.12857,0.671,FAIL,150.0,100.0,16.04,0.0,0.0
1102,49.7,0.2,4974,0,45,-45,90,90,-45,Quasi-Isotropic,116070.5,9215.5,9215.5,14072.9,8443.74,14072.9,0.27545,0.27545,0.34024,524.087,106.368908,442.076315,157.449579,0.007487,0.001931,0.005981,0.002196,1.12304,1.997,No Fail,150.0,100.0,49.74,0.0,0.0
1103,49.8,0.2,2745,0,45,-45,90,90,-45,Quasi-Isotropic,116297.0,9227.0,9227.0,14098.6,8459.16,14098.6,0.2753,0.2753,0.34016,230.568,47.569903,193.970627,69.187062,0.003294,0.000853,0.002633,0.000971,0.49407,1.159,No Fail,150.0,100.0,27.45,0.0,0.0
1104,49.9,0.2,3011,0,45,-45,90,90,-45,Quasi-Isotropic,116523.5,9238.5,9238.5,14124.3,8474.58,14124.3,0.27515,0.27515,0.34008,208.439,43.727359,174.820536,62.534493,0.002978,0.000774,0.002382,0.000883,0.44665,1.096,No Fail,150.0,100.0,30.11,0.0,0.0
1105,50.0,0.2,3812,0,45,-45,90,90,-45,Quasi-Isotropic,116750.0,9250.0,9250.0,14150.0,8490.0,14150.0,0.275,0.275,0.3399999999999999,335.919,71.664304,280.776722,100.859736,0.004799,0.001252,0.003839,0.00143,0.71983,1.46,No Fail,150.0,100.0,38.12,0.0,0.0
1106,50.1,0.2,3665,0,45,-45,90,90,-45,Quasi-Isotropic,116976.5,9261.5,9261.5,14175.7,8505.42,14175.7,0.27485,0.27485,0.33992,389.535,84.508136,324.359121,117.164792,0.005565,0.001457,0.004452,0.001668,0.83472,1.613,No Fail,150.0,100.0,36.65,0.0,0.0
1107,50.2,0.2,3996,0,45,-45,90,90,-45,Quasi-Isotropic,117203.0,9273.0,9273.0,14201.4,8520.84,14201.4,0.2747,0.2747,0.33984,343.739,75.821799,285.039796,103.672803,0.004911,0.00129,0.003927,0.00148,0.73658,1.482,No Fail,150.0,100.0,39.96,0.0,0.0
1108,50.3,0.2,2040,0,45,-45,90,90,-45,Quasi-Isotropic,117429.5,9284.5,9284.5,14227.1,8536.26,14227.1,0.27455,0.27455,0.33976,194.928,43.704446,160.914911,59.006963,0.002785,0.000734,0.002226,0.000845,0.4177,1.057,No Fail,150.0,100.0,20.4,0.0,0.0
1109,50.4,0.2,3719,0,45,-45,90,90,-45,Quasi-Isotropic,117656.0,9296.0,9296.0,14252.8,8551.679999999998,14252.8,0.2744,0.2744,0.33968,320.837,73.087303,263.575468,97.566397,0.004583,0.001213,0.003659,0.001398,0.68751,1.417,No Fail,150.0,100.0,37.19,0.0,0.0
1110,50.5,0.2,2608,0,45,-45,90,90,-45,Quasi-Isotropic,117882.5,9307.5,9307.5,14278.5,8567.1,14278.5,0.27425,0.27425,0.3396,184.246,42.621879,150.582815,56.334881,0.002632,0.000699,0.002099,0.000808,0.39481,1.026,No Fail,150.0,100.0,26.08,0.0,0.0
1111,50.6,0.2,1518,0,45,-45,90,90,-45,Quasi-Isotropic,118109.0,9319.0,9319.0,14304.2,8582.52,14304.2,0.2741,0.2741,0.33952,129.396,30.377934,105.176568,39.812582,0.001849,0.000492,0.001473,0.000571,0.27728,0.87,FAIL,150.0,100.0,15.18,0.0,0.0
1112,50.7,0.2,2760,0,45,-45,90,90,-45,Quasi-Isotropic,118335.5,9330.5,9330.5,14329.9,8597.939999999999,14329.9,0.2739499999999999,0.2739499999999999,0.3394399999999999,254.173,60.51377,205.408531,78.755902,0.003631,0.00097,0.002887,0.001129,0.54466,1.226,No Fail,150.0,100.0,27.6,0.0,0.0
1113,50.8,0.2,1964,0,45,-45,90,90,-45,Quasi-Isotropic,118562.0,9342.0,9342.0,14355.6,8613.36,14355.6,0.2738,0.2738,0.33936,163.281,39.390816,131.157254,50.986193,0.002333,0.000625,0.001851,0.00073,0.34989,0.967,FAIL,150.0,100.0,19.64,0.0,0.0
1114,50.9,0.2,3071,0,45,-45,90,90,-45,Quasi-Isotropic,118788.5,9353.5,9353.5,14381.3,8628.779999999999,14381.3,0.2736499999999999,0.2736499999999999,0.33928,306.027,74.742388,244.268648,96.365598,0.004372,0.001175,0.003461,0.001377,0.65577,1.374,No Fail,150.0,100.0,30.71,0.0,0.0
1115,51.0,0.2,2928,0,45,-45,90,90,-45,Quasi-Isotropic,119015.0,9365.0,9365.0,14407.0,8644.199999999999,14407.0,0.2734999999999999,0.2734999999999999,0.3392,244.81,60.473831,194.124188,77.78401,0.003497,0.000943,0.002762,0.001109,0.52459,1.199,No Fail,150.0,100.0,29.28,0.0,0.0
1116,51.1,0.2,2739,0,45,-45,90,90,-45,Quasi-Isotropic,119241.5,9376.5,9376.5,14432.7,8659.62,14432.7,0.27335,0.27335,0.33912,285.493,71.255988,224.847268,91.575502,0.004078,0.001103,0.003212,0.001302,0.61177,1.316,No Fail,150.0,100.0,27.39,0.0,0.0
1117,51.2,0.2,3593,0,45,-45,90,90,-45,Quasi-Isotropic,119468.0,9388.0,9388.0,14458.4,8675.039999999999,14458.4,0.2732,0.2732,0.33904,380.011,95.728809,297.192268,123.110694,0.005429,0.001472,0.004263,0.001745,0.81431,1.586,No Fail,150.0,100.0,35.93,0.0,0.0
1118,51.3,0.2,2848,0,45,-45,90,90,-45,Quasi-Isotropic,119694.5,9399.5,9399.5,14484.1,8690.46,14484.1,0.27305,0.27305,0.33896,262.868,66.760178,204.100765,86.042887,0.003755,0.001021,0.002939,0.001215,0.56329,1.251,No Fail,150.0,100.0,28.48,0.0,0.0
1119,51.4,0.2,2857,0,45,-45,90,90,-45,Quasi-Isotropic,119921.0,9411.0,9411.0,14509.8,8705.88,14509.8,0.2729,0.2729,0.33888,267.854,68.502516,206.441165,88.610142,0.003826,0.001043,0.002984,0.001246,0.57397,1.265,No Fail,150.0,100.0,28.57,0.0,0.0
1120,51.5,0.2,4654,0,45,-45,90,90,-45,Quasi-Isotropic,120147.5,9422.5,9422.5,14535.5,8721.3,14535.5,0.27275,0.27275,0.3388,508.313,130.752232,388.826678,169.99007,0.007262,0.001984,0.005644,0.002381,1.08924,1.952,No Fail,150.0,100.0,46.54,0.0,0.0
1121,51.6,0.2,4924,0,45,-45,90,90,-45,Quasi-Isotropic,120374.0,9434.0,9434.0,14561.2,8736.72,14561.2,0.2726,0.2726,0.33872,442.208,114.26761,335.678627,149.518135,0.006317,0.00173,0.00489,0.002085,0.94759,1.763,No Fail,150.0,100.0,49.24,0.0,0.0
1122,51.7,0.2,2094,0,45,-45,90,90,-45,Quasi-Isotropic,120600.5,9445.5,9445.5,14586.9,8752.14,14586.9,0.2724499999999999,0.2724499999999999,0.33864,142.59,36.967863,107.402547,48.749328,0.002037,0.000559,0.00157,0.000677,0.30555,0.907,FAIL,150.0,100.0,20.94,0.0,0.0
1123,51.8,0.2,1986,0,45,-45,90,90,-45,Quasi-Isotropic,120827.0,9457.0,9457.0,14612.6,8767.56,14612.6,0.2723,0.2723,0.3385599999999999,152.625,39.650918,114.063513,52.762468,0.00218,0.0006,0.001673,0.000729,0.32705,0.936,FAIL,150.0,100.0,19.86,0.0,0.0
1124,51.9,0.2,3226,0,45,-45,90,90,-45,Quasi-Isotropic,121053.5,9468.5,9468.5,14638.3,8782.98,14638.3,0.27215,0.27215,0.33848,310.976,80.853028,230.58018,108.698824,0.004443,0.001225,0.003395,0.001495,0.66638,1.389,No Fail,150.0,100.0,32.26,0.0,0.0
1125,52.0,0.2,3021,0,45,-45,90,90,-45,Quasi-Isotropic,121280.0,9480.0,9480.0,14664.0,8798.4,14664.0,0.272,0.272,0.3384,314.972,81.852368,231.702786,111.306202,0.0045,0.001243,0.003423,0.001524,0.67494,1.4,No Fail,150.0,100.0,30.21,0.0,0.0
1126,52.1,0.2,3195,0,45,-45,90,90,-45,Quasi-Isotropic,121506.5,9491.5,9491.5,14689.7,8813.82,14689.7,0.27185,0.27185,0.3383199999999999,292.845,75.968923,213.729029,104.60657,0.004183,0.001157,0.003166,0.001426,0.62752,1.337,No Fail,150.0,100.0,31.95,0.0,0.0
1127,52.2,0.2,2381,0,45,-45,90,90,-45,Quasi-Isotropic,121733.0,9503.0,9503.0,14715.4,8829.24,14715.4,0.2717,0.2717,0.33824,236.483,61.163076,171.2405,85.367735,0.003378,0.000936,0.002544,0.001158,0.50675,1.176,No Fail,150.0,100.0,23.81,0.0,0.0
1128,52.3,0.2,3688,0,45,-45,90,90,-45,Quasi-Isotropic,121959.5,9514.5,9514.5,14741.1,8844.66,14741.1,0.27155,0.27155,0.33816,372.923,96.041312,267.937557,136.006811,0.005327,0.001478,0.003991,0.001838,0.79912,1.565,No Fail,150.0,100.0,36.88,0.0,0.0
1129,52.4,0.2,2184,0,45,-45,90,90,-45,Quasi-Isotropic,122186.0,9526.0,9526.0,14766.8,8860.08,14766.8,0.2714,0.2714,0.33808,150.873,38.642633,107.565632,55.571619,0.002155,0.000599,0.001606,0.000748,0.3233,0.931,FAIL,150.0,100.0,21.84,0.0,0.0
1130,52.5,0.2,2566,0,45,-45,90,90,-45,Quasi-Isotropic,122412.5,9537.5,9537.5,14792.5,8875.5,14792.5,0.27125,0.27125,0.3379999999999999,255.12,64.907337,180.512249,94.867465,0.003645,0.001014,0.002702,0.001273,0.54669,1.229,No Fail,150.0,100.0,25.66,0.0,0.0
1131,52.6,0.2,2663,0,45,-45,90,90,-45,Quasi-Isotropic,122639.0,9549.0,9549.0,14818.2,8890.92,14818.2,0.2711,0.2711,0.33792,165.672,41.820011,116.352839,62.167681,0.002367,0.000659,0.001745,0.000831,0.35501,0.973,FAIL,150.0,100.0,26.63,0.0,0.0
1132,52.7,0.2,4314,0,45,-45,90,90,-45,Quasi-Isotropic,122865.5,9560.5,9560.5,14843.9,8906.34,14843.9,0.2709499999999999,0.2709499999999999,0.33784,403.289,100.889375,281.182605,152.639852,0.005761,0.001607,0.004223,0.002034,0.86419,1.652,No Fail,150.0,100.0,43.14,0.0,0.0
1133,52.8,0.2,2672,0,45,-45,90,90,-45,Quasi-Isotropic,123092.0,9572.0,9572.0,14869.6,8921.76,14869.6,0.2708,0.2708,0.33776,241.044,59.696283,166.879904,91.972989,0.003443,0.000961,0.00251,0.001222,0.51652,1.189,No Fail,150.0,100.0,26.72,0.0,0.0
1134,52.9,0.2,4508,0,45,-45,90,90,-45,Quasi-Isotropic,123318.5,9583.5,9583.5,14895.3,8937.179999999998,14895.3,0.2706499999999999,0.2706499999999999,0.33768,403.136,98.735886,277.203814,154.984756,0.005759,0.001609,0.004174,0.002055,0.86386,1.652,No Fail,150.0,100.0,45.08,0.0,0.0
1135,53.0,0.2,1976,0,45,-45,90,90,-45,Quasi-Isotropic,123545.0,9595.0,9595.0,14921.0,8952.6,14921.0,0.2704999999999999,0.2704999999999999,0.3376,80.265,19.42221,54.831563,31.073062,0.001147,0.000321,0.000826,0.000411,0.172,0.729,FAIL,150.0,100.0,19.76,0.0,0.0
1136,53.1,0.2,4815,0,45,-45,90,90,-45,Quasi-Isotropic,123771.5,9606.5,9606.5,14946.7,8968.02,14946.7,0.27035,0.27035,0.33752,499.377,119.276759,339.015077,194.55448,0.007134,0.001996,0.00511,0.002571,1.07009,1.927,No Fail,150.0,100.0,48.15,0.0,0.0
1137,53.2,0.2,2600,0,45,-45,90,90,-45,Quasi-Isotropic,123998.0,9618.0,9618.0,14972.4,8983.439999999999,14972.4,0.2702,0.2702,0.3374399999999999,247.855,58.387322,167.269021,97.115466,0.003541,0.000991,0.002521,0.001282,0.53112,1.208,No Fail,150.0,100.0,26.0,0.0,0.0
1138,53.3,0.2,4891,0,45,-45,90,90,-45,Quasi-Isotropic,124224.5,9629.5,9629.5,14998.1,8998.859999999999,14998.1,0.27005,0.27005,0.33736,431.116,100.088427,289.329165,169.775926,0.006159,0.001724,0.00436,0.00224,0.92382,1.732,No Fail,150.0,100.0,48.91,0.0,0.0
1139,53.4,0.2,3932,0,45,-45,90,90,-45,Quasi-Isotropic,124451.0,9641.0,9641.0,15023.8,9014.28,15023.8,0.2699,0.2699,0.33728,396.908,90.753637,264.991626,156.988447,0.00567,0.001588,0.00399,0.002071,0.85052,1.634,No Fail,150.0,100.0,39.32,0.0,0.0
1140,53.5,0.2,3516,0,45,-45,90,90,-45,Quasi-Isotropic,124677.5,9652.5,9652.5,15049.5,9029.7,15049.5,0.26975,0.26975,0.3372,322.948,72.686049,214.582153,128.204598,0.004614,0.001292,0.003228,0.001692,0.69203,1.423,No Fail,150.0,100.0,35.16,0.0,0.0
1141,53.6,0.2,2816,0,45,-45,90,90,-45,Quasi-Isotropic,124904.0,9664.0,9664.0,15075.2,9045.12,15075.2,0.2696,0.2696,0.33712,268.852,59.536587,177.859585,107.045554,0.003841,0.001075,0.002672,0.001414,0.57611,1.268,No Fail,150.0,100.0,28.16,0.0,0.0
1142,53.7,0.2,2875,0,45,-45,90,90,-45,Quasi-Isotropic,125130.5,9675.5,9675.5,15100.9,9060.54,15100.9,0.2694499999999999,0.2694499999999999,0.33704,207.053,45.098729,136.440061,82.624263,0.002958,0.000828,0.002046,0.001093,0.44369,1.092,No Fail,150.0,100.0,28.75,0.0,0.0
1143,53.8,0.2,3473,0,45,-45,90,90,-45,Quasi-Isotropic,125357.0,9687.0,9687.0,15126.6,9075.96,15126.6,0.2693,0.2693,0.33696,363.151,77.785345,238.476508,145.13319,0.005188,0.001452,0.003568,0.001924,0.77818,1.538,No Fail,150.0,100.0,34.73,0.0,0.0
1144,53.9,0.2,3410,0,45,-45,90,90,-45,Quasi-Isotropic,125583.5,9698.5,9698.5,15152.3,9091.38,15152.3,0.26915,0.26915,0.33688,298.097,62.787171,195.174421,119.225956,0.004259,0.001191,0.002913,0.001585,0.63878,1.352,No Fail,150.0,100.0,34.1,0.0,0.0
1145,54.0,0.2,3425,0,45,-45,90,90,-45,Quasi-Isotropic,125810.0,9710.0,9710.0,15178.000000000002,9106.8,15178.000000000002,0.269,0.269,0.3368,289.236,59.910929,188.903455,115.685337,0.004132,0.001155,0.002811,0.001542,0.61979,1.326,No Fail,150.0,100.0,34.25,0.0,0.0
1146,54.1,0.2,3116,0,45,-45,90,90,-45,Quasi-Isotropic,126036.5,9721.5,9721.5,15203.700000000004,9122.22,15203.700000000004,0.26885,0.26885,0.33672,219.521,44.727363,143.089106,87.739226,0.003136,0.000876,0.002122,0.001174,0.4704,1.127,No Fail,150.0,100.0,31.16,0.0,0.0
1147,54.2,0.2,3035,0,45,-45,90,90,-45,Quasi-Isotropic,126263.0,9733.0,9733.0,15229.4,9137.64,15229.4,0.2687,0.2687,0.33664,239.147,47.948669,155.655098,95.445305,0.003416,0.000953,0.0023,0.001282,0.51246,1.183,No Fail,150.0,100.0,30.35,0.0,0.0
1148,54.3,0.2,3925,0,45,-45,90,90,-45,Quasi-Isotropic,126489.5,9744.5,9744.5,15255.1,9153.06,15255.1,0.26855,0.26855,0.3365599999999999,396.031,78.179964,257.527523,157.715071,0.005658,0.001578,0.00379,0.002128,0.84864,1.632,No Fail,150.0,100.0,39.25,0.0,0.0
1149,54.4,0.2,4285,0,45,-45,90,90,-45,Quasi-Isotropic,126716.0,9756.0,9756.0,15280.8,9168.48,15280.8,0.2683999999999999,0.2683999999999999,0.33648,375.9,73.114522,244.339134,149.264571,0.00537,0.001496,0.00358,0.002024,0.8055,1.574,No Fail,150.0,100.0,42.85,0.0,0.0
1150,54.5,0.2,3248,0,45,-45,90,90,-45,Quasi-Isotropic,126942.5,9767.5,9767.5,15306.500000000002,9183.9,15306.500000000002,0.26825,0.26825,0.3364,300.61,57.660711,195.425585,118.937554,0.004294,0.001194,0.002849,0.001622,0.64417,1.359,No Fail,150.0,100.0,32.48,0.0,0.0
1151,54.6,0.2,2347,0,45,-45,90,90,-45,Quasi-Isotropic,127169.0,9779.0,9779.0,15332.200000000004,9199.320000000002,15332.200000000004,0.2681,0.2681,0.3363199999999999,165.649,31.366011,107.759329,65.257784,0.002366,0.000657,0.001563,0.000895,0.35496,0.973,FAIL,150.0,100.0,23.47,0.0,0.0
1152,54.7,0.2,4003,0,45,-45,90,90,-45,Quasi-Isotropic,127395.5,9790.5,9790.5,15357.9,9214.74,15357.9,0.2679499999999999,0.2679499999999999,0.33624,361.36,67.626811,235.355046,141.649647,0.005162,0.001432,0.003396,0.001955,0.77434,1.532,No Fail,150.0,100.0,40.03,0.0,0.0
1153,54.8,0.2,1759,0,45,-45,90,90,-45,Quasi-Isotropic,127622.0,9801.999999999998,9801.999999999998,15383.6,9230.159999999998,15383.6,0.2678,0.2678,0.33616,76.376,14.145569,49.82926,29.769857,0.001091,0.000302,0.000715,0.000414,0.16366,0.718,FAIL,150.0,100.0,17.59,0.0,0.0
1154,54.9,0.2,3177,0,45,-45,90,90,-45,Quasi-Isotropic,127848.5,9813.499999999998,9813.499999999998,15409.299999999996,9245.579999999998,15409.299999999996,0.26765,0.26765,0.33608,222.395,40.823113,145.418483,86.141338,0.003177,0.000878,0.002074,0.001206,0.47656,1.135,No Fail,150.0,100.0,31.77,0.0,0.0
1155,55.0,0.2,3273,0,45,-45,90,90,-45,Quasi-Isotropic,128075.0,9825.0,9825.0,15435.000000000002,9261.0,15435.000000000002,0.2674999999999999,0.2674999999999999,0.3359999999999999,304.681,55.517115,199.767663,117.201233,0.004353,0.001201,0.002833,0.001653,0.65289,1.371,No Fail,150.0,100.0,32.73,0.0,0.0
1156,55.1,0.2,3921,0,45,-45,90,90,-45,Quasi-Isotropic,128301.5,9836.5,9836.5,15460.700000000004,9276.420000000002,15460.700000000004,0.26735,0.26735,0.33592,320.071,57.990012,210.534687,122.202281,0.004572,0.001259,0.002966,0.001737,0.68587,1.414,No Fail,150.0,100.0,39.21,0.0,0.0
1157,55.2,0.2,4268,0,45,-45,90,90,-45,Quasi-Isotropic,128528.0,9848.0,9848.0,15486.4,9291.84,15486.4,0.2672,0.2672,0.3358399999999999,406.865,73.42444,268.615215,154.095284,0.005812,0.001598,0.00376,0.002209,0.87185,1.662,No Fail,150.0,100.0,42.68,0.0,0.0
1158,55.3,0.2,4634,0,45,-45,90,90,-45,Quasi-Isotropic,128754.5,9859.499999999998,9859.499999999998,15512.1,9307.259999999998,15512.1,0.26705,0.26705,0.33576,472.967,85.169868,313.55353,177.603295,0.006757,0.001853,0.00436,0.002567,1.0135,1.851,No Fail,150.0,100.0,46.34,0.0,0.0
1159,55.4,0.2,3734,0,45,-45,90,90,-45,Quasi-Isotropic,128981.0,9870.999999999998,9870.999999999998,15537.799999999996,9322.679999999998,15537.799999999996,0.2669,0.2669,0.33568,343.607,61.855189,228.840247,127.866034,0.004909,0.001343,0.003161,0.001865,0.7363,1.482,No Fail,150.0,100.0,37.34,0.0,0.0
1160,55.5,0.2,4191,0,45,-45,90,90,-45,Quasi-Isotropic,129207.5,9882.5,9882.5,15563.500000000002,9338.1,15563.500000000002,0.26675,0.26675,0.3356,452.763,81.628192,303.04729,166.896463,0.006468,0.001766,0.004157,0.002455,0.97021,1.794,No Fail,150.0,100.0,41.91,0.0,0.0
1161,55.6,0.2,2743,0,45,-45,90,90,-45,Quasi-Isotropic,129434.0,9894.0,9894.0,15589.200000000004,9353.52,15589.200000000004,0.2666,0.2666,0.33552,210.192,38.021363,141.447111,76.719366,0.003003,0.000818,0.001927,0.001139,0.45041,1.101,No Fail,150.0,100.0,27.43,0.0,0.0
1162,55.7,0.2,1655,0,45,-45,90,90,-45,Quasi-Isotropic,129660.5,9905.5,9905.5,15614.9,9368.94,15614.9,0.2664499999999999,0.2664499999999999,0.3354399999999999,80.965,14.720365,54.798945,29.251585,0.001157,0.000314,0.000742,0.000438,0.1735,0.731,FAIL,150.0,100.0,16.55,0.0,0.0
1163,55.8,0.2,3871,0,45,-45,90,90,-45,Quasi-Isotropic,129887.0,9917.0,9917.0,15640.6,9384.36,15640.6,0.2663,0.2663,0.33536,306.505,56.10561,208.716417,109.578673,0.004379,0.001186,0.002804,0.001657,0.6568,1.376,No Fail,150.0,100.0,38.71,0.0,0.0
1164,55.9,0.2,4134,0,45,-45,90,90,-45,Quasi-Isotropic,130113.5,9928.5,9928.5,15666.299999999996,9399.78,15666.299999999996,0.26615,0.26615,0.33528,408.173,75.345822,279.732464,144.366403,0.005831,0.001575,0.003732,0.002203,0.87466,1.666,No Fail,150.0,100.0,41.34,0.0,0.0
1165,56.0,0.2,3007,0,45,-45,90,90,-45,Quasi-Isotropic,130340.0,9940.0,9940.0,15692.000000000002,9415.2,15692.000000000002,0.266,0.266,0.3352,204.905,38.200145,141.368899,71.685288,0.002927,0.000789,0.001873,0.001104,0.43908,1.085,No Fail,150.0,100.0,30.07,0.0,0.0
1166,56.1,0.2,2406,0,45,-45,90,90,-45,Quasi-Isotropic,130566.5,9951.5,9951.5,15717.700000000004,9430.62,15717.700000000004,0.26585,0.26585,0.33512,247.404,46.645928,171.878444,85.602913,0.003534,0.000949,0.002262,0.00133,0.53015,1.207,No Fail,150.0,100.0,24.06,0.0,0.0
1167,56.2,0.2,3316,0,45,-45,90,90,-45,Quasi-Isotropic,130793.0,9963.0,9963.0,15743.4,9446.04,15743.4,0.2657,0.2657,0.33504,296.614,56.627854,207.547566,101.497249,0.004237,0.001135,0.002714,0.001591,0.6356,1.347,No Fail,150.0,100.0,33.16,0.0,0.0
1168,56.3,0.2,3513,0,45,-45,90,90,-45,Quasi-Isotropic,131019.5,9974.5,9974.5,15769.1,9461.46,15769.1,0.26555,0.26555,0.33496,311.937,60.36832,219.881771,105.563928,0.004456,0.001189,0.002856,0.001669,0.66844,1.391,No Fail,150.0,100.0,35.13,0.0,0.0
1169,56.4,0.2,2869,0,45,-45,90,90,-45,Quasi-Isotropic,131246.0,9986.0,9986.0,15794.799999999996,9476.879999999996,15794.799999999996,0.2654,0.2654,0.33488,250.783,49.243474,178.110221,83.939761,0.003583,0.000953,0.0023,0.001338,0.53739,1.217,No Fail,150.0,100.0,28.69,0.0,0.0
1170,56.5,0.2,3560,0,45,-45,90,90,-45,Quasi-Isotropic,131472.5,9997.5,9997.5,15820.499999999998,9492.3,15820.499999999998,0.26525,0.26525,0.3348,294.527,58.72449,210.786785,97.517191,0.004208,0.001116,0.002705,0.001567,0.63113,1.342,No Fail,150.0,100.0,35.6,0.0,0.0
1171,56.6,0.2,2707,0,45,-45,90,90,-45,Quasi-Isotropic,131699.0,10009.0,10009.0,15846.200000000004,9507.72,15846.200000000004,0.2651,0.2651,0.33472,224.83,45.546707,162.160934,73.65348,0.003212,0.000849,0.002069,0.001192,0.48178,1.142,No Fail,150.0,100.0,27.07,0.0,0.0
1172,56.7,0.2,1866,0,45,-45,90,90,-45,Quasi-Isotropic,131925.5,10020.5,10020.5,15871.9,9523.14,15871.9,0.2649499999999999,0.2649499999999999,0.33464,180.963,37.264594,131.549399,58.673183,0.002585,0.000681,0.001668,0.000956,0.38778,1.017,No Fail,150.0,100.0,18.66,0.0,0.0
1173,56.8,0.2,4866,0,45,-45,90,90,-45,Quasi-Isotropic,132152.0,10032.0,10032.0,15897.6,9538.56,15897.6,0.2648,0.2648,0.3345599999999999,494.009,103.436115,361.961021,158.582386,0.007057,0.001852,0.004566,0.002601,1.05859,1.911,No Fail,150.0,100.0,48.66,0.0,0.0
1174,56.9,0.2,4792,0,45,-45,90,90,-45,Quasi-Isotropic,132378.5,10043.5,10043.5,15923.299999999996,9553.979999999998,15923.299999999996,0.26465,0.26465,0.33448,521.156,110.967632,384.884921,165.709988,0.007445,0.001947,0.004831,0.002733,1.11676,1.989,No Fail,150.0,100.0,47.92,0.0,0.0
1175,57.0,0.2,2592,0,45,-45,90,90,-45,Quasi-Isotropic,132605.0,10055.0,10055.0,15948.999999999998,9569.399999999998,15948.999999999998,0.2644999999999999,0.2644999999999999,0.3344,253.993,54.996919,189.067684,80.035915,0.003628,0.000945,0.002362,0.001326,0.54427,1.226,No Fail,150.0,100.0,25.92,0.0,0.0
1176,57.1,0.2,2224,0,45,-45,90,90,-45,Quasi-Isotropic,132831.5,10066.500000000002,10066.500000000002,15974.700000000004,9584.820000000002,15974.700000000004,0.26435,0.26435,0.3343199999999999,172.244,37.921457,129.227933,53.819631,0.002461,0.000639,0.001607,0.000896,0.3691,0.992,FAIL,150.0,100.0,22.24,0.0,0.0
1177,57.2,0.2,3167,0,45,-45,90,90,-45,Quasi-Isotropic,133058.00000000003,10078.000000000002,10078.000000000002,16000.4,9600.24,16000.4,0.2642,0.2642,0.33424,282.037,63.117603,213.259276,87.441186,0.004029,0.001042,0.002641,0.00146,0.60437,1.306,No Fail,150.0,100.0,31.67,0.0,0.0
1178,57.3,0.2,3939,0,45,-45,90,90,-45,Quasi-Isotropic,133284.5,10089.5,10089.5,16026.1,9615.659999999998,16026.1,0.26405,0.26405,0.33416,380.061,86.422553,289.605194,116.99938,0.005429,0.001398,0.003573,0.001959,0.81442,1.586,No Fail,150.0,100.0,39.39,0.0,0.0
1179,57.4,0.2,2551,0,45,-45,90,90,-45,Quasi-Isotropic,133511.0,10101.0,10101.0,16051.799999999996,9631.079999999998,16051.799999999996,0.2639,0.2639,0.33408,227.842,52.615456,174.939905,69.697381,0.003255,0.000835,0.002151,0.001169,0.48823,1.151,No Fail,150.0,100.0,25.51,0.0,0.0
1180,57.5,0.2,1903,0,45,-45,90,90,-45,Quasi-Isotropic,133737.5,10112.5,10112.5,16077.499999999998,9646.499999999998,16077.499999999998,0.26375,0.26375,0.334,91.113,21.354847,70.481965,27.718544,0.001302,0.000333,0.000864,0.000465,0.19524,0.76,FAIL,150.0,100.0,19.03,0.0,0.0
1181,57.6,0.2,3768,0,45,-45,90,90,-45,Quasi-Isotropic,133964.00000000003,10124.000000000002,10124.000000000002,16103.200000000004,9661.920000000002,16103.200000000004,0.2636,0.2636,0.33392,310.246,73.747616,241.755819,93.946128,0.004432,0.001128,0.002955,0.001575,0.66481,1.386,No Fail,150.0,100.0,37.68,0.0,0.0
1182,57.7,0.2,2075,0,45,-45,90,90,-45,Quasi-Isotropic,134190.50000000003,10135.500000000002,10135.500000000002,16128.9,9677.34,16128.9,0.2634499999999999,0.2634499999999999,0.3338399999999999,127.772,30.778992,100.276818,38.546375,0.001825,0.000463,0.001223,0.000645,0.2738,0.865,FAIL,150.0,100.0,20.75,0.0,0.0
1183,57.8,0.2,2354,0,45,-45,90,90,-45,Quasi-Isotropic,134417.0,10147.0,10147.0,16154.6,9692.759999999998,16154.6,0.2633,0.2633,0.33376,124.375,30.335124,98.288792,37.416464,0.001777,0.000449,0.001197,0.000625,0.26652,0.855,FAIL,150.0,100.0,23.54,0.0,0.0
1184,57.9,0.2,2060,0,45,-45,90,90,-45,Quasi-Isotropic,134643.5,10158.5,10158.5,16180.299999999996,9708.179999999998,16180.299999999996,0.26315,0.26315,0.33368,186.323,45.968426,148.233627,55.949374,0.002662,0.000669,0.001802,0.00093,0.39926,1.032,No Fail,150.0,100.0,20.6,0.0,0.0
1185,58.0,0.2,4855,0,45,-45,90,90,-45,Quasi-Isotropic,134870.0,10170.0,10170.0,16205.999999999998,9723.6,16205.999999999998,0.263,0.263,0.3336,475.372,118.513169,380.64346,142.621777,0.006791,0.0017,0.004621,0.00236,1.01866,1.858,No Fail,150.0,100.0,48.55,0.0,0.0
1186,58.1,0.2,2918,0,45,-45,90,90,-45,Quasi-Isotropic,135096.5,10181.5,10181.5,16231.7,9739.02,16231.7,0.26285,0.26285,0.33352,282.297,71.041918,227.448446,84.705127,0.004033,0.001006,0.00276,0.001393,0.60492,1.307,No Fail,150.0,100.0,29.18,0.0,0.0
1187,58.2,0.2,3742,0,45,-45,90,90,-45,Quasi-Isotropic,135323.00000000003,10193.000000000002,10193.000000000002,16257.4,9754.44,16257.4,0.2627,0.2627,0.3334399999999999,386.867,98.165837,313.552673,116.210018,0.005527,0.001372,0.003803,0.001898,0.829,1.605,No Fail,150.0,100.0,37.42,0.0,0.0
1188,58.3,0.2,1602,0,45,-45,90,90,-45,Quasi-Isotropic,135549.5,10204.5,10204.5,16283.1,9769.86,16283.1,0.26255,0.26255,0.33336,100.405,25.659105,81.83699,30.223078,0.001434,0.000355,0.000992,0.000489,0.21515,0.787,FAIL,150.0,100.0,16.02,0.0,0.0
1189,58.4,0.2,2191,0,45,-45,90,90,-45,Quasi-Isotropic,135776.0,10216.0,10216.0,16308.799999999996,9785.28,16308.799999999996,0.2624,0.2624,0.33328,149.183,38.350883,122.243606,45.042163,0.002131,0.000525,0.001483,0.000723,0.31968,0.926,FAIL,150.0,100.0,21.91,0.0,0.0
1190,58.5,0.2,2861,0,45,-45,90,90,-45,Quasi-Isotropic,136002.5,10227.5,10227.5,16334.499999999998,9800.7,16334.499999999998,0.26225,0.26225,0.3332,232.247,59.985513,191.262826,70.39959,0.003318,0.000814,0.002323,0.001118,0.49767,1.164,No Fail,150.0,100.0,28.61,0.0,0.0
1191,58.6,0.2,2220,0,45,-45,90,90,-45,Quasi-Isotropic,136229.0,10239.0,10239.0,16360.2,9816.12,16360.2,0.2621,0.2621,0.3331199999999999,141.861,36.767195,117.374241,43.210753,0.002027,0.000495,0.001427,0.000679,0.30399,0.905,FAIL,150.0,100.0,22.2,0.0,0.0
1192,58.7,0.2,4331,0,45,-45,90,90,-45,Quasi-Isotropic,136455.50000000003,10250.500000000002,10250.500000000002,16385.9,9831.54,16385.9,0.2619499999999999,0.2619499999999999,0.33304,389.387,101.142651,323.572215,119.286061,0.005563,0.001353,0.00394,0.001851,0.8344,1.613,No Fail,150.0,100.0,43.31,0.0,0.0
1193,58.8,0.2,1856,0,45,-45,90,90,-45,Quasi-Isotropic,136682.0,10262.0,10262.0,16411.6,9846.96,16411.6,0.2618,0.2618,0.33296,175.228,45.557689,146.190576,54.030742,0.002503,0.000606,0.001783,0.000827,0.37549,1.001,No Fail,150.0,100.0,18.56,0.0,0.0
1194,58.9,0.2,2154,0,45,-45,90,90,-45,Quasi-Isotropic,136908.5,10273.5,10273.5,16437.3,9862.38,16437.3,0.26165,0.26165,0.33288,113.886,29.599331,95.357371,35.372295,0.001627,0.000392,0.001166,0.000534,0.24404,0.825,FAIL,150.0,100.0,21.54,0.0,0.0
1195,59.0,0.2,3101,0,45,-45,90,90,-45,Quasi-Isotropic,137135.0,10285.0,10285.0,16463.0,9877.8,16463.0,0.2614999999999999,0.2614999999999999,0.3328,293.053,76.043106,246.170728,91.747702,0.004186,0.001006,0.003017,0.001365,0.62797,1.337,No Fail,150.0,100.0,31.01,0.0,0.0
1196,59.1,0.2,4519,0,45,-45,90,90,-45,Quasi-Isotropic,137361.5,10296.5,10296.5,16488.7,9893.22,16488.7,0.2613499999999999,0.2613499999999999,0.33272,470.825,121.822407,396.634981,148.674958,0.006726,0.001609,0.004877,0.002179,1.00891,1.845,No Fail,150.0,100.0,45.19,0.0,0.0
1197,59.2,0.2,3737,0,45,-45,90,90,-45,Quasi-Isotropic,137588.00000000003,10308.000000000002,10308.000000000002,16514.4,9908.64,16514.4,0.2612,0.2612,0.33264,345.1,88.925042,291.440427,109.975701,0.00493,0.001175,0.003595,0.001587,0.7395,1.486,No Fail,150.0,100.0,37.37,0.0,0.0
1198,59.3,0.2,3640,0,45,-45,90,90,-45,Quasi-Isotropic,137814.5,10319.5,10319.5,16540.1,9924.06,16540.1,0.26105,0.26105,0.3325599999999999,325.113,83.327922,275.132641,104.610112,0.004644,0.001102,0.003406,0.001485,0.69667,1.429,No Fail,150.0,100.0,36.4,0.0,0.0
1199,59.4,0.2,2718,0,45,-45,90,90,-45,Quasi-Isotropic,138041.0,10331.0,10331.0,16565.8,9939.48,16565.8,0.2609,0.2609,0.33248,215.688,54.920657,182.837074,70.102912,0.003081,0.000728,0.002272,0.000979,0.46219,1.116,No Fail,150.0,100.0,27.18,0.0,0.0
1200,59.5,0.2,3661,0,45,-45,90,90,-45,Quasi-Isotropic,138267.5,10342.5,10342.5,16591.5,9954.9,16591.5,0.26075,0.26075,0.3324,297.83,75.252618,252.791875,97.814023,0.004255,0.001002,0.003156,0.001342,0.63821,1.351,No Fail,150.0,100.0,36.61,0.0,0.0
1201,59.6,0.2,3971,0,45,-45,90,90,-45,Quasi-Isotropic,138494.0,10354.0,10354.0,16617.2,9970.32,16617.2,0.2606,0.2606,0.33232,338.867,84.865681,287.875682,112.487675,0.004841,0.001136,0.00361,0.001517,0.72614,1.468,No Fail,150.0,100.0,39.71,0.0,0.0
1202,59.7,0.2,3651,0,45,-45,90,90,-45,Quasi-Isotropic,138720.5,10365.5,10365.5,16642.9,9985.74,16642.9,0.26045,0.26045,0.33224,362.39,89.857463,308.004259,121.61409,0.005177,0.00121,0.003881,0.001612,0.77655,1.535,No Fail,150.0,100.0,36.51,0.0,0.0
1203,59.8,0.2,1969,0,45,-45,90,90,-45,Quasi-Isotropic,138947.0,10377.0,10377.0,16668.6,10001.159999999998,16668.6,0.2603,0.2603,0.33216,186.088,45.637226,158.171061,63.141687,0.002658,0.000619,0.002003,0.000822,0.39876,1.032,No Fail,150.0,100.0,19.69,0.0,0.0
1204,59.9,0.2,2569,0,45,-45,90,90,-45,Quasi-Isotropic,139173.5,10388.5,10388.5,16694.3,10016.58,16694.3,0.26015,0.26015,0.33208,254.116,61.578509,215.919602,87.186194,0.00363,0.000842,0.002749,0.001116,0.54453,1.226,No Fail,150.0,100.0,25.69,0.0,0.0
1205,60.0,0.2,3927,0,45,-45,90,90,-45,Quasi-Isotropic,139400.0,10400.0,10400.0,16720.0,10032.0,16720.0,0.26,0.26,0.332,409.278,97.907091,347.498921,141.987548,0.005847,0.001352,0.004449,0.001786,0.87702,1.669,No Fail,150.0,100.0,39.27,0.0,0.0
1206,60.1,0.2,2964,0,45,-45,90,90,-45,Quasi-Isotropic,139626.5,10411.5,10411.5,16745.7,10047.42,16745.7,0.25985,0.25985,0.33192,254.361,60.017737,215.717265,89.221239,0.003634,0.000837,0.002778,0.001103,0.54506,1.227,No Fail,150.0,100.0,29.64,0.0,0.0
1207,60.2,0.2,2843,0,45,-45,90,90,-45,Quasi-Isotropic,139853.0,10423.0,10423.0,16771.4,10062.84,16771.4,0.2597,0.2597,0.33184,284.614,66.189573,240.999097,100.925785,0.004066,0.000934,0.003122,0.001227,0.60989,1.313,No Fail,150.0,100.0,28.43,0.0,0.0
1208,60.3,0.2,3724,0,45,-45,90,90,-45,Quasi-Isotropic,140079.5,10434.5,10434.5,16797.1,10078.259999999998,16797.1,0.25955,0.25955,0.33176,384.62,88.100868,325.044464,137.854824,0.005495,0.001258,0.004238,0.001649,0.82419,1.599,No Fail,150.0,100.0,37.24,0.0,0.0
1209,60.4,0.2,3758,0,45,-45,90,90,-45,Quasi-Isotropic,140306.0,10446.0,10446.0,16822.8,10093.679999999998,16822.8,0.2594,0.2594,0.33168,327.797,73.913341,276.373596,118.721799,0.004683,0.001069,0.003626,0.001397,0.70242,1.437,No Fail,150.0,100.0,37.58,0.0,0.0
1210,60.5,0.2,3442,0,45,-45,90,90,-45,Quasi-Isotropic,140532.5,10457.5,10457.5,16848.5,10109.1,16848.5,0.25925,0.25925,0.3316,253.075,56.148587,212.790743,92.592913,0.003615,0.000822,0.00281,0.001073,0.5423,1.223,No Fail,150.0,100.0,34.42,0.0,0.0
1211,60.6,0.2,1991,0,45,-45,90,90,-45,Quasi-Isotropic,140759.0,10469.0,10469.0,16874.2,10124.52,16874.2,0.2591,0.2591,0.33152,140.168,30.588904,117.489286,51.787611,0.002002,0.000454,0.001562,0.000591,0.30036,0.9,FAIL,150.0,100.0,19.91,0.0,0.0
1212,60.7,0.2,3079,0,45,-45,90,90,-45,Quasi-Isotropic,140985.5,10480.5,10480.5,16899.9,10139.94,16899.9,0.25895,0.25895,0.3314399999999999,291.671,62.595455,243.627156,108.778616,0.004167,0.000942,0.003262,0.001223,0.62501,1.333,No Fail,150.0,100.0,30.79,0.0,0.0
1213,60.8,0.2,2757,0,45,-45,90,90,-45,Quasi-Isotropic,141212.0,10492.0,10492.0,16925.6,10155.36,16925.6,0.2588,0.2588,0.33136,284.363,60.010211,236.607944,107.004533,0.004062,0.000916,0.00319,0.001187,0.60935,1.312,No Fail,150.0,100.0,27.57,0.0,0.0
1214,60.9,0.2,1978,0,45,-45,90,90,-45,Quasi-Isotropic,141438.5,10503.5,10503.5,16951.3,10170.78,16951.3,0.25865,0.25865,0.33128,196.195,40.71672,162.559628,74.453231,0.002803,0.000631,0.002208,0.000815,0.42042,1.061,No Fail,150.0,100.0,19.78,0.0,0.0
1215,61.0,0.2,4873,0,45,-45,90,90,-45,Quasi-Isotropic,141665.0,10515.0,10515.0,16977.0,10186.2,16977.0,0.2584999999999999,0.2584999999999999,0.3312,446.982,91.243749,368.665496,170.971425,0.006385,0.001433,0.005044,0.001848,0.95782,1.777,No Fail,150.0,100.0,48.73,0.0,0.0
1216,61.1,0.2,3232,0,45,-45,90,90,-45,Quasi-Isotropic,141891.5,10526.5,10526.5,17002.7,10201.62,17002.7,0.2583499999999999,0.2583499999999999,0.3311199999999999,287.235,57.695466,235.74992,110.678976,0.004103,0.000919,0.003249,0.001183,0.6155,1.321,No Fail,150.0,100.0,32.32,0.0,0.0
1217,61.2,0.2,2955,0,45,-45,90,90,-45,Quasi-Isotropic,142118.0,10538.0,10538.0,17028.4,10217.04,17028.4,0.2582,0.2582,0.33104,232.401,45.958493,189.750651,90.157716,0.00332,0.000742,0.002635,0.000953,0.498,1.164,No Fail,150.0,100.0,29.55,0.0,0.0
1218,61.3,0.2,3210,0,45,-45,90,90,-45,Quasi-Isotropic,142344.5,10549.5,10549.5,17054.1,10232.46,17054.1,0.25805,0.25805,0.33096,244.467,47.629255,198.500548,95.422978,0.003492,0.000778,0.002777,0.000999,0.52386,1.198,No Fail,150.0,100.0,32.1,0.0,0.0
1219,61.4,0.2,1608,0,45,-45,90,90,-45,Quasi-Isotropic,142571.0,10561.0,10561.0,17079.8,10247.88,17079.8,0.2579,0.2579,0.33088,143.041,27.479705,115.470087,56.141101,0.002043,0.000455,0.001627,0.000582,0.30652,0.909,FAIL,150.0,100.0,16.08,0.0,0.0
1220,61.5,0.2,2522,0,45,-45,90,90,-45,Quasi-Isotropic,142797.5,10572.5,10572.5,17105.5,10263.3,17105.5,0.25775,0.25775,0.3308,171.351,32.492046,137.480482,67.577957,0.002448,0.000544,0.001953,0.000695,0.36718,0.99,FAIL,150.0,100.0,25.22,0.0,0.0
1221,61.6,0.2,3382,0,45,-45,90,90,-45,Quasi-Isotropic,143024.0,10584.0,10584.0,17131.2,10278.72,17131.2,0.2576,0.2576,0.33072,332.813,62.364385,265.329295,131.801048,0.004754,0.001054,0.003796,0.001347,0.71317,1.451,No Fail,150.0,100.0,33.82,0.0,0.0
1222,61.7,0.2,3101,0,45,-45,90,90,-45,Quasi-Isotropic,143250.5,10595.5,10595.5,17156.9,10294.14,17156.9,0.25745,0.25745,0.33064,311.89,57.830002,247.007151,123.941119,0.004456,0.000987,0.003561,0.001259,0.66834,1.391,No Fail,150.0,100.0,31.01,0.0,0.0
1223,61.8,0.2,4181,0,45,-45,90,90,-45,Quasi-Isotropic,143477.0,10607.0,10607.0,17182.6,10309.56,17182.6,0.2573,0.2573,0.3305599999999999,372.584,68.457029,293.059697,148.464652,0.005323,0.001177,0.004257,0.001501,0.79839,1.565,No Fail,150.0,100.0,41.81,0.0,0.0
1224,61.9,0.2,1896,0,45,-45,90,90,-45,Quasi-Isotropic,143703.5,10618.5,10618.5,17208.3,10324.98,17208.3,0.25715,0.25715,0.33048,121.581,22.170686,94.957784,48.543886,0.001737,0.000384,0.00139,0.000489,0.26053,0.847,FAIL,150.0,100.0,18.96,0.0,0.0
1225,62.0,0.2,4213,0,45,-45,90,90,-45,Quasi-Isotropic,143930.0,10630.0,10630.0,17234.0,10340.4,17234.0,0.257,0.257,0.3304,451.843,81.91078,350.351081,180.637602,0.006455,0.001424,0.005164,0.001813,0.96823,1.791,No Fail,150.0,100.0,42.13,0.0,0.0
1226,62.1,0.2,2784,0,45,-45,90,90,-45,Quasi-Isotropic,144156.5,10641.5,10641.5,17259.7,10355.82,17259.7,0.25685,0.25685,0.33032,195.288,35.255259,150.303801,78.113787,0.00279,0.000615,0.002231,0.000783,0.41847,1.058,No Fail,150.0,100.0,27.84,0.0,0.0
1227,62.2,0.2,1646,0,45,-45,90,90,-45,Quasi-Isotropic,144383.0,10653.0,10653.0,17285.4,10371.24,17285.4,0.2567,0.2567,0.33024,60.0,10.806217,45.831222,23.994617,0.000857,0.000189,0.000685,0.00024,0.12857,0.671,FAIL,150.0,100.0,16.46,0.0,0.0
1228,62.3,0.2,3412,0,45,-45,90,90,-45,Quasi-Isotropic,144609.5,10664.5,10664.5,17311.1,10386.659999999998,17311.1,0.25655,0.25655,0.33016,283.191,50.976406,214.660891,113.144045,0.004046,0.000891,0.003232,0.001133,0.60684,1.309,No Fail,150.0,100.0,34.12,0.0,0.0
1229,62.4,0.2,1858,0,45,-45,90,90,-45,Quasi-Isotropic,144836.0,10676.0,10676.0,17336.8,10402.08,17336.8,0.2564,0.2564,0.33008,64.242,11.579041,48.318562,25.623694,0.000918,0.000202,0.000732,0.000257,0.13766,0.684,FAIL,150.0,100.0,18.58,0.0,0.0
1230,62.5,0.2,4130,0,45,-45,90,90,-45,Quasi-Isotropic,145062.5,10687.5,10687.5,17362.5,10417.5,17362.5,0.25625,0.25625,0.33,355.957,64.358156,265.6337,141.636156,0.005085,0.001119,0.004052,0.001424,0.76276,1.517,No Fail,150.0,100.0,41.3,0.0,0.0
1231,62.6,0.2,4998,0,45,-45,90,90,-45,Quasi-Isotropic,145289.0,10699.0,10699.0,17388.2,10432.92,17388.2,0.2561,0.2561,0.32992,523.986,95.202537,387.950781,207.844044,0.007486,0.001647,0.005956,0.002097,1.12283,1.997,No Fail,150.0,100.0,49.98,0.0,0.0
1232,62.7,0.2,2720,0,45,-45,90,90,-45,Quasi-Isotropic,145515.5,10710.5,10710.5,17413.9,10448.34,17413.9,0.25595,0.25595,0.32984,232.434,42.510178,170.734112,91.84413,0.00332,0.00073,0.002636,0.000931,0.49807,1.164,No Fail,150.0,100.0,27.2,0.0,0.0
1233,62.8,0.2,3037,0,45,-45,90,90,-45,Quasi-Isotropic,145742.0,10722.0,10722.0,17439.6,10463.759999999998,17439.6,0.2558,0.2558,0.32976,226.402,41.748569,164.99434,89.056327,0.003234,0.000712,0.002563,0.000908,0.48515,1.147,No Fail,150.0,100.0,30.37,0.0,0.0
1234,62.9,0.2,4215,0,45,-45,90,90,-45,Quasi-Isotropic,145968.5,10733.5,10733.5,17465.3,10479.179999999998,17465.3,0.25565,0.25565,0.32968,346.49,64.517466,250.532699,135.585911,0.00495,0.00109,0.003913,0.001391,0.74248,1.49,No Fail,150.0,100.0,42.15,0.0,0.0
1235,63.0,0.2,4337,0,45,-45,90,90,-45,Quasi-Isotropic,146195.0,10745.0,10745.0,17491.0,10494.6,17491.0,0.2555,0.2555,0.3296,452.062,85.11644,324.329156,175.863897,0.006458,0.001423,0.005092,0.001818,0.9687,1.792,No Fail,150.0,100.0,43.37,0.0,0.0
1236,63.1,0.2,2727,0,45,-45,90,90,-45,Quasi-Isotropic,146421.5,10756.5,10756.5,17516.7,10510.02,17516.7,0.2553499999999999,0.2553499999999999,0.32952,216.714,41.311913,154.287711,83.761842,0.003096,0.000683,0.002434,0.000873,0.46439,1.119,No Fail,150.0,100.0,27.27,0.0,0.0
1237,63.2,0.2,3715,0,45,-45,90,90,-45,Quasi-Isotropic,146648.0,10768.0,10768.0,17542.4,10525.44,17542.4,0.2552,0.2552,0.3294399999999999,320.473,61.920234,226.436888,122.989647,0.004578,0.00101,0.003588,0.001294,0.68673,1.416,No Fail,150.0,100.0,37.15,0.0,0.0
1238,63.3,0.2,1987,0,45,-45,90,90,-45,Quasi-Isotropic,146874.5,10779.5,10779.5,17568.1,10540.86,17568.1,0.25505,0.25505,0.32936,178.561,35.00202,125.233826,68.003586,0.002551,0.000563,0.001992,0.000723,0.38263,1.01,No Fail,150.0,100.0,19.87,0.0,0.0
1239,63.4,0.2,2224,0,45,-45,90,90,-45,Quasi-Isotropic,147101.0,10791.0,10791.0,17593.8,10556.28,17593.8,0.2549,0.2549,0.32928,202.122,40.228019,140.737181,76.346908,0.002887,0.000638,0.002247,0.000821,0.43312,1.077,No Fail,150.0,100.0,22.24,0.0,0.0
1240,63.5,0.2,2728,0,45,-45,90,90,-45,Quasi-Isotropic,147327.5,10802.5,10802.5,17619.5,10571.7,17619.5,0.25475,0.25475,0.3292,280.22,56.662515,193.753003,104.927654,0.004003,0.000886,0.003103,0.001142,0.60047,1.301,No Fail,150.0,100.0,27.28,0.0,0.0
1241,63.6,0.2,3386,0,45,-45,90,90,-45,Quasi-Isotropic,147554.0,10814.0,10814.0,17645.2,10587.12,17645.2,0.2546,0.2546,0.3291199999999999,332.553,68.350629,228.386728,123.384937,0.004751,0.001054,0.003669,0.00136,0.71261,1.45,No Fail,150.0,100.0,33.86,0.0,0.0
1242,63.7,0.2,3964,0,45,-45,90,90,-45,Quasi-Isotropic,147780.5,10825.5,10825.5,17670.9,10602.54,17670.9,0.25445,0.25445,0.32904,396.864,82.935969,270.789357,145.8376,0.005669,0.001259,0.004359,0.001629,0.85042,1.634,No Fail,150.0,100.0,39.64,0.0,0.0
1243,63.8,0.2,2436,0,45,-45,90,90,-45,Quasi-Isotropic,148007.0,10837.0,10837.0,17696.6,10617.96,17696.6,0.2542999999999999,0.2542999999999999,0.32896,217.564,46.235528,147.532718,79.154848,0.003108,0.000692,0.002379,0.000897,0.46621,1.122,No Fail,150.0,100.0,24.36,0.0,0.0
1244,63.9,0.2,4949,0,45,-45,90,90,-45,Quasi-Isotropic,148233.5,10848.5,10848.5,17722.3,10633.38,17722.3,0.25415,0.25415,0.32888,450.943,97.45452,304.002995,162.379975,0.006442,0.001437,0.004909,0.001867,0.96631,1.788,No Fail,150.0,100.0,49.49,0.0,0.0
1245,64.0,0.2,1833,0,45,-45,90,90,-45,Quasi-Isotropic,148460.0,10860.0,10860.0,17748.0,10648.8,17748.0,0.254,0.254,0.3288,98.479,21.640065,66.025202,35.087738,0.001407,0.000314,0.001067,0.00041,0.21103,0.781,FAIL,150.0,100.0,18.33,0.0,0.0
1246,64.1,0.2,4250,0,45,-45,90,90,-45,Quasi-Isotropic,148686.49999999997,10871.499999999998,10871.499999999998,17773.699999999997,10664.219999999998,17773.699999999997,0.25385,0.25385,0.32872,354.458,79.177158,236.432279,124.934485,0.005064,0.001134,0.003821,0.001481,0.75955,1.513,No Fail,150.0,100.0,42.5,0.0,0.0
1247,64.2,0.2,4974,0,45,-45,90,90,-45,Quasi-Isotropic,148913.0,10883.0,10883.0,17799.4,10679.64,17799.4,0.2537,0.2537,0.32864,446.592,101.367343,296.48666,155.691474,0.00638,0.001432,0.00479,0.001876,0.95698,1.776,No Fail,150.0,100.0,49.74,0.0,0.0
1248,64.3,0.2,1944,0,45,-45,90,90,-45,Quasi-Isotropic,149139.5,10894.5,10894.5,17825.1,10695.06,17825.1,0.25355,0.25355,0.3285599999999999,89.247,20.573806,58.996483,30.770978,0.001275,0.000287,0.000952,0.000377,0.19124,0.755,FAIL,150.0,100.0,19.44,0.0,0.0
1249,64.4,0.2,2374,0,45,-45,90,90,-45,Quasi-Isotropic,149366.0,10906.0,10906.0,17850.8,10710.48,17850.8,0.2533999999999999,0.2533999999999999,0.32848,140.935,32.976883,92.807826,48.055802,0.002013,0.000454,0.001495,0.000598,0.302,0.903,FAIL,150.0,100.0,23.74,0.0,0.0
1250,64.5,0.2,4400,0,45,-45,90,90,-45,Quasi-Isotropic,149592.5,10917.5,10917.5,17876.5,10725.9,17876.5,0.25325,0.25325,0.3284,402.595,95.54821,264.222871,135.765443,0.005751,0.001301,0.004249,0.001718,0.8627,1.65,No Fail,150.0,100.0,44.0,0.0,0.0
1251,64.6,0.2,3867,0,45,-45,90,90,-45,Quasi-Isotropic,149818.99999999997,10928.999999999998,10928.999999999998,17902.199999999997,10741.319999999998,17902.199999999997,0.2531,0.2531,0.32832,332.642,80.011074,217.683551,110.952334,0.004752,0.001078,0.003491,0.001428,0.7128,1.45,No Fail,150.0,100.0,38.67,0.0,0.0
1252,64.7,0.2,3521,0,45,-45,90,90,-45,Quasi-Isotropic,150045.5,10940.5,10940.5,17927.9,10756.74,17927.9,0.25295,0.25295,0.32824,323.784,78.862049,211.381423,106.838685,0.004625,0.001053,0.003378,0.001398,0.69382,1.425,No Fail,150.0,100.0,35.21,0.0,0.0
1253,64.8,0.2,2950,0,45,-45,90,90,-45,Quasi-Isotropic,150272.0,10952.0,10952.0,17953.6,10772.159999999998,17953.6,0.2528,0.2528,0.32816,281.728,69.418012,183.580229,91.986361,0.004025,0.000919,0.002923,0.001224,0.6037,1.305,No Fail,150.0,100.0,29.5,0.0,0.0
1254,64.9,0.2,3718,0,45,-45,90,90,-45,Quasi-Isotropic,150498.5,10963.5,10963.5,17979.3,10787.58,17979.3,0.25265,0.25265,0.32808,351.885,87.626352,228.984853,113.724069,0.005027,0.001151,0.00363,0.001538,0.75404,1.505,No Fail,150.0,100.0,37.18,0.0,0.0
1255,65.0,0.2,1826,0,45,-45,90,90,-45,Quasi-Isotropic,150725.0,10975.0,10975.0,18005.0,10803.0,18005.0,0.2525,0.2525,0.3279999999999999,73.485,18.474071,47.7797,23.516783,0.00105,0.000241,0.000754,0.000323,0.15747,0.71,FAIL,150.0,100.0,18.26,0.0,0.0
1256,40.0,0.2,2474,0,45,-45,90,90,-45,Quasi-Isotropic,94100.0,8100.0,8100.0,11580.0,6948.0,11580.0,0.29,0.29,0.348,194.981,49.431438,126.737798,61.815814,0.002785,0.000642,0.001988,0.000863,0.41782,1.057,No Fail,150.0,100.0,24.74,0.0,0.0
1257,40.1,0.2,2792,0,45,-45,90,90,-45,Quasi-Isotropic,94326.5,8111.5,8111.5,11605.7,6963.42,11605.7,0.28985,0.28985,0.34792,182.65,46.641955,118.750044,57.396584,0.002609,0.000604,0.001851,0.000814,0.39139,1.022,No Fail,150.0,100.0,27.92,0.0,0.0
1258,40.2,0.2,2646,0,45,-45,90,90,-45,Quasi-Isotropic,94553.0,8123.0,8123.0,11631.4,6978.839999999999,11631.4,0.2897,0.2897,0.34784,163.431,41.987652,106.335767,50.935478,0.002335,0.000542,0.001647,0.000733,0.35021,0.967,FAIL,150.0,100.0,26.46,0.0,0.0
1259,40.3,0.2,4209,0,45,-45,90,90,-45,Quasi-Isotropic,94779.5,8134.499999999999,8134.499999999999,11657.1,6994.26,11657.1,0.28955,0.28955,0.3477599999999999,464.84,120.003063,302.836461,143.779748,0.006641,0.001547,0.004657,0.002099,0.99609,1.828,No Fail,150.0,100.0,42.09,0.0,0.0
1260,40.4,0.2,4058,0,45,-45,90,90,-45,Quasi-Isotropic,95006.0,8146.0,8146.0,11682.8,7009.679999999999,11682.8,0.2894,0.2894,0.34768,359.065,93.030539,234.349261,110.303879,0.005129,0.001199,0.003576,0.001632,0.76942,1.526,No Fail,150.0,100.0,40.58,0.0,0.0
1261,40.5,0.2,3825,0,45,-45,90,90,-45,Quasi-Isotropic,95232.5,8157.5,8157.5,11708.5,7025.099999999999,11708.5,0.28925,0.28925,0.3476,363.926,94.511358,238.073801,111.120438,0.005199,0.00122,0.003604,0.001665,0.77984,1.54,No Fail,150.0,100.0,38.25,0.0,0.0
1262,40.6,0.2,1722,0,45,-45,90,90,-45,Quasi-Isotropic,95459.0,8169.0,8169.0,11734.2,7040.52,11734.2,0.2890999999999999,0.2890999999999999,0.34752,123.612,32.136625,81.093176,37.546233,0.001766,0.000416,0.001217,0.000569,0.26488,0.853,FAIL,150.0,100.0,17.22,0.0,0.0
1263,40.7,0.2,2262,0,45,-45,90,90,-45,Quasi-Isotropic,95685.5,8180.5,8180.5,11759.9,7055.94,11759.9,0.28895,0.28895,0.3474399999999999,167.358,43.501376,110.155553,50.612544,0.002391,0.000566,0.001639,0.000776,0.35862,0.978,FAIL,150.0,100.0,22.62,0.0,0.0
1264,40.8,0.2,2241,0,45,-45,90,90,-45,Quasi-Isotropic,95912.0,8192.0,8192.0,11785.6,7071.36,11785.6,0.2888,0.2888,0.34736,177.42,46.049458,117.220288,53.470913,0.002535,0.000602,0.001728,0.000828,0.38019,1.007,No Fail,150.0,100.0,22.41,0.0,0.0
1265,40.9,0.2,4399,0,45,-45,90,90,-45,Quasi-Isotropic,96138.5,8203.5,8203.5,11811.3,7086.78,11811.3,0.2886499999999999,0.2886499999999999,0.34728,455.68,117.950208,302.340659,136.989965,0.00651,0.001552,0.004414,0.002141,0.97646,1.802,No Fail,150.0,100.0,43.99,0.0,0.0
1266,41.0,0.2,3523,0,45,-45,90,90,-45,Quasi-Isotropic,96365.0,8215.0,8215.0,11837.0,7102.2,11837.0,0.2885,0.2885,0.3472,342.202,88.225634,228.10919,102.717644,0.004889,0.00117,0.003297,0.001619,0.73329,1.478,No Fail,150.0,100.0,35.23,0.0,0.0
1267,41.1,0.2,3199,0,45,-45,90,90,-45,Quasi-Isotropic,96591.5,8226.5,8226.5,11862.7,7117.62,11862.7,0.28835,0.28835,0.34712,275.905,70.763595,184.850719,82.771656,0.003941,0.000947,0.002645,0.001313,0.59122,1.288,No Fail,150.0,100.0,31.99,0.0,0.0
1268,41.2,0.2,3889,0,45,-45,90,90,-45,Quasi-Isotropic,96818.0,8238.0,8238.0,11888.4,7133.04,11888.4,0.2882,0.2882,0.34704,385.423,98.220257,259.637803,115.67706,0.005506,0.001329,0.003677,0.001847,0.82591,1.601,No Fail,150.0,100.0,38.89,0.0,0.0
1269,41.3,0.2,1849,0,45,-45,90,90,-45,Quasi-Isotropic,97044.5,8249.5,8249.5,11914.1,7148.46,11914.1,0.28805,0.28805,0.3469599999999999,176.012,44.515069,119.260817,52.901227,0.002514,0.000609,0.001671,0.000849,0.37717,1.003,No Fail,150.0,100.0,18.49,0.0,0.0
1270,41.4,0.2,3109,0,45,-45,90,90,-45,Quasi-Isotropic,97271.0,8261.0,8261.0,11939.8,7163.879999999999,11939.8,0.2879,0.2879,0.34688,238.958,59.908974,162.909841,71.991262,0.003414,0.000831,0.002259,0.00116,0.51205,1.183,No Fail,150.0,100.0,31.09,0.0,0.0
1271,41.5,0.2,4502,0,45,-45,90,90,-45,Quasi-Isotropic,97497.5,8272.5,8272.5,11965.5,7179.3,11965.5,0.28775,0.28775,0.3468,485.305,120.479653,332.999733,146.696421,0.006933,0.001694,0.004568,0.00237,1.03994,1.887,No Fail,150.0,100.0,45.02,0.0,0.0
1272,41.6,0.2,1502,0,45,-45,90,90,-45,Quasi-Isotropic,97724.0,8284.0,8284.0,11991.200000000004,7194.720000000001,11991.200000000004,0.2875999999999999,0.2875999999999999,0.34672,87.33,21.445497,60.327707,26.510257,0.001248,0.000306,0.000819,0.000429,0.18713,0.75,FAIL,150.0,100.0,15.02,0.0,0.0
1273,41.7,0.2,2208,0,45,-45,90,90,-45,Quasi-Isotropic,97950.5,8295.5,8295.5,12016.9,7210.14,12016.9,0.28745,0.28745,0.34664,110.01,26.696158,76.527596,33.56693,0.001572,0.000387,0.001028,0.000544,0.23574,0.814,FAIL,150.0,100.0,22.08,0.0,0.0
1274,41.8,0.2,1962,0,45,-45,90,90,-45,Quasi-Isotropic,98177.0,8307.0,8307.0,12042.6,7225.56,12042.6,0.2873,0.2873,0.34656,112.772,27.018463,79.016042,34.61577,0.001611,0.000399,0.00105,0.000561,0.24166,0.822,FAIL,150.0,100.0,19.62,0.0,0.0
1275,41.9,0.2,2056,0,45,-45,90,90,-45,Quasi-Isotropic,98403.5,8318.5,8318.5,12068.3,7240.98,12068.3,0.2871499999999999,0.2871499999999999,0.3464799999999999,128.771,30.433439,90.895582,39.794822,0.00184,0.000457,0.001195,0.000644,0.27594,0.868,FAIL,150.0,100.0,20.56,0.0,0.0
1276,42.0,0.2,2459,0,45,-45,90,90,-45,Quasi-Isotropic,98630.0,8330.0,8330.0,12094.0,7256.4,12094.0,0.287,0.287,0.3464,143.161,33.350151,101.819229,44.57459,0.002045,0.00051,0.001324,0.00072,0.30677,0.909,FAIL,150.0,100.0,24.59,0.0,0.0
1277,42.1,0.2,2376,0,45,-45,90,90,-45,Quasi-Isotropic,98856.5,8341.5,8341.5,12119.700000000004,7271.8200000000015,12119.700000000004,0.28685,0.28685,0.3463199999999999,166.613,38.232095,119.412845,52.301932,0.00238,0.000596,0.001537,0.000842,0.35703,0.976,FAIL,150.0,100.0,23.76,0.0,0.0
1278,42.2,0.2,4663,0,45,-45,90,90,-45,Quasi-Isotropic,99083.0,8353.0,8353.0,12145.4,7287.240000000001,12145.4,0.2867,0.2867,0.34624,474.975,107.296457,343.078728,150.414562,0.006785,0.001707,0.004372,0.002415,1.0178,1.857,No Fail,150.0,100.0,46.63,0.0,0.0
1279,42.3,0.2,2887,0,45,-45,90,90,-45,Quasi-Isotropic,99309.5,8364.5,8364.5,12171.1,7302.66,12171.1,0.2865499999999999,0.2865499999999999,0.3461599999999999,286.6,63.706353,208.646516,91.609456,0.004094,0.001034,0.002633,0.001464,0.61414,1.319,No Fail,150.0,100.0,28.87,0.0,0.0
1280,42.4,0.2,3948,0,45,-45,90,90,-45,Quasi-Isotropic,99536.0,8376.0,8376.0,12196.8,7318.079999999999,12196.8,0.2864,0.2864,0.34608,397.104,86.826112,291.386589,128.179235,0.005673,0.001439,0.003643,0.002039,0.85094,1.635,No Fail,150.0,100.0,39.48,0.0,0.0
1281,42.5,0.2,3794,0,45,-45,90,90,-45,Quasi-Isotropic,99762.5,8387.5,8387.5,12222.5,7333.5,12222.5,0.28625,0.28625,0.346,387.207,83.259027,286.381469,126.263887,0.005532,0.001409,0.003547,0.001998,0.82973,1.606,No Fail,150.0,100.0,37.94,0.0,0.0
1282,42.6,0.2,1504,0,45,-45,90,90,-45,Quasi-Isotropic,99989.0,8399.0,8399.0,12248.2,7348.92,12248.2,0.2861,0.2861,0.34592,60.0,12.686519,44.728398,19.772044,0.000857,0.000219,0.000549,0.000311,0.12857,0.671,FAIL,150.0,100.0,15.04,0.0,0.0
1283,42.7,0.2,1964,0,45,-45,90,90,-45,Quasi-Isotropic,100215.5,8410.5,8410.5,12273.9,7364.340000000001,12273.9,0.28595,0.28595,0.34584,138.517,28.801847,104.07531,46.140059,0.001979,0.000508,0.001267,0.000721,0.29682,0.896,FAIL,150.0,100.0,19.64,0.0,0.0
1284,42.8,0.2,3880,0,45,-45,90,90,-45,Quasi-Isotropic,100442.0,8422.0,8422.0,12299.6,7379.76,12299.6,0.2858,0.2858,0.34576,398.45,81.490118,301.71835,134.184627,0.005692,0.001467,0.003643,0.002083,0.85382,1.638,No Fail,150.0,100.0,38.8,0.0,0.0
1285,42.9,0.2,3935,0,45,-45,90,90,-45,Quasi-Isotropic,100668.5,8433.5,8433.5,12325.3,7395.179999999999,12325.3,0.2856499999999999,0.2856499999999999,0.34568,431.036,86.738847,328.915473,146.772505,0.006158,0.001593,0.003941,0.002263,0.92365,1.732,No Fail,150.0,100.0,39.35,0.0,0.0
1286,43.0,0.2,4959,0,45,-45,90,90,-45,Quasi-Isotropic,100895.0,8445.0,8445.0,12351.0,7410.599999999999,12351.0,0.2855,0.2855,0.3456,456.972,90.527991,351.359844,157.340763,0.006528,0.001695,0.00418,0.002408,0.97923,1.806,No Fail,150.0,100.0,49.59,0.0,0.0
1287,43.1,0.2,1963,0,45,-45,90,90,-45,Quasi-Isotropic,101121.5,8456.5,8456.5,12376.7,7426.02,12376.7,0.28535,0.28535,0.34552,144.836,28.265536,112.193951,50.424051,0.002069,0.000539,0.001326,0.000766,0.31036,0.914,FAIL,150.0,100.0,19.63,0.0,0.0
1288,43.2,0.2,2841,0,45,-45,90,90,-45,Quasi-Isotropic,101348.0,8468.0,8468.0,12402.4,7441.44,12402.4,0.2852,0.2852,0.3454399999999999,292.39,56.259369,228.14689,102.918661,0.004177,0.001093,0.002679,0.001552,0.62655,1.335,No Fail,150.0,100.0,28.41,0.0,0.0
1289,43.3,0.2,1858,0,45,-45,90,90,-45,Quasi-Isotropic,101574.5,8479.5,8479.5,12428.1,7456.86,12428.1,0.2850499999999999,0.2850499999999999,0.34536,95.328,18.102458,74.911921,33.920035,0.001362,0.000358,0.000875,0.000508,0.20427,0.772,FAIL,150.0,100.0,18.58,0.0,0.0
1290,43.4,0.2,4583,0,45,-45,90,90,-45,Quasi-Isotropic,101801.0,8491.0,8491.0,12453.8,7472.279999999999,12453.8,0.2849,0.2849,0.34528,472.413,88.638677,373.801477,169.890793,0.006749,0.001778,0.004343,0.002522,1.01231,1.85,No Fail,150.0,100.0,45.83,0.0,0.0
1291,43.5,0.2,4207,0,45,-45,90,90,-45,Quasi-Isotropic,102027.5,8502.5,8502.5,12479.5,7487.7,12479.5,0.28475,0.28475,0.3451999999999999,448.398,83.236145,357.16864,162.93237,0.006406,0.001694,0.004131,0.002401,0.96085,1.781,No Fail,150.0,100.0,42.07,0.0,0.0
1292,43.6,0.2,1966,0,45,-45,90,90,-45,Quasi-Isotropic,102254.0,8514.0,8514.0,12505.2,7503.12,12505.2,0.2846,0.2846,0.34512,105.542,19.410686,84.6095,38.736925,0.001508,0.0004,0.000975,0.000567,0.22616,0.802,FAIL,150.0,100.0,19.66,0.0,0.0
1293,43.7,0.2,2000,0,45,-45,90,90,-45,Quasi-Isotropic,102480.5,8525.5,8525.5,12530.9,7518.540000000001,12530.9,0.28445,0.28445,0.34504,80.845,14.75394,65.210447,29.960416,0.001155,0.000307,0.000749,0.000435,0.17324,0.731,FAIL,150.0,100.0,20.0,0.0,0.0
1294,43.8,0.2,1530,0,45,-45,90,90,-45,Quasi-Isotropic,102707.0,8537.0,8537.0,12556.6,7533.959999999999,12556.6,0.2843,0.2843,0.34496,79.898,14.492591,64.825966,29.884358,0.001141,0.000305,0.000742,0.00043,0.17121,0.728,FAIL,150.0,100.0,15.3,0.0,0.0
1295,43.9,0.2,3040,0,45,-45,90,90,-45,Quasi-Isotropic,102933.5,8548.5,8548.5,12582.3,7549.379999999999,12582.3,0.2841499999999999,0.2841499999999999,0.3448799999999999,246.839,44.579019,201.394732,93.139701,0.003526,0.000945,0.0023,0.001333,0.52894,1.205,No Fail,150.0,100.0,30.4,0.0,0.0
1296,44.0,0.2,3698,0,45,-45,90,90,-45,Quasi-Isotropic,103160.0,8560.0,8560.0,12608.0,7564.799999999999,12608.0,0.284,0.284,0.3448,317.102,57.121451,260.088076,120.646697,0.00453,0.001217,0.002965,0.001715,0.6795,1.406,No Fail,150.0,100.0,36.98,0.0,0.0
1297,44.1,0.2,2941,0,45,-45,90,90,-45,Quasi-Isotropic,103386.5,8571.5,8571.5,12633.7,7580.22,12633.7,0.2838499999999999,0.2838499999999999,0.3447199999999999,294.753,53.055962,242.9556,113.015111,0.004211,0.001135,0.002767,0.001596,0.63161,1.342,No Fail,150.0,100.0,29.41,0.0,0.0
1298,44.2,0.2,4510,0,45,-45,90,90,-45,Quasi-Isotropic,103613.0,8583.0,8583.0,12659.4,7595.639999999999,12659.4,0.2837,0.2837,0.34464,418.796,75.465913,346.79525,161.731482,0.005983,0.001617,0.003948,0.00227,0.89742,1.697,No Fail,150.0,100.0,45.1,0.0,0.0
1299,44.3,0.2,1852,0,45,-45,90,90,-45,Quasi-Isotropic,103839.5,8594.5,8594.5,12685.1,7611.059999999999,12685.1,0.28355,0.28355,0.34456,171.793,31.04676,142.865645,66.780565,0.002454,0.000665,0.001626,0.000932,0.36813,0.991,FAIL,150.0,100.0,18.52,0.0,0.0
1300,44.4,0.2,3564,0,45,-45,90,90,-45,Quasi-Isotropic,104066.0,8606.0,8606.0,12710.8,7626.48,12710.8,0.2834,0.2834,0.34448,297.328,53.986114,248.230521,116.267975,0.004248,0.001154,0.002828,0.001614,0.63713,1.35,No Fail,150.0,100.0,35.64,0.0,0.0
1301,44.5,0.2,4871,0,45,-45,90,90,-45,Quasi-Isotropic,104292.5,8617.5,8617.5,12736.5,7641.9,12736.5,0.28325,0.28325,0.3444,498.481,91.091058,417.643998,195.960829,0.007121,0.00194,0.004763,0.002706,1.06817,1.924,No Fail,150.0,100.0,48.71,0.0,0.0
1302,44.6,0.2,1989,0,45,-45,90,90,-45,Quasi-Isotropic,104519.0,8629.0,8629.0,12762.2,7657.32,12762.2,0.2831,0.2831,0.34432,160.988,29.655822,135.309101,63.579648,0.0023,0.000628,0.001546,0.000874,0.34497,0.96,FAIL,150.0,100.0,19.89,0.0,0.0
1303,44.7,0.2,1795,0,45,-45,90,90,-45,Quasi-Isotropic,104745.5,8640.5,8640.5,12787.9,7672.74,12787.9,0.28295,0.28295,0.34424,142.148,26.436837,119.807641,56.359759,0.002031,0.000556,0.001372,0.000772,0.3046,0.906,FAIL,150.0,100.0,17.95,0.0,0.0
1304,44.8,0.2,3600,0,45,-45,90,90,-45,Quasi-Isotropic,104972.0,8652.0,8652.0,12813.6,7688.159999999999,12813.6,0.2828,0.2828,0.34416,325.596,61.222371,275.083579,129.510345,0.004651,0.001276,0.003159,0.001766,0.69771,1.43,No Fail,150.0,100.0,36.0,0.0,0.0
1305,44.9,0.2,4226,0,45,-45,90,90,-45,Quasi-Isotropic,105198.5,8663.5,8663.5,12839.3,7703.579999999999,12839.3,0.2826499999999999,0.2826499999999999,0.3440799999999999,394.256,75.045194,333.760515,157.21309,0.005632,0.001549,0.003846,0.002137,0.84483,1.626,No Fail,150.0,100.0,42.26,0.0,0.0
1306,45.0,0.2,4468,0,45,-45,90,90,-45,Quasi-Isotropic,105425.0,8675.0,8675.0,12865.0,7719.0,12865.0,0.2825,0.2825,0.344,413.258,79.719914,350.409739,165.082314,0.005904,0.001627,0.004054,0.002238,0.88555,1.681,No Fail,150.0,100.0,44.68,0.0,0.0
1307,45.1,0.2,2556,0,45,-45,90,90,-45,Quasi-Isotropic,105651.5,8686.5,8686.5,12890.7,7734.42,12890.7,0.28235,0.28235,0.34392,187.684,36.72774,159.33311,75.050993,0.002681,0.00074,0.001851,0.001015,0.40218,1.036,No Fail,150.0,100.0,25.56,0.0,0.0
1308,45.2,0.2,3283,0,45,-45,90,90,-45,Quasi-Isotropic,105878.0,8698.0,8698.0,12916.4,7749.839999999999,12916.4,0.2822,0.2822,0.34384,291.87,57.986788,247.979954,116.74759,0.00417,0.001153,0.002896,0.001577,0.62543,1.334,No Fail,150.0,100.0,32.83,0.0,0.0
1309,45.3,0.2,2534,0,45,-45,90,90,-45,Quasi-Isotropic,106104.5,8709.5,8709.5,12942.1,7765.259999999998,12942.1,0.28205,0.28205,0.34376,174.386,35.196949,148.221341,69.723349,0.002491,0.00069,0.00174,0.00094,0.37369,0.998,FAIL,150.0,100.0,25.34,0.0,0.0
1310,45.4,0.2,4643,0,45,-45,90,90,-45,Quasi-Isotropic,106331.0,8721.0,8721.0,12967.799999999996,7780.6799999999985,12967.799999999996,0.2819,0.2819,0.34368,510.575,104.741314,433.96425,203.898444,0.007294,0.002024,0.005124,0.002748,1.09409,1.959,No Fail,150.0,100.0,46.43,0.0,0.0
1311,45.5,0.2,3232,0,45,-45,90,90,-45,Quasi-Isotropic,106557.5,8732.5,8732.5,12993.5,7796.099999999999,12993.5,0.28175,0.28175,0.3436,233.292,48.659297,198.204192,92.98726,0.003333,0.000926,0.002355,0.001253,0.49991,1.167,No Fail,150.0,100.0,32.32,0.0,0.0
1312,45.6,0.2,3249,0,45,-45,90,90,-45,Quasi-Isotropic,106784.0,8744.0,8744.0,13019.2,7811.52,13019.2,0.2816,0.2816,0.34352,336.295,71.329546,285.479995,133.689669,0.004804,0.001337,0.003415,0.001801,0.72063,1.461,No Fail,150.0,100.0,32.49,0.0,0.0
1313,45.7,0.2,3349,0,45,-45,90,90,-45,Quasi-Isotropic,107010.5,8755.5,8755.5,13044.9,7826.94,13044.9,0.28145,0.28145,0.3434399999999999,290.609,62.683374,246.394561,115.140797,0.004152,0.001157,0.002969,0.001553,0.62273,1.33,No Fail,150.0,100.0,33.49,0.0,0.0
1314,45.8,0.2,4954,0,45,-45,90,90,-45,Quasi-Isotropic,107237.0,8767.0,8767.0,13070.6,7842.359999999999,13070.6,0.2813,0.2813,0.34336,437.167,95.881501,370.051287,172.506205,0.006245,0.001741,0.004492,0.002329,0.93679,1.749,No Fail,150.0,100.0,49.54,0.0,0.0
1315,45.9,0.2,1962,0,45,-45,90,90,-45,Quasi-Isotropic,107463.5,8778.5,8778.5,13096.299999999996,7857.779999999998,13096.299999999996,0.28115,0.28115,0.34328,83.362,18.586248,70.421046,32.738884,0.001191,0.000332,0.000862,0.000443,0.17863,0.738,FAIL,150.0,100.0,19.62,0.0,0.0
1316,46.0,0.2,3489,0,45,-45,90,90,-45,Quasi-Isotropic,107690.0,8790.0,8790.0,13122.0,7873.2,13122.0,0.281,0.281,0.3432,275.422,62.401668,232.103712,107.582601,0.003935,0.001099,0.002863,0.001458,0.59019,1.287,No Fail,150.0,100.0,34.89,0.0,0.0
1317,46.1,0.2,3890,0,45,-45,90,90,-45,Quasi-Isotropic,107916.5,8801.5,8801.5,13147.7,7888.62,13147.7,0.2808499999999999,0.2808499999999999,0.34312,382.986,88.133671,321.845318,148.693706,0.005471,0.001529,0.004004,0.00202,0.82068,1.594,No Fail,150.0,100.0,38.9,0.0,0.0
1318,46.2,0.2,4841,0,45,-45,90,90,-45,Quasi-Isotropic,108143.0,8813.0,8813.0,13173.4,7904.039999999999,13173.4,0.2807,0.2807,0.34304,449.343,104.963736,376.406976,173.293875,0.006419,0.001795,0.004724,0.002361,0.96288,1.784,No Fail,150.0,100.0,48.41,0.0,0.0
1319,46.3,0.2,1558,0,45,-45,90,90,-45,Quasi-Isotropic,108369.5,8824.5,8824.5,13199.1,7919.46,13199.1,0.28055,0.28055,0.34296,60.0,14.217173,50.082282,22.971709,0.000857,0.00024,0.000634,0.000314,0.12857,0.671,FAIL,150.0,100.0,15.58,0.0,0.0
1320,46.4,0.2,2418,0,45,-45,90,90,-45,Quasi-Isotropic,108596.0,8836.0,8836.0,13224.8,7934.879999999999,13224.8,0.2804,0.2804,0.34288,242.014,58.124977,201.218527,91.933545,0.003457,0.000968,0.002572,0.001261,0.5186,1.191,No Fail,150.0,100.0,24.18,0.0,0.0
1321,46.5,0.2,1712,0,45,-45,90,90,-45,Quasi-Isotropic,108822.5,8847.5,8847.5,13250.5,7950.299999999999,13250.5,0.28025,0.28025,0.3428,160.618,39.066224,132.972501,60.504632,0.002295,0.000643,0.001717,0.000834,0.34418,0.959,FAIL,150.0,100.0,17.12,0.0,0.0
1322,46.6,0.2,3273,0,45,-45,90,90,-45,Quasi-Isotropic,109049.0,8859.0,8859.0,13276.2,7965.72,13276.2,0.2801,0.2801,0.34272,258.062,63.50522,212.658071,96.352942,0.003687,0.001032,0.002773,0.001333,0.55299,1.237,No Fail,150.0,100.0,32.73,0.0,0.0
1323,46.7,0.2,3254,0,45,-45,90,90,-45,Quasi-Isotropic,109275.5,8870.5,8870.5,13301.9,7981.139999999999,13301.9,0.27995,0.27995,0.3426399999999999,275.012,68.403838,225.504202,101.728425,0.003929,0.0011,0.00297,0.001414,0.58931,1.286,No Fail,150.0,100.0,32.54,0.0,0.0
1324,46.8,0.2,3956,0,45,-45,90,90,-45,Quasi-Isotropic,109502.0,8882.0,8882.0,13327.6,7996.559999999999,13327.6,0.2798,0.2798,0.34256,384.909,96.665409,313.954437,141.000556,0.005499,0.001539,0.004177,0.001969,0.8248,1.6,No Fail,150.0,100.0,39.56,0.0,0.0
1325,46.9,0.2,3378,0,45,-45,90,90,-45,Quasi-Isotropic,109728.5,8893.5,8893.5,13353.3,8011.98,13353.3,0.2796499999999999,0.2796499999999999,0.34248,355.466,90.035681,288.322418,128.906779,0.005078,0.001421,0.003875,0.001809,0.76171,1.516,No Fail,150.0,100.0,33.78,0.0,0.0
1326,47.0,0.2,2471,0,45,-45,90,90,-45,Quasi-Isotropic,109955.0,8905.0,8905.0,13379.0,8027.4,13379.0,0.2794999999999999,0.2794999999999999,0.3424,182.611,46.595941,147.248734,65.536668,0.002609,0.00073,0.002,0.000925,0.39131,1.022,No Fail,150.0,100.0,24.71,0.0,0.0
1327,47.1,0.2,3290,0,45,-45,90,90,-45,Quasi-Isotropic,110181.5,8916.5,8916.5,13404.7,8042.82,13404.7,0.27935,0.27935,0.3423199999999999,317.559,81.533428,254.491098,112.758623,0.004537,0.001268,0.003493,0.001599,0.68048,1.407,No Fail,150.0,100.0,32.9,0.0,0.0
1328,47.2,0.2,4328,0,45,-45,90,90,-45,Quasi-Isotropic,110408.0,8928.0,8928.0,13430.4,8058.24,13430.4,0.2792,0.2792,0.34224,455.002,117.405272,362.302603,159.815713,0.0065,0.001816,0.005026,0.002279,0.975,1.8,No Fail,150.0,100.0,43.28,0.0,0.0
1329,47.3,0.2,2868,0,45,-45,90,90,-45,Quasi-Isotropic,110634.5,8939.5,8939.5,13456.1,8073.66,13456.1,0.27905,0.27905,0.34216,239.74,62.092726,189.628112,83.28494,0.003425,0.000956,0.002659,0.001194,0.51373,1.185,No Fail,150.0,100.0,28.68,0.0,0.0
1330,47.4,0.2,4421,0,45,-45,90,90,-45,Quasi-Isotropic,110861.0,8951.0,8951.0,13481.8,8089.079999999999,13481.8,0.2789,0.2789,0.34208,414.386,107.593677,325.516925,142.369553,0.00592,0.001651,0.004613,0.002051,0.88797,1.684,No Fail,150.0,100.0,44.21,0.0,0.0
1331,47.5,0.2,1731,0,45,-45,90,90,-45,Quasi-Isotropic,111087.5,8962.5,8962.5,13507.5,8104.5,13507.5,0.27875,0.27875,0.3419999999999999,86.042,22.367852,67.111361,29.235012,0.001229,0.000342,0.000961,0.000423,0.18437,0.746,FAIL,150.0,100.0,17.31,0.0,0.0
1332,47.6,0.2,4055,0,45,-45,90,90,-45,Quasi-Isotropic,111314.0,8974.0,8974.0,13533.200000000004,8119.920000000001,13533.200000000004,0.2786,0.2786,0.34192,362.741,94.295469,280.878848,121.897345,0.005182,0.001442,0.004065,0.001774,0.7773,1.536,No Fail,150.0,100.0,40.55,0.0,0.0
1333,47.7,0.2,1703,0,45,-45,90,90,-45,Quasi-Isotropic,111540.5,8985.5,8985.5,13558.9,8135.34,13558.9,0.27845,0.27845,0.34184,62.744,16.289027,48.223717,20.855899,0.000896,0.000249,0.000705,0.000305,0.13445,0.679,FAIL,150.0,100.0,17.03,0.0,0.0
1334,47.8,0.2,3021,0,45,-45,90,90,-45,Quasi-Isotropic,111767.0,8997.0,8997.0,13584.6,8150.76,13584.6,0.2783,0.2783,0.34176,312.138,80.825664,238.089564,102.647334,0.004459,0.001237,0.003519,0.001508,0.66887,1.392,No Fail,150.0,100.0,30.21,0.0,0.0
1335,47.9,0.2,3631,0,45,-45,90,90,-45,Quasi-Isotropic,111993.5,9008.5,9008.5,13610.3,8166.179999999999,13610.3,0.27815,0.27815,0.34168,341.305,88.040183,258.339653,111.071973,0.004876,0.001351,0.003858,0.001638,0.73137,1.475,No Fail,150.0,100.0,36.31,0.0,0.0
1336,48.0,0.2,4096,0,45,-45,90,90,-45,Quasi-Isotropic,112220.0,9020.0,9020.0,13636.0,8181.599999999999,13636.0,0.278,0.278,0.3416,414.396,106.353804,311.228154,133.501504,0.00592,0.001637,0.004694,0.001976,0.88799,1.684,No Fail,150.0,100.0,40.96,0.0,0.0
1337,48.1,0.2,1918,0,45,-45,90,90,-45,Quasi-Isotropic,112446.5,9031.5,9031.5,13661.700000000004,8197.02,13661.700000000004,0.2778499999999999,0.2778499999999999,0.34152,101.287,25.832359,75.475021,32.315615,0.001447,0.0004,0.00115,0.00048,0.21704,0.789,FAIL,150.0,100.0,19.18,0.0,0.0
1338,48.2,0.2,3955,0,45,-45,90,90,-45,Quasi-Isotropic,112673.0,9043.0,9043.0,13687.4,8212.44,13687.4,0.2777,0.2777,0.34144,349.682,88.520344,258.518607,110.542782,0.004995,0.001376,0.003976,0.001646,0.74932,1.499,No Fail,150.0,100.0,39.55,0.0,0.0
1339,48.3,0.2,4836,0,45,-45,90,90,-45,Quasi-Isotropic,112899.5,9054.5,9054.5,13713.1,8227.86,13713.1,0.27755,0.27755,0.34136,520.607,130.659647,381.84942,163.15712,0.007437,0.002045,0.005929,0.002434,1.11559,1.987,No Fail,150.0,100.0,48.36,0.0,0.0
1340,48.4,0.2,4240,0,45,-45,90,90,-45,Quasi-Isotropic,113126.0,9066.0,9066.0,13738.8,8243.279999999999,13738.8,0.2774,0.2774,0.34128,406.094,100.934698,295.514657,126.249936,0.005801,0.001592,0.00463,0.001886,0.8702,1.66,No Fail,150.0,100.0,42.4,0.0,0.0
1341,48.5,0.2,2084,0,45,-45,90,90,-45,Quasi-Isotropic,113352.5,9077.5,9077.5,13764.5,8258.699999999999,13764.5,0.27725,0.27725,0.3412,123.633,30.399969,89.263988,38.154425,0.001766,0.000484,0.001411,0.00057,0.26493,0.853,FAIL,150.0,100.0,20.84,0.0,0.0
1342,48.6,0.2,4234,0,45,-45,90,90,-45,Quasi-Isotropic,113579.0,9089.0,9089.0,13790.2,8274.12,13790.2,0.2771,0.2771,0.34112,452.84,110.04632,324.420127,138.830357,0.006469,0.001767,0.005172,0.002075,0.97037,1.794,No Fail,150.0,100.0,42.34,0.0,0.0
1343,48.7,0.2,4602,0,45,-45,90,90,-45,Quasi-Isotropic,113805.5,9100.5,9100.5,13815.9,8289.54,13815.9,0.27695,0.27695,0.34104,480.042,115.18537,341.277663,146.317078,0.006858,0.001869,0.005486,0.002186,1.02866,1.872,No Fail,150.0,100.0,46.02,0.0,0.0
1344,48.8,0.2,1603,0,45,-45,90,90,-45,Quasi-Isotropic,114032.0,9112.0,9112.0,13841.6,8304.96,13841.6,0.2768,0.2768,0.34096,60.0,14.203117,42.335324,18.197484,0.000857,0.000233,0.000686,0.000271,0.12857,0.671,FAIL,150.0,100.0,16.03,0.0,0.0
1345,48.9,0.2,2452,0,45,-45,90,90,-45,Quasi-Isotropic,114258.5,9123.5,9123.5,13867.3,8320.38,13867.3,0.2766499999999999,0.2766499999999999,0.34088,157.379,36.724487,110.227963,47.537662,0.002248,0.000609,0.001798,0.000707,0.33724,0.95,FAIL,150.0,100.0,24.52,0.0,0.0
1346,49.0,0.2,3993,0,45,-45,90,90,-45,Quasi-Isotropic,114485.0,9135.0,9135.0,13893.0,8335.8,13893.0,0.2764999999999999,0.2764999999999999,0.3408,431.511,99.192456,300.063769,129.93189,0.006164,0.001666,0.004929,0.001926,0.92467,1.733,No Fail,150.0,100.0,39.93,0.0,0.0
1347,49.1,0.2,1770,0,45,-45,90,90,-45,Quasi-Isotropic,114711.5,9146.5,9146.5,13918.7,8351.22,13918.7,0.27635,0.27635,0.34072,103.171,23.348896,71.244646,30.99761,0.001474,0.000397,0.001178,0.000458,0.22108,0.795,FAIL,150.0,100.0,17.7,0.0,0.0
1348,49.2,0.2,2760,0,45,-45,90,90,-45,Quasi-Isotropic,114938.0,9158.0,9158.0,13944.4,8366.640000000001,13944.4,0.2762,0.2762,0.34064,236.628,52.697213,162.309006,71.007732,0.00338,0.000908,0.002698,0.001043,0.50706,1.176,No Fail,150.0,100.0,27.6,0.0,0.0
1349,49.3,0.2,3484,0,45,-45,90,90,-45,Quasi-Isotropic,115164.5,9169.5,9169.5,13970.1,8382.06,13970.1,0.27605,0.27605,0.34056,318.139,69.693579,216.818738,95.444802,0.004545,0.001218,0.003624,0.001393,0.68173,1.409,No Fail,150.0,100.0,34.84,0.0,0.0
1350,49.4,0.2,2393,0,45,-45,90,90,-45,Quasi-Isotropic,115391.0,9181.0,9181.0,13995.8,8397.48,13995.8,0.2759,0.2759,0.34048,203.026,43.739907,137.520916,60.955199,0.0029,0.000775,0.002309,0.000883,0.43506,1.08,No Fail,150.0,100.0,23.93,0.0,0.0
1351,49.5,0.2,3509,0,45,-45,90,90,-45,Quasi-Isotropic,115617.5,9192.5,9192.5,14021.5,8412.9,14021.5,0.27575,0.27575,0.3404,368.695,78.108433,248.294556,110.885575,0.005267,0.001402,0.004186,0.001595,0.79006,1.553,No Fail,150.0,100.0,35.09,0.0,0.0
1352,49.6,0.2,2299,0,45,-45,90,90,-45,Quasi-Isotropic,115844.0,9204.0,9204.0,14047.2,8428.32,14047.2,0.2756,0.2756,0.3403199999999999,149.196,31.081932,99.93027,44.991667,0.002131,0.000565,0.00169,0.000641,0.31971,0.926,FAIL,150.0,100.0,22.99,0.0,0.0
1353,49.7,0.2,1654,0,45,-45,90,90,-45,Quasi-Isotropic,116070.5,9215.5,9215.5,14072.9,8443.74,14072.9,0.27545,0.27545,0.34024,97.437,19.965266,64.933927,29.489951,0.001392,0.000368,0.001101,0.000417,0.20879,0.778,FAIL,150.0,100.0,16.54,0.0,0.0
1354,49.8,0.2,2356,0,45,-45,90,90,-45,Quasi-Isotropic,116297.0,9227.0,9227.0,14098.6,8459.16,14098.6,0.2753,0.2753,0.34016,139.16,28.055193,92.309901,42.309147,0.001988,0.000524,0.001569,0.000592,0.2982,0.898,FAIL,150.0,100.0,23.56,0.0,0.0
1355,49.9,0.2,2840,0,45,-45,90,90,-45,Quasi-Isotropic,116523.5,9238.5,9238.5,14124.3,8474.58,14124.3,0.27515,0.27515,0.34008,244.24,48.470721,161.333486,74.659294,0.003489,0.000916,0.002746,0.001032,0.52337,1.198,No Fail,150.0,100.0,28.4,0.0,0.0
1356,50.0,0.2,4759,0,45,-45,90,90,-45,Quasi-Isotropic,116750.0,9250.0,9250.0,14150.0,8490.0,14150.0,0.275,0.275,0.3399999999999999,513.077,100.298682,337.64527,157.81726,0.00733,0.001918,0.005751,0.002158,1.09945,1.966,No Fail,150.0,100.0,47.59,0.0,0.0
1357,50.1,0.2,3435,0,45,-45,90,90,-45,Quasi-Isotropic,116976.5,9261.5,9261.5,14175.7,8505.42,14175.7,0.27485,0.27485,0.33992,269.305,51.899515,176.643387,83.417335,0.003847,0.001003,0.003009,0.001127,0.57708,1.269,No Fail,150.0,100.0,34.35,0.0,0.0
1358,50.2,0.2,4092,0,45,-45,90,90,-45,Quasi-Isotropic,117203.0,9273.0,9273.0,14201.4,8520.84,14201.4,0.2747,0.2747,0.33984,341.406,64.926426,223.311143,106.56956,0.004877,0.001267,0.003801,0.001421,0.73158,1.475,No Fail,150.0,100.0,40.92,0.0,0.0
1359,50.3,0.2,2626,0,45,-45,90,90,-45,Quasi-Isotropic,117429.5,9284.5,9284.5,14227.1,8536.26,14227.1,0.27455,0.27455,0.33976,224.833,42.240981,146.724629,70.771033,0.003212,0.000831,0.002494,0.000932,0.48178,1.142,No Fail,150.0,100.0,26.26,0.0,0.0
1360,50.4,0.2,4021,0,45,-45,90,90,-45,Quasi-Isotropic,117656.0,9296.0,9296.0,14252.8,8551.679999999998,14252.8,0.2744,0.2744,0.33968,392.57,72.957535,255.73266,124.681177,0.005608,0.001446,0.004337,0.00162,0.84122,1.622,No Fail,150.0,100.0,40.21,0.0,0.0
1361,50.5,0.2,1773,0,45,-45,90,90,-45,Quasi-Isotropic,117882.5,9307.5,9307.5,14278.5,8567.1,14278.5,0.27425,0.27425,0.3396,140.162,25.803373,91.190958,44.939423,0.002002,0.000514,0.001542,0.000576,0.30035,0.9,FAIL,150.0,100.0,17.73,0.0,0.0
1362,50.6,0.2,3257,0,45,-45,90,90,-45,Quasi-Isotropic,118109.0,9319.0,9319.0,14304.2,8582.52,14304.2,0.2741,0.2741,0.33952,306.12,55.911028,199.019043,99.128102,0.004373,0.001118,0.003353,0.001253,0.65597,1.375,No Fail,150.0,100.0,32.57,0.0,0.0
1363,50.7,0.2,2128,0,45,-45,90,90,-45,Quasi-Isotropic,118335.5,9330.5,9330.5,14329.9,8597.939999999999,14329.9,0.2739499999999999,0.2739499999999999,0.3394399999999999,107.092,19.437202,69.610065,35.037512,0.00153,0.00039,0.001168,0.000437,0.22948,0.806,FAIL,150.0,100.0,21.28,0.0,0.0
1364,50.8,0.2,4935,0,45,-45,90,90,-45,Quasi-Isotropic,118562.0,9342.0,9342.0,14355.6,8613.36,14355.6,0.2738,0.2738,0.33936,455.673,82.328212,296.286233,150.671971,0.00651,0.001652,0.004946,0.001852,0.97644,1.802,No Fail,150.0,100.0,49.35,0.0,0.0
1365,50.9,0.2,1741,0,45,-45,90,90,-45,Quasi-Isotropic,118788.5,9353.5,9353.5,14381.3,8628.779999999999,14381.3,0.2736499999999999,0.2736499999999999,0.33928,60.0,10.810351,39.046576,20.055512,0.000857,0.000217,0.000648,0.000243,0.12857,0.671,FAIL,150.0,100.0,17.41,0.0,0.0
1366,51.0,0.2,2488,0,45,-45,90,90,-45,Quasi-Isotropic,119015.0,9365.0,9365.0,14407.0,8644.199999999999,14407.0,0.2734999999999999,0.2734999999999999,0.3392,202.758,36.496456,132.133128,68.522481,0.002897,0.000729,0.002179,0.00082,0.43448,1.079,No Fail,150.0,100.0,24.88,0.0,0.0
1367,51.1,0.2,2646,0,45,-45,90,90,-45,Quasi-Isotropic,119241.5,9376.5,9376.5,14432.7,8659.62,14432.7,0.27335,0.27335,0.33912,176.085,31.72312,114.969738,60.171207,0.002515,0.00063,0.001882,0.00071,0.37732,1.003,No Fail,150.0,100.0,26.46,0.0,0.0
1368,51.2,0.2,1528,0,45,-45,90,90,-45,Quasi-Isotropic,119468.0,9388.0,9388.0,14458.4,8675.039999999999,14458.4,0.2732,0.2732,0.33904,76.976,13.905325,50.380827,26.597562,0.0011,0.000275,0.000819,0.00031,0.16495,0.72,FAIL,150.0,100.0,15.28,0.0,0.0
1369,51.3,0.2,3473,0,45,-45,90,90,-45,Quasi-Isotropic,119694.5,9399.5,9399.5,14484.1,8690.46,14484.1,0.27305,0.27305,0.33896,352.718,64.003124,231.527431,123.229364,0.005039,0.001252,0.00373,0.001417,0.75582,1.508,No Fail,150.0,100.0,34.73,0.0,0.0
1370,51.4,0.2,3680,0,45,-45,90,90,-45,Quasi-Isotropic,119921.0,9411.0,9411.0,14509.8,8705.88,14509.8,0.2729,0.2729,0.33888,365.072,66.657483,240.451827,128.948798,0.005215,0.001291,0.003839,0.001464,0.7823,1.543,No Fail,150.0,100.0,36.8,0.0,0.0
1371,51.5,0.2,3571,0,45,-45,90,90,-45,Quasi-Isotropic,120147.5,9422.5,9422.5,14535.5,8721.3,14535.5,0.27275,0.27275,0.3388,332.839,61.251199,220.070143,118.836706,0.004755,0.001172,0.003481,0.001333,0.71323,1.451,No Fail,150.0,100.0,35.71,0.0,0.0
1372,51.6,0.2,4204,0,45,-45,90,90,-45,Quasi-Isotropic,120374.0,9434.0,9434.0,14561.2,8736.72,14561.2,0.2726,0.2726,0.33872,405.294,75.288583,269.134248,146.239348,0.00579,0.001421,0.004214,0.001622,0.86849,1.658,No Fail,150.0,100.0,42.04,0.0,0.0
1373,51.7,0.2,4652,0,45,-45,90,90,-45,Quasi-Isotropic,120600.5,9445.5,9445.5,14586.9,8752.14,14586.9,0.2724499999999999,0.2724499999999999,0.33864,494.735,92.902339,330.087325,180.351757,0.007068,0.001728,0.005115,0.001979,1.06015,1.914,No Fail,150.0,100.0,46.52,0.0,0.0
1374,51.8,0.2,2358,0,45,-45,90,90,-45,Quasi-Isotropic,120827.0,9457.0,9457.0,14612.6,8767.56,14612.6,0.2723,0.2723,0.3385599999999999,151.695,28.83225,101.732735,55.850367,0.002167,0.000528,0.001559,0.000607,0.32506,0.933,FAIL,150.0,100.0,23.58,0.0,0.0
1375,51.9,0.2,2935,0,45,-45,90,90,-45,Quasi-Isotropic,121053.5,9468.5,9468.5,14638.3,8782.98,14638.3,0.27215,0.27215,0.33848,311.45,59.985165,210.027634,115.766327,0.004449,0.001079,0.003182,0.001246,0.66739,1.39,No Fail,150.0,100.0,29.35,0.0,0.0
1376,52.0,0.2,2712,0,45,-45,90,90,-45,Quasi-Isotropic,121280.0,9480.0,9480.0,14664.0,8798.4,14664.0,0.272,0.272,0.3384,257.538,50.312207,174.6958,96.602138,0.003679,0.000888,0.002616,0.001031,0.55187,1.236,No Fail,150.0,100.0,27.12,0.0,0.0
1377,52.1,0.2,4570,0,45,-45,90,90,-45,Quasi-Isotropic,121506.5,9491.5,9491.5,14689.7,8813.82,14689.7,0.27185,0.27185,0.3383199999999999,407.675,80.850354,278.260218,154.242841,0.005824,0.0014,0.004117,0.001633,0.87359,1.665,No Fail,150.0,100.0,45.7,0.0,0.0
1378,52.2,0.2,1505,0,45,-45,90,90,-45,Quasi-Isotropic,121733.0,9503.0,9503.0,14715.4,8829.24,14715.4,0.2717,0.2717,0.33824,60.0,12.087713,41.220672,22.885733,0.000857,0.000205,0.000602,0.000241,0.12857,0.671,FAIL,150.0,100.0,15.05,0.0,0.0
1379,52.3,0.2,4472,0,45,-45,90,90,-45,Quasi-Isotropic,121959.5,9514.5,9514.5,14741.1,8844.66,14741.1,0.27155,0.27155,0.33816,417.706,85.527917,288.921498,160.534578,0.005967,0.001423,0.004169,0.001678,0.89508,1.693,No Fail,150.0,100.0,44.72,0.0,0.0
1380,52.4,0.2,1864,0,45,-45,90,90,-45,Quasi-Isotropic,122186.0,9526.0,9526.0,14766.8,8860.08,14766.8,0.2714,0.2714,0.33808,96.393,20.06676,67.1438,37.305708,0.001377,0.000327,0.000957,0.000388,0.20656,0.775,FAIL,150.0,100.0,18.64,0.0,0.0
1381,52.5,0.2,2334,0,45,-45,90,90,-45,Quasi-Isotropic,122412.5,9537.5,9537.5,14792.5,8875.5,14792.5,0.27125,0.27125,0.3379999999999999,176.453,37.354119,123.803774,68.72673,0.002521,0.000597,0.001741,0.000712,0.37811,1.004,No Fail,150.0,100.0,23.34,0.0,0.0
1382,52.6,0.2,1710,0,45,-45,90,90,-45,Quasi-Isotropic,122639.0,9549.0,9549.0,14818.2,8890.92,14818.2,0.2711,0.2711,0.33792,106.112,22.843892,75.00565,41.56728,0.001516,0.000357,0.001041,0.000429,0.22738,0.803,FAIL,150.0,100.0,17.1,0.0,0.0
1383,52.7,0.2,3991,0,45,-45,90,90,-45,Quasi-Isotropic,122865.5,9560.5,9560.5,14843.9,8906.34,14843.9,0.2709499999999999,0.2709499999999999,0.33784,319.259,69.88785,227.38642,125.699742,0.004561,0.001071,0.003115,0.001295,0.68413,1.412,No Fail,150.0,100.0,39.91,0.0,0.0
1384,52.8,0.2,4724,0,45,-45,90,90,-45,Quasi-Isotropic,123092.0,9572.0,9572.0,14869.6,8921.76,14869.6,0.2708,0.2708,0.33776,515.772,114.780392,370.190549,203.966152,0.007368,0.001724,0.005006,0.002098,1.10523,1.974,No Fail,150.0,100.0,47.24,0.0,0.0
1385,52.9,0.2,3319,0,45,-45,90,90,-45,Quasi-Isotropic,123318.5,9583.5,9583.5,14895.3,8937.179999999998,14895.3,0.2706499999999999,0.2706499999999999,0.33768,250.624,56.679741,181.291662,99.478605,0.00358,0.000834,0.002419,0.001023,0.53705,1.216,No Fail,150.0,100.0,33.19,0.0,0.0
1386,53.0,0.2,2804,0,45,-45,90,90,-45,Quasi-Isotropic,123545.0,9595.0,9595.0,14921.0,8952.6,14921.0,0.2704999999999999,0.2704999999999999,0.3376,212.345,48.779295,154.815164,84.537071,0.003033,0.000704,0.002039,0.00087,0.45502,1.107,No Fail,150.0,100.0,28.04,0.0,0.0
1387,53.1,0.2,1797,0,45,-45,90,90,-45,Quasi-Isotropic,123771.5,9606.5,9606.5,14946.7,8968.02,14946.7,0.27035,0.27035,0.33752,60.0,13.991978,44.091524,23.940933,0.000857,0.000198,0.000573,0.000247,0.12857,0.671,FAIL,150.0,100.0,17.97,0.0,0.0
1388,53.2,0.2,1967,0,45,-45,90,90,-45,Quasi-Isotropic,123998.0,9618.0,9618.0,14972.4,8983.439999999999,14972.4,0.2702,0.2702,0.3374399999999999,184.607,43.673045,136.737686,73.77437,0.002637,0.000608,0.001756,0.000762,0.39559,1.027,No Fail,150.0,100.0,19.67,0.0,0.0
1389,53.3,0.2,1762,0,45,-45,90,90,-45,Quasi-Isotropic,124224.5,9629.5,9629.5,14998.1,8998.859999999999,14998.1,0.27005,0.27005,0.33736,73.033,17.514017,54.52393,29.209517,0.001043,0.00024,0.000691,0.000303,0.1565,0.709,FAIL,150.0,100.0,17.62,0.0,0.0
1390,53.4,0.2,3022,0,45,-45,90,90,-45,Quasi-Isotropic,124451.0,9641.0,9641.0,15023.8,9014.28,15023.8,0.2699,0.2699,0.33728,254.554,61.826736,191.538417,101.815082,0.003636,0.000833,0.0024,0.001061,0.54547,1.227,No Fail,150.0,100.0,30.22,0.0,0.0
1391,53.5,0.2,2329,0,45,-45,90,90,-45,Quasi-Isotropic,124677.5,9652.5,9652.5,15049.5,9029.7,15049.5,0.26975,0.26975,0.3372,123.738,30.410664,93.833008,49.458532,0.001768,0.000404,0.001162,0.000518,0.26515,0.854,FAIL,150.0,100.0,23.29,0.0,0.0
1392,53.6,0.2,2603,0,45,-45,90,90,-45,Quasi-Isotropic,124904.0,9664.0,9664.0,15075.2,9045.12,15075.2,0.2696,0.2696,0.33712,240.985,59.869771,184.152121,96.186507,0.003443,0.000784,0.002254,0.001015,0.5164,1.189,No Fail,150.0,100.0,26.03,0.0,0.0
1393,53.7,0.2,3953,0,45,-45,90,90,-45,Quasi-Isotropic,125130.5,9675.5,9675.5,15100.9,9060.54,15100.9,0.2694499999999999,0.2694499999999999,0.33704,338.207,84.847366,260.405671,134.702325,0.004832,0.001097,0.003152,0.001432,0.72473,1.466,No Fail,150.0,100.0,39.53,0.0,0.0
1394,53.8,0.2,2613,0,45,-45,90,90,-45,Quasi-Isotropic,125357.0,9687.0,9687.0,15126.6,9075.96,15126.6,0.2693,0.2693,0.33696,185.342,46.901795,143.767117,73.607241,0.002648,0.000599,0.001722,0.000789,0.39716,1.03,No Fail,150.0,100.0,26.13,0.0,0.0
1395,53.9,0.2,1761,0,45,-45,90,90,-45,Quasi-Isotropic,125583.5,9698.5,9698.5,15152.3,9091.38,15152.3,0.26915,0.26915,0.33688,138.734,35.37214,108.396048,54.900251,0.001982,0.000447,0.001285,0.000594,0.29729,0.896,FAIL,150.0,100.0,17.61,0.0,0.0
1396,54.0,0.2,4230,0,45,-45,90,90,-45,Quasi-Isotropic,125810.0,9710.0,9710.0,15178.000000000002,9106.8,15178.000000000002,0.269,0.269,0.3368,443.248,113.730044,348.770496,174.654346,0.006332,0.001425,0.004094,0.001908,0.94982,1.766,No Fail,150.0,100.0,42.3,0.0,0.0
1397,54.1,0.2,2044,0,45,-45,90,90,-45,Quasi-Isotropic,126036.5,9721.5,9721.5,15203.700000000004,9122.22,15203.700000000004,0.26885,0.26885,0.33672,135.107,34.844199,107.038964,52.973089,0.00193,0.000433,0.001245,0.000585,0.28952,0.886,FAIL,150.0,100.0,20.44,0.0,0.0
1398,54.2,0.2,3131,0,45,-45,90,90,-45,Quasi-Isotropic,126263.0,9733.0,9733.0,15229.4,9137.64,15229.4,0.2687,0.2687,0.33664,316.018,81.818704,252.027068,123.210072,0.004515,0.001011,0.002906,0.001377,0.67718,1.403,No Fail,150.0,100.0,31.31,0.0,0.0
1399,54.3,0.2,3376,0,45,-45,90,90,-45,Quasi-Isotropic,126489.5,9744.5,9744.5,15255.1,9153.06,15255.1,0.26855,0.26855,0.3365599999999999,316.307,82.109605,253.867854,122.55245,0.004519,0.00101,0.002903,0.001387,0.6778,1.404,No Fail,150.0,100.0,33.76,0.0,0.0
1400,54.4,0.2,2227,0,45,-45,90,90,-45,Quasi-Isotropic,126716.0,9756.0,9756.0,15280.8,9168.48,15280.8,0.2683999999999999,0.2683999999999999,0.33648,111.451,28.971074,89.997635,42.885346,0.001592,0.000355,0.001021,0.000492,0.23882,0.818,FAIL,150.0,100.0,22.27,0.0,0.0
1401,54.5,0.2,2428,0,45,-45,90,90,-45,Quasi-Isotropic,126942.5,9767.5,9767.5,15306.500000000002,9183.9,15306.500000000002,0.26825,0.26825,0.3364,214.306,55.713298,174.063324,81.849571,0.003062,0.000682,0.001962,0.000952,0.45923,1.112,No Fail,150.0,100.0,24.28,0.0,0.0
1402,54.6,0.2,2052,0,45,-45,90,90,-45,Quasi-Isotropic,127169.0,9779.0,9779.0,15332.200000000004,9199.320000000002,15332.200000000004,0.2681,0.2681,0.3363199999999999,191.809,49.806458,156.652993,72.672047,0.00274,0.000609,0.001754,0.000857,0.41102,1.048,No Fail,150.0,100.0,20.52,0.0,0.0
1403,54.7,0.2,4392,0,45,-45,90,90,-45,Quasi-Isotropic,127395.5,9790.5,9790.5,15357.9,9214.74,15357.9,0.2679499999999999,0.2679499999999999,0.33624,404.756,104.846182,332.295583,152.048617,0.005782,0.001283,0.003701,0.001821,0.86733,1.656,No Fail,150.0,100.0,43.92,0.0,0.0
1404,54.8,0.2,1641,0,45,-45,90,90,-45,Quasi-Isotropic,127622.0,9801.999999999998,9801.999999999998,15383.6,9230.159999999998,15383.6,0.2678,0.2678,0.33616,73.313,18.920744,60.482937,27.293047,0.001047,0.000232,0.00067,0.000332,0.1571,0.709,FAIL,150.0,100.0,16.41,0.0,0.0
1405,54.9,0.2,2647,0,45,-45,90,90,-45,Quasi-Isotropic,127848.5,9813.499999999998,9813.499999999998,15409.299999999996,9245.579999999998,15409.299999999996,0.26765,0.26765,0.33608,177.362,45.548936,146.989678,65.406757,0.002534,0.00056,0.001622,0.000809,0.38006,1.007,No Fail,150.0,100.0,26.47,0.0,0.0
1406,55.0,0.2,2369,0,45,-45,90,90,-45,Quasi-Isotropic,128075.0,9825.0,9825.0,15435.000000000002,9261.0,15435.000000000002,0.2674999999999999,0.2674999999999999,0.3359999999999999,233.306,59.549263,194.167023,85.193736,0.003333,0.000736,0.002135,0.001071,0.49994,1.167,No Fail,150.0,100.0,23.69,0.0,0.0
1407,55.1,0.2,3297,0,45,-45,90,90,-45,Quasi-Isotropic,128301.5,9836.5,9836.5,15460.700000000004,9276.420000000002,15460.700000000004,0.26735,0.26735,0.33592,312.964,79.298075,261.463918,113.121601,0.004471,0.000987,0.002867,0.001446,0.67064,1.394,No Fail,150.0,100.0,32.97,0.0,0.0
1408,55.2,0.2,2411,0,45,-45,90,90,-45,Quasi-Isotropic,128528.0,9848.0,9848.0,15486.4,9291.84,15486.4,0.2672,0.2672,0.3358399999999999,168.008,42.210088,140.849623,60.092826,0.0024,0.000529,0.001541,0.000782,0.36002,0.98,FAIL,150.0,100.0,24.11,0.0,0.0
1409,55.3,0.2,1609,0,45,-45,90,90,-45,Quasi-Isotropic,128754.5,9859.499999999998,9859.499999999998,15512.1,9307.259999999998,15512.1,0.26705,0.26705,0.33576,60.0,14.930491,50.457102,21.231532,0.000857,0.000189,0.000551,0.000281,0.12857,0.671,FAIL,150.0,100.0,16.09,0.0,0.0
1410,55.4,0.2,3083,0,45,-45,90,90,-45,Quasi-Isotropic,128981.0,9870.999999999998,9870.999999999998,15537.799999999996,9322.679999999998,15537.799999999996,0.2669,0.2669,0.33568,281.397,69.281703,237.284664,98.493609,0.00402,0.000885,0.00259,0.001327,0.60299,1.304,No Fail,150.0,100.0,30.83,0.0,0.0
1411,55.5,0.2,2374,0,45,-45,90,90,-45,Quasi-Isotropic,129207.5,9882.5,9882.5,15563.500000000002,9338.1,15563.500000000002,0.26675,0.26675,0.3356,155.169,37.761086,131.149137,53.715496,0.002217,0.000488,0.001432,0.000736,0.3325,0.943,FAIL,150.0,100.0,23.74,0.0,0.0
1412,55.6,0.2,4314,0,45,-45,90,90,-45,Quasi-Isotropic,129434.0,9894.0,9894.0,15589.200000000004,9353.52,15589.200000000004,0.2666,0.2666,0.33552,422.191,101.456726,357.526726,144.538931,0.006031,0.001327,0.003905,0.002016,0.9047,1.706,No Fail,150.0,100.0,43.14,0.0,0.0
1413,55.7,0.2,1542,0,45,-45,90,90,-45,Quasi-Isotropic,129660.5,9905.5,9905.5,15614.9,9368.94,15614.9,0.2664499999999999,0.2664499999999999,0.3354399999999999,128.247,30.407071,108.770897,43.421843,0.001832,0.000403,0.00119,0.000616,0.27481,0.866,FAIL,150.0,100.0,15.42,0.0,0.0
1414,55.8,0.2,4939,0,45,-45,90,90,-45,Quasi-Isotropic,129887.0,9917.0,9917.0,15640.6,9384.36,15640.6,0.2663,0.2663,0.33536,453.034,105.894077,384.669388,151.708753,0.006472,0.001424,0.004216,0.002192,0.97079,1.794,No Fail,150.0,100.0,49.39,0.0,0.0
1415,55.9,0.2,4383,0,45,-45,90,90,-45,Quasi-Isotropic,130113.5,9928.5,9928.5,15666.299999999996,9399.78,15666.299999999996,0.26615,0.26615,0.33528,470.257,108.289466,399.583651,155.775085,0.006718,0.001478,0.004391,0.002289,1.00769,1.844,No Fail,150.0,100.0,43.83,0.0,0.0
1416,56.0,0.2,3706,0,45,-45,90,90,-45,Quasi-Isotropic,130340.0,9940.0,9940.0,15692.000000000002,9415.2,15692.000000000002,0.266,0.266,0.3352,360.056,81.633808,306.042452,118.007821,0.005144,0.001132,0.003375,0.001764,0.77155,1.529,No Fail,150.0,100.0,37.06,0.0,0.0
1417,56.1,0.2,3538,0,45,-45,90,90,-45,Quasi-Isotropic,130566.5,9951.5,9951.5,15717.700000000004,9430.62,15717.700000000004,0.26585,0.26585,0.33512,307.214,68.544935,261.104921,99.652057,0.004389,0.000967,0.002891,0.001514,0.65832,1.378,No Fail,150.0,100.0,35.38,0.0,0.0
1418,56.2,0.2,4345,0,45,-45,90,90,-45,Quasi-Isotropic,130793.0,9963.0,9963.0,15743.4,9446.04,15743.4,0.2657,0.2657,0.33504,450.295,98.83286,382.52247,144.61219,0.006433,0.001418,0.004256,0.002232,0.96492,1.787,No Fail,150.0,100.0,43.45,0.0,0.0
1419,56.3,0.2,1726,0,45,-45,90,90,-45,Quasi-Isotropic,131019.5,9974.5,9974.5,15769.1,9461.46,15769.1,0.26555,0.26555,0.33496,164.462,35.500071,139.58379,52.314866,0.002349,0.000518,0.001561,0.00082,0.35242,0.97,FAIL,150.0,100.0,17.26,0.0,0.0
1420,56.4,0.2,3052,0,45,-45,90,90,-45,Quasi-Isotropic,131246.0,9986.0,9986.0,15794.799999999996,9476.879999999996,15794.799999999996,0.2654,0.2654,0.33488,217.942,46.260601,184.733067,68.702458,0.003113,0.000687,0.002078,0.001093,0.46702,1.123,No Fail,150.0,100.0,30.52,0.0,0.0
1421,56.5,0.2,4668,0,45,-45,90,90,-45,Quasi-Isotropic,131472.5,9997.5,9997.5,15820.499999999998,9492.3,15820.499999999998,0.26525,0.26525,0.3348,504.678,105.341579,427.049626,157.749299,0.00721,0.001594,0.004837,0.002545,1.08145,1.942,No Fail,150.0,100.0,46.68,0.0,0.0
1422,56.6,0.2,2660,0,45,-45,90,90,-45,Quasi-Isotropic,131699.0,10009.0,10009.0,15846.200000000004,9507.72,15846.200000000004,0.2651,0.2651,0.33472,179.728,36.896822,151.763603,55.740284,0.002568,0.000569,0.001731,0.000911,0.38513,1.014,No Fail,150.0,100.0,26.6,0.0,0.0
1423,56.7,0.2,3113,0,45,-45,90,90,-45,Quasi-Isotropic,131925.5,10020.5,10020.5,15871.9,9523.14,15871.9,0.2649499999999999,0.2649499999999999,0.33464,328.494,66.348008,276.692235,101.154931,0.004693,0.001041,0.003181,0.001674,0.70392,1.439,No Fail,150.0,100.0,31.13,0.0,0.0
1424,56.8,0.2,3509,0,45,-45,90,90,-45,Quasi-Isotropic,132152.0,10032.0,10032.0,15897.6,9538.56,15897.6,0.2648,0.2648,0.3345599999999999,360.873,71.744772,303.091518,110.420888,0.005155,0.001145,0.003513,0.001848,0.7733,1.531,No Fail,150.0,100.0,35.09,0.0,0.0
1425,56.9,0.2,2882,0,45,-45,90,90,-45,Quasi-Isotropic,132378.5,10043.5,10043.5,15923.299999999996,9553.979999999998,15923.299999999996,0.26465,0.26465,0.33448,207.297,40.592181,173.53912,63.078465,0.002961,0.000659,0.002029,0.001067,0.44421,1.092,No Fail,150.0,100.0,28.82,0.0,0.0
1426,57.0,0.2,3891,0,45,-45,90,90,-45,Quasi-Isotropic,132605.0,10055.0,10055.0,15948.999999999998,9569.399999999998,15948.999999999998,0.2644999999999999,0.2644999999999999,0.3344,423.412,81.728628,353.175813,128.238049,0.006049,0.001348,0.004168,0.00219,0.90731,1.71,No Fail,150.0,100.0,38.91,0.0,0.0
1427,57.1,0.2,2252,0,45,-45,90,90,-45,Quasi-Isotropic,132831.5,10066.500000000002,10066.500000000002,15974.700000000004,9584.820000000002,15974.700000000004,0.26435,0.26435,0.3343199999999999,209.444,39.889451,174.00483,63.194479,0.002992,0.000668,0.002073,0.001088,0.44881,1.098,No Fail,150.0,100.0,22.52,0.0,0.0
1428,57.2,0.2,2479,0,45,-45,90,90,-45,Quasi-Isotropic,133058.00000000003,10078.000000000002,10078.000000000002,16000.4,9600.24,16000.4,0.2642,0.2642,0.33424,235.081,44.225357,194.456664,70.728151,0.003358,0.000752,0.00234,0.001227,0.50374,1.172,No Fail,150.0,100.0,24.79,0.0,0.0
1429,57.3,0.2,1621,0,45,-45,90,90,-45,Quasi-Isotropic,133284.5,10089.5,10089.5,16026.1,9615.659999999998,16026.1,0.26405,0.26405,0.33416,60.0,11.163932,49.399142,18.017997,0.000857,0.000192,0.000601,0.000314,0.12857,0.671,FAIL,150.0,100.0,16.21,0.0,0.0
1430,57.4,0.2,2360,0,45,-45,90,90,-45,Quasi-Isotropic,133511.0,10101.0,10101.0,16051.799999999996,9631.079999999998,16051.799999999996,0.2639,0.2639,0.33408,168.928,31.130585,138.384869,50.682906,0.002413,0.000543,0.001701,0.000888,0.36199,0.983,FAIL,150.0,100.0,23.6,0.0,0.0
1431,57.5,0.2,2942,0,45,-45,90,90,-45,Quasi-Isotropic,133737.5,10112.5,10112.5,16077.499999999998,9646.499999999998,16077.499999999998,0.26375,0.26375,0.334,277.624,50.748491,226.216471,83.300792,0.003966,0.000894,0.002813,0.001466,0.59491,1.293,No Fail,150.0,100.0,29.42,0.0,0.0
1432,57.6,0.2,1713,0,45,-45,90,90,-45,Quasi-Isotropic,133964.00000000003,10124.000000000002,10124.000000000002,16103.200000000004,9661.920000000002,16103.200000000004,0.2636,0.2636,0.33392,99.529,18.076022,80.642588,29.895194,0.001422,0.000322,0.001014,0.000527,0.21328,0.784,FAIL,150.0,100.0,17.13,0.0,0.0
1433,57.7,0.2,1980,0,45,-45,90,90,-45,Quasi-Isotropic,134190.50000000003,10135.500000000002,10135.500000000002,16128.9,9677.34,16128.9,0.2634499999999999,0.2634499999999999,0.3338399999999999,164.066,29.65534,132.146216,49.380243,0.002344,0.000532,0.001682,0.000872,0.35157,0.969,FAIL,150.0,100.0,19.8,0.0,0.0
1434,57.8,0.2,4596,0,45,-45,90,90,-45,Quasi-Isotropic,134417.0,10147.0,10147.0,16154.6,9692.759999999998,16154.6,0.2633,0.2633,0.33376,487.619,87.875531,390.318048,147.201984,0.006966,0.001584,0.005028,0.0026,1.0449,1.893,No Fail,150.0,100.0,45.96,0.0,0.0
1435,57.9,0.2,3708,0,45,-45,90,90,-45,Quasi-Isotropic,134643.5,10158.5,10158.5,16180.299999999996,9708.179999999998,16180.299999999996,0.26315,0.26315,0.33368,341.819,61.528481,271.846607,103.593333,0.004883,0.001114,0.003545,0.001827,0.73247,1.477,No Fail,150.0,100.0,37.08,0.0,0.0
1436,58.0,0.2,4282,0,45,-45,90,90,-45,Quasi-Isotropic,134870.0,10170.0,10170.0,16205.999999999998,9723.6,16205.999999999998,0.263,0.263,0.3336,377.575,68.009952,298.274563,114.98225,0.005394,0.001234,0.003939,0.002024,0.80909,1.579,No Fail,150.0,100.0,42.82,0.0,0.0
1437,58.1,0.2,4237,0,45,-45,90,90,-45,Quasi-Isotropic,135096.5,10181.5,10181.5,16231.7,9739.02,16231.7,0.26285,0.26285,0.33352,349.676,63.141793,274.326553,107.091959,0.004995,0.001147,0.003668,0.001879,0.74931,1.499,No Fail,150.0,100.0,42.37,0.0,0.0
1438,58.2,0.2,3406,0,45,-45,90,90,-45,Quasi-Isotropic,135323.00000000003,10193.000000000002,10193.000000000002,16257.4,9754.44,16257.4,0.2627,0.2627,0.3334399999999999,325.604,59.047362,253.625666,100.367927,0.004651,0.001071,0.003435,0.001753,0.69772,1.43,No Fail,150.0,100.0,34.06,0.0,0.0
1439,58.3,0.2,4694,0,45,-45,90,90,-45,Quasi-Isotropic,135549.5,10204.5,10204.5,16283.1,9769.86,16283.1,0.26255,0.26255,0.33336,465.163,84.864928,359.692674,144.428185,0.006645,0.001536,0.004934,0.002509,0.99678,1.829,No Fail,150.0,100.0,46.94,0.0,0.0
1440,58.4,0.2,2859,0,45,-45,90,90,-45,Quasi-Isotropic,135776.0,10216.0,10216.0,16308.799999999996,9785.28,16308.799999999996,0.2624,0.2624,0.33328,242.833,44.64377,186.375213,75.997252,0.003469,0.000805,0.00259,0.001312,0.52036,1.194,No Fail,150.0,100.0,28.59,0.0,0.0
1441,58.5,0.2,2616,0,45,-45,90,90,-45,Quasi-Isotropic,136002.5,10227.5,10227.5,16334.499999999998,9800.7,16334.499999999998,0.26225,0.26225,0.3332,252.351,46.823337,192.212015,79.654997,0.003605,0.000839,0.002706,0.001365,0.54075,1.221,No Fail,150.0,100.0,26.16,0.0,0.0
1442,58.6,0.2,4635,0,45,-45,90,90,-45,Quasi-Isotropic,136229.0,10239.0,10239.0,16360.2,9816.12,16360.2,0.2621,0.2621,0.3331199999999999,489.939,91.881134,370.308769,156.0678,0.006999,0.001635,0.00528,0.002654,1.04987,1.9,No Fail,150.0,100.0,46.35,0.0,0.0
1443,58.7,0.2,1705,0,45,-45,90,90,-45,Quasi-Isotropic,136455.50000000003,10250.500000000002,10250.500000000002,16385.9,9831.54,16385.9,0.2619499999999999,0.2619499999999999,0.33304,71.184,13.51011,53.384243,22.894566,0.001017,0.000239,0.000771,0.000386,0.15254,0.703,FAIL,150.0,100.0,17.05,0.0,0.0
1444,58.8,0.2,3353,0,45,-45,90,90,-45,Quasi-Isotropic,136682.0,10262.0,10262.0,16411.6,9846.96,16411.6,0.2618,0.2618,0.33296,243.378,46.800715,181.089868,79.066888,0.003477,0.000819,0.002649,0.001321,0.52152,1.195,No Fail,150.0,100.0,33.53,0.0,0.0
1445,58.9,0.2,4999,0,45,-45,90,90,-45,Quasi-Isotropic,136908.5,10273.5,10273.5,16437.3,9862.38,16437.3,0.26165,0.26165,0.33288,467.813,91.237671,345.344237,153.568509,0.006683,0.00158,0.005114,0.002539,1.00246,1.837,No Fail,150.0,100.0,49.99,0.0,0.0
1446,59.0,0.2,1850,0,45,-45,90,90,-45,Quasi-Isotropic,137135.0,10285.0,10285.0,16463.0,9877.8,16463.0,0.2614999999999999,0.2614999999999999,0.3328,65.179,12.903503,47.736607,21.625985,0.000931,0.000221,0.000716,0.000354,0.13967,0.686,FAIL,150.0,100.0,18.5,0.0,0.0
1447,59.1,0.2,2433,0,45,-45,90,90,-45,Quasi-Isotropic,137361.5,10296.5,10296.5,16488.7,9893.22,16488.7,0.2613499999999999,0.2613499999999999,0.33272,173.118,34.812683,125.793733,58.068309,0.002473,0.000589,0.001909,0.00094,0.37097,0.995,FAIL,150.0,100.0,24.33,0.0,0.0
1448,59.2,0.2,4710,0,45,-45,90,90,-45,Quasi-Isotropic,137588.00000000003,10308.000000000002,10308.000000000002,16514.4,9908.64,16514.4,0.2612,0.2612,0.33264,427.295,87.326426,308.062579,144.914874,0.006104,0.00146,0.004731,0.002319,0.91563,1.721,No Fail,150.0,100.0,47.1,0.0,0.0
1449,59.3,0.2,4987,0,45,-45,90,90,-45,Quasi-Isotropic,137814.5,10319.5,10319.5,16540.1,9924.06,16540.1,0.26105,0.26105,0.3325599999999999,551.776,114.646665,394.732033,189.219224,0.007883,0.001893,0.006134,0.002992,1.18238,2.077,No Fail,150.0,100.0,49.87,0.0,0.0
1450,59.4,0.2,4463,0,45,-45,90,90,-45,Quasi-Isotropic,138041.0,10331.0,10331.0,16565.8,9939.48,16565.8,0.2609,0.2609,0.33248,469.203,99.135884,333.100781,162.697196,0.006703,0.001616,0.005234,0.002542,1.00543,1.841,No Fail,150.0,100.0,44.63,0.0,0.0
1451,59.5,0.2,2742,0,45,-45,90,90,-45,Quasi-Isotropic,138267.5,10342.5,10342.5,16591.5,9954.9,16591.5,0.26075,0.26075,0.3324,193.331,41.540223,136.223323,67.781095,0.002762,0.000669,0.002164,0.001046,0.41428,1.052,No Fail,150.0,100.0,27.42,0.0,0.0
1452,59.6,0.2,4458,0,45,-45,90,90,-45,Quasi-Isotropic,138494.0,10354.0,10354.0,16617.2,9970.32,16617.2,0.2606,0.2606,0.33232,394.286,86.146893,275.784085,139.749322,0.005633,0.00137,0.004428,0.002131,0.8449,1.627,No Fail,150.0,100.0,44.58,0.0,0.0
1453,59.7,0.2,3574,0,45,-45,90,90,-45,Quasi-Isotropic,138720.5,10365.5,10365.5,16642.9,9985.74,16642.9,0.26045,0.26045,0.33224,367.726,81.680529,255.37347,131.73803,0.005253,0.001282,0.004141,0.001985,0.78798,1.551,No Fail,150.0,100.0,35.74,0.0,0.0
1454,59.8,0.2,3942,0,45,-45,90,90,-45,Quasi-Isotropic,138947.0,10377.0,10377.0,16668.6,10001.159999999998,16668.6,0.2603,0.2603,0.33216,336.258,75.907154,231.908287,121.730712,0.004804,0.001178,0.003797,0.001812,0.72055,1.461,No Fail,150.0,100.0,39.42,0.0,0.0
1455,59.9,0.2,1599,0,45,-45,90,90,-45,Quasi-Isotropic,139173.5,10388.5,10388.5,16694.3,10016.58,16694.3,0.26015,0.26015,0.33208,60.0,13.758652,41.105357,21.942602,0.000857,0.000211,0.000679,0.000323,0.12857,0.671,FAIL,150.0,100.0,15.99,0.0,0.0
1456,60.0,0.2,4816,0,45,-45,90,90,-45,Quasi-Isotropic,139400.0,10400.0,10400.0,16720.0,10032.0,16720.0,0.26,0.26,0.332,453.907,105.671379,308.987861,167.633008,0.006484,0.001603,0.005148,0.002435,0.97266,1.797,No Fail,150.0,100.0,48.16,0.0,0.0
1457,60.1,0.2,3471,0,45,-45,90,90,-45,Quasi-Isotropic,139626.5,10411.5,10411.5,16745.7,10047.42,16745.7,0.25985,0.25985,0.33192,308.873,72.95316,208.986323,115.147377,0.004412,0.001095,0.00351,0.001652,0.66187,1.382,No Fail,150.0,100.0,34.71,0.0,0.0
1458,60.2,0.2,4958,0,45,-45,90,90,-45,Quasi-Isotropic,139853.0,10423.0,10423.0,16771.4,10062.84,16771.4,0.2597,0.2597,0.33184,532.375,127.474605,358.151495,200.253241,0.007605,0.001896,0.006059,0.00284,1.1408,2.021,No Fail,150.0,100.0,49.58,0.0,0.0
1459,60.3,0.2,3223,0,45,-45,90,90,-45,Quasi-Isotropic,140079.5,10434.5,10434.5,16797.1,10078.259999999998,16797.1,0.25955,0.25955,0.33176,240.94,58.437163,161.223506,91.400186,0.003442,0.000862,0.002746,0.001282,0.5163,1.188,No Fail,150.0,100.0,32.23,0.0,0.0
1460,60.4,0.2,3217,0,45,-45,90,90,-45,Quasi-Isotropic,140306.0,10446.0,10446.0,16822.8,10093.679999999998,16822.8,0.2594,0.2594,0.33168,308.897,75.817286,205.671159,118.113675,0.004413,0.001109,0.003525,0.001638,0.66192,1.383,No Fail,150.0,100.0,32.17,0.0,0.0
1461,60.5,0.2,2314,0,45,-45,90,90,-45,Quasi-Isotropic,140532.5,10457.5,10457.5,16848.5,10109.1,16848.5,0.25925,0.25925,0.3316,226.871,56.296228,150.369233,87.391829,0.003241,0.000818,0.002591,0.001199,0.48615,1.148,No Fail,150.0,100.0,23.14,0.0,0.0
1462,60.6,0.2,3343,0,45,-45,90,90,-45,Quasi-Isotropic,140759.0,10469.0,10469.0,16874.2,10124.52,16874.2,0.2591,0.2591,0.33152,334.851,83.915809,221.024974,129.865029,0.004784,0.001212,0.003826,0.001763,0.71754,1.457,No Fail,150.0,100.0,33.43,0.0,0.0
1463,60.7,0.2,4713,0,45,-45,90,90,-45,Quasi-Isotropic,140985.5,10480.5,10480.5,16899.9,10139.94,16899.9,0.25895,0.25895,0.3314399999999999,525.434,132.839194,345.553853,205.040074,0.007506,0.00191,0.006005,0.002756,1.12593,2.001,No Fail,150.0,100.0,47.13,0.0,0.0
1464,60.8,0.2,1957,0,45,-45,90,90,-45,Quasi-Isotropic,141212.0,10492.0,10492.0,16925.6,10155.36,16925.6,0.2588,0.2588,0.33136,170.63,43.469465,111.857884,66.953955,0.002438,0.000623,0.00195,0.000891,0.36564,0.988,FAIL,150.0,100.0,19.57,0.0,0.0
1465,60.9,0.2,4716,0,45,-45,90,90,-45,Quasi-Isotropic,141438.5,10503.5,10503.5,16951.3,10170.78,16951.3,0.25865,0.25865,0.33128,439.855,112.784169,287.572271,173.436857,0.006284,0.001612,0.005025,0.002288,0.94255,1.757,No Fail,150.0,100.0,47.16,0.0,0.0
1466,61.0,0.2,2633,0,45,-45,90,90,-45,Quasi-Isotropic,141665.0,10515.0,10515.0,16977.0,10186.2,16977.0,0.2584999999999999,0.2584999999999999,0.3312,174.593,45.003958,113.896142,69.130896,0.002494,0.000642,0.001993,0.000904,0.37413,0.999,FAIL,150.0,100.0,26.33,0.0,0.0
1467,61.1,0.2,3553,0,45,-45,90,90,-45,Quasi-Isotropic,141891.5,10526.5,10526.5,17002.7,10201.62,17002.7,0.2583499999999999,0.2583499999999999,0.3311199999999999,383.746,99.31572,249.915943,152.474849,0.005482,0.001417,0.004378,0.001978,0.82231,1.596,No Fail,150.0,100.0,35.53,0.0,0.0
1468,61.2,0.2,4210,0,45,-45,90,90,-45,Quasi-Isotropic,142118.0,10538.0,10538.0,17028.4,10217.04,17028.4,0.2582,0.2582,0.33104,355.167,92.175178,231.034854,141.509532,0.005074,0.001316,0.004047,0.001822,0.76107,1.515,No Fail,150.0,100.0,42.1,0.0,0.0
1469,61.3,0.2,4512,0,45,-45,90,90,-45,Quasi-Isotropic,142344.5,10549.5,10549.5,17054.1,10232.46,17054.1,0.25805,0.25805,0.33096,399.903,103.942903,259.970323,159.65838,0.005713,0.001488,0.004551,0.002041,0.85694,1.643,No Fail,150.0,100.0,45.12,0.0,0.0
1470,61.4,0.2,2808,0,45,-45,90,90,-45,Quasi-Isotropic,142571.0,10561.0,10561.0,17079.8,10247.88,17079.8,0.2579,0.2579,0.33088,181.641,47.223859,118.069582,72.613411,0.002595,0.000678,0.002064,0.000922,0.38923,1.019,No Fail,150.0,100.0,28.08,0.0,0.0
1471,61.5,0.2,2885,0,45,-45,90,90,-45,Quasi-Isotropic,142797.5,10572.5,10572.5,17105.5,10263.3,17105.5,0.25775,0.25775,0.3308,193.119,50.156606,125.584261,77.245588,0.002759,0.000724,0.00219,0.000975,0.41383,1.052,No Fail,150.0,100.0,28.85,0.0,0.0
1472,61.6,0.2,2556,0,45,-45,90,90,-45,Quasi-Isotropic,143024.0,10584.0,10584.0,17131.2,10278.72,17131.2,0.2576,0.2576,0.33072,254.618,65.977811,165.735477,101.826878,0.003637,0.000958,0.00288,0.001279,0.54561,1.227,No Fail,150.0,100.0,25.56,0.0,0.0
1473,61.7,0.2,2051,0,45,-45,90,90,-45,Quasi-Isotropic,143250.5,10595.5,10595.5,17156.9,10294.14,17156.9,0.25745,0.25745,0.33064,189.777,49.001867,123.712655,75.826453,0.002711,0.000716,0.002142,0.000948,0.40667,1.042,No Fail,150.0,100.0,20.51,0.0,0.0
1474,61.8,0.2,4271,0,45,-45,90,90,-45,Quasi-Isotropic,143477.0,10607.0,10607.0,17182.6,10309.56,17182.6,0.2573,0.2573,0.3305599999999999,358.731,92.184894,234.319483,143.097015,0.005125,0.001359,0.004038,0.001781,0.76871,1.525,No Fail,150.0,100.0,42.71,0.0,0.0
1475,61.9,0.2,3772,0,45,-45,90,90,-45,Quasi-Isotropic,143703.5,10618.5,10618.5,17208.3,10324.98,17208.3,0.25715,0.25715,0.33048,297.376,75.960831,194.730856,118.341049,0.004248,0.00113,0.003337,0.001468,0.63723,1.35,No Fail,150.0,100.0,37.72,0.0,0.0
1476,62.0,0.2,4891,0,45,-45,90,90,-45,Quasi-Isotropic,143930.0,10630.0,10630.0,17234.0,10340.4,17234.0,0.257,0.257,0.3304,525.968,133.388815,345.455854,208.662235,0.007514,0.002005,0.005884,0.002581,1.12707,2.003,No Fail,150.0,100.0,48.91,0.0,0.0
1477,62.1,0.2,4751,0,45,-45,90,90,-45,Quasi-Isotropic,144156.5,10641.5,10641.5,17259.7,10355.82,17259.7,0.25685,0.25685,0.33032,446.888,112.391493,294.54041,176.616204,0.006384,0.001709,0.004982,0.002179,0.95762,1.777,No Fail,150.0,100.0,47.51,0.0,0.0
1478,62.2,0.2,2281,0,45,-45,90,90,-45,Quasi-Isotropic,144383.0,10653.0,10653.0,17285.4,10371.24,17285.4,0.2567,0.2567,0.33024,139.321,34.70901,92.188538,54.814363,0.00199,0.000534,0.001547,0.000675,0.29854,0.898,FAIL,150.0,100.0,22.81,0.0,0.0
1479,62.3,0.2,2114,0,45,-45,90,90,-45,Quasi-Isotropic,144609.5,10664.5,10664.5,17311.1,10386.659999999998,17311.1,0.25655,0.25655,0.33016,142.974,35.246073,95.022067,55.961197,0.002042,0.00055,0.001582,0.000688,0.30637,0.908,FAIL,150.0,100.0,21.14,0.0,0.0
1480,62.4,0.2,3910,0,45,-45,90,90,-45,Quasi-Isotropic,144836.0,10676.0,10676.0,17336.8,10402.08,17336.8,0.2564,0.2564,0.33008,392.351,95.613156,262.019145,152.676395,0.005605,0.001514,0.004324,0.001877,0.84075,1.621,No Fail,150.0,100.0,39.1,0.0,0.0
1481,62.5,0.2,4051,0,45,-45,90,90,-45,Quasi-Isotropic,145062.5,10687.5,10687.5,17362.5,10417.5,17362.5,0.25625,0.25625,0.33,430.827,103.686826,289.21843,166.568356,0.006155,0.001667,0.004728,0.002048,0.9232,1.731,No Fail,150.0,100.0,40.51,0.0,0.0
1482,62.6,0.2,4820,0,45,-45,90,90,-45,Quasi-Isotropic,145289.0,10699.0,10699.0,17388.2,10432.92,17388.2,0.2561,0.2561,0.32992,424.599,100.831629,286.635655,163.003815,0.006066,0.001647,0.004638,0.002005,0.90985,1.713,No Fail,150.0,100.0,48.2,0.0,0.0
1483,62.7,0.2,4980,0,45,-45,90,90,-45,Quasi-Isotropic,145515.5,10710.5,10710.5,17413.9,10448.34,17413.9,0.25595,0.25595,0.32984,510.607,119.551638,346.75161,194.529028,0.007294,0.001986,0.005552,0.002395,1.09416,1.959,No Fail,150.0,100.0,49.8,0.0,0.0
1484,62.8,0.2,1613,0,45,-45,90,90,-45,Quasi-Isotropic,145742.0,10722.0,10722.0,17439.6,10463.759999999998,17439.6,0.2558,0.2558,0.32976,60.0,13.840855,41.001912,22.672095,0.000857,0.000234,0.000649,0.00028,0.12857,0.671,FAIL,150.0,100.0,16.13,0.0,0.0
1485,62.9,0.2,4724,0,45,-45,90,90,-45,Quasi-Isotropic,145968.5,10733.5,10733.5,17465.3,10479.179999999998,17465.3,0.25565,0.25565,0.32968,454.549,103.245033,312.667915,170.27208,0.006494,0.001777,0.004894,0.002104,0.97403,1.799,No Fail,150.0,100.0,47.24,0.0,0.0
1486,63.0,0.2,2273,0,45,-45,90,90,-45,Quasi-Isotropic,146195.0,10745.0,10745.0,17491.0,10494.6,17491.0,0.2555,0.2555,0.3296,116.672,26.080246,80.804441,43.306032,0.001667,0.000457,0.00125,0.000537,0.25001,0.833,FAIL,150.0,100.0,22.73,0.0,0.0
1487,63.1,0.2,4778,0,45,-45,90,90,-45,Quasi-Isotropic,146421.5,10756.5,10756.5,17516.7,10510.02,17516.7,0.2553499999999999,0.2553499999999999,0.32952,465.543,102.374303,324.711707,171.149565,0.006651,0.001828,0.004961,0.002127,0.99759,1.83,No Fail,150.0,100.0,47.78,0.0,0.0
1488,63.2,0.2,4109,0,45,-45,90,90,-45,Quasi-Isotropic,146648.0,10768.0,10768.0,17542.4,10525.44,17542.4,0.2552,0.2552,0.3294399999999999,436.167,94.330733,306.444096,158.758975,0.006231,0.001716,0.004622,0.001979,0.93464,1.746,No Fail,150.0,100.0,41.09,0.0,0.0
1489,63.3,0.2,4938,0,45,-45,90,90,-45,Quasi-Isotropic,146874.5,10779.5,10779.5,17568.1,10540.86,17568.1,0.25505,0.25505,0.32936,524.04,111.448581,370.937735,188.788736,0.007486,0.002066,0.005523,0.002362,1.12294,1.997,No Fail,150.0,100.0,49.38,0.0,0.0
1490,63.4,0.2,4599,0,45,-45,90,90,-45,Quasi-Isotropic,147101.0,10791.0,10791.0,17593.8,10556.28,17593.8,0.2549,0.2549,0.32928,491.688,102.827823,350.694659,175.269741,0.007024,0.001942,0.005153,0.002202,1.05362,1.905,No Fail,150.0,100.0,45.99,0.0,0.0
1491,63.5,0.2,3981,0,45,-45,90,90,-45,Quasi-Isotropic,147327.5,10802.5,10802.5,17619.5,10571.7,17619.5,0.25475,0.25475,0.3292,427.119,87.850852,307.003476,150.617595,0.006102,0.00169,0.004451,0.001901,0.91525,1.72,No Fail,150.0,100.0,39.81,0.0,0.0
1492,63.6,0.2,4603,0,45,-45,90,90,-45,Quasi-Isotropic,147554.0,10814.0,10814.0,17645.2,10587.12,17645.2,0.2546,0.2546,0.3291199999999999,435.702,88.164623,315.629693,151.969078,0.006224,0.001726,0.004514,0.001926,0.93365,1.745,No Fail,150.0,100.0,46.03,0.0,0.0
1493,63.7,0.2,2428,0,45,-45,90,90,-45,Quasi-Isotropic,147780.5,10825.5,10825.5,17670.9,10602.54,17670.9,0.25445,0.25445,0.32904,197.794,39.393616,144.418103,68.229764,0.002826,0.000785,0.002038,0.000869,0.42384,1.065,No Fail,150.0,100.0,24.28,0.0,0.0
1494,63.8,0.2,1737,0,45,-45,90,90,-45,Quasi-Isotropic,148007.0,10837.0,10837.0,17696.6,10617.96,17696.6,0.2542999999999999,0.2542999999999999,0.32896,138.529,27.172611,101.949067,47.258592,0.001979,0.00055,0.001419,0.000605,0.29685,0.896,FAIL,150.0,100.0,17.37,0.0,0.0
1495,63.9,0.2,1878,0,45,-45,90,90,-45,Quasi-Isotropic,148233.5,10848.5,10848.5,17722.3,10633.38,17722.3,0.25415,0.25415,0.32888,154.576,29.884831,114.662179,52.152457,0.002208,0.000615,0.001574,0.000671,0.33123,0.942,FAIL,150.0,100.0,18.78,0.0,0.0
1496,64.0,0.2,2851,0,45,-45,90,90,-45,Quasi-Isotropic,148460.0,10860.0,10860.0,17748.0,10648.8,17748.0,0.254,0.254,0.3288,301.94,57.591315,225.747987,100.760249,0.004313,0.001202,0.003056,0.001302,0.64701,1.363,No Fail,150.0,100.0,28.51,0.0,0.0
1497,64.1,0.2,4892,0,45,-45,90,90,-45,Quasi-Isotropic,148686.49999999997,10871.499999999998,10871.499999999998,17773.699999999997,10664.219999999998,17773.699999999997,0.25385,0.25385,0.32872,459.113,86.488934,345.959932,151.564669,0.006559,0.00183,0.00462,0.001968,0.98381,1.812,No Fail,150.0,100.0,48.92,0.0,0.0
1498,64.2,0.2,3226,0,45,-45,90,90,-45,Quasi-Isotropic,148913.0,10883.0,10883.0,17799.4,10679.64,17799.4,0.2537,0.2537,0.32864,240.948,44.885926,182.978076,78.70759,0.003442,0.000961,0.00241,0.001027,0.51632,1.188,No Fail,150.0,100.0,32.26,0.0,0.0
1499,64.3,0.2,3411,0,45,-45,90,90,-45,Quasi-Isotropic,149139.5,10894.5,10894.5,17825.1,10695.06,17825.1,0.25355,0.25355,0.3285599999999999,323.885,59.748181,247.851568,104.721431,0.004627,0.001293,0.003221,0.001373,0.69404,1.425,No Fail,150.0,100.0,34.11,0.0,0.0
1500,64.4,0.2,3178,0,45,-45,90,90,-45,Quasi-Isotropic,149366.0,10906.0,10906.0,17850.8,10710.48,17850.8,0.2533999999999999,0.2533999999999999,0.32848,329.214,60.230175,253.833693,105.400449,0.004703,0.001315,0.003255,0.001388,0.70546,1.441,No Fail,150.0,100.0,31.78,0.0,0.0
1501,64.5,0.2,3778,0,30,-30,-30,30,0,Balanced,149592.5,10917.5,10917.5,17876.5,10725.9,17876.5,0.25325,0.25325,0.3284,325.207,59.101628,252.601475,103.143678,0.004646,0.0013,0.003198,0.001364,0.69687,1.429,No Fail,150.0,100.0,37.78,0.0,0.0
1502,64.6,0.2,2069,0,30,-30,-30,30,0,Balanced,149818.99999999997,10928.999999999998,10928.999999999998,17902.199999999997,10741.319999999998,17902.199999999997,0.2531,0.2531,0.32832,132.149,23.897218,103.387987,41.542711,0.001888,0.000528,0.001292,0.000552,0.28318,0.878,FAIL,150.0,100.0,20.69,0.0,0.0
1503,64.7,0.2,4460,0,30,-30,-30,30,0,Balanced,150045.5,10940.5,10940.5,17927.9,10756.74,17927.9,0.25295,0.25295,0.32824,510.694,92.057112,402.358383,159.220563,0.007296,0.002043,0.004967,0.002122,1.09434,1.959,No Fail,150.0,100.0,44.6,0.0,0.0
1504,64.8,0.2,2616,0,30,-30,-30,30,0,Balanced,150272.0,10952.0,10952.0,17953.6,10772.159999999998,17953.6,0.2528,0.2528,0.32816,250.396,45.07391,198.624521,77.474846,0.003577,0.001002,0.002422,0.001035,0.53656,1.215,No Fail,150.0,100.0,26.16,0.0,0.0
1505,64.9,0.2,1760,0,30,-30,-30,30,0,Balanced,150498.5,10963.5,10963.5,17979.3,10787.58,17979.3,0.25265,0.25265,0.32808,60.0,10.805545,47.908062,18.437142,0.000857,0.00024,0.000577,0.000247,0.12857,0.671,FAIL,150.0,100.0,17.6,0.0,0.0
1506,65.0,0.2,2814,0,30,-30,-30,30,0,Balanced,150725.0,10975.0,10975.0,18005.0,10803.0,18005.0,0.2525,0.2525,0.3279999999999999,291.144,52.552637,233.941821,88.919668,0.004159,0.001164,0.002788,0.001194,0.62388,1.332,No Fail,150.0,100.0,28.14,0.0,0.0
1507,40.0,0.2,3415,0,30,-30,-30,30,0,Balanced,94100.0,8100.0,8100.0,11580.0,6948.0,11580.0,0.29,0.29,0.348,296.017,53.650603,239.299984,89.932174,0.004229,0.001184,0.002821,0.00121,0.63432,1.346,No Fail,150.0,100.0,34.15,0.0,0.0
1508,40.1,0.2,1826,0,30,-30,-30,30,0,Balanced,94326.5,8111.5,8111.5,11605.7,6963.42,11605.7,0.28985,0.28985,0.34792,74.896,13.653497,60.895747,22.654047,0.00107,0.000299,0.00071,0.000305,0.16049,0.714,FAIL,150.0,100.0,18.26,0.0,0.0
1509,40.2,0.2,3648,0,30,-30,-30,30,0,Balanced,94553.0,8123.0,8123.0,11631.4,6978.839999999999,11631.4,0.2897,0.2897,0.34784,342.769,62.955894,280.221834,103.317566,0.004897,0.001369,0.003237,0.001391,0.73451,1.479,No Fail,150.0,100.0,36.48,0.0,0.0
1510,40.3,0.2,1608,0,30,-30,-30,30,0,Balanced,94779.5,8134.499999999999,8134.499999999999,11657.1,6994.26,11657.1,0.28955,0.28955,0.3477599999999999,99.843,18.50468,82.045325,30.018268,0.001426,0.000398,0.000939,0.000404,0.21395,0.785,FAIL,150.0,100.0,16.08,0.0,0.0
1511,40.4,0.2,2077,0,30,-30,-30,30,0,Balanced,95006.0,8146.0,8146.0,11682.8,7009.679999999999,11682.8,0.2894,0.2894,0.34768,101.016,18.919616,83.4104,30.32307,0.001443,0.000403,0.000946,0.000408,0.21646,0.789,FAIL,150.0,100.0,20.77,0.0,0.0
1512,40.5,0.2,2050,0,30,-30,-30,30,0,Balanced,95232.5,8157.5,8157.5,11708.5,7025.099999999999,11708.5,0.28925,0.28925,0.3476,104.174,19.742937,86.404434,31.252373,0.001488,0.000415,0.000972,0.000419,0.22323,0.798,FAIL,150.0,100.0,20.5,0.0,0.0
1513,40.6,0.2,2219,0,30,-30,-30,30,0,Balanced,95459.0,8169.0,8169.0,11734.2,7040.52,11734.2,0.2890999999999999,0.2890999999999999,0.34752,224.889,43.177828,187.300799,67.493274,0.003213,0.000895,0.002092,0.000904,0.48191,1.143,No Fail,150.0,100.0,22.19,0.0,0.0
1514,40.7,0.2,3940,0,30,-30,-30,30,0,Balanced,95685.5,8180.5,8180.5,11759.9,7055.94,11759.9,0.28895,0.28895,0.3474399999999999,430.526,83.825472,359.922724,129.385842,0.00615,0.001712,0.003991,0.001728,0.92256,1.73,No Fail,150.0,100.0,39.4,0.0,0.0
1515,40.8,0.2,4055,0,30,-30,-30,30,0,Balanced,95912.0,8192.0,8192.0,11785.6,7071.36,11785.6,0.2888,0.2888,0.34736,377.942,74.689766,317.039479,113.848896,0.005399,0.001501,0.003494,0.001515,0.80988,1.58,No Fail,150.0,100.0,40.55,0.0,0.0
1516,40.9,0.2,2485,0,30,-30,-30,30,0,Balanced,96138.5,8203.5,8203.5,11811.3,7086.78,11811.3,0.2886499999999999,0.2886499999999999,0.34728,237.728,47.717863,200.024498,71.84765,0.003396,0.000943,0.002192,0.000952,0.50942,1.179,No Fail,150.0,100.0,24.85,0.0,0.0
1517,41.0,0.2,1674,0,30,-30,-30,30,0,Balanced,96365.0,8215.0,8215.0,11837.0,7102.2,11837.0,0.2885,0.2885,0.3472,138.958,28.345506,117.228814,42.173939,0.001985,0.00055,0.001279,0.000556,0.29777,0.897,FAIL,150.0,100.0,16.74,0.0,0.0
1518,41.1,0.2,4439,0,30,-30,-30,30,0,Balanced,96591.5,8226.5,8226.5,11862.7,7117.62,11862.7,0.28835,0.28835,0.34712,445.333,92.353118,376.542766,135.849455,0.006362,0.00176,0.00409,0.001781,0.95428,1.772,No Fail,150.0,100.0,44.39,0.0,0.0
1519,41.2,0.2,2763,0,30,-30,-30,30,0,Balanced,96818.0,8238.0,8238.0,11888.4,7133.04,11888.4,0.2882,0.2882,0.34704,286.773,60.474091,242.9264,88.001255,0.004097,0.001132,0.00263,0.001147,0.61451,1.319,No Fail,150.0,100.0,27.63,0.0,0.0
1520,41.3,0.2,2531,0,30,-30,-30,30,0,Balanced,97044.5,8249.5,8249.5,11914.1,7148.46,11914.1,0.28805,0.28805,0.3469599999999999,223.018,47.826488,189.19514,68.8988,0.003186,0.000878,0.002042,0.000892,0.4779,1.137,No Fail,150.0,100.0,25.31,0.0,0.0
1521,41.4,0.2,3601,0,30,-30,-30,30,0,Balanced,97271.0,8261.0,8261.0,11939.8,7163.879999999999,11939.8,0.2879,0.2879,0.34688,328.28,71.588153,278.787458,102.17785,0.00469,0.00129,0.003004,0.001315,0.70346,1.438,No Fail,150.0,100.0,36.01,0.0,0.0
1522,41.5,0.2,1590,0,30,-30,-30,30,0,Balanced,97497.5,8272.5,8272.5,11965.5,7179.3,11965.5,0.28775,0.28775,0.3468,133.19,29.528956,113.183544,41.794375,0.001903,0.000522,0.001218,0.000534,0.28541,0.881,FAIL,150.0,100.0,15.9,0.0,0.0
1523,41.6,0.2,2521,0,30,-30,-30,30,0,Balanced,97724.0,8284.0,8284.0,11991.200000000004,7194.720000000001,11991.200000000004,0.2875999999999999,0.2875999999999999,0.34672,254.164,57.269888,216.038946,80.456192,0.003631,0.000995,0.002324,0.00102,0.54464,1.226,No Fail,150.0,100.0,25.21,0.0,0.0
1524,41.7,0.2,4453,0,30,-30,-30,30,0,Balanced,97950.5,8295.5,8295.5,12016.9,7210.14,12016.9,0.28745,0.28745,0.34664,508.778,116.461084,432.390277,162.558245,0.007268,0.001986,0.004652,0.002046,1.09024,1.954,No Fail,150.0,100.0,44.53,0.0,0.0
1525,41.8,0.2,2891,0,30,-30,-30,30,0,Balanced,98177.0,8307.0,8307.0,12042.6,7225.56,12042.6,0.2873,0.2873,0.34656,283.431,65.871356,240.739817,91.44689,0.004049,0.001104,0.002593,0.001142,0.60735,1.31,No Fail,150.0,100.0,28.91,0.0,0.0
1526,41.9,0.2,3814,0,30,-30,-30,30,0,Balanced,98403.5,8318.5,8318.5,12068.3,7240.98,12068.3,0.2871499999999999,0.2871499999999999,0.3464799999999999,376.892,88.874167,319.811761,122.844028,0.005384,0.001464,0.003451,0.001522,0.80763,1.577,No Fail,150.0,100.0,38.14,0.0,0.0
1527,42.0,0.2,3404,0,30,-30,-30,30,0,Balanced,98630.0,8330.0,8330.0,12094.0,7256.4,12094.0,0.287,0.287,0.3464,375.476,89.768245,318.171689,123.673906,0.005364,0.001455,0.003442,0.00152,0.80459,1.573,No Fail,150.0,100.0,34.04,0.0,0.0
1528,42.1,0.2,4599,0,30,-30,-30,30,0,Balanced,98856.5,8341.5,8341.5,12119.700000000004,7271.8200000000015,12119.700000000004,0.28685,0.28685,0.3463199999999999,514.207,124.536522,434.956103,171.200252,0.007346,0.001987,0.004721,0.002088,1.10187,1.969,No Fail,150.0,100.0,45.99,0.0,0.0
1529,42.2,0.2,3060,0,30,-30,-30,30,0,Balanced,99083.0,8353.0,8353.0,12145.4,7287.240000000001,12145.4,0.2867,0.2867,0.34624,297.042,72.811246,250.715627,99.985103,0.004243,0.001144,0.002732,0.00121,0.63652,1.349,No Fail,150.0,100.0,30.6,0.0,0.0
1530,42.3,0.2,3128,0,30,-30,-30,30,0,Balanced,99309.5,8364.5,8364.5,12171.1,7302.66,12171.1,0.2865499999999999,0.2865499999999999,0.3461599999999999,318.915,79.040916,268.48792,108.540824,0.004556,0.001225,0.00294,0.001304,0.68339,1.411,No Fail,150.0,100.0,31.28,0.0,0.0
1531,42.4,0.2,2440,0,30,-30,-30,30,0,Balanced,99536.0,8376.0,8376.0,12196.8,7318.079999999999,12196.8,0.2864,0.2864,0.34608,236.929,59.311719,198.878124,81.537371,0.003385,0.000908,0.002189,0.000973,0.50771,1.177,No Fail,150.0,100.0,24.4,0.0,0.0
1532,42.5,0.2,4133,0,30,-30,-30,30,0,Balanced,99762.5,8387.5,8387.5,12222.5,7333.5,12222.5,0.28625,0.28625,0.346,470.969,118.955979,394.017767,163.885846,0.006728,0.001798,0.004364,0.001941,1.00922,1.846,No Fail,150.0,100.0,41.33,0.0,0.0
1533,42.6,0.2,1800,0,30,-30,-30,30,0,Balanced,99989.0,8399.0,8399.0,12248.2,7348.92,12248.2,0.2861,0.2861,0.34592,100.696,25.632138,83.932371,35.426974,0.001439,0.000383,0.000936,0.000417,0.21578,0.788,FAIL,150.0,100.0,18.0,0.0,0.0
1534,42.7,0.2,3395,0,30,-30,-30,30,0,Balanced,100215.5,8410.5,8410.5,12273.9,7364.340000000001,12273.9,0.28595,0.28595,0.34584,342.461,87.751182,284.292299,121.798135,0.004892,0.001299,0.003194,0.001424,0.73385,1.478,No Fail,150.0,100.0,33.95,0.0,0.0
1535,42.8,0.2,3564,0,30,-30,-30,30,0,Balanced,100442.0,8422.0,8422.0,12299.6,7379.76,12299.6,0.2858,0.2858,0.34576,284.76,73.361302,235.351416,102.358825,0.004068,0.001077,0.002665,0.00119,0.6102,1.314,No Fail,150.0,100.0,35.64,0.0,0.0
1536,42.9,0.2,4443,0,30,-30,-30,30,0,Balanced,100668.5,8433.5,8433.5,12325.3,7395.179999999999,12325.3,0.2856499999999999,0.2856499999999999,0.34568,448.038,115.908464,368.543174,162.728084,0.006401,0.001688,0.00421,0.001882,0.96008,1.78,No Fail,150.0,100.0,44.43,0.0,0.0
1537,43.0,0.2,2965,0,30,-30,-30,30,0,Balanced,100895.0,8445.0,8445.0,12351.0,7410.599999999999,12351.0,0.2855,0.2855,0.3456,228.498,59.28608,187.002993,83.828718,0.003264,0.000858,0.002156,0.000964,0.48964,1.153,No Fail,150.0,100.0,29.65,0.0,0.0
1538,43.1,0.2,4534,0,30,-30,-30,30,0,Balanced,101121.5,8456.5,8456.5,12376.7,7426.02,12376.7,0.28535,0.28535,0.34552,461.825,120.024488,375.922852,171.076471,0.006598,0.001728,0.004377,0.00196,0.98963,1.82,No Fail,150.0,100.0,45.34,0.0,0.0
1539,43.2,0.2,4586,0,30,-30,-30,30,0,Balanced,101348.0,8468.0,8468.0,12402.4,7441.44,12402.4,0.2852,0.2852,0.3454399999999999,475.981,123.752208,385.24281,177.960755,0.0068,0.001774,0.004532,0.002032,1.01996,1.86,No Fail,150.0,100.0,45.86,0.0,0.0
1540,43.3,0.2,1776,0,30,-30,-30,30,0,Balanced,101574.5,8479.5,8479.5,12428.1,7456.86,12428.1,0.2850499999999999,0.2850499999999999,0.34536,121.81,31.642097,98.000087,45.945168,0.00174,0.000452,0.001165,0.000523,0.26102,0.848,FAIL,150.0,100.0,17.76,0.0,0.0
1541,43.4,0.2,4000,0,30,-30,-30,30,0,Balanced,101801.0,8491.0,8491.0,12453.8,7472.279999999999,12453.8,0.2849,0.2849,0.34528,348.259,90.272071,278.436606,132.453859,0.004975,0.001288,0.003348,0.001504,0.74627,1.495,No Fail,150.0,100.0,40.0,0.0,0.0
1542,43.5,0.2,4652,0,30,-30,-30,30,0,Balanced,102027.5,8502.5,8502.5,12479.5,7487.7,12479.5,0.28475,0.28475,0.3451999999999999,480.836,124.214048,381.93605,184.302707,0.006869,0.001772,0.004646,0.002089,1.03036,1.874,No Fail,150.0,100.0,46.52,0.0,0.0
1543,43.6,0.2,3871,0,30,-30,-30,30,0,Balanced,102254.0,8514.0,8514.0,12505.2,7503.12,12505.2,0.2846,0.2846,0.34512,344.936,88.694272,272.144117,133.16751,0.004928,0.001266,0.003351,0.001508,0.73915,1.486,No Fail,150.0,100.0,38.71,0.0,0.0
1544,43.7,0.2,1921,0,30,-30,-30,30,0,Balanced,102480.5,8525.5,8525.5,12530.9,7518.540000000001,12530.9,0.28445,0.28445,0.34504,121.89,31.158629,95.499389,47.368783,0.001741,0.000446,0.00119,0.000536,0.26119,0.848,FAIL,150.0,100.0,19.21,0.0,0.0
1545,43.8,0.2,2105,0,30,-30,-30,30,0,Balanced,102707.0,8537.0,8537.0,12556.6,7533.959999999999,12556.6,0.2843,0.2843,0.34496,127.834,32.448278,99.440902,49.976116,0.001826,0.000466,0.001255,0.000566,0.27393,0.865,FAIL,150.0,100.0,21.05,0.0,0.0
1546,43.9,0.2,4903,0,30,-30,-30,30,0,Balanced,102933.5,8548.5,8548.5,12582.3,7549.379999999999,12582.3,0.2841499999999999,0.2841499999999999,0.3448799999999999,451.694,113.715879,348.796734,177.529094,0.006453,0.001639,0.004462,0.002013,0.96792,1.791,No Fail,150.0,100.0,49.03,0.0,0.0
1547,44.0,0.2,1942,0,30,-30,-30,30,0,Balanced,103160.0,8560.0,8560.0,12608.0,7564.799999999999,12608.0,0.284,0.284,0.3448,100.782,25.136529,77.241972,39.794702,0.00144,0.000364,0.001001,0.000452,0.21596,0.788,FAIL,150.0,100.0,19.42,0.0,0.0
1548,44.1,0.2,4959,0,30,-30,-30,30,0,Balanced,103386.5,8571.5,8571.5,12633.7,7580.22,12633.7,0.2838499999999999,0.2838499999999999,0.3447199999999999,529.486,130.694384,402.72639,209.900728,0.007564,0.001905,0.00529,0.00239,1.13461,2.013,No Fail,150.0,100.0,49.59,0.0,0.0
1549,44.2,0.2,4990,0,30,-30,-30,30,0,Balanced,103613.0,8583.0,8583.0,12659.4,7595.639999999999,12659.4,0.2837,0.2837,0.34464,531.936,129.807623,401.470489,211.558051,0.007599,0.001906,0.005346,0.002417,1.13986,2.02,No Fail,150.0,100.0,49.9,0.0,0.0
1550,44.3,0.2,4419,0,30,-30,-30,30,0,Balanced,103839.5,8594.5,8594.5,12685.1,7611.059999999999,12685.1,0.28355,0.28355,0.34456,435.811,105.041909,326.358817,173.766978,0.006226,0.001555,0.004406,0.001994,0.93388,1.745,No Fail,150.0,100.0,44.19,0.0,0.0
1551,44.4,0.2,4688,0,30,-30,-30,30,0,Balanced,104066.0,8606.0,8606.0,12710.8,7626.48,12710.8,0.2834,0.2834,0.34448,516.171,122.771419,383.503399,206.179555,0.007374,0.001834,0.005249,0.002377,1.10608,1.975,No Fail,150.0,100.0,46.88,0.0,0.0
1552,44.5,0.2,1735,0,30,-30,-30,30,0,Balanced,104292.5,8617.5,8617.5,12736.5,7641.9,12736.5,0.28325,0.28325,0.3444,61.366,14.391975,45.23442,24.538266,0.000877,0.000217,0.000628,0.000285,0.1315,0.675,FAIL,150.0,100.0,17.35,0.0,0.0
1553,44.6,0.2,2891,0,30,-30,-30,30,0,Balanced,104519.0,8629.0,8629.0,12762.2,7657.32,12762.2,0.2831,0.2831,0.34432,273.333,63.162733,199.893167,109.333085,0.003905,0.000963,0.002812,0.001276,0.58571,1.281,No Fail,150.0,100.0,28.91,0.0,0.0
1554,44.7,0.2,2467,0,30,-30,-30,30,0,Balanced,104745.5,8640.5,8640.5,12787.9,7672.74,12787.9,0.28295,0.28295,0.34424,227.713,51.815754,165.222683,91.047854,0.003253,0.000799,0.002357,0.00107,0.48796,1.151,No Fail,150.0,100.0,24.67,0.0,0.0
1555,44.8,0.2,4557,0,30,-30,-30,30,0,Balanced,104972.0,8652.0,8652.0,12813.6,7688.159999999999,12813.6,0.2828,0.2828,0.34416,474.471,106.258365,341.579065,189.493119,0.006778,0.001658,0.004939,0.002244,1.01672,1.856,No Fail,150.0,100.0,45.57,0.0,0.0
1556,44.9,0.2,3681,0,30,-30,-30,30,0,Balanced,105198.5,8663.5,8663.5,12839.3,7703.579999999999,12839.3,0.2826499999999999,0.2826499999999999,0.3440799999999999,322.663,71.089538,230.497865,128.622281,0.004609,0.001123,0.003377,0.001536,0.69142,1.422,No Fail,150.0,100.0,36.81,0.0,0.0
1557,45.0,0.2,2969,0,30,-30,-30,30,0,Balanced,105425.0,8675.0,8675.0,12865.0,7719.0,12865.0,0.2825,0.2825,0.344,266.198,57.682112,188.715672,105.837489,0.003803,0.000923,0.002803,0.001275,0.57042,1.261,No Fail,150.0,100.0,29.69,0.0,0.0
1558,45.1,0.2,2019,0,30,-30,-30,30,0,Balanced,105651.5,8686.5,8686.5,12890.7,7734.42,12890.7,0.28235,0.28235,0.34392,160.136,34.122344,112.678174,63.457083,0.002288,0.000553,0.001695,0.000772,0.34315,0.958,FAIL,150.0,100.0,20.19,0.0,0.0
1559,45.2,0.2,4154,0,30,-30,-30,30,0,Balanced,105878.0,8698.0,8698.0,12916.4,7749.839999999999,12916.4,0.2822,0.2822,0.34384,407.365,85.357402,284.549194,160.777546,0.005819,0.0014,0.004335,0.001977,0.87292,1.664,No Fail,150.0,100.0,41.54,0.0,0.0
1560,45.3,0.2,4737,0,30,-30,-30,30,0,Balanced,106104.5,8709.5,8709.5,12942.1,7765.259999999998,12942.1,0.28205,0.28205,0.34376,436.497,89.950578,302.73725,171.46457,0.006236,0.001495,0.004671,0.002132,0.93535,1.747,No Fail,150.0,100.0,47.37,0.0,0.0
1561,45.4,0.2,1853,0,30,-30,-30,30,0,Balanced,106331.0,8721.0,8721.0,12967.799999999996,7780.6799999999985,12967.799999999996,0.2819,0.2819,0.34368,120.639,24.456795,83.096793,47.134749,0.001723,0.000411,0.001297,0.000593,0.25851,0.845,FAIL,150.0,100.0,18.53,0.0,0.0
1562,45.5,0.2,3375,0,30,-30,-30,30,0,Balanced,106557.5,8732.5,8732.5,12993.5,7796.099999999999,12993.5,0.28175,0.28175,0.3436,347.167,69.267834,237.553033,134.824995,0.00496,0.001179,0.003753,0.001716,0.74393,1.492,No Fail,150.0,100.0,33.75,0.0,0.0
1563,45.6,0.2,2938,0,30,-30,-30,30,0,Balanced,106784.0,8744.0,8744.0,13019.2,7811.52,13019.2,0.2816,0.2816,0.34352,284.875,55.974576,193.699372,109.898961,0.00407,0.000964,0.003095,0.001416,0.61045,1.314,No Fail,150.0,100.0,29.38,0.0,0.0
1564,45.7,0.2,3200,0,30,-30,-30,30,0,Balanced,107010.5,8755.5,8755.5,13044.9,7826.94,13044.9,0.28145,0.28145,0.3434399999999999,312.879,60.588232,211.465859,119.829474,0.00447,0.001054,0.003415,0.001565,0.67046,1.394,No Fail,150.0,100.0,32.0,0.0,0.0
1565,45.8,0.2,1631,0,30,-30,-30,30,0,Balanced,107237.0,8767.0,8767.0,13070.6,7842.359999999999,13070.6,0.2813,0.2813,0.34336,86.793,16.579582,58.32953,32.98177,0.00124,0.000291,0.000952,0.000436,0.18599,0.748,FAIL,150.0,100.0,16.31,0.0,0.0
1566,45.9,0.2,2003,0,30,-30,-30,30,0,Balanced,107463.5,8778.5,8778.5,13096.299999999996,7857.779999999998,13096.299999999996,0.28115,0.28115,0.34328,175.737,33.15114,117.481128,66.225191,0.002511,0.000588,0.001935,0.000889,0.37658,1.002,No Fail,150.0,100.0,20.03,0.0,0.0
1567,46.0,0.2,3928,0,30,-30,-30,30,0,Balanced,107690.0,8790.0,8790.0,13122.0,7873.2,13122.0,0.281,0.281,0.3432,376.214,70.169876,250.272319,140.524029,0.005374,0.001253,0.004159,0.001912,0.80617,1.575,No Fail,150.0,100.0,39.28,0.0,0.0
1568,46.1,0.2,4614,0,30,-30,-30,30,0,Balanced,107916.5,8801.5,8801.5,13147.7,7888.62,13147.7,0.2808499999999999,0.2808499999999999,0.34312,534.416,98.689326,353.925726,197.766697,0.007635,0.001774,0.005932,0.002731,1.14518,2.027,No Fail,150.0,100.0,46.14,0.0,0.0
1569,46.2,0.2,2332,0,30,-30,-30,30,0,Balanced,108143.0,8813.0,8813.0,13173.4,7904.039999999999,13173.4,0.2807,0.2807,0.34304,210.004,38.454078,138.51799,76.962788,0.003,0.000695,0.002339,0.001078,0.45001,1.1,No Fail,150.0,100.0,23.32,0.0,0.0
1570,46.3,0.2,4723,0,30,-30,-30,30,0,Balanced,108369.5,8824.5,8824.5,13199.1,7919.46,13199.1,0.28055,0.28055,0.34296,459.124,83.496007,301.754754,166.573015,0.006559,0.001514,0.005133,0.002369,0.98384,1.812,No Fail,150.0,100.0,47.23,0.0,0.0
1571,46.4,0.2,1571,0,30,-30,-30,30,0,Balanced,108596.0,8836.0,8836.0,13224.8,7934.879999999999,13224.8,0.2804,0.2804,0.34288,60.0,10.855356,39.312263,21.543246,0.000857,0.000197,0.000673,0.000311,0.12857,0.671,FAIL,150.0,100.0,15.71,0.0,0.0
1572,46.5,0.2,2561,0,30,-30,-30,30,0,Balanced,108822.5,8847.5,8847.5,13250.5,7950.299999999999,13250.5,0.28025,0.28025,0.3428,177.657,32.033073,116.098224,63.112379,0.002538,0.000582,0.001999,0.000925,0.38069,1.008,No Fail,150.0,100.0,25.61,0.0,0.0
1573,46.6,0.2,3221,0,30,-30,-30,30,0,Balanced,109049.0,8859.0,8859.0,13276.2,7965.72,13276.2,0.2801,0.2801,0.34272,328.48,59.133717,214.209164,115.431756,0.004693,0.001072,0.003706,0.001718,0.70389,1.439,No Fail,150.0,100.0,32.21,0.0,0.0
1574,46.7,0.2,1844,0,30,-30,-30,30,0,Balanced,109275.5,8870.5,8870.5,13301.9,7981.139999999999,13301.9,0.27995,0.27995,0.3426399999999999,102.595,18.47389,66.79826,35.658618,0.001466,0.000334,0.00116,0.000539,0.21985,0.793,FAIL,150.0,100.0,18.44,0.0,0.0
1575,46.8,0.2,1970,0,30,-30,-30,30,0,Balanced,109502.0,8882.0,8882.0,13327.6,7996.559999999999,13327.6,0.2798,0.2798,0.34256,96.783,17.463515,62.947039,33.267821,0.001383,0.000314,0.001097,0.00051,0.20739,0.777,FAIL,150.0,100.0,19.7,0.0,0.0
1576,46.9,0.2,3051,0,30,-30,-30,30,0,Balanced,109728.5,8893.5,8893.5,13353.3,8011.98,13353.3,0.2796499999999999,0.2796499999999999,0.34248,219.66,39.789285,142.788834,74.6718,0.003138,0.000711,0.002495,0.001162,0.4707,1.128,No Fail,150.0,100.0,30.51,0.0,0.0
1577,47.0,0.2,2443,0,30,-30,-30,30,0,Balanced,109955.0,8905.0,8905.0,13379.0,8027.4,13379.0,0.2794999999999999,0.2794999999999999,0.3424,161.76,29.466476,105.150754,54.385095,0.002311,0.000522,0.00184,0.000858,0.34663,0.962,FAIL,150.0,100.0,24.43,0.0,0.0
1578,47.1,0.2,3759,0,30,-30,-30,30,0,Balanced,110181.5,8916.5,8916.5,13404.7,8042.82,13404.7,0.27935,0.27935,0.3423199999999999,379.176,69.577113,246.610199,126.097265,0.005417,0.00122,0.00432,0.002019,0.81252,1.583,No Fail,150.0,100.0,37.59,0.0,0.0
1579,47.2,0.2,2240,0,30,-30,-30,30,0,Balanced,110408.0,8928.0,8928.0,13430.4,8058.24,13430.4,0.2792,0.2792,0.34224,216.543,40.088802,140.985056,71.244092,0.003093,0.000695,0.002469,0.001156,0.46402,1.119,No Fail,150.0,100.0,22.4,0.0,0.0
1580,47.3,0.2,4093,0,30,-30,-30,30,0,Balanced,110634.5,8939.5,8939.5,13456.1,8073.66,13456.1,0.27905,0.27905,0.34216,369.937,69.19828,241.236448,120.444636,0.005285,0.001184,0.004223,0.00198,0.79272,1.557,No Fail,150.0,100.0,40.93,0.0,0.0
1581,47.4,0.2,4535,0,30,-30,-30,30,0,Balanced,110861.0,8951.0,8951.0,13481.8,8089.079999999999,13481.8,0.2789,0.2789,0.34208,433.734,82.084003,283.432005,139.792774,0.006196,0.001385,0.004955,0.002328,0.92943,1.739,No Fail,150.0,100.0,45.35,0.0,0.0
1582,47.5,0.2,3303,0,30,-30,-30,30,0,Balanced,111087.5,8962.5,8962.5,13507.5,8104.5,13507.5,0.27875,0.27875,0.3419999999999999,270.786,51.909409,177.411347,86.430491,0.003868,0.000863,0.003094,0.001456,0.58026,1.274,No Fail,150.0,100.0,33.03,0.0,0.0
1583,47.6,0.2,2589,0,30,-30,-30,30,0,Balanced,111314.0,8974.0,8974.0,13533.200000000004,8119.920000000001,13533.200000000004,0.2786,0.2786,0.34192,264.175,51.350896,173.616326,83.545092,0.003774,0.00084,0.003019,0.001424,0.56609,1.255,No Fail,150.0,100.0,25.89,0.0,0.0
1584,47.7,0.2,1975,0,30,-30,-30,30,0,Balanced,111540.5,8985.5,8985.5,13558.9,8135.34,13558.9,0.27845,0.27845,0.34184,142.965,28.203677,94.293013,44.821523,0.002042,0.000454,0.001633,0.000772,0.30635,0.908,FAIL,150.0,100.0,19.75,0.0,0.0
1585,47.8,0.2,4578,0,30,-30,-30,30,0,Balanced,111767.0,8997.0,8997.0,13584.6,8150.76,13584.6,0.2783,0.2783,0.34176,427.522,85.657939,283.112411,132.957057,0.006107,0.001355,0.004882,0.002312,0.91612,1.721,No Fail,150.0,100.0,45.78,0.0,0.0
1586,47.9,0.2,2175,0,30,-30,-30,30,0,Balanced,111993.5,9008.5,9008.5,13610.3,8166.179999999999,13610.3,0.27815,0.27815,0.34168,228.361,46.495142,151.902285,70.49642,0.003262,0.000723,0.002606,0.001236,0.48935,1.152,No Fail,150.0,100.0,21.75,0.0,0.0
1587,48.0,0.2,4429,0,30,-30,-30,30,0,Balanced,112220.0,9020.0,9020.0,13636.0,8181.599999999999,13636.0,0.278,0.278,0.3416,411.158,85.102985,274.836914,126.086389,0.005874,0.0013,0.004688,0.002228,0.88105,1.675,No Fail,150.0,100.0,44.29,0.0,0.0
1588,48.1,0.2,3098,0,30,-30,-30,30,0,Balanced,112446.5,9031.5,9031.5,13661.700000000004,8197.02,13661.700000000004,0.2778499999999999,0.2778499999999999,0.34152,316.858,66.689457,212.925154,96.601628,0.004527,0.001,0.003608,0.001719,0.67898,1.405,No Fail,150.0,100.0,30.98,0.0,0.0
1589,48.2,0.2,3966,0,30,-30,-30,30,0,Balanced,112673.0,9043.0,9043.0,13687.4,8212.44,13687.4,0.2777,0.2777,0.34144,342.072,73.21616,231.173034,103.768354,0.004887,0.001079,0.003889,0.001856,0.73301,1.477,No Fail,150.0,100.0,39.66,0.0,0.0
1590,48.3,0.2,4382,0,30,-30,-30,30,0,Balanced,112899.5,9054.5,9054.5,13713.1,8227.86,13713.1,0.27755,0.27755,0.34136,475.645,103.525411,323.37772,143.695717,0.006795,0.001498,0.005397,0.002582,1.01924,1.859,No Fail,150.0,100.0,43.82,0.0,0.0
1591,48.4,0.2,3724,0,30,-30,-30,30,0,Balanced,113126.0,9066.0,9066.0,13738.8,8243.279999999999,13738.8,0.2774,0.2774,0.34128,363.57,80.453488,248.748896,109.487293,0.005194,0.001144,0.004117,0.001974,0.77908,1.539,No Fail,150.0,100.0,37.24,0.0,0.0
1592,48.5,0.2,1607,0,30,-30,-30,30,0,Balanced,113352.5,9077.5,9077.5,13764.5,8258.699999999999,13764.5,0.27725,0.27725,0.3412,144.87,32.582949,99.775492,43.529364,0.00207,0.000456,0.001637,0.000786,0.31044,0.914,FAIL,150.0,100.0,16.07,0.0,0.0
1593,48.6,0.2,3579,0,30,-30,-30,30,0,Balanced,113579.0,9089.0,9089.0,13790.2,8274.12,13790.2,0.2771,0.2771,0.34112,362.042,82.72487,251.067539,108.645801,0.005172,0.001138,0.004079,0.001964,0.77581,1.534,No Fail,150.0,100.0,35.79,0.0,0.0
1594,48.7,0.2,4547,0,30,-30,-30,30,0,Balanced,113805.5,9100.5,9100.5,13815.9,8289.54,13815.9,0.27695,0.27695,0.34104,508.506,117.977798,355.152675,152.555197,0.007264,0.001598,0.005713,0.002756,1.08966,1.953,No Fail,150.0,100.0,45.47,0.0,0.0
1595,48.8,0.2,2724,0,30,-30,-30,30,0,Balanced,114032.0,9112.0,9112.0,13841.6,8304.96,13841.6,0.2768,0.2768,0.34096,227.297,53.510924,159.914728,68.238498,0.003247,0.000714,0.002546,0.001231,0.48707,1.149,No Fail,150.0,100.0,27.24,0.0,0.0
1596,48.9,0.2,4631,0,30,-30,-30,30,0,Balanced,114258.5,9123.5,9123.5,13867.3,8320.38,13867.3,0.2766499999999999,0.2766499999999999,0.34088,520.868,124.336299,369.210116,156.636678,0.007441,0.001637,0.005815,0.002818,1.11615,1.988,No Fail,150.0,100.0,46.31,0.0,0.0
1597,49.0,0.2,3911,0,30,-30,-30,30,0,Balanced,114485.0,9135.0,9135.0,13893.0,8335.8,13893.0,0.2764999999999999,0.2764999999999999,0.3408,356.414,86.195935,254.574123,107.465565,0.005092,0.00112,0.003965,0.001925,0.76374,1.518,No Fail,150.0,100.0,39.11,0.0,0.0
1598,49.1,0.2,2853,0,30,-30,-30,30,0,Balanced,114711.5,9146.5,9146.5,13918.7,8351.22,13918.7,0.27635,0.27635,0.34072,281.557,68.923505,202.669742,85.199758,0.004022,0.000885,0.00312,0.001518,0.60334,1.304,No Fail,150.0,100.0,28.53,0.0,0.0
1599,49.2,0.2,3503,0,30,-30,-30,30,0,Balanced,114938.0,9158.0,9158.0,13944.4,8366.640000000001,13944.4,0.2762,0.2762,0.34064,378.839,93.778317,274.838148,115.154073,0.005412,0.001192,0.004181,0.002039,0.8118,1.582,No Fail,150.0,100.0,35.03,0.0,0.0
1600,49.3,0.2,4500,0,30,-30,-30,30,0,Balanced,115164.5,9169.5,9169.5,13970.1,8382.06,13970.1,0.27605,0.27605,0.34056,403.406,100.876146,294.977178,123.281501,0.005763,0.00127,0.004434,0.002166,0.86444,1.653,No Fail,150.0,100.0,45.0,0.0,0.0
1601,49.4,0.2,3872,0,30,-30,-30,30,0,Balanced,115391.0,9181.0,9181.0,13995.8,8397.48,13995.8,0.2759,0.2759,0.34048,364.294,91.923243,268.493218,112.020391,0.005204,0.001148,0.003986,0.001952,0.78063,1.541,No Fail,150.0,100.0,38.72,0.0,0.0
1602,49.5,0.2,2933,0,30,-30,-30,30,0,Balanced,115617.5,9192.5,9192.5,14021.5,8412.9,14021.5,0.27575,0.27575,0.3404,293.688,74.695733,218.173514,90.940408,0.004196,0.000926,0.003199,0.001569,0.62933,1.339,No Fail,150.0,100.0,29.33,0.0,0.0
1603,49.6,0.2,4231,0,30,-30,-30,30,0,Balanced,115844.0,9204.0,9204.0,14047.2,8428.32,14047.2,0.2756,0.2756,0.3403199999999999,488.587,125.106559,365.830241,152.457773,0.00698,0.001543,0.005297,0.002603,1.04697,1.896,No Fail,150.0,100.0,42.31,0.0,0.0
1604,49.7,0.2,1531,0,30,-30,-30,30,0,Balanced,116070.5,9215.5,9215.5,14072.9,8443.74,14072.9,0.27545,0.27545,0.34024,60.0,15.448858,45.277929,18.879063,0.000857,0.00019,0.000647,0.000319,0.12857,0.671,FAIL,150.0,100.0,15.31,0.0,0.0
1605,49.8,0.2,3766,0,30,-30,-30,30,0,Balanced,116297.0,9227.0,9227.0,14098.6,8459.16,14098.6,0.2753,0.2753,0.34016,317.64,82.139958,241.564199,100.842133,0.004538,0.001006,0.003409,0.001682,0.68066,1.408,No Fail,150.0,100.0,37.66,0.0,0.0
1606,49.9,0.2,1530,0,30,-30,-30,30,0,Balanced,116523.5,9238.5,9238.5,14124.3,8474.58,14124.3,0.27515,0.27515,0.34008,74.989,19.451343,57.465954,24.033029,0.001071,0.000238,0.0008,0.000395,0.16069,0.714,FAIL,150.0,100.0,15.3,0.0,0.0
1607,50.0,0.2,4318,0,30,-30,-30,30,0,Balanced,116750.0,9250.0,9250.0,14150.0,8490.0,14150.0,0.275,0.275,0.3399999999999999,470.242,122.196506,363.072423,152.206183,0.006718,0.001494,0.004994,0.002471,1.00766,1.844,No Fail,150.0,100.0,43.18,0.0,0.0
1608,50.1,0.2,4885,0,30,-30,-30,30,0,Balanced,116976.5,9261.5,9261.5,14175.7,8505.42,14175.7,0.27485,0.27485,0.33992,534.97,139.091698,416.095593,174.946354,0.007642,0.001703,0.00565,0.0028,1.14636,2.028,No Fail,150.0,100.0,48.85,0.0,0.0
1609,50.2,0.2,2983,0,30,-30,-30,30,0,Balanced,117203.0,9273.0,9273.0,14201.4,8520.84,14201.4,0.2747,0.2747,0.33984,252.914,65.709337,198.13072,83.58842,0.003613,0.000807,0.002656,0.001318,0.54196,1.223,No Fail,150.0,100.0,29.83,0.0,0.0
1610,50.3,0.2,2720,0,30,-30,-30,30,0,Balanced,117429.5,9284.5,9284.5,14227.1,8536.26,14227.1,0.27455,0.27455,0.33976,253.345,65.689873,199.857647,84.641846,0.003619,0.00081,0.002646,0.001315,0.54288,1.224,No Fail,150.0,100.0,27.2,0.0,0.0
1611,50.4,0.2,3133,0,30,-30,-30,30,0,Balanced,117656.0,9296.0,9296.0,14252.8,8551.679999999998,14252.8,0.2744,0.2744,0.33968,321.062,82.977472,254.995379,108.450578,0.004587,0.001029,0.003334,0.001659,0.68799,1.417,No Fail,150.0,100.0,31.33,0.0,0.0
1612,50.5,0.2,4385,0,30,-30,-30,30,0,Balanced,117882.5,9307.5,9307.5,14278.5,8567.1,14278.5,0.27425,0.27425,0.3396,425.194,109.396482,339.909028,145.224635,0.006074,0.001365,0.00439,0.002186,0.91113,1.715,No Fail,150.0,100.0,43.85,0.0,0.0
1613,50.6,0.2,1858,0,30,-30,-30,30,0,Balanced,118109.0,9319.0,9319.0,14304.2,8582.52,14304.2,0.2741,0.2741,0.33952,142.078,36.346006,114.294134,49.068227,0.00203,0.000458,0.001458,0.000727,0.30445,0.906,FAIL,150.0,100.0,18.58,0.0,0.0
1614,50.7,0.2,3818,0,30,-30,-30,30,0,Balanced,118335.5,9330.5,9330.5,14329.9,8597.939999999999,14329.9,0.2739499999999999,0.2739499999999999,0.3394399999999999,374.648,95.180333,303.196406,130.827343,0.005352,0.001209,0.003823,0.001907,0.80282,1.57,No Fail,150.0,100.0,38.18,0.0,0.0
1615,50.8,0.2,2810,0,30,-30,-30,30,0,Balanced,118562.0,9342.0,9342.0,14355.6,8613.36,14355.6,0.2738,0.2738,0.33936,205.782,51.85848,167.489125,72.650292,0.00294,0.000666,0.002088,0.001042,0.44096,1.088,No Fail,150.0,100.0,28.1,0.0,0.0
1616,50.9,0.2,3632,0,30,-30,-30,30,0,Balanced,118788.5,9353.5,9353.5,14381.3,8628.779999999999,14381.3,0.2736499999999999,0.2736499999999999,0.33928,334.026,83.4052,273.342218,119.204245,0.004772,0.001085,0.003369,0.001682,0.71577,1.454,No Fail,150.0,100.0,36.32,0.0,0.0
1617,51.0,0.2,1878,0,30,-30,-30,30,0,Balanced,119015.0,9365.0,9365.0,14407.0,8644.199999999999,14407.0,0.2734999999999999,0.2734999999999999,0.3392,157.066,38.817499,129.186888,56.646912,0.002244,0.000512,0.001575,0.000787,0.33657,0.949,FAIL,150.0,100.0,18.78,0.0,0.0
1618,51.1,0.2,4959,0,30,-30,-30,30,0,Balanced,119241.5,9376.5,9376.5,14432.7,8659.62,14432.7,0.27335,0.27335,0.33912,574.824,140.465005,475.048548,209.453971,0.008212,0.001878,0.00573,0.002863,1.23177,2.142,No Fail,150.0,100.0,49.59,0.0,0.0
1619,51.2,0.2,4515,0,30,-30,-30,30,0,Balanced,119468.0,9388.0,9388.0,14458.4,8675.039999999999,14458.4,0.2732,0.2732,0.33904,446.203,107.704926,370.385823,164.210212,0.006374,0.001462,0.004422,0.002209,0.95615,1.775,No Fail,150.0,100.0,45.15,0.0,0.0
1620,51.3,0.2,3989,0,30,-30,-30,30,0,Balanced,119694.5,9399.5,9399.5,14484.1,8690.46,14484.1,0.27305,0.27305,0.33896,427.688,101.8854,356.463391,158.906531,0.00611,0.001406,0.004214,0.002105,0.91647,1.722,No Fail,150.0,100.0,39.89,0.0,0.0
1621,51.4,0.2,2546,0,30,-30,-30,30,0,Balanced,119921.0,9411.0,9411.0,14509.8,8705.88,14509.8,0.2729,0.2729,0.33888,166.328,39.073077,139.143274,62.364902,0.002376,0.000549,0.00163,0.000814,0.35642,0.975,FAIL,150.0,100.0,25.46,0.0,0.0
1622,51.5,0.2,4179,0,30,-30,-30,30,0,Balanced,120147.5,9422.5,9422.5,14535.5,8721.3,14535.5,0.27275,0.27275,0.3388,465.683,107.798527,390.872737,176.124696,0.006653,0.001542,0.004538,0.002264,0.99789,1.831,No Fail,150.0,100.0,41.79,0.0,0.0
1623,51.6,0.2,4319,0,30,-30,-30,30,0,Balanced,120374.0,9434.0,9434.0,14561.2,8736.72,14561.2,0.2726,0.2726,0.33872,388.834,88.63817,327.335518,148.261005,0.005555,0.001292,0.003769,0.001879,0.83322,1.611,No Fail,150.0,100.0,43.19,0.0,0.0
1624,51.7,0.2,3600,0,30,-30,-30,30,0,Balanced,120600.5,9445.5,9445.5,14586.9,8752.14,14586.9,0.2724499999999999,0.2724499999999999,0.33864,310.517,69.669856,262.078237,119.300768,0.004436,0.001036,0.002994,0.001491,0.66539,1.387,No Fail,150.0,100.0,36.0,0.0,0.0
1625,51.8,0.2,3883,0,30,-30,-30,30,0,Balanced,120827.0,9457.0,9457.0,14612.6,8767.56,14612.6,0.2723,0.2723,0.3385599999999999,363.986,80.346124,307.876923,140.826987,0.0052,0.001219,0.003492,0.001736,0.77997,1.54,No Fail,150.0,100.0,38.83,0.0,0.0
1626,51.9,0.2,3794,0,30,-30,-30,30,0,Balanced,121053.5,9468.5,9468.5,14638.3,8782.98,14638.3,0.27215,0.27215,0.33848,345.15,74.934071,292.465913,134.396483,0.004931,0.00116,0.003295,0.001636,0.73961,1.486,No Fail,150.0,100.0,37.94,0.0,0.0
1627,52.0,0.2,2408,0,30,-30,-30,30,0,Balanced,121280.0,9480.0,9480.0,14664.0,8798.4,14664.0,0.272,0.272,0.3384,135.726,28.976948,115.167949,53.155229,0.001939,0.000458,0.00129,0.000639,0.29084,0.888,FAIL,150.0,100.0,24.08,0.0,0.0
1628,52.1,0.2,2859,0,30,-30,-30,30,0,Balanced,121506.5,9491.5,9491.5,14689.7,8813.82,14689.7,0.27185,0.27185,0.3383199999999999,265.49,55.736904,225.498094,104.507654,0.003793,0.000899,0.002511,0.001242,0.56891,1.259,No Fail,150.0,100.0,28.59,0.0,0.0
1629,52.2,0.2,3978,0,30,-30,-30,30,0,Balanced,121733.0,9503.0,9503.0,14715.4,8829.24,14715.4,0.2717,0.2717,0.33824,454.808,93.902691,386.520824,179.825114,0.006497,0.001546,0.004284,0.002113,0.97459,1.799,No Fail,150.0,100.0,39.78,0.0,0.0
1630,52.3,0.2,2165,0,30,-30,-30,30,0,Balanced,121959.5,9514.5,9514.5,14741.1,8844.66,14741.1,0.27155,0.27155,0.33816,158.675,32.227741,134.873555,62.972503,0.002267,0.000542,0.001489,0.000732,0.34002,0.953,FAIL,150.0,100.0,21.65,0.0,0.0
1631,52.4,0.2,2278,0,30,-30,-30,30,0,Balanced,122186.0,9526.0,9526.0,14766.8,8860.08,14766.8,0.2714,0.2714,0.33808,153.517,30.685524,130.458239,61.109793,0.002193,0.000526,0.001435,0.000704,0.32896,0.939,FAIL,150.0,100.0,22.78,0.0,0.0
1632,52.5,0.2,4247,0,30,-30,-30,30,0,Balanced,122412.5,9537.5,9537.5,14792.5,8875.5,14792.5,0.27125,0.27125,0.3379999999999999,425.776,83.804598,361.590011,169.876824,0.006083,0.001466,0.003965,0.001939,0.91238,1.717,No Fail,150.0,100.0,42.47,0.0,0.0
1633,52.6,0.2,3852,0,30,-30,-30,30,0,Balanced,122639.0,9549.0,9549.0,14818.2,8890.92,14818.2,0.2711,0.2711,0.33792,329.072,63.827999,279.171119,131.499921,0.004701,0.001137,0.003055,0.001488,0.70515,1.44,No Fail,150.0,100.0,38.52,0.0,0.0
1634,52.7,0.2,4459,0,30,-30,-30,30,0,Balanced,122865.5,9560.5,9560.5,14843.9,8906.34,14843.9,0.2709499999999999,0.2709499999999999,0.33784,455.908,87.221755,386.212391,182.336592,0.006513,0.001582,0.004219,0.002049,0.97695,1.803,No Fail,150.0,100.0,44.59,0.0,0.0
1635,52.8,0.2,4568,0,30,-30,-30,30,0,Balanced,123092.0,9572.0,9572.0,14869.6,8921.76,14869.6,0.2708,0.2708,0.33776,427.614,80.777154,361.573746,171.036855,0.006109,0.00149,0.003947,0.001909,0.91632,1.722,No Fail,150.0,100.0,45.68,0.0,0.0
1636,52.9,0.2,1842,0,30,-30,-30,30,0,Balanced,123318.5,9583.5,9583.5,14895.3,8937.179999999998,14895.3,0.2706499999999999,0.2706499999999999,0.33768,167.22,31.227754,141.077434,66.841491,0.002389,0.000585,0.00154,0.000742,0.35833,0.978,FAIL,150.0,100.0,18.42,0.0,0.0
1637,53.0,0.2,2405,0,30,-30,-30,30,0,Balanced,123545.0,9595.0,9595.0,14921.0,8952.6,14921.0,0.2704999999999999,0.2704999999999999,0.3376,244.945,45.281915,206.107065,97.774727,0.003499,0.000861,0.002251,0.001079,0.52488,1.2,No Fail,150.0,100.0,24.05,0.0,0.0
1638,53.1,0.2,4170,0,30,-30,-30,30,0,Balanced,123771.5,9606.5,9606.5,14946.7,8968.02,14946.7,0.27035,0.27035,0.33752,381.596,69.936981,320.122596,152.00021,0.005451,0.001346,0.003501,0.001671,0.8177,1.59,No Fail,150.0,100.0,41.7,0.0,0.0
1639,53.2,0.2,3879,0,30,-30,-30,30,0,Balanced,123998.0,9618.0,9618.0,14972.4,8983.439999999999,14972.4,0.2702,0.2702,0.3374399999999999,423.687,77.105749,354.227418,168.28814,0.006053,0.001501,0.003882,0.001844,0.9079,1.711,No Fail,150.0,100.0,38.79,0.0,0.0
1640,53.3,0.2,1813,0,30,-30,-30,30,0,Balanced,124224.5,9629.5,9629.5,14998.1,8998.859999999999,14998.1,0.27005,0.27005,0.33736,144.092,26.082677,120.016566,57.030416,0.002058,0.000513,0.001319,0.000623,0.30877,0.912,FAIL,150.0,100.0,18.13,0.0,0.0
1641,53.4,0.2,4105,0,30,-30,-30,30,0,Balanced,124451.0,9641.0,9641.0,15023.8,9014.28,15023.8,0.2699,0.2699,0.33728,430.431,77.633637,357.036677,169.638602,0.006149,0.001538,0.003937,0.001851,0.92235,1.73,No Fail,150.0,100.0,41.05,0.0,0.0
1642,53.5,0.2,4258,0,30,-30,-30,30,0,Balanced,124677.5,9652.5,9652.5,15049.5,9029.7,15049.5,0.26975,0.26975,0.3372,455.855,82.071414,376.436707,178.774529,0.006512,0.001635,0.004168,0.001949,0.97683,1.802,No Fail,150.0,100.0,42.58,0.0,0.0
1643,53.6,0.2,2412,0,30,-30,-30,30,0,Balanced,124904.0,9664.0,9664.0,15075.2,9045.12,15075.2,0.2696,0.2696,0.33712,220.161,39.638736,180.931563,85.859585,0.003145,0.000793,0.002013,0.000936,0.47177,1.129,No Fail,150.0,100.0,24.12,0.0,0.0
1644,53.7,0.2,4479,0,30,-30,-30,30,0,Balanced,125130.5,9675.5,9675.5,15100.9,9060.54,15100.9,0.2694499999999999,0.2694499999999999,0.33704,485.335,87.544822,396.809629,188.096575,0.006933,0.001755,0.004439,0.002052,1.04,1.887,No Fail,150.0,100.0,44.79,0.0,0.0
1645,53.8,0.2,4532,0,30,-30,-30,30,0,Balanced,125357.0,9687.0,9687.0,15126.6,9075.96,15126.6,0.2693,0.2693,0.33696,469.792,85.052687,382.011499,180.82905,0.006711,0.001706,0.0043,0.001976,1.0067,1.842,No Fail,150.0,100.0,45.32,0.0,0.0
1646,53.9,0.2,4805,0,30,-30,-30,30,0,Balanced,125583.5,9698.5,9698.5,15152.3,9091.38,15152.3,0.26915,0.26915,0.33688,489.906,89.176664,396.08051,187.173109,0.006999,0.001786,0.004489,0.00205,1.0498,1.9,No Fail,150.0,100.0,48.05,0.0,0.0
1647,54.0,0.2,4613,0,30,-30,-30,30,0,Balanced,125810.0,9710.0,9710.0,15178.000000000002,9106.8,15178.000000000002,0.269,0.269,0.3368,530.264,97.211463,426.126911,200.97846,0.007575,0.001941,0.004865,0.002208,1.13628,2.015,No Fail,150.0,100.0,46.13,0.0,0.0
1648,54.1,0.2,4536,0,30,-30,-30,30,0,Balanced,126036.5,9721.5,9721.5,15203.700000000004,9122.22,15203.700000000004,0.26885,0.26885,0.33672,466.506,86.269948,372.531805,175.313357,0.006664,0.001714,0.004287,0.001933,0.99966,1.833,No Fail,150.0,100.0,45.36,0.0,0.0
1649,54.2,0.2,2544,0,30,-30,-30,30,0,Balanced,126263.0,9733.0,9733.0,15229.4,9137.64,15229.4,0.2687,0.2687,0.33664,230.485,43.058931,182.851592,85.840285,0.003293,0.00085,0.002123,0.000951,0.4939,1.159,No Fail,150.0,100.0,25.44,0.0,0.0
1650,54.3,0.2,4490,0,30,-30,-30,30,0,Balanced,126489.5,9744.5,9744.5,15255.1,9153.06,15255.1,0.26855,0.26855,0.3365599999999999,516.908,97.687235,407.303228,190.704433,0.007384,0.001914,0.004771,0.002124,1.10766,1.977,No Fail,150.0,100.0,44.9,0.0,0.0
1651,54.4,0.2,2201,0,30,-30,-30,30,0,Balanced,126716.0,9756.0,9756.0,15280.8,9168.48,15280.8,0.2683999999999999,0.2683999999999999,0.33648,218.023,41.73068,170.59345,79.648336,0.003115,0.000811,0.002018,0.000893,0.46719,1.123,No Fail,150.0,100.0,22.01,0.0,0.0
1652,54.5,0.2,3493,0,30,-30,-30,30,0,Balanced,126942.5,9767.5,9767.5,15306.500000000002,9183.9,15306.500000000002,0.26825,0.26825,0.3364,346.549,67.252079,269.212908,125.318341,0.004951,0.001293,0.003217,0.001414,0.7426,1.49,No Fail,150.0,100.0,34.93,0.0,0.0
1653,54.6,0.2,3102,0,30,-30,-30,30,0,Balanced,127169.0,9779.0,9779.0,15332.200000000004,9199.320000000002,15332.200000000004,0.2681,0.2681,0.3363199999999999,234.555,46.191802,180.872325,83.934663,0.003351,0.000878,0.002185,0.000954,0.50262,1.17,No Fail,150.0,100.0,31.02,0.0,0.0
1654,54.7,0.2,4005,0,30,-30,-30,30,0,Balanced,127395.5,9790.5,9790.5,15357.9,9214.74,15357.9,0.2679499999999999,0.2679499999999999,0.33624,422.745,84.547223,323.546585,149.663755,0.006039,0.001589,0.003951,0.001713,0.90588,1.708,No Fail,150.0,100.0,40.05,0.0,0.0
1655,54.8,0.2,3207,0,30,-30,-30,30,0,Balanced,127622.0,9801.999999999998,9801.999999999998,15383.6,9230.159999999998,15383.6,0.2678,0.2678,0.33616,263.877,53.625883,200.417501,92.406206,0.00377,0.000995,0.002476,0.001067,0.56545,1.254,No Fail,150.0,100.0,32.07,0.0,0.0
1656,54.9,0.2,2119,0,30,-30,-30,30,0,Balanced,127848.5,9813.499999999998,9813.499999999998,15409.299999999996,9245.579999999998,15409.299999999996,0.26765,0.26765,0.33608,145.469,30.052269,109.631592,50.382283,0.002078,0.00055,0.00137,0.000586,0.31172,0.916,FAIL,150.0,100.0,21.19,0.0,0.0
1657,55.0,0.2,1516,0,30,-30,-30,30,0,Balanced,128075.0,9825.0,9825.0,15435.000000000002,9261.0,15435.000000000002,0.2674999999999999,0.2674999999999999,0.3359999999999999,69.132,14.522239,51.694209,23.679266,0.000988,0.000263,0.000654,0.000278,0.14814,0.698,FAIL,150.0,100.0,15.16,0.0,0.0
1658,55.1,0.2,4164,0,30,-30,-30,30,0,Balanced,128301.5,9836.5,9836.5,15460.700000000004,9276.420000000002,15460.700000000004,0.26735,0.26735,0.33592,448.222,95.750961,332.530222,151.833173,0.006403,0.001708,0.004259,0.0018,0.96048,1.781,No Fail,150.0,100.0,41.64,0.0,0.0
1659,55.2,0.2,4176,0,30,-30,-30,30,0,Balanced,128528.0,9848.0,9848.0,15486.4,9291.84,15486.4,0.2672,0.2672,0.3358399999999999,462.893,100.556663,340.708586,155.085353,0.006613,0.001769,0.00442,0.001856,0.99191,1.823,No Fail,150.0,100.0,41.76,0.0,0.0
1660,55.3,0.2,4172,0,30,-30,-30,30,0,Balanced,128754.5,9859.499999999998,9859.499999999998,15512.1,9307.259999999998,15512.1,0.26705,0.26705,0.33576,422.047,93.217229,308.197505,139.871872,0.006029,0.001618,0.004049,0.001691,0.90439,1.706,No Fail,150.0,100.0,41.72,0.0,0.0
1661,55.4,0.2,3651,0,30,-30,-30,30,0,Balanced,128981.0,9870.999999999998,9870.999999999998,15537.799999999996,9322.679999999998,15537.799999999996,0.2669,0.2669,0.33568,406.892,91.345716,294.799594,133.420285,0.005813,0.001565,0.003924,0.001629,0.87191,1.663,No Fail,150.0,100.0,36.51,0.0,0.0
1662,55.5,0.2,2912,0,30,-30,-30,30,0,Balanced,129207.5,9882.5,9882.5,15563.500000000002,9338.1,15563.500000000002,0.26675,0.26675,0.3356,245.077,55.898631,176.179682,79.532299,0.003501,0.000945,0.002376,0.00098,0.52517,1.2,No Fail,150.0,100.0,29.12,0.0,0.0
1663,55.6,0.2,2842,0,30,-30,-30,30,0,Balanced,129434.0,9894.0,9894.0,15589.200000000004,9353.52,15589.200000000004,0.2666,0.2666,0.33552,194.411,45.027336,138.681474,62.462114,0.002777,0.000752,0.001895,0.000778,0.4166,1.055,No Fail,150.0,100.0,28.42,0.0,0.0
1664,55.7,0.2,2198,0,30,-30,-30,30,0,Balanced,129660.5,9905.5,9905.5,15614.9,9368.94,15614.9,0.2664499999999999,0.2664499999999999,0.3354399999999999,230.188,54.102492,162.958236,73.2523,0.003288,0.000892,0.002256,0.000921,0.49326,1.158,No Fail,150.0,100.0,21.98,0.0,0.0
1665,55.8,0.2,1549,0,30,-30,-30,30,0,Balanced,129887.0,9917.0,9917.0,15640.6,9384.36,15640.6,0.2663,0.2663,0.33536,106.197,25.310892,74.621937,33.489777,0.001517,0.000413,0.001047,0.000425,0.22757,0.803,FAIL,150.0,100.0,15.49,0.0,0.0
1666,55.9,0.2,4416,0,30,-30,-30,30,0,Balanced,130113.5,9928.5,9928.5,15666.299999999996,9399.78,15666.299999999996,0.26615,0.26615,0.33528,473.855,114.431497,330.550609,148.168379,0.006769,0.001847,0.004697,0.001898,1.0154,1.854,No Fail,150.0,100.0,44.16,0.0,0.0
1667,56.0,0.2,3869,0,30,-30,-30,30,0,Balanced,130340.0,9940.0,9940.0,15692.000000000002,9415.2,15692.000000000002,0.266,0.266,0.3352,421.433,103.02542,291.910546,130.745293,0.00602,0.001646,0.004201,0.00169,0.90307,1.704,No Fail,150.0,100.0,38.69,0.0,0.0
1668,56.1,0.2,2371,0,30,-30,-30,30,0,Balanced,130566.5,9951.5,9951.5,15717.700000000004,9430.62,15717.700000000004,0.26585,0.26585,0.33512,177.768,43.950734,122.294504,54.75745,0.00254,0.000696,0.001783,0.000714,0.38093,1.008,No Fail,150.0,100.0,23.71,0.0,0.0
1669,56.2,0.2,2705,0,30,-30,-30,30,0,Balanced,130793.0,9963.0,9963.0,15743.4,9446.04,15743.4,0.2657,0.2657,0.33504,211.474,52.822714,144.530149,64.724498,0.003021,0.00083,0.002133,0.000851,0.45316,1.104,No Fail,150.0,100.0,27.05,0.0,0.0
1670,56.3,0.2,2842,0,30,-30,-30,30,0,Balanced,131019.5,9974.5,9974.5,15769.1,9461.46,15769.1,0.26555,0.26555,0.33496,299.9,75.600149,203.682844,91.277413,0.004284,0.001179,0.003043,0.00121,0.64264,1.357,No Fail,150.0,100.0,28.42,0.0,0.0
1671,56.4,0.2,2085,0,30,-30,-30,30,0,Balanced,131246.0,9986.0,9986.0,15794.799999999996,9476.879999999996,15794.799999999996,0.2654,0.2654,0.33488,146.483,37.224345,98.896787,44.373407,0.002093,0.000577,0.001495,0.000592,0.31389,0.919,FAIL,150.0,100.0,20.85,0.0,0.0
1672,56.5,0.2,2544,0,30,-30,-30,30,0,Balanced,131472.5,9997.5,9997.5,15820.499999999998,9492.3,15820.499999999998,0.26525,0.26525,0.3348,174.703,44.702102,117.290915,52.72004,0.002496,0.00069,0.001794,0.000709,0.37436,0.999,FAIL,150.0,100.0,25.44,0.0,0.0
1673,56.6,0.2,4047,0,30,-30,-30,30,0,Balanced,131699.0,10009.0,10009.0,15846.200000000004,9507.72,15846.200000000004,0.2651,0.2651,0.33472,431.33,110.995366,288.075249,129.786756,0.006162,0.001706,0.004454,0.001755,0.92428,1.732,No Fail,150.0,100.0,40.47,0.0,0.0
1674,56.7,0.2,2682,0,30,-30,-30,30,0,Balanced,131925.5,10020.5,10020.5,15871.9,9523.14,15871.9,0.2649499999999999,0.2649499999999999,0.33464,220.843,57.084046,146.786442,66.323313,0.003155,0.000875,0.002294,0.000901,0.47323,1.131,No Fail,150.0,100.0,26.82,0.0,0.0
1675,56.8,0.2,4984,0,30,-30,-30,30,0,Balanced,132152.0,10032.0,10032.0,15897.6,9538.56,15897.6,0.2648,0.2648,0.3345599999999999,474.119,122.945844,313.746813,142.251118,0.006773,0.001881,0.004953,0.001942,1.01597,1.855,No Fail,150.0,100.0,49.84,0.0,0.0
1676,56.9,0.2,4655,0,30,-30,-30,30,0,Balanced,132378.5,10043.5,10043.5,15923.299999999996,9553.979999999998,15923.299999999996,0.26465,0.26465,0.33448,501.326,130.255256,330.441513,150.418717,0.007162,0.001992,0.005267,0.002062,1.07427,1.932,No Fail,150.0,100.0,46.55,0.0,0.0
1677,57.0,0.2,2159,0,30,-30,-30,30,0,Balanced,132605.0,10055.0,10055.0,15948.999999999998,9569.399999999998,15948.999999999998,0.2644999999999999,0.2644999999999999,0.3344,184.83,48.055752,121.403247,55.513024,0.00264,0.000735,0.001952,0.000763,0.39606,1.028,No Fail,150.0,100.0,21.59,0.0,0.0
1678,57.1,0.2,4714,0,30,-30,-30,30,0,Balanced,132831.5,10066.500000000002,10066.500000000002,15974.700000000004,9584.820000000002,15974.700000000004,0.26435,0.26435,0.3343199999999999,432.47,112.37632,283.208156,130.149565,0.006178,0.001722,0.004594,0.001794,0.92672,1.736,No Fail,150.0,100.0,47.14,0.0,0.0
1679,57.2,0.2,2299,0,30,-30,-30,30,0,Balanced,133058.00000000003,10078.000000000002,10078.000000000002,16000.4,9600.24,16000.4,0.2642,0.2642,0.33424,196.905,51.07056,128.621436,59.432463,0.002813,0.000785,0.002103,0.000821,0.42194,1.063,No Fail,150.0,100.0,22.99,0.0,0.0
1680,57.3,0.2,1959,0,30,-30,-30,30,0,Balanced,133284.5,10089.5,10089.5,16026.1,9615.659999999998,16026.1,0.26405,0.26405,0.33416,113.238,29.278841,73.820329,34.311851,0.001618,0.000452,0.001216,0.000474,0.24265,0.824,FAIL,150.0,100.0,19.59,0.0,0.0
1681,57.4,0.2,3564,0,30,-30,-30,30,0,Balanced,133511.0,10101.0,10101.0,16051.799999999996,9631.079999999998,16051.799999999996,0.2639,0.2639,0.33408,314.561,80.979157,204.75784,95.77054,0.004494,0.001256,0.003394,0.001324,0.67406,1.399,No Fail,150.0,100.0,35.64,0.0,0.0
1682,57.5,0.2,2783,0,30,-30,-30,30,0,Balanced,133737.5,10112.5,10112.5,16077.499999999998,9646.499999999998,16077.499999999998,0.26375,0.26375,0.334,287.375,73.568444,186.880713,87.98801,0.004105,0.001148,0.003116,0.001216,0.6158,1.321,No Fail,150.0,100.0,27.83,0.0,0.0
1683,57.6,0.2,1631,0,30,-30,-30,30,0,Balanced,133964.00000000003,10124.000000000002,10124.000000000002,16103.200000000004,9661.920000000002,16103.200000000004,0.2636,0.2636,0.33392,81.509,20.725318,52.98232,25.117663,0.001164,0.000326,0.000888,0.000347,0.17466,0.733,FAIL,150.0,100.0,16.31,0.0,0.0
1684,57.7,0.2,2395,0,30,-30,-30,30,0,Balanced,134190.50000000003,10135.500000000002,10135.500000000002,16128.9,9677.34,16128.9,0.2634499999999999,0.2634499999999999,0.3338399999999999,149.358,37.676455,97.094547,46.358541,0.002134,0.000597,0.001635,0.000639,0.32005,0.927,FAIL,150.0,100.0,23.95,0.0,0.0
1685,57.8,0.2,1670,0,30,-30,-30,30,0,Balanced,134417.0,10147.0,10147.0,16154.6,9692.759999999998,16154.6,0.2633,0.2633,0.33376,101.05,25.260009,65.731635,31.613182,0.001444,0.000404,0.001111,0.000435,0.21654,0.789,FAIL,150.0,100.0,16.7,0.0,0.0
1686,57.9,0.2,3817,0,30,-30,-30,30,0,Balanced,134643.5,10158.5,10158.5,16180.299999999996,9708.179999999998,16180.299999999996,0.26315,0.26315,0.33368,313.599,77.599169,204.227401,98.949324,0.00448,0.001254,0.003462,0.001358,0.672,1.396,No Fail,150.0,100.0,38.17,0.0,0.0
1687,58.0,0.2,1569,0,30,-30,-30,30,0,Balanced,134870.0,10170.0,10170.0,16205.999999999998,9723.6,16205.999999999998,0.263,0.263,0.3336,73.357,17.949886,47.852988,23.357846,0.001048,0.000293,0.000813,0.00032,0.15719,0.71,FAIL,150.0,100.0,15.69,0.0,0.0
1688,58.1,0.2,2959,0,30,-30,-30,30,0,Balanced,135096.5,10181.5,10181.5,16231.7,9739.02,16231.7,0.26285,0.26285,0.33352,243.89,58.956352,159.445743,78.407043,0.003484,0.000975,0.002713,0.001069,0.52262,1.197,No Fail,150.0,100.0,29.59,0.0,0.0
1689,58.2,0.2,3415,0,30,-30,-30,30,0,Balanced,135323.00000000003,10193.000000000002,10193.000000000002,16257.4,9754.44,16257.4,0.2627,0.2627,0.3334399999999999,340.44,81.227296,223.16675,110.549674,0.004863,0.001361,0.003801,0.001502,0.72951,1.473,No Fail,150.0,100.0,34.15,0.0,0.0
1690,58.3,0.2,2036,0,30,-30,-30,30,0,Balanced,135549.5,10204.5,10204.5,16283.1,9769.86,16283.1,0.26255,0.26255,0.33336,154.755,36.414337,101.769188,50.777582,0.002211,0.000619,0.001734,0.000687,0.33162,0.942,FAIL,150.0,100.0,20.36,0.0,0.0
1691,58.4,0.2,3706,0,30,-30,-30,30,0,Balanced,135776.0,10216.0,10216.0,16308.799999999996,9785.28,16308.799999999996,0.2624,0.2624,0.33328,337.373,78.231688,222.674557,111.884841,0.00482,0.001348,0.003791,0.001508,0.72294,1.464,No Fail,150.0,100.0,37.06,0.0,0.0
1692,58.5,0.2,3816,0,30,-30,-30,30,0,Balanced,136002.5,10227.5,10227.5,16334.499999999998,9800.7,16334.499999999998,0.26225,0.26225,0.3332,400.853,91.542163,265.66374,134.391397,0.005726,0.0016,0.004517,0.001803,0.85897,1.645,No Fail,150.0,100.0,38.16,0.0,0.0
1693,58.6,0.2,2445,0,30,-30,-30,30,0,Balanced,136229.0,10239.0,10239.0,16360.2,9816.12,16360.2,0.2621,0.2621,0.3331199999999999,182.587,41.042428,121.56078,61.893124,0.002608,0.000728,0.002063,0.000827,0.39126,1.022,No Fail,150.0,100.0,24.45,0.0,0.0
1694,58.7,0.2,1980,0,30,-30,-30,30,0,Balanced,136455.50000000003,10250.500000000002,10250.500000000002,16385.9,9831.54,16385.9,0.2619499999999999,0.2619499999999999,0.33304,131.179,29.011259,87.769705,44.962816,0.001874,0.000523,0.001486,0.000598,0.2811,0.875,FAIL,150.0,100.0,19.8,0.0,0.0
1695,58.8,0.2,1867,0,30,-30,-30,30,0,Balanced,136682.0,10262.0,10262.0,16411.6,9846.96,16411.6,0.2618,0.2618,0.33296,88.605,19.273642,59.602619,30.708945,0.001266,0.000353,0.001006,0.000407,0.18987,0.753,FAIL,150.0,100.0,18.67,0.0,0.0
1696,58.9,0.2,1912,0,30,-30,-30,30,0,Balanced,136908.5,10273.5,10273.5,16437.3,9862.38,16437.3,0.26165,0.26165,0.33288,108.356,23.178326,73.307127,37.970761,0.001548,0.000431,0.001232,0.000501,0.23219,0.81,FAIL,150.0,100.0,19.12,0.0,0.0
1697,59.0,0.2,1872,0,30,-30,-30,30,0,Balanced,137135.0,10285.0,10285.0,16463.0,9877.8,16463.0,0.2614999999999999,0.2614999999999999,0.3328,179.497,37.756327,122.175626,63.589858,0.002564,0.000713,0.002044,0.000835,0.38464,1.013,No Fail,150.0,100.0,18.72,0.0,0.0
1698,59.1,0.2,2199,0,30,-30,-30,30,0,Balanced,137361.5,10296.5,10296.5,16488.7,9893.22,16488.7,0.2613499999999999,0.2613499999999999,0.33272,210.06,43.453232,143.893478,75.218851,0.003001,0.000833,0.002395,0.000984,0.45013,1.1,No Fail,150.0,100.0,21.99,0.0,0.0
1699,59.2,0.2,3331,0,30,-30,-30,30,0,Balanced,137588.00000000003,10308.000000000002,10308.000000000002,16514.4,9908.64,16514.4,0.2612,0.2612,0.33264,344.57,70.114978,237.612687,124.682869,0.004922,0.001365,0.003932,0.001624,0.73836,1.484,No Fail,150.0,100.0,33.31,0.0,0.0
1700,59.3,0.2,3962,0,30,-30,-30,30,0,Balanced,137814.5,10319.5,10319.5,16540.1,9924.06,16540.1,0.26105,0.26105,0.3325599999999999,431.805,86.46732,299.837394,157.845652,0.006169,0.001708,0.004932,0.002049,0.9253,1.734,No Fail,150.0,100.0,39.62,0.0,0.0
1701,59.4,0.2,1638,0,30,-30,-30,30,0,Balanced,138041.0,10331.0,10331.0,16565.8,9939.48,16565.8,0.2609,0.2609,0.33248,127.164,25.072944,88.933852,46.943142,0.001817,0.000502,0.001453,0.000607,0.27249,0.863,FAIL,150.0,100.0,16.38,0.0,0.0
1702,59.5,0.2,2227,0,30,-30,-30,30,0,Balanced,138267.5,10342.5,10342.5,16591.5,9954.9,16591.5,0.26075,0.26075,0.3324,176.052,34.203843,124.032253,65.605238,0.002515,0.000694,0.002012,0.000846,0.37726,1.003,No Fail,150.0,100.0,22.27,0.0,0.0
1703,59.6,0.2,2657,0,30,-30,-30,30,0,Balanced,138494.0,10354.0,10354.0,16617.2,9970.32,16617.2,0.2606,0.2606,0.33232,175.223,33.574037,124.379418,65.884827,0.002503,0.000689,0.002002,0.000847,0.37548,1.001,No Fail,150.0,100.0,26.57,0.0,0.0
1704,59.7,0.2,3851,0,30,-30,-30,30,0,Balanced,138720.5,10365.5,10365.5,16642.9,9985.74,16642.9,0.26045,0.26045,0.33224,442.845,83.771585,316.761884,167.931448,0.006326,0.001738,0.005058,0.002155,0.94895,1.765,No Fail,150.0,100.0,38.51,0.0,0.0
1705,59.8,0.2,4423,0,30,-30,-30,30,0,Balanced,138947.0,10377.0,10377.0,16668.6,10001.159999999998,16668.6,0.2603,0.2603,0.33216,401.07,74.9924,289.116058,153.306014,0.00573,0.00157,0.004579,0.001964,0.85944,1.646,No Fail,150.0,100.0,44.23,0.0,0.0
1706,59.9,0.2,2022,0,30,-30,-30,30,0,Balanced,139173.5,10388.5,10388.5,16694.3,10016.58,16694.3,0.26015,0.26015,0.33208,128.476,23.776735,93.342451,49.474044,0.001835,0.000502,0.001465,0.000633,0.27531,0.867,FAIL,150.0,100.0,20.22,0.0,0.0
1707,60.0,0.2,3291,0,30,-30,-30,30,0,Balanced,139400.0,10400.0,10400.0,16720.0,10032.0,16720.0,0.26,0.26,0.332,361.312,66.280054,264.58571,140.087112,0.005162,0.001408,0.004116,0.001791,0.77424,1.532,No Fail,150.0,100.0,32.91,0.0,0.0
1708,60.1,0.2,1855,0,30,-30,-30,30,0,Balanced,139626.5,10411.5,10411.5,16745.7,10047.42,16745.7,0.25985,0.25985,0.33192,100.5,18.303042,74.179873,39.207933,0.001436,0.000391,0.001143,0.000501,0.21536,0.787,FAIL,150.0,100.0,18.55,0.0,0.0
1709,60.2,0.2,2309,0,30,-30,-30,30,0,Balanced,139853.0,10423.0,10423.0,16771.4,10062.84,16771.4,0.2597,0.2597,0.33184,216.699,39.246308,161.216688,85.011493,0.003096,0.00084,0.002461,0.001087,0.46436,1.119,No Fail,150.0,100.0,23.09,0.0,0.0
1710,60.3,0.2,2536,0,30,-30,-30,30,0,Balanced,140079.5,10434.5,10434.5,16797.1,10078.259999999998,16797.1,0.25955,0.25955,0.33176,152.974,27.59971,114.706741,60.306254,0.002185,0.000591,0.001733,0.000771,0.3278,0.937,FAIL,150.0,100.0,25.36,0.0,0.0
1711,60.4,0.2,1849,0,30,-30,-30,30,0,Balanced,140306.0,10446.0,10446.0,16822.8,10093.679999999998,16822.8,0.2594,0.2594,0.33168,132.517,23.86087,100.146265,52.461794,0.001893,0.000511,0.001498,0.000672,0.28396,0.879,FAIL,150.0,100.0,18.49,0.0,0.0
1712,60.5,0.2,1638,0,30,-30,-30,30,0,Balanced,140532.5,10457.5,10457.5,16848.5,10109.1,16848.5,0.25925,0.25925,0.3316,142.383,25.632758,108.436519,56.565584,0.002034,0.000547,0.001606,0.000726,0.30511,0.907,FAIL,150.0,100.0,16.38,0.0,0.0
1713,60.6,0.2,4306,0,30,-30,-30,30,0,Balanced,140759.0,10469.0,10469.0,16874.2,10124.52,16874.2,0.2591,0.2591,0.33152,463.892,83.651243,355.991966,184.809196,0.006627,0.001778,0.005218,0.002376,0.99406,1.825,No Fail,150.0,100.0,43.06,0.0,0.0
1714,60.7,0.2,4085,0,30,-30,-30,30,0,Balanced,140985.5,10480.5,10480.5,16899.9,10139.94,16899.9,0.25895,0.25895,0.3314399999999999,433.295,78.404947,335.007158,172.976993,0.00619,0.001656,0.004859,0.00223,0.92849,1.738,No Fail,150.0,100.0,40.85,0.0,0.0
1715,60.8,0.2,4154,0,30,-30,-30,30,0,Balanced,141212.0,10492.0,10492.0,16925.6,10155.36,16925.6,0.2588,0.2588,0.33136,469.398,85.382876,365.586346,187.640214,0.006706,0.001788,0.005247,0.002428,1.00585,1.841,No Fail,150.0,100.0,41.54,0.0,0.0
1716,60.9,0.2,4482,0,30,-30,-30,30,0,Balanced,141438.5,10503.5,10503.5,16951.3,10170.78,16951.3,0.25865,0.25865,0.33128,516.949,94.685168,405.505204,206.772271,0.007385,0.001962,0.005758,0.002685,1.10775,1.977,No Fail,150.0,100.0,44.82,0.0,0.0
1717,61.0,0.2,2097,0,30,-30,-30,30,0,Balanced,141665.0,10515.0,10515.0,16977.0,10186.2,16977.0,0.2584999999999999,0.2584999999999999,0.3312,138.613,25.605788,109.487683,55.435428,0.00198,0.000524,0.001538,0.000723,0.29703,0.896,FAIL,150.0,100.0,20.97,0.0,0.0
1718,61.1,0.2,3032,0,30,-30,-30,30,0,Balanced,141891.5,10526.5,10526.5,17002.7,10201.62,17002.7,0.2583499999999999,0.2583499999999999,0.3311199999999999,294.984,55.04018,234.572037,117.869084,0.004214,0.001112,0.003261,0.001545,0.63211,1.343,No Fail,150.0,100.0,30.32,0.0,0.0
1719,61.2,0.2,4575,0,30,-30,-30,30,0,Balanced,142118.0,10538.0,10538.0,17028.4,10217.04,17028.4,0.2582,0.2582,0.33104,456.06,86.068254,365.016039,181.937411,0.006515,0.001714,0.005021,0.002399,0.97727,1.803,No Fail,150.0,100.0,45.75,0.0,0.0
1720,61.3,0.2,4352,0,30,-30,-30,30,0,Balanced,142344.5,10549.5,10549.5,17054.1,10232.46,17054.1,0.25805,0.25805,0.33096,494.687,94.541611,398.401173,196.884846,0.007067,0.001852,0.005422,0.002611,1.06004,1.913,No Fail,150.0,100.0,43.52,0.0,0.0
1721,61.4,0.2,2903,0,30,-30,-30,30,0,Balanced,142571.0,10561.0,10561.0,17079.8,10247.88,17079.8,0.2579,0.2579,0.33088,300.701,58.259383,243.615996,119.312359,0.004296,0.001122,0.003281,0.001593,0.64436,1.359,No Fail,150.0,100.0,29.03,0.0,0.0
1722,61.5,0.2,2451,0,30,-30,-30,30,0,Balanced,142797.5,10572.5,10572.5,17105.5,10263.3,17105.5,0.25775,0.25775,0.3308,145.627,28.62929,118.64993,57.564305,0.00208,0.000541,0.001581,0.000774,0.31206,0.916,FAIL,150.0,100.0,24.51,0.0,0.0
1723,61.6,0.2,4477,0,30,-30,-30,30,0,Balanced,143024.0,10584.0,10584.0,17131.2,10278.72,17131.2,0.2576,0.2576,0.33072,473.546,94.536188,387.891153,186.351397,0.006765,0.001753,0.005118,0.002525,1.01474,1.853,No Fail,150.0,100.0,44.77,0.0,0.0
1724,61.7,0.2,3771,0,30,-30,-30,30,0,Balanced,143250.5,10595.5,10595.5,17156.9,10294.14,17156.9,0.25745,0.25745,0.33064,332.354,67.416083,273.610186,130.11769,0.004748,0.001226,0.003574,0.001777,0.71219,1.45,No Fail,150.0,100.0,37.71,0.0,0.0
1725,61.8,0.2,1896,0,30,-30,-30,30,0,Balanced,143477.0,10607.0,10607.0,17182.6,10309.56,17182.6,0.2573,0.2573,0.3305599999999999,96.447,19.886933,79.773708,37.540821,0.001378,0.000354,0.001032,0.000517,0.20667,0.776,FAIL,150.0,100.0,18.96,0.0,0.0
1726,61.9,0.2,1705,0,30,-30,-30,30,0,Balanced,143703.5,10618.5,10618.5,17208.3,10324.98,17208.3,0.25715,0.25715,0.33048,85.146,17.85177,70.733642,32.929388,0.001216,0.000312,0.000906,0.000457,0.18245,0.743,FAIL,150.0,100.0,17.05,0.0,0.0
1727,62.0,0.2,2058,0,30,-30,-30,30,0,Balanced,143930.0,10630.0,10630.0,17234.0,10340.4,17234.0,0.257,0.257,0.3304,98.543,21.010486,82.191078,37.84302,0.001408,0.000359,0.001043,0.000531,0.21116,0.782,FAIL,150.0,100.0,20.58,0.0,0.0
1728,62.1,0.2,3568,0,30,-30,-30,30,0,Balanced,144156.5,10641.5,10641.5,17259.7,10355.82,17259.7,0.25685,0.25685,0.33032,355.101,76.992309,297.255679,135.332322,0.005073,0.001289,0.003738,0.001916,0.76093,1.515,No Fail,150.0,100.0,35.68,0.0,0.0
1729,62.2,0.2,3874,0,30,-30,-30,30,0,Balanced,144383.0,10653.0,10653.0,17285.4,10371.24,17285.4,0.2567,0.2567,0.33024,345.086,76.07457,289.816742,130.445725,0.00493,0.001248,0.003612,0.001865,0.73947,1.486,No Fail,150.0,100.0,38.74,0.0,0.0
1730,62.3,0.2,2829,0,30,-30,-30,30,0,Balanced,144609.5,10664.5,10664.5,17311.1,10386.659999999998,17311.1,0.25655,0.25655,0.33016,291.631,65.348765,245.630818,109.286854,0.004166,0.00105,0.003035,0.001578,0.62492,1.333,No Fail,150.0,100.0,28.29,0.0,0.0
1731,62.4,0.2,1601,0,30,-30,-30,30,0,Balanced,144836.0,10676.0,10676.0,17336.8,10402.08,17336.8,0.2564,0.2564,0.33008,114.524,26.074352,96.701003,42.526376,0.001636,0.000411,0.001185,0.00062,0.24541,0.827,FAIL,150.0,100.0,16.01,0.0,0.0
1732,62.5,0.2,4435,0,30,-30,-30,30,0,Balanced,145062.5,10687.5,10687.5,17362.5,10417.5,17362.5,0.25625,0.25625,0.33,430.552,99.547087,364.313408,158.354162,0.006151,0.001538,0.004429,0.002334,0.92261,1.73,No Fail,150.0,100.0,44.35,0.0,0.0
1733,62.6,0.2,1957,0,30,-30,-30,30,0,Balanced,145289.0,10699.0,10699.0,17388.2,10432.92,17388.2,0.2561,0.2561,0.32992,81.965,19.232895,69.47375,29.847547,0.001171,0.000292,0.000838,0.000445,0.17564,0.734,FAIL,150.0,100.0,19.57,0.0,0.0
1734,62.7,0.2,1895,0,30,-30,-30,30,0,Balanced,145515.5,10710.5,10710.5,17413.9,10448.34,17413.9,0.25595,0.25595,0.32984,80.835,19.236005,68.605747,29.134775,0.001155,0.000286,0.000822,0.000439,0.17322,0.731,FAIL,150.0,100.0,18.95,0.0,0.0
1735,62.8,0.2,1661,0,30,-30,-30,30,0,Balanced,145742.0,10722.0,10722.0,17439.6,10463.759999999998,17439.6,0.2558,0.2558,0.32976,115.452,27.839697,98.074474,41.174109,0.001649,0.000407,0.001167,0.000627,0.2474,0.83,FAIL,150.0,100.0,16.61,0.0,0.0
1736,62.9,0.2,2600,0,30,-30,-30,30,0,Balanced,145968.5,10733.5,10733.5,17465.3,10479.179999999998,17465.3,0.25565,0.25565,0.32968,252.616,61.67171,214.700317,89.124438,0.003609,0.000887,0.002538,0.001371,0.54132,1.222,No Fail,150.0,100.0,26.0,0.0,0.0
1737,63.0,0.2,3873,0,30,-30,-30,30,0,Balanced,146195.0,10745.0,10745.0,17491.0,10494.6,17491.0,0.2555,0.2555,0.3296,357.191,88.200685,303.607843,124.645867,0.005103,0.00125,0.003568,0.001938,0.76541,1.521,No Fail,150.0,100.0,38.73,0.0,0.0
1738,63.1,0.2,3518,0,30,-30,-30,30,0,Balanced,146421.5,10756.5,10756.5,17516.7,10510.02,17516.7,0.2553499999999999,0.2553499999999999,0.32952,304.594,75.997003,258.819935,105.122372,0.004351,0.001061,0.003025,0.001652,0.6527,1.37,No Fail,150.0,100.0,35.18,0.0,0.0
1739,63.2,0.2,4923,0,30,-30,-30,30,0,Balanced,146648.0,10768.0,10768.0,17542.4,10525.44,17542.4,0.2552,0.2552,0.3294399999999999,507.06,127.694423,430.549601,173.066326,0.007244,0.001759,0.005007,0.002748,1.08656,1.949,No Fail,150.0,100.0,49.23,0.0,0.0
1740,63.3,0.2,2684,0,30,-30,-30,30,0,Balanced,146874.5,10779.5,10779.5,17568.1,10540.86,17568.1,0.25505,0.25505,0.32936,211.79,53.773566,179.630885,71.490787,0.003026,0.000732,0.00208,0.001147,0.45384,1.105,No Fail,150.0,100.0,26.84,0.0,0.0
1741,63.4,0.2,3952,0,30,-30,-30,30,0,Balanced,147101.0,10791.0,10791.0,17593.8,10556.28,17593.8,0.2549,0.2549,0.32928,390.045,99.729772,330.314282,130.22449,0.005572,0.001342,0.003809,0.002108,0.83581,1.614,No Fail,150.0,100.0,39.52,0.0,0.0
1742,63.5,0.2,3816,0,30,-30,-30,30,0,Balanced,147327.5,10802.5,10802.5,17619.5,10571.7,17619.5,0.25475,0.25475,0.3292,426.815,109.768532,360.75823,140.968962,0.006097,0.001463,0.004145,0.002303,0.9146,1.719,No Fail,150.0,100.0,38.16,0.0,0.0
1743,63.6,0.2,2710,0,30,-30,-30,30,0,Balanced,147554.0,10814.0,10814.0,17645.2,10587.12,17645.2,0.2546,0.2546,0.3291199999999999,268.155,69.2822,226.128431,87.635348,0.003831,0.000915,0.002591,0.001445,0.57462,1.266,No Fail,150.0,100.0,27.1,0.0,0.0
1744,63.7,0.2,2847,0,30,-30,-30,30,0,Balanced,147780.5,10825.5,10825.5,17670.9,10602.54,17670.9,0.25445,0.25445,0.32904,231.517,60.01732,194.70447,74.88952,0.003307,0.000787,0.002225,0.001245,0.49611,1.161,No Fail,150.0,100.0,28.47,0.0,0.0
1745,63.8,0.2,3454,0,30,-30,-30,30,0,Balanced,148007.0,10837.0,10837.0,17696.6,10617.96,17696.6,0.2542999999999999,0.2542999999999999,0.32896,287.512,74.689813,241.04968,92.088517,0.004107,0.000973,0.00275,0.001542,0.6161,1.321,No Fail,150.0,100.0,34.54,0.0,0.0
1746,63.9,0.2,1691,0,30,-30,-30,30,0,Balanced,148233.5,10848.5,10848.5,17722.3,10633.38,17722.3,0.25415,0.25415,0.32888,60.0,15.599763,50.129838,19.037497,0.000857,0.000202,0.000571,0.000321,0.12857,0.671,FAIL,150.0,100.0,16.91,0.0,0.0
1747,64.0,0.2,2049,0,30,-30,-30,30,0,Balanced,148460.0,10860.0,10860.0,17748.0,10648.8,17748.0,0.254,0.254,0.3288,135.137,35.119668,112.474548,42.498178,0.001931,0.000454,0.001281,0.000721,0.28958,0.886,FAIL,150.0,100.0,20.49,0.0,0.0
1748,64.1,0.2,4482,0,30,-30,-30,30,0,Balanced,148686.49999999997,10871.499999999998,10871.499999999998,17773.699999999997,10664.219999999998,17773.699999999997,0.25385,0.25385,0.32872,415.721,107.854032,344.557189,129.656226,0.005939,0.001391,0.003922,0.002212,0.89083,1.688,No Fail,150.0,100.0,44.82,0.0,0.0
1749,64.2,0.2,1762,0,30,-30,-30,30,0,Balanced,148913.0,10883.0,10883.0,17799.4,10679.64,17799.4,0.2537,0.2537,0.32864,70.469,18.228169,58.141426,21.810778,0.001007,0.000235,0.000662,0.000374,0.15101,0.701,FAIL,150.0,100.0,17.62,0.0,0.0
1750,64.3,0.2,2343,0,30,-30,-30,30,0,Balanced,149139.5,10894.5,10894.5,17825.1,10695.06,17825.1,0.25355,0.25355,0.3285599999999999,191.286,49.271599,157.055318,58.796413,0.002733,0.000636,0.00179,0.001011,0.4099,1.047,No Fail,150.0,100.0,23.43,0.0,0.0
1751,64.4,0.2,1676,0,30,-30,-30,30,0,Balanced,149366.0,10906.0,10906.0,17850.8,10710.48,17850.8,0.2533999999999999,0.2533999999999999,0.32848,60.0,15.370913,49.007389,18.329519,0.000857,0.000199,0.000559,0.000316,0.12857,0.671,FAIL,150.0,100.0,16.76,0.0,0.0
1752,64.5,0.2,3752,0,30,-30,-30,30,0,Balanced,149592.5,10917.5,10917.5,17876.5,10725.9,17876.5,0.25325,0.25325,0.3284,402.642,102.466011,327.065639,122.351967,0.005752,0.001328,0.003742,0.002112,0.8628,1.65,No Fail,150.0,100.0,37.52,0.0,0.0
1753,64.6,0.2,2322,0,30,-30,-30,30,0,Balanced,149818.99999999997,10928.999999999998,10928.999999999998,17902.199999999997,10741.319999999998,17902.199999999997,0.2531,0.2531,0.32832,199.822,50.455382,161.37473,60.45145,0.002855,0.000657,0.001852,0.001044,0.42819,1.071,No Fail,150.0,100.0,23.22,0.0,0.0
1754,64.7,0.2,4304,0,30,-30,-30,30,0,Balanced,150045.5,10940.5,10940.5,17927.9,10756.74,17927.9,0.25295,0.25295,0.32824,442.51,110.738434,355.196902,133.399475,0.006322,0.00145,0.004089,0.002302,0.94824,1.764,No Fail,150.0,100.0,43.04,0.0,0.0
1755,64.8,0.2,4498,0,30,-30,-30,30,0,Balanced,150272.0,10952.0,10952.0,17953.6,10772.159999999998,17953.6,0.2528,0.2528,0.32816,468.295,116.020046,373.511524,140.808079,0.00669,0.00153,0.004316,0.002425,1.00349,1.838,No Fail,150.0,100.0,44.98,0.0,0.0
1756,64.9,0.2,1915,0,30,-30,-30,30,0,Balanced,150498.5,10963.5,10963.5,17979.3,10787.58,17979.3,0.25265,0.25265,0.32808,143.019,35.042509,113.320561,42.933676,0.002043,0.000466,0.001315,0.000737,0.30647,0.909,FAIL,150.0,100.0,19.15,0.0,0.0
1757,65.0,0.2,3787,0,30,-30,-30,30,0,Balanced,150725.0,10975.0,10975.0,18005.0,10803.0,18005.0,0.2525,0.2525,0.3279999999999999,372.468,90.168306,293.112621,111.741645,0.005321,0.001209,0.003419,0.001911,0.79815,1.564,No Fail,150.0,100.0,37.87,0.0,0.0
1758,40.0,0.2,2943,0,30,-30,-30,30,0,Balanced,94100.0,8100.0,8100.0,11580.0,6948.0,11580.0,0.29,0.29,0.348,315.908,75.490762,246.856905,94.806129,0.004513,0.001023,0.002896,0.001613,0.67695,1.403,No Fail,150.0,100.0,29.43,0.0,0.0
1759,40.1,0.2,1501,0,30,-30,-30,30,0,Balanced,94326.5,8111.5,8111.5,11605.7,6963.42,11605.7,0.28985,0.28985,0.34792,76.876,18.118812,59.639222,23.101643,0.001098,0.000248,0.000704,0.00039,0.16474,0.72,FAIL,150.0,100.0,15.01,0.0,0.0
1760,40.2,0.2,3615,0,30,-30,-30,30,0,Balanced,94553.0,8123.0,8123.0,11631.4,6978.839999999999,11631.4,0.2897,0.2897,0.34784,402.001,93.37825,309.564851,121.081295,0.005743,0.001294,0.003678,0.002031,0.86143,1.649,No Fail,150.0,100.0,36.15,0.0,0.0
1761,40.3,0.2,2566,0,30,-30,-30,30,0,Balanced,94779.5,8134.499999999999,8134.499999999999,11657.1,6994.26,11657.1,0.28955,0.28955,0.3477599999999999,203.325,46.516086,155.394332,61.44001,0.002905,0.000653,0.001859,0.001021,0.4357,1.081,No Fail,150.0,100.0,25.66,0.0,0.0
1762,40.4,0.2,2224,0,30,-30,-30,30,0,Balanced,95006.0,8146.0,8146.0,11682.8,7009.679999999999,11682.8,0.2894,0.2894,0.34768,174.171,39.222945,132.09516,52.850287,0.002488,0.000558,0.001592,0.00087,0.37322,0.998,FAIL,150.0,100.0,22.24,0.0,0.0
1763,40.5,0.2,4826,0,30,-30,-30,30,0,Balanced,95232.5,8157.5,8157.5,11708.5,7025.099999999999,11708.5,0.28925,0.28925,0.3476,481.501,106.689007,362.353384,146.846805,0.006879,0.001539,0.004404,0.002391,1.03179,1.876,No Fail,150.0,100.0,48.26,0.0,0.0
1764,40.6,0.2,1690,0,30,-30,-30,30,0,Balanced,95459.0,8169.0,8169.0,11734.2,7040.52,11734.2,0.2890999999999999,0.2890999999999999,0.34752,125.154,27.276167,93.448504,38.394933,0.001788,0.000399,0.001145,0.000618,0.26819,0.858,FAIL,150.0,100.0,16.9,0.0,0.0
1765,40.7,0.2,3091,0,30,-30,-30,30,0,Balanced,95685.5,8180.5,8180.5,11759.9,7055.94,11759.9,0.28895,0.28895,0.3474399999999999,319.329,68.439484,236.55835,98.622037,0.004562,0.001016,0.002925,0.001567,0.68428,1.412,No Fail,150.0,100.0,30.91,0.0,0.0
1766,40.8,0.2,3669,0,30,-30,-30,30,0,Balanced,95912.0,8192.0,8192.0,11785.6,7071.36,11785.6,0.2888,0.2888,0.34736,349.734,73.707015,257.040536,108.817933,0.004996,0.001111,0.003207,0.001706,0.74943,1.499,No Fail,150.0,100.0,36.69,0.0,0.0
1767,40.9,0.2,3800,0,30,-30,-30,30,0,Balanced,96138.5,8203.5,8203.5,11811.3,7086.78,11811.3,0.2886499999999999,0.2886499999999999,0.34728,377.196,78.176462,275.041525,118.318098,0.005389,0.001196,0.003465,0.001828,0.80828,1.578,No Fail,150.0,100.0,38.0,0.0,0.0
1768,41.0,0.2,1899,0,30,-30,-30,30,0,Balanced,96365.0,8215.0,8215.0,11837.0,7102.2,11837.0,0.2885,0.2885,0.3472,107.079,21.829911,77.467372,33.882582,0.00153,0.000339,0.000986,0.000516,0.22946,0.806,FAIL,150.0,100.0,18.99,0.0,0.0
1769,41.1,0.2,2276,0,30,-30,-30,30,0,Balanced,96591.5,8226.5,8226.5,11862.7,7117.62,11862.7,0.28835,0.28835,0.34712,149.116,29.914317,107.041095,47.623563,0.00213,0.000471,0.001375,0.000713,0.31953,0.926,FAIL,150.0,100.0,22.76,0.0,0.0
1770,41.2,0.2,4405,0,30,-30,-30,30,0,Balanced,96818.0,8238.0,8238.0,11888.4,7133.04,11888.4,0.2882,0.2882,0.34704,469.968,92.825674,334.770796,151.564815,0.006714,0.001484,0.004345,0.002234,1.00707,1.843,No Fail,150.0,100.0,44.05,0.0,0.0
1771,41.3,0.2,2522,0,30,-30,-30,30,0,Balanced,97044.5,8249.5,8249.5,11914.1,7148.46,11914.1,0.28805,0.28805,0.3469599999999999,154.246,30.016953,109.043613,50.251901,0.002204,0.000487,0.001431,0.000729,0.33053,0.941,FAIL,150.0,100.0,25.22,0.0,0.0
1772,41.4,0.2,3957,0,30,-30,-30,30,0,Balanced,97271.0,8261.0,8261.0,11939.8,7163.879999999999,11939.8,0.2879,0.2879,0.34688,390.854,75.006324,274.267886,128.678574,0.005584,0.001232,0.003636,0.001834,0.83754,1.617,No Fail,150.0,100.0,39.57,0.0,0.0
1773,41.5,0.2,2075,0,30,-30,-30,30,0,Balanced,97497.5,8272.5,8272.5,11965.5,7179.3,11965.5,0.28775,0.28775,0.3468,213.624,40.467863,148.821101,71.08991,0.003052,0.000673,0.001994,0.000996,0.45777,1.11,No Fail,150.0,100.0,20.75,0.0,0.0
1774,41.6,0.2,4009,0,30,-30,-30,30,0,Balanced,97724.0,8284.0,8284.0,11991.200000000004,7194.720000000001,11991.200000000004,0.2875999999999999,0.2875999999999999,0.34672,445.437,83.394155,308.139768,149.862277,0.006363,0.001401,0.004173,0.002062,0.95451,1.773,No Fail,150.0,100.0,40.09,0.0,0.0
1775,41.7,0.2,1874,0,30,-30,-30,30,0,Balanced,97950.5,8295.5,8295.5,12016.9,7210.14,12016.9,0.28745,0.28745,0.34664,103.254,19.130201,70.944881,35.124658,0.001475,0.000325,0.000971,0.000475,0.22126,0.795,FAIL,150.0,100.0,18.74,0.0,0.0
1776,41.8,0.2,2156,0,30,-30,-30,30,0,Balanced,98177.0,8307.0,8307.0,12042.6,7225.56,12042.6,0.2873,0.2873,0.34656,152.739,28.045094,104.26419,52.538205,0.002182,0.00048,0.001443,0.000698,0.3273,0.936,FAIL,150.0,100.0,21.56,0.0,0.0
1777,41.9,0.2,2875,0,30,-30,-30,30,0,Balanced,98403.5,8318.5,8318.5,12068.3,7240.98,12068.3,0.2871499999999999,0.2871499999999999,0.3464799999999999,203.06,37.008958,137.756256,70.625469,0.002901,0.000638,0.001926,0.000922,0.43513,1.08,No Fail,150.0,100.0,28.75,0.0,0.0
1778,42.0,0.2,4235,0,30,-30,-30,30,0,Balanced,98630.0,8330.0,8330.0,12094.0,7256.4,12094.0,0.287,0.287,0.3464,434.019,78.648478,292.711685,152.623243,0.0062,0.001364,0.004136,0.001957,0.93004,1.74,No Fail,150.0,100.0,42.35,0.0,0.0
1779,42.1,0.2,1877,0,30,-30,-30,30,0,Balanced,98856.5,8341.5,8341.5,12119.700000000004,7271.8200000000015,12119.700000000004,0.28685,0.28685,0.3463199999999999,104.209,18.808017,69.89323,37.044887,0.001489,0.000328,0.000998,0.000467,0.22331,0.798,FAIL,150.0,100.0,18.77,0.0,0.0
1780,42.2,0.2,4743,0,30,-30,-30,30,0,Balanced,99083.0,8353.0,8353.0,12145.4,7287.240000000001,12145.4,0.2867,0.2867,0.34624,503.419,90.657616,335.910259,180.873102,0.007192,0.001583,0.004846,0.00224,1.07876,1.938,No Fail,150.0,100.0,47.43,0.0,0.0
1781,42.3,0.2,3561,0,30,-30,-30,30,0,Balanced,99309.5,8364.5,8364.5,12171.1,7302.66,12171.1,0.2865499999999999,0.2865499999999999,0.3461599999999999,301.145,54.210222,199.990217,109.326892,0.004302,0.000947,0.002914,0.001332,0.64531,1.36,No Fail,150.0,100.0,35.61,0.0,0.0
1782,42.4,0.2,3077,0,30,-30,-30,30,0,Balanced,99536.0,8376.0,8376.0,12196.8,7318.079999999999,12196.8,0.2864,0.2864,0.34608,248.382,44.776765,164.239656,91.083733,0.003548,0.000782,0.002416,0.001091,0.53225,1.21,No Fail,150.0,100.0,30.77,0.0,0.0
1783,42.5,0.2,4847,0,30,-30,-30,30,0,Balanced,99762.5,8387.5,8387.5,12222.5,7333.5,12222.5,0.28625,0.28625,0.346,485.714,87.847199,319.932016,179.850346,0.006939,0.00153,0.00475,0.002121,1.04082,1.888,No Fail,150.0,100.0,48.47,0.0,0.0
1784,42.6,0.2,3246,0,30,-30,-30,30,0,Balanced,99989.0,8399.0,8399.0,12248.2,7348.92,12248.2,0.2861,0.2861,0.34592,350.019,63.624148,229.768441,130.813466,0.005,0.001104,0.003442,0.001519,0.75004,1.5,No Fail,150.0,100.0,32.46,0.0,0.0
1785,42.7,0.2,1670,0,30,-30,-30,30,0,Balanced,100215.5,8410.5,8410.5,12273.9,7364.340000000001,12273.9,0.28595,0.28595,0.34584,101.594,18.591757,66.496415,38.305433,0.001451,0.000321,0.001005,0.000438,0.2177,0.79,FAIL,150.0,100.0,16.7,0.0,0.0
1786,42.8,0.2,4436,0,30,-30,-30,30,0,Balanced,100442.0,8422.0,8422.0,12299.6,7379.76,12299.6,0.2858,0.2858,0.34576,399.069,73.641498,260.570695,151.724465,0.005701,0.001261,0.00397,0.001711,0.85515,1.64,No Fail,150.0,100.0,44.36,0.0,0.0
1787,42.9,0.2,3279,0,30,-30,-30,30,0,Balanced,100668.5,8433.5,8433.5,12325.3,7395.179999999999,12325.3,0.2856499999999999,0.2856499999999999,0.34568,310.325,57.831813,202.238103,118.907015,0.004433,0.000982,0.003105,0.001323,0.66498,1.387,No Fail,150.0,100.0,32.79,0.0,0.0
1788,43.0,0.2,2120,0,30,-30,-30,30,0,Balanced,100895.0,8445.0,8445.0,12351.0,7410.599999999999,12351.0,0.2855,0.2855,0.3456,109.08,20.557468,70.988072,42.09903,0.001558,0.000346,0.001098,0.000462,0.23374,0.812,FAIL,150.0,100.0,21.2,0.0,0.0
1789,43.1,0.2,4057,0,30,-30,-30,30,0,Balanced,101121.5,8456.5,8456.5,12376.7,7426.02,12376.7,0.28535,0.28535,0.34552,396.25,75.614888,257.651096,153.947422,0.005661,0.001258,0.004012,0.001671,0.84911,1.632,No Fail,150.0,100.0,40.57,0.0,0.0
1790,43.2,0.2,2856,0,30,-30,-30,30,0,Balanced,101348.0,8468.0,8468.0,12402.4,7441.44,12402.4,0.2852,0.2852,0.3454399999999999,301.67,58.35235,196.08648,117.906981,0.00431,0.00096,0.003072,0.001266,0.64644,1.362,No Fail,150.0,100.0,28.56,0.0,0.0
1791,43.3,0.2,4589,0,30,-30,-30,30,0,Balanced,101574.5,8479.5,8479.5,12428.1,7456.86,12428.1,0.2850499999999999,0.2850499999999999,0.34536,460.6,90.395211,299.449335,180.989397,0.00658,0.001468,0.004718,0.001923,0.987,1.816,No Fail,150.0,100.0,45.89,0.0,0.0
1792,43.4,0.2,2846,0,30,-30,-30,30,0,Balanced,101801.0,8491.0,8491.0,12453.8,7472.279999999999,12453.8,0.2849,0.2849,0.34528,253.118,50.440272,164.678537,99.926894,0.003616,0.000809,0.002608,0.001052,0.5424,1.223,No Fail,150.0,100.0,28.46,0.0,0.0
1793,43.5,0.2,4706,0,30,-30,-30,30,0,Balanced,102027.5,8502.5,8502.5,12479.5,7487.7,12479.5,0.28475,0.28475,0.3451999999999999,427.499,86.55455,278.479159,169.443555,0.006107,0.001369,0.00443,0.001768,0.91607,1.721,No Fail,150.0,100.0,47.06,0.0,0.0
1794,43.6,0.2,2458,0,30,-30,-30,30,0,Balanced,102254.0,8514.0,8514.0,12505.2,7503.12,12505.2,0.2846,0.2846,0.34512,171.597,35.315279,111.979171,68.237645,0.002451,0.000551,0.001788,0.000707,0.36771,0.99,FAIL,150.0,100.0,24.58,0.0,0.0
1795,43.7,0.2,4897,0,30,-30,-30,30,0,Balanced,102480.5,8525.5,8525.5,12530.9,7518.540000000001,12530.9,0.28445,0.28445,0.34504,453.574,94.913613,296.666257,180.831991,0.00648,0.00146,0.004755,0.00186,0.97194,1.796,No Fail,150.0,100.0,48.97,0.0,0.0
1796,43.8,0.2,1967,0,30,-30,-30,30,0,Balanced,102707.0,8537.0,8537.0,12556.6,7533.959999999999,12556.6,0.2843,0.2843,0.34496,148.758,31.655624,97.568653,59.416138,0.002125,0.00048,0.001568,0.000608,0.31877,0.925,FAIL,150.0,100.0,19.67,0.0,0.0
1797,43.9,0.2,3950,0,30,-30,-30,30,0,Balanced,102933.5,8548.5,8548.5,12582.3,7549.379999999999,12582.3,0.2841499999999999,0.2841499999999999,0.3448799999999999,403.7,87.361182,265.650267,161.42138,0.005767,0.001306,0.004279,0.001644,0.86507,1.653,No Fail,150.0,100.0,39.5,0.0,0.0
1798,44.0,0.2,2546,0,30,-30,-30,30,0,Balanced,103160.0,8560.0,8560.0,12608.0,7564.799999999999,12608.0,0.284,0.284,0.3448,184.519,40.60022,121.876144,73.807598,0.002636,0.000599,0.001966,0.000749,0.3954,1.027,No Fail,150.0,100.0,25.46,0.0,0.0
1799,44.1,0.2,4512,0,30,-30,-30,30,0,Balanced,103386.5,8571.5,8571.5,12633.7,7580.22,12633.7,0.2838499999999999,0.2838499999999999,0.3447199999999999,438.184,98.005967,290.641023,175.207641,0.00626,0.001426,0.004695,0.001774,0.93897,1.752,No Fail,150.0,100.0,45.12,0.0,0.0
1800,44.2,0.2,4774,0,30,-30,-30,30,0,Balanced,103613.0,8583.0,8583.0,12659.4,7595.639999999999,12659.4,0.2837,0.2837,0.34464,469.865,106.78383,313.100818,187.666023,0.006712,0.001534,0.00506,0.001897,1.00685,1.842,No Fail,150.0,100.0,47.74,0.0,0.0
1801,44.3,0.2,2203,0,30,-30,-30,30,0,Balanced,103839.5,8594.5,8594.5,12685.1,7611.059999999999,12685.1,0.28355,0.28355,0.34456,155.887,35.979636,104.402308,62.146941,0.002227,0.000511,0.001687,0.000628,0.33404,0.945,FAIL,150.0,100.0,22.03,0.0,0.0
1802,44.4,0.2,2517,0,30,-30,-30,30,0,Balanced,104066.0,8606.0,8606.0,12710.8,7626.48,12710.8,0.2834,0.2834,0.34448,196.5,46.031618,132.318323,78.136506,0.002807,0.000646,0.002137,0.00079,0.42107,1.061,No Fail,150.0,100.0,25.17,0.0,0.0
1803,44.5,0.2,3853,0,30,-30,-30,30,0,Balanced,104292.5,8617.5,8617.5,12736.5,7641.9,12736.5,0.28325,0.28325,0.3444,400.01,95.039002,270.921073,158.537619,0.005714,0.001319,0.00437,0.001605,0.85716,1.643,No Fail,150.0,100.0,38.53,0.0,0.0
1804,44.6,0.2,3775,0,30,-30,-30,30,0,Balanced,104519.0,8629.0,8629.0,12762.2,7657.32,12762.2,0.2831,0.2831,0.34432,310.04,74.651508,211.275935,122.389218,0.004429,0.001026,0.003402,0.001243,0.66437,1.386,No Fail,150.0,100.0,37.75,0.0,0.0
1805,44.7,0.2,3264,0,30,-30,-30,30,0,Balanced,104745.5,8640.5,8640.5,12787.9,7672.74,12787.9,0.28295,0.28295,0.34424,248.468,60.57583,170.410803,97.624858,0.00355,0.000825,0.002739,0.000995,0.53243,1.21,No Fail,150.0,100.0,32.64,0.0,0.0
1806,44.8,0.2,2628,0,30,-30,-30,30,0,Balanced,104972.0,8652.0,8652.0,12813.6,7688.159999999999,12813.6,0.2828,0.2828,0.34416,201.687,49.739612,139.258164,78.820808,0.002881,0.000672,0.002232,0.000807,0.43219,1.076,No Fail,150.0,100.0,26.28,0.0,0.0
1807,44.9,0.2,2733,0,30,-30,-30,30,0,Balanced,105198.5,8663.5,8663.5,12839.3,7703.579999999999,12839.3,0.2826499999999999,0.2826499999999999,0.3440799999999999,287.796,71.724098,200.102638,111.799146,0.004111,0.000963,0.003197,0.001151,0.61671,1.322,No Fail,150.0,100.0,27.33,0.0,0.0
1808,45.0,0.2,3497,0,30,-30,-30,30,0,Balanced,105425.0,8675.0,8675.0,12865.0,7719.0,12865.0,0.2825,0.2825,0.344,338.125,85.064785,236.792034,130.481831,0.00483,0.001135,0.00377,0.001352,0.72455,1.466,No Fail,150.0,100.0,34.97,0.0,0.0
1809,45.1,0.2,2961,0,30,-30,-30,30,0,Balanced,105651.5,8686.5,8686.5,12890.7,7734.42,12890.7,0.28235,0.28235,0.34392,247.046,62.669768,174.290183,94.647636,0.003529,0.000833,0.002764,0.000989,0.52938,1.206,No Fail,150.0,100.0,29.61,0.0,0.0
1810,45.2,0.2,4445,0,30,-30,-30,30,0,Balanced,105878.0,8698.0,8698.0,12916.4,7749.839999999999,12916.4,0.2822,0.2822,0.34384,423.821,108.284986,301.268308,161.111674,0.006055,0.001434,0.004757,0.001697,0.90819,1.711,No Fail,150.0,100.0,44.45,0.0,0.0
1811,45.3,0.2,4466,0,30,-30,-30,30,0,Balanced,106104.5,8709.5,8709.5,12942.1,7765.259999999998,12942.1,0.28205,0.28205,0.34376,484.633,124.56245,347.150224,182.699844,0.006923,0.001646,0.005455,0.001943,1.0385,1.885,No Fail,150.0,100.0,44.66,0.0,0.0
1812,45.4,0.2,3330,0,30,-30,-30,30,0,Balanced,106331.0,8721.0,8721.0,12967.799999999996,7780.6799999999985,12967.799999999996,0.2819,0.2819,0.34368,275.678,71.19269,199.014527,103.013012,0.003938,0.00094,0.003111,0.001107,0.59074,1.288,No Fail,150.0,100.0,33.3,0.0,0.0
1813,45.5,0.2,2009,0,30,-30,-30,30,0,Balanced,106557.5,8732.5,8732.5,12993.5,7796.099999999999,12993.5,0.28175,0.28175,0.3436,207.905,53.878888,151.271717,76.969971,0.00297,0.000712,0.002352,0.000836,0.44551,1.094,No Fail,150.0,100.0,20.09,0.0,0.0
1814,45.6,0.2,2200,0,30,-30,-30,30,0,Balanced,106784.0,8744.0,8744.0,13019.2,7811.52,13019.2,0.2816,0.2816,0.34352,150.705,39.143183,110.5223,55.254931,0.002153,0.000518,0.001709,0.000607,0.32294,0.931,FAIL,150.0,100.0,22.0,0.0,0.0
1815,45.7,0.2,2063,0,30,-30,-30,30,0,Balanced,107010.5,8755.5,8755.5,13044.9,7826.94,13044.9,0.28145,0.28145,0.3434399999999999,123.449,32.095255,91.252804,44.808347,0.001764,0.000426,0.001403,0.000499,0.26453,0.853,FAIL,150.0,100.0,20.63,0.0,0.0
1816,45.8,0.2,2377,0,30,-30,-30,30,0,Balanced,107237.0,8767.0,8767.0,13070.6,7842.359999999999,13070.6,0.2813,0.2813,0.34336,221.384,57.540334,164.943827,79.525855,0.003163,0.000768,0.00252,0.000897,0.47439,1.133,No Fail,150.0,100.0,23.77,0.0,0.0
1817,45.9,0.2,3917,0,30,-30,-30,30,0,Balanced,107463.5,8778.5,8778.5,13096.299999999996,7857.779999999998,13096.299999999996,0.28115,0.28115,0.34328,345.79,89.734644,259.666818,122.899856,0.00494,0.001204,0.003941,0.001404,0.74098,1.488,No Fail,150.0,100.0,39.17,0.0,0.0
1818,46.0,0.2,4138,0,30,-30,-30,30,0,Balanced,107690.0,8790.0,8790.0,13122.0,7873.2,13122.0,0.281,0.281,0.3432,442.147,114.41624,334.623475,155.450861,0.006316,0.001546,0.005044,0.001801,0.94746,1.763,No Fail,150.0,100.0,41.38,0.0,0.0
1819,46.1,0.2,4349,0,30,-30,-30,30,0,Balanced,107916.5,8801.5,8801.5,13147.7,7888.62,13147.7,0.2808499999999999,0.2808499999999999,0.34312,501.915,129.35454,382.794756,174.534284,0.00717,0.001762,0.005731,0.002052,1.07553,1.934,No Fail,150.0,100.0,43.49,0.0,0.0
1820,46.2,0.2,4538,0,30,-30,-30,30,0,Balanced,108143.0,8813.0,8813.0,13173.4,7904.039999999999,13173.4,0.2807,0.2807,0.34304,516.891,132.509279,397.219452,177.761402,0.007384,0.001822,0.005905,0.002121,1.10762,1.977,No Fail,150.0,100.0,45.38,0.0,0.0
1821,46.3,0.2,4527,0,30,-30,-30,30,0,Balanced,108369.5,8824.5,8824.5,13199.1,7919.46,13199.1,0.28055,0.28055,0.34296,435.219,110.847775,336.956968,148.022039,0.006217,0.001541,0.004973,0.001793,0.93261,1.743,No Fail,150.0,100.0,45.27,0.0,0.0
1822,46.4,0.2,3464,0,30,-30,-30,30,0,Balanced,108596.0,8836.0,8836.0,13224.8,7934.879999999999,13224.8,0.2804,0.2804,0.34288,300.976,76.069787,234.72694,101.239939,0.0043,0.00107,0.00344,0.001246,0.64495,1.36,No Fail,150.0,100.0,34.64,0.0,0.0
1823,46.5,0.2,4245,0,30,-30,-30,30,0,Balanced,108822.5,8847.5,8847.5,13250.5,7950.299999999999,13250.5,0.28025,0.28025,0.3428,462.942,115.977492,363.615243,154.028,0.006613,0.001652,0.005289,0.001925,0.99202,1.823,No Fail,150.0,100.0,42.45,0.0,0.0
1824,46.6,0.2,2507,0,30,-30,-30,30,0,Balanced,109049.0,8859.0,8859.0,13276.2,7965.72,13276.2,0.2801,0.2801,0.34272,173.197,42.961459,136.978124,57.009729,0.002474,0.000621,0.001978,0.000724,0.37114,0.995,FAIL,150.0,100.0,25.07,0.0,0.0
1825,46.7,0.2,4743,0,30,-30,-30,30,0,Balanced,109275.5,8870.5,8870.5,13301.9,7981.139999999999,13301.9,0.27995,0.27995,0.3426399999999999,471.854,115.767004,375.678372,153.697032,0.006741,0.001698,0.005384,0.001981,1.01111,1.848,No Fail,150.0,100.0,47.43,0.0,0.0
1826,46.8,0.2,4848,0,30,-30,-30,30,0,Balanced,109502.0,8882.0,8882.0,13327.6,7996.559999999999,13327.6,0.2798,0.2798,0.34256,520.074,126.082029,416.740425,167.693951,0.00743,0.00188,0.005928,0.002195,1.11444,1.986,No Fail,150.0,100.0,48.48,0.0,0.0
1827,46.9,0.2,2594,0,30,-30,-30,30,0,Balanced,109728.5,8893.5,8893.5,13353.3,8011.98,13353.3,0.2796499999999999,0.2796499999999999,0.34248,161.927,38.754258,130.556429,51.706187,0.002313,0.000587,0.001843,0.000687,0.34699,0.963,FAIL,150.0,100.0,25.94,0.0,0.0
1828,47.0,0.2,1545,0,30,-30,-30,30,0,Balanced,109955.0,8905.0,8905.0,13379.0,8027.4,13379.0,0.2794999999999999,0.2794999999999999,0.3424,83.15,19.629447,67.437136,26.30656,0.001188,0.000303,0.000945,0.000355,0.17818,0.738,FAIL,150.0,100.0,15.45,0.0,0.0
1829,47.1,0.2,3672,0,30,-30,-30,30,0,Balanced,110181.5,8916.5,8916.5,13404.7,8042.82,13404.7,0.27935,0.27935,0.3423199999999999,388.999,90.512697,317.260383,122.001941,0.005557,0.001423,0.004412,0.00167,0.83357,1.611,No Fail,150.0,100.0,36.72,0.0,0.0
1830,47.2,0.2,4545,0,30,-30,-30,30,0,Balanced,110408.0,8928.0,8928.0,13430.4,8058.24,13430.4,0.2792,0.2792,0.34224,432.326,99.082483,354.466774,134.497183,0.006176,0.001588,0.004893,0.001867,0.92641,1.735,No Fail,150.0,100.0,45.45,0.0,0.0
1831,47.3,0.2,4690,0,30,-30,-30,30,0,Balanced,110634.5,8939.5,8939.5,13456.1,8073.66,13456.1,0.27905,0.27905,0.34216,444.388,100.259439,366.170877,137.227988,0.006348,0.001638,0.005017,0.00193,0.95226,1.77,No Fail,150.0,100.0,46.9,0.0,0.0
1832,47.4,0.2,3767,0,30,-30,-30,30,0,Balanced,110861.0,8951.0,8951.0,13481.8,8089.079999999999,13481.8,0.2789,0.2789,0.34208,343.823,76.326568,284.622208,105.466581,0.004912,0.001272,0.003872,0.001503,0.73676,1.482,No Fail,150.0,100.0,37.67,0.0,0.0
1833,47.5,0.2,3413,0,30,-30,-30,30,0,Balanced,111087.5,8962.5,8962.5,13507.5,8104.5,13507.5,0.27875,0.27875,0.3419999999999999,292.914,63.960322,243.521043,89.323269,0.004184,0.001088,0.003288,0.001288,0.62767,1.337,No Fail,150.0,100.0,34.13,0.0,0.0
1834,47.6,0.2,4217,0,30,-30,-30,30,0,Balanced,111314.0,8974.0,8974.0,13533.200000000004,8119.920000000001,13533.200000000004,0.2786,0.2786,0.34192,413.254,88.741,344.922513,125.387,0.005904,0.001541,0.004625,0.001829,0.88554,1.681,No Fail,150.0,100.0,42.17,0.0,0.0
1835,47.7,0.2,2530,0,30,-30,-30,30,0,Balanced,111540.5,8985.5,8985.5,13558.9,8135.34,13558.9,0.27845,0.27845,0.34184,155.232,32.778654,130.027542,46.904312,0.002218,0.000581,0.001732,0.000692,0.33264,0.944,FAIL,150.0,100.0,25.3,0.0,0.0
1836,47.8,0.2,3889,0,30,-30,-30,30,0,Balanced,111767.0,8997.0,8997.0,13584.6,8150.76,13584.6,0.2783,0.2783,0.34176,425.697,88.397721,357.719124,128.212057,0.006081,0.001599,0.004731,0.001909,0.91221,1.716,No Fail,150.0,100.0,38.89,0.0,0.0
1837,47.9,0.2,2108,0,30,-30,-30,30,0,Balanced,111993.5,9008.5,9008.5,13610.3,8166.179999999999,13610.3,0.27815,0.27815,0.34168,200.085,40.867562,168.607998,60.124642,0.002858,0.000754,0.002215,0.000903,0.42875,1.072,No Fail,150.0,100.0,21.08,0.0,0.0
1838,48.0,0.2,2820,0,30,-30,-30,30,0,Balanced,112220.0,9020.0,9020.0,13636.0,8181.599999999999,13636.0,0.278,0.278,0.3416,248.6,49.963129,209.999668,74.60543,0.003551,0.00094,0.002741,0.001129,0.53271,1.21,No Fail,150.0,100.0,28.2,0.0,0.0
1839,48.1,0.2,3448,0,30,-30,-30,30,0,Balanced,112446.5,9031.5,9031.5,13661.700000000004,8197.02,13661.700000000004,0.2778499999999999,0.2778499999999999,0.34152,338.468,66.969982,286.495822,101.541818,0.004835,0.001284,0.003716,0.001548,0.72529,1.467,No Fail,150.0,100.0,34.48,0.0,0.0
1840,48.2,0.2,3544,0,30,-30,-30,30,0,Balanced,112673.0,9043.0,9043.0,13687.4,8212.44,13687.4,0.2777,0.2777,0.34144,388.149,75.661495,329.08621,116.523019,0.005545,0.001478,0.004243,0.001787,0.83175,1.609,No Fail,150.0,100.0,35.44,0.0,0.0
1841,48.3,0.2,2657,0,30,-30,-30,30,0,Balanced,112899.5,9054.5,9054.5,13713.1,8227.86,13713.1,0.27755,0.27755,0.34136,260.646,50.096935,221.257775,78.374657,0.003724,0.000996,0.002836,0.001208,0.55853,1.245,No Fail,150.0,100.0,26.57,0.0,0.0
1842,48.4,0.2,2042,0,30,-30,-30,30,0,Balanced,113126.0,9066.0,9066.0,13738.8,8243.279999999999,13738.8,0.2774,0.2774,0.34128,125.848,23.874185,106.918924,37.940352,0.001798,0.000482,0.001363,0.000587,0.26968,0.86,FAIL,150.0,100.0,20.42,0.0,0.0
1843,48.5,0.2,2629,0,30,-30,-30,30,0,Balanced,113352.5,9077.5,9077.5,13764.5,8258.699999999999,13764.5,0.27725,0.27725,0.3412,269.913,50.597957,229.412227,81.661713,0.003856,0.001037,0.002908,0.001268,0.57839,1.271,No Fail,150.0,100.0,26.29,0.0,0.0
1844,48.6,0.2,4763,0,30,-30,-30,30,0,Balanced,113579.0,9089.0,9089.0,13790.2,8274.12,13790.2,0.2771,0.2771,0.34112,551.773,102.344352,468.987209,167.683597,0.007882,0.002126,0.005914,0.002609,1.18237,2.076,No Fail,150.0,100.0,47.63,0.0,0.0
1845,48.7,0.2,3817,0,30,-30,-30,30,0,Balanced,113805.5,9100.5,9100.5,13815.9,8289.54,13815.9,0.27695,0.27695,0.34104,361.327,66.40838,306.995523,110.393919,0.005162,0.001397,0.003853,0.00172,0.77427,1.532,No Fail,150.0,100.0,38.17,0.0,0.0
1846,48.8,0.2,3504,0,30,-30,-30,30,0,Balanced,114032.0,9112.0,9112.0,13841.6,8304.96,13841.6,0.2768,0.2768,0.34096,337.741,61.60289,286.728026,103.825164,0.004825,0.001309,0.003582,0.001618,0.72373,1.465,No Fail,150.0,100.0,35.04,0.0,0.0
1847,48.9,0.2,4244,0,30,-30,-30,30,0,Balanced,114258.5,9123.5,9123.5,13867.3,8320.38,13867.3,0.2766499999999999,0.2766499999999999,0.34088,447.639,81.163209,379.571368,138.566431,0.006395,0.001739,0.004722,0.002158,0.95923,1.779,No Fail,150.0,100.0,42.44,0.0,0.0
1848,49.0,0.2,2270,0,30,-30,-30,30,0,Balanced,114485.0,9135.0,9135.0,13893.0,8335.8,13893.0,0.2764999999999999,0.2764999999999999,0.3408,203.953,36.823841,172.663444,63.618579,0.002914,0.000795,0.00214,0.00099,0.43704,1.083,No Fail,150.0,100.0,22.7,0.0,0.0
1849,49.1,0.2,1739,0,30,-30,-30,30,0,Balanced,114711.5,9146.5,9146.5,13918.7,8351.22,13918.7,0.27635,0.27635,0.34072,153.898,27.719041,130.027507,48.405684,0.002199,0.000601,0.001605,0.000752,0.32978,0.94,FAIL,150.0,100.0,17.39,0.0,0.0
1850,49.2,0.2,2956,0,30,-30,-30,30,0,Balanced,114938.0,9158.0,9158.0,13944.4,8366.640000000001,13944.4,0.2762,0.2762,0.34064,266.778,48.021355,224.86061,84.660406,0.003811,0.001044,0.002766,0.00131,0.57167,1.262,No Fail,150.0,100.0,29.56,0.0,0.0
1851,49.3,0.2,1822,0,30,-30,-30,30,0,Balanced,115164.5,9169.5,9169.5,13970.1,8382.06,13970.1,0.27605,0.27605,0.34056,119.881,21.605805,100.764229,38.403908,0.001713,0.00047,0.001236,0.000593,0.25689,0.843,FAIL,150.0,100.0,18.22,0.0,0.0
1852,49.4,0.2,2247,0,30,-30,-30,30,0,Balanced,115391.0,9181.0,9181.0,13995.8,8397.48,13995.8,0.2759,0.2759,0.34048,213.218,38.545071,178.651589,68.982807,0.003046,0.000838,0.002185,0.00106,0.4569,1.109,No Fail,150.0,100.0,22.47,0.0,0.0
1853,49.5,0.2,2763,0,30,-30,-30,30,0,Balanced,115617.5,9192.5,9192.5,14021.5,8412.9,14021.5,0.27575,0.27575,0.3404,264.295,48.009802,220.666548,86.390087,0.003776,0.001041,0.002693,0.001322,0.56635,1.255,No Fail,150.0,100.0,27.63,0.0,0.0
1854,49.6,0.2,4134,0,30,-30,-30,30,0,Balanced,115844.0,9204.0,9204.0,14047.2,8428.32,14047.2,0.2756,0.2756,0.3403199999999999,451.397,82.535056,375.415266,149.116667,0.006449,0.001781,0.004573,0.00227,0.96728,1.79,No Fail,150.0,100.0,41.34,0.0,0.0
1855,49.7,0.2,4988,0,30,-30,-30,30,0,Balanced,116070.5,9215.5,9215.5,14072.9,8443.74,14072.9,0.27545,0.27545,0.34024,519.671,95.797064,430.36077,173.536848,0.007424,0.002054,0.005233,0.002627,1.11358,1.985,No Fail,150.0,100.0,49.88,0.0,0.0
1856,49.8,0.2,4934,0,30,-30,-30,30,0,Balanced,116297.0,9227.0,9227.0,14098.6,8459.16,14098.6,0.2753,0.2753,0.34016,475.895,88.580428,392.297895,160.672691,0.006799,0.001885,0.004765,0.002419,1.01978,1.86,No Fail,150.0,100.0,49.34,0.0,0.0
1857,49.9,0.2,3841,0,30,-30,-30,30,0,Balanced,116523.5,9238.5,9238.5,14124.3,8474.58,14124.3,0.27515,0.27515,0.34008,440.893,82.979027,361.65403,150.512718,0.006298,0.001748,0.004388,0.002252,0.94477,1.76,No Fail,150.0,100.0,38.41,0.0,0.0
1858,50.0,0.2,4666,0,30,-30,-30,30,0,Balanced,116750.0,9250.0,9250.0,14150.0,8490.0,14150.0,0.275,0.275,0.3399999999999999,489.729,93.313759,399.605249,169.050458,0.006996,0.001945,0.004847,0.002514,1.04942,1.899,No Fail,150.0,100.0,46.66,0.0,0.0
1859,50.1,0.2,3674,0,30,-30,-30,30,0,Balanced,116976.5,9261.5,9261.5,14175.7,8505.42,14175.7,0.27485,0.27485,0.33992,343.593,66.354617,278.805103,119.924478,0.004908,0.001366,0.003381,0.001772,0.73627,1.482,No Fail,150.0,100.0,36.74,0.0,0.0
1860,50.2,0.2,3889,0,30,-30,-30,30,0,Balanced,117203.0,9273.0,9273.0,14201.4,8520.84,14201.4,0.2747,0.2747,0.33984,327.184,64.101891,263.937782,115.455095,0.004674,0.001302,0.003202,0.001696,0.70111,1.435,No Fail,150.0,100.0,38.89,0.0,0.0
1861,50.3,0.2,4706,0,30,-30,-30,30,0,Balanced,117429.5,9284.5,9284.5,14227.1,8536.26,14227.1,0.27455,0.27455,0.33976,510.488,101.545796,409.286001,182.092411,0.007293,0.002034,0.004969,0.002658,1.0939,1.959,No Fail,150.0,100.0,47.06,0.0,0.0
1862,50.4,0.2,2851,0,30,-30,-30,30,0,Balanced,117656.0,9296.0,9296.0,14252.8,8551.679999999998,14252.8,0.2744,0.2744,0.33968,198.103,40.035077,157.815688,71.414247,0.00283,0.00079,0.001918,0.001036,0.42451,1.066,No Fail,150.0,100.0,28.51,0.0,0.0
1863,50.5,0.2,2490,0,30,-30,-30,30,0,Balanced,117882.5,9307.5,9307.5,14278.5,8567.1,14278.5,0.27425,0.27425,0.3396,203.658,41.834059,161.165433,74.175565,0.002909,0.000813,0.001961,0.001069,0.43641,1.082,No Fail,150.0,100.0,24.9,0.0,0.0
1864,50.6,0.2,4377,0,30,-30,-30,30,0,Balanced,118109.0,9319.0,9319.0,14304.2,8582.52,14304.2,0.2741,0.2741,0.33952,394.722,82.43959,310.223489,145.201664,0.005639,0.001577,0.003782,0.00208,0.84583,1.628,No Fail,150.0,100.0,43.77,0.0,0.0
1865,50.7,0.2,4310,0,30,-30,-30,30,0,Balanced,118335.5,9330.5,9330.5,14329.9,8597.939999999999,14329.9,0.2739499999999999,0.2739499999999999,0.3394399999999999,453.797,96.381213,354.134337,168.53756,0.006483,0.001814,0.004327,0.0024,0.97242,1.797,No Fail,150.0,100.0,43.1,0.0,0.0
1866,50.8,0.2,1653,0,30,-30,-30,30,0,Balanced,118562.0,9342.0,9342.0,14355.6,8613.36,14355.6,0.2738,0.2738,0.33936,110.198,23.801096,85.373353,41.302625,0.001574,0.000441,0.001046,0.000585,0.23614,0.815,FAIL,150.0,100.0,16.53,0.0,0.0
1867,50.9,0.2,2174,0,30,-30,-30,30,0,Balanced,118788.5,9353.5,9353.5,14381.3,8628.779999999999,14381.3,0.2736499999999999,0.2736499999999999,0.33928,118.714,26.071306,91.289607,44.881805,0.001696,0.000475,0.001122,0.000632,0.25439,0.839,FAIL,150.0,100.0,21.74,0.0,0.0
1868,51.0,0.2,4819,0,30,-30,-30,30,0,Balanced,119015.0,9365.0,9365.0,14407.0,8644.199999999999,14407.0,0.2734999999999999,0.2734999999999999,0.3392,500.411,111.715355,381.905099,190.738439,0.007149,0.002002,0.004709,0.002672,1.07231,1.93,No Fail,150.0,100.0,48.19,0.0,0.0
1869,51.1,0.2,4847,0,30,-30,-30,30,0,Balanced,119241.5,9376.5,9376.5,14432.7,8659.62,14432.7,0.27335,0.27335,0.33912,547.626,124.23069,414.734917,210.330089,0.007823,0.00219,0.005132,0.002931,1.17348,2.065,No Fail,150.0,100.0,48.47,0.0,0.0
1870,51.2,0.2,1526,0,30,-30,-30,30,0,Balanced,119468.0,9388.0,9388.0,14458.4,8675.039999999999,14458.4,0.2732,0.2732,0.33904,82.448,18.996228,61.956093,31.889832,0.001178,0.00033,0.00077,0.000443,0.17667,0.736,FAIL,150.0,100.0,15.26,0.0,0.0
1871,51.3,0.2,3846,0,30,-30,-30,30,0,Balanced,119694.5,9399.5,9399.5,14484.1,8690.46,14484.1,0.27305,0.27305,0.33896,434.368,101.583897,323.85424,169.091082,0.006205,0.001737,0.004042,0.002336,0.93079,1.741,No Fail,150.0,100.0,38.46,0.0,0.0
1872,51.4,0.2,4527,0,30,-30,-30,30,0,Balanced,119921.0,9411.0,9411.0,14509.8,8705.88,14509.8,0.2729,0.2729,0.33888,430.972,102.232986,318.794376,168.743588,0.006157,0.001723,0.003998,0.002323,0.92351,1.731,No Fail,150.0,100.0,45.27,0.0,0.0
1873,51.5,0.2,1864,0,30,-30,-30,30,0,Balanced,120147.5,9422.5,9422.5,14535.5,8721.3,14535.5,0.27275,0.27275,0.3388,139.381,33.510214,102.288959,54.85442,0.001991,0.000557,0.001289,0.000752,0.29867,0.898,FAIL,150.0,100.0,18.64,0.0,0.0
1874,51.6,0.2,3960,0,30,-30,-30,30,0,Balanced,120374.0,9434.0,9434.0,14561.2,8736.72,14561.2,0.2726,0.2726,0.33872,389.153,94.743104,283.344644,153.838115,0.005559,0.001554,0.00359,0.002104,0.8339,1.612,No Fail,150.0,100.0,39.6,0.0,0.0
1875,51.7,0.2,4213,0,30,-30,-30,30,0,Balanced,120600.5,9445.5,9445.5,14586.9,8752.14,14586.9,0.2724499999999999,0.2724499999999999,0.33864,365.862,90.113323,264.301477,145.175915,0.005227,0.00146,0.003368,0.001981,0.78399,1.545,No Fail,150.0,100.0,42.13,0.0,0.0
1876,51.8,0.2,4789,0,30,-30,-30,30,0,Balanced,120827.0,9457.0,9457.0,14612.6,8767.56,14612.6,0.2723,0.2723,0.3385599999999999,479.964,119.478038,344.040381,191.034396,0.006857,0.001913,0.004409,0.002601,1.02849,1.871,No Fail,150.0,100.0,47.89,0.0,0.0
1877,51.9,0.2,2038,0,30,-30,-30,30,0,Balanced,121053.5,9468.5,9468.5,14638.3,8782.98,14638.3,0.27215,0.27215,0.33848,120.698,30.333752,85.854463,48.152134,0.001724,0.000481,0.001107,0.000655,0.25864,0.845,FAIL,150.0,100.0,20.38,0.0,0.0
1878,52.0,0.2,2661,0,30,-30,-30,30,0,Balanced,121280.0,9480.0,9480.0,14664.0,8798.4,14664.0,0.272,0.272,0.3384,235.424,59.667965,166.200399,94.072328,0.003363,0.000936,0.002156,0.001277,0.50448,1.173,No Fail,150.0,100.0,26.61,0.0,0.0
1879,52.1,0.2,1690,0,30,-30,-30,30,0,Balanced,121506.5,9491.5,9491.5,14689.7,8813.82,14689.7,0.27185,0.27185,0.3383199999999999,159.905,40.824101,112.055024,63.951307,0.002284,0.000635,0.001463,0.000868,0.34265,0.957,FAIL,150.0,100.0,16.9,0.0,0.0
1880,52.2,0.2,3453,0,30,-30,-30,30,0,Balanced,121733.0,9503.0,9503.0,14715.4,8829.24,14715.4,0.2717,0.2717,0.33824,293.044,75.272435,203.878997,117.212948,0.004186,0.001163,0.00268,0.001591,0.62795,1.337,No Fail,150.0,100.0,34.53,0.0,0.0
1881,52.3,0.2,2297,0,30,-30,-30,30,0,Balanced,121959.5,9514.5,9514.5,14741.1,8844.66,14741.1,0.27155,0.27155,0.33816,174.946,45.157272,120.867447,69.932827,0.002499,0.000693,0.001599,0.000949,0.37489,1.0,No Fail,150.0,100.0,22.97,0.0,0.0
1882,52.4,0.2,2858,0,30,-30,-30,30,0,Balanced,122186.0,9526.0,9526.0,14766.8,8860.08,14766.8,0.2714,0.2714,0.33808,285.533,73.971217,195.945549,113.984975,0.004079,0.001129,0.002611,0.001549,0.61186,1.316,No Fail,150.0,100.0,28.58,0.0,0.0
1883,52.5,0.2,3016,0,30,-30,-30,30,0,Balanced,122412.5,9537.5,9537.5,14792.5,8875.5,14792.5,0.27125,0.27125,0.3379999999999999,258.557,67.142974,176.290864,103.001591,0.003694,0.001021,0.002365,0.001402,0.55405,1.239,No Fail,150.0,100.0,30.16,0.0,0.0
1884,52.6,0.2,3857,0,30,-30,-30,30,0,Balanced,122639.0,9549.0,9549.0,14818.2,8890.92,14818.2,0.2711,0.2711,0.33792,441.796,114.856149,299.379888,175.505699,0.006311,0.001741,0.004044,0.002393,0.94671,1.762,No Fail,150.0,100.0,38.57,0.0,0.0
1885,52.7,0.2,3745,0,30,-30,-30,30,0,Balanced,122865.5,9560.5,9560.5,14843.9,8906.34,14843.9,0.2709499999999999,0.2709499999999999,0.33784,362.478,94.22161,244.205062,143.490443,0.005178,0.001426,0.003322,0.001961,0.77674,1.536,No Fail,150.0,100.0,37.45,0.0,0.0
1886,52.8,0.2,4146,0,30,-30,-30,30,0,Balanced,123092.0,9572.0,9572.0,14869.6,8921.76,14869.6,0.2708,0.2708,0.33776,402.467,104.46818,269.669443,158.649742,0.00575,0.00158,0.003694,0.002174,0.86243,1.65,No Fail,150.0,100.0,41.46,0.0,0.0
1887,52.9,0.2,3953,0,30,-30,-30,30,0,Balanced,123318.5,9583.5,9583.5,14895.3,8937.179999999998,14895.3,0.2706499999999999,0.2706499999999999,0.33768,382.302,98.968374,254.86118,149.963785,0.005461,0.001497,0.003515,0.002061,0.81922,1.592,No Fail,150.0,100.0,39.53,0.0,0.0
1888,53.0,0.2,4748,0,30,-30,-30,30,0,Balanced,123545.0,9595.0,9595.0,14921.0,8952.6,14921.0,0.2704999999999999,0.2704999999999999,0.3376,547.123,141.080641,363.040652,213.425756,0.007816,0.002138,0.005041,0.002945,1.17241,2.063,No Fail,150.0,100.0,47.48,0.0,0.0
1889,53.1,0.2,4254,0,30,-30,-30,30,0,Balanced,123771.5,9606.5,9606.5,14946.7,8968.02,14946.7,0.27035,0.27035,0.33752,480.646,123.300438,317.582014,186.333167,0.006866,0.001874,0.004439,0.002581,1.02996,1.873,No Fail,150.0,100.0,42.54,0.0,0.0
1890,53.2,0.2,1803,0,30,-30,-30,30,0,Balanced,123998.0,9618.0,9618.0,14972.4,8983.439999999999,14972.4,0.2702,0.2702,0.3374399999999999,147.179,37.516006,96.879666,56.669003,0.002103,0.000573,0.001363,0.000789,0.31538,0.921,FAIL,150.0,100.0,18.03,0.0,0.0
1891,53.3,0.2,3032,0,30,-30,-30,30,0,Balanced,124224.5,9629.5,9629.5,14998.1,8998.859999999999,14998.1,0.27005,0.27005,0.33736,243.591,61.624181,159.811549,93.097942,0.00348,0.000945,0.002263,0.001302,0.52198,1.196,No Fail,150.0,100.0,30.32,0.0,0.0
1892,53.4,0.2,3813,0,30,-30,-30,30,0,Balanced,124451.0,9641.0,9641.0,15023.8,9014.28,15023.8,0.2699,0.2699,0.33728,388.595,97.456292,254.223236,147.337431,0.005551,0.001503,0.003622,0.00207,0.8327,1.61,No Fail,150.0,100.0,38.13,0.0,0.0
1893,53.5,0.2,3367,0,30,-30,-30,30,0,Balanced,124677.5,9652.5,9652.5,15049.5,9029.7,15049.5,0.26975,0.26975,0.3372,322.537,80.100892,210.516304,121.25663,0.004608,0.001244,0.003017,0.001713,0.69115,1.422,No Fail,150.0,100.0,33.67,0.0,0.0
1894,53.6,0.2,2868,0,30,-30,-30,30,0,Balanced,124904.0,9664.0,9664.0,15075.2,9045.12,15075.2,0.2696,0.2696,0.33712,302.244,74.251439,196.912883,112.611633,0.004318,0.001163,0.002838,0.0016,0.64766,1.364,No Fail,150.0,100.0,28.68,0.0,0.0
1895,53.7,0.2,3410,0,30,-30,-30,30,0,Balanced,125130.5,9675.5,9675.5,15100.9,9060.54,15100.9,0.2694499999999999,0.2694499999999999,0.33704,287.181,69.720673,186.856597,105.995737,0.004103,0.001102,0.002708,0.001515,0.61539,1.321,No Fail,150.0,100.0,34.1,0.0,0.0
1896,53.8,0.2,2004,0,30,-30,-30,30,0,Balanced,125357.0,9687.0,9687.0,15126.6,9075.96,15126.6,0.2693,0.2693,0.33696,89.56,21.467247,58.228015,32.732624,0.001279,0.000342,0.000848,0.000471,0.19192,0.756,FAIL,150.0,100.0,20.04,0.0,0.0
1897,53.9,0.2,4700,0,30,-30,-30,30,0,Balanced,125583.5,9698.5,9698.5,15152.3,9091.38,15152.3,0.26915,0.26915,0.33688,464.81,109.906606,302.126692,168.160512,0.00664,0.001772,0.004422,0.002433,0.99602,1.828,No Fail,150.0,100.0,47.0,0.0,0.0
1898,54.0,0.2,4053,0,30,-30,-30,30,0,Balanced,125810.0,9710.0,9710.0,15178.000000000002,9106.8,15178.000000000002,0.269,0.269,0.3368,368.46,85.879587,239.569103,131.913969,0.005264,0.0014,0.003522,0.001921,0.78956,1.553,No Fail,150.0,100.0,40.53,0.0,0.0
1899,54.1,0.2,4823,0,30,-30,-30,30,0,Balanced,126036.5,9721.5,9721.5,15203.700000000004,9122.22,15203.700000000004,0.26885,0.26885,0.33672,518.7,119.088999,337.53125,183.722488,0.00741,0.001964,0.004983,0.002693,1.1115,1.982,No Fail,150.0,100.0,48.23,0.0,0.0
1900,54.2,0.2,3443,0,30,-30,-30,30,0,Balanced,126263.0,9733.0,9733.0,15229.4,9137.64,15229.4,0.2687,0.2687,0.33664,322.042,72.789949,209.843821,112.829593,0.004601,0.001215,0.00311,0.001664,0.69009,1.42,No Fail,150.0,100.0,34.43,0.0,0.0
1901,54.3,0.2,1518,0,30,-30,-30,30,0,Balanced,126489.5,9744.5,9744.5,15255.1,9153.06,15255.1,0.26855,0.26855,0.3365599999999999,133.691,29.734411,87.276531,46.325729,0.00191,0.000503,0.001298,0.000688,0.28648,0.882,FAIL,150.0,100.0,15.18,0.0,0.0
1902,54.4,0.2,3380,0,30,-30,-30,30,0,Balanced,126716.0,9756.0,9756.0,15280.8,9168.48,15280.8,0.2683999999999999,0.2683999999999999,0.33648,308.706,67.537697,202.010365,105.790689,0.00441,0.001157,0.003013,0.00158,0.66151,1.382,No Fail,150.0,100.0,33.8,0.0,0.0
1903,54.5,0.2,2566,0,30,-30,-30,30,0,Balanced,126942.5,9767.5,9767.5,15306.500000000002,9183.9,15306.500000000002,0.26825,0.26825,0.3364,162.049,34.865191,106.346871,54.920233,0.002315,0.000605,0.00159,0.000825,0.34725,0.963,FAIL,150.0,100.0,25.66,0.0,0.0
1904,54.6,0.2,4662,0,30,-30,-30,30,0,Balanced,127169.0,9779.0,9779.0,15332.200000000004,9199.320000000002,15332.200000000004,0.2681,0.2681,0.3363199999999999,451.179,95.454849,297.089528,151.234022,0.006445,0.001678,0.004452,0.002285,0.96681,1.789,No Fail,150.0,100.0,46.62,0.0,0.0
1905,54.7,0.2,2944,0,30,-30,-30,30,0,Balanced,127395.5,9790.5,9790.5,15357.9,9214.74,15357.9,0.2679499999999999,0.2679499999999999,0.33624,285.655,59.43128,188.818081,94.714927,0.004081,0.001059,0.002835,0.001439,0.61212,1.316,No Fail,150.0,100.0,29.44,0.0,0.0
1906,54.8,0.2,3294,0,30,-30,-30,30,0,Balanced,127622.0,9801.999999999998,9801.999999999998,15383.6,9230.159999999998,15383.6,0.2678,0.2678,0.33616,291.648,59.681794,193.60615,95.676204,0.004166,0.001076,0.002911,0.001461,0.62496,1.333,No Fail,150.0,100.0,32.94,0.0,0.0
1907,54.9,0.2,2273,0,30,-30,-30,30,0,Balanced,127848.5,9813.499999999998,9813.499999999998,15409.299999999996,9245.579999999998,15409.299999999996,0.26765,0.26765,0.33608,224.087,45.119249,149.458773,72.753462,0.003201,0.000824,0.00225,0.001116,0.48019,1.14,No Fail,150.0,100.0,22.73,0.0,0.0
1908,55.0,0.2,2180,0,30,-30,-30,30,0,Balanced,128075.0,9825.0,9825.0,15435.000000000002,9261.0,15435.000000000002,0.2674999999999999,0.2674999999999999,0.3359999999999999,127.52,25.275955,85.48781,40.988552,0.001822,0.000467,0.001288,0.000632,0.27326,0.864,FAIL,150.0,100.0,21.8,0.0,0.0
1909,55.1,0.2,4299,0,30,-30,-30,30,0,Balanced,128301.5,9836.5,9836.5,15460.700000000004,9276.420000000002,15460.700000000004,0.26735,0.26735,0.33592,476.799,93.098017,321.401963,151.793575,0.006811,0.001739,0.004844,0.002347,1.02171,1.862,No Fail,150.0,100.0,42.99,0.0,0.0
1910,55.2,0.2,4480,0,30,-30,-30,30,0,Balanced,128528.0,9848.0,9848.0,15486.4,9291.84,15486.4,0.2672,0.2672,0.3358399999999999,415.078,79.904712,281.439724,130.948002,0.00593,0.001508,0.004242,0.002031,0.88945,1.686,No Fail,150.0,100.0,44.8,0.0,0.0
1911,55.3,0.2,4980,0,30,-30,-30,30,0,Balanced,128754.5,9859.499999999998,9859.499999999998,15512.1,9307.259999999998,15512.1,0.26705,0.26705,0.33576,468.013,88.913736,319.30063,146.394755,0.006686,0.001694,0.004811,0.002276,1.00289,1.837,No Fail,150.0,100.0,49.8,0.0,0.0
1912,55.4,0.2,3424,0,30,-30,-30,30,0,Balanced,128981.0,9870.999999999998,9870.999999999998,15537.799999999996,9322.679999999998,15537.799999999996,0.2669,0.2669,0.33568,331.283,62.183576,227.488228,102.811419,0.004733,0.001194,0.003426,0.001601,0.70989,1.447,No Fail,150.0,100.0,34.24,0.0,0.0
1913,55.5,0.2,1736,0,30,-30,-30,30,0,Balanced,129207.5,9882.5,9882.5,15563.500000000002,9338.1,15563.500000000002,0.26675,0.26675,0.3356,140.085,26.013222,96.847577,43.16303,0.002001,0.000503,0.001457,0.000672,0.30018,0.9,FAIL,150.0,100.0,17.36,0.0,0.0
1914,55.6,0.2,4040,0,30,-30,-30,30,0,Balanced,129434.0,9894.0,9894.0,15589.200000000004,9353.52,15589.200000000004,0.2666,0.2666,0.33552,454.611,83.634772,316.505502,139.176917,0.006494,0.001625,0.004755,0.002168,0.97417,1.799,No Fail,150.0,100.0,40.4,0.0,0.0
1915,55.7,0.2,2658,0,30,-30,-30,30,0,Balanced,129660.5,9905.5,9905.5,15614.9,9368.94,15614.9,0.2664499999999999,0.2664499999999999,0.3354399999999999,231.519,42.26183,162.355204,70.481151,0.003307,0.000824,0.002435,0.001097,0.49611,1.161,No Fail,150.0,100.0,26.58,0.0,0.0
1916,55.8,0.2,3794,0,30,-30,-30,30,0,Balanced,129887.0,9917.0,9917.0,15640.6,9384.36,15640.6,0.2663,0.2663,0.33536,419.908,76.180731,296.655988,127.224945,0.005999,0.001489,0.004442,0.001977,0.8998,1.7,No Fail,150.0,100.0,37.94,0.0,0.0
1917,55.9,0.2,3668,0,30,-30,-30,30,0,Balanced,130113.5,9928.5,9928.5,15666.299999999996,9399.78,15666.299999999996,0.26615,0.26615,0.33528,407.601,73.621687,290.149465,123.019953,0.005823,0.001439,0.004335,0.001906,0.87343,1.665,No Fail,150.0,100.0,36.68,0.0,0.0
1918,56.0,0.2,2612,0,30,-30,-30,30,0,Balanced,130340.0,9940.0,9940.0,15692.000000000002,9415.2,15692.000000000002,0.266,0.266,0.3352,173.729,31.296703,124.623983,52.280507,0.002482,0.000611,0.001858,0.000807,0.37228,0.996,FAIL,150.0,100.0,26.12,0.0,0.0
1919,56.1,0.2,3657,0,30,-30,-30,30,0,Balanced,130566.5,9951.5,9951.5,15717.700000000004,9430.62,15717.700000000004,0.26585,0.26585,0.33512,362.026,65.164879,261.730399,108.730274,0.005172,0.001268,0.003891,0.001671,0.77577,1.534,No Fail,150.0,100.0,36.57,0.0,0.0
1920,56.2,0.2,3545,0,30,-30,-30,30,0,Balanced,130793.0,9963.0,9963.0,15743.4,9446.04,15743.4,0.2657,0.2657,0.33504,366.104,65.966364,266.767888,109.845457,0.00523,0.001276,0.003955,0.001678,0.78451,1.546,No Fail,150.0,100.0,35.45,0.0,0.0
1921,56.3,0.2,2776,0,30,-30,-30,30,0,Balanced,131019.5,9974.5,9974.5,15769.1,9461.46,15769.1,0.26555,0.26555,0.33496,236.482,42.731779,173.68361,70.952892,0.003378,0.000821,0.002567,0.001077,0.50675,1.176,No Fail,150.0,100.0,27.76,0.0,0.0
1922,56.4,0.2,2999,0,30,-30,-30,30,0,Balanced,131246.0,9986.0,9986.0,15794.799999999996,9476.879999999996,15794.799999999996,0.2654,0.2654,0.33488,296.026,53.739209,219.142663,88.904509,0.004229,0.001024,0.003229,0.001339,0.63434,1.346,No Fail,150.0,100.0,29.99,0.0,0.0
1923,56.5,0.2,2362,0,30,-30,-30,30,0,Balanced,131472.5,9997.5,9997.5,15820.499999999998,9492.3,15820.499999999998,0.26525,0.26525,0.3348,254.954,46.577734,190.233864,76.718743,0.003642,0.000878,0.002793,0.001146,0.54633,1.228,No Fail,150.0,100.0,23.62,0.0,0.0
1924,56.6,0.2,4089,0,30,-30,-30,30,0,Balanced,131699.0,10009.0,10009.0,15846.200000000004,9507.72,15846.200000000004,0.2651,0.2651,0.33472,445.347,82.012504,334.914756,134.400301,0.006362,0.001527,0.0049,0.001988,0.95431,1.772,No Fail,150.0,100.0,40.89,0.0,0.0
1925,56.7,0.2,4440,0,30,-30,-30,30,0,Balanced,131925.5,10020.5,10020.5,15871.9,9523.14,15871.9,0.2649499999999999,0.2649499999999999,0.33464,462.537,85.991935,350.55922,140.124976,0.006608,0.00158,0.005111,0.002052,0.99115,1.822,No Fail,150.0,100.0,44.4,0.0,0.0
1926,56.8,0.2,4065,0,30,-30,-30,30,0,Balanced,132152.0,10032.0,10032.0,15897.6,9538.56,15897.6,0.2648,0.2648,0.3345599999999999,453.318,85.203211,346.222592,137.984478,0.006476,0.001542,0.005029,0.001998,0.9714,1.795,No Fail,150.0,100.0,40.65,0.0,0.0
1927,56.9,0.2,3120,0,30,-30,-30,30,0,Balanced,132378.5,10043.5,10043.5,15923.299999999996,9553.979999999998,15923.299999999996,0.26465,0.26465,0.33448,240.503,45.758162,185.079434,73.617179,0.003436,0.000815,0.002678,0.001053,0.51536,1.187,No Fail,150.0,100.0,31.2,0.0,0.0
1928,57.0,0.2,2569,0,30,-30,-30,30,0,Balanced,132605.0,10055.0,10055.0,15948.999999999998,9569.399999999998,15948.999999999998,0.2644999999999999,0.2644999999999999,0.3344,236.512,45.602235,183.363767,72.861133,0.003379,0.000798,0.002643,0.00103,0.50681,1.176,No Fail,150.0,100.0,25.69,0.0,0.0
1929,57.1,0.2,2115,0,30,-30,-30,30,0,Balanced,132831.5,10066.500000000002,10066.500000000002,15974.700000000004,9584.820000000002,15974.700000000004,0.26435,0.26435,0.3343199999999999,155.004,30.316814,121.046866,48.094925,0.002214,0.000521,0.001737,0.000671,0.33215,0.943,FAIL,150.0,100.0,21.15,0.0,0.0
1930,57.2,0.2,4446,0,30,-30,-30,30,0,Balanced,133058.00000000003,10078.000000000002,10078.000000000002,16000.4,9600.24,16000.4,0.2642,0.2642,0.33424,441.796,87.725096,347.456919,138.164321,0.006311,0.00148,0.004967,0.0019,0.9467,1.762,No Fail,150.0,100.0,44.46,0.0,0.0
1931,57.3,0.2,1990,0,30,-30,-30,30,0,Balanced,133284.5,10089.5,10089.5,16026.1,9615.659999999998,16026.1,0.26405,0.26405,0.33416,100.543,20.281449,79.61756,31.711782,0.001436,0.000335,0.001133,0.00043,0.21545,0.787,FAIL,150.0,100.0,19.9,0.0,0.0
1932,57.4,0.2,2421,0,30,-30,-30,30,0,Balanced,133511.0,10101.0,10101.0,16051.799999999996,9631.079999999998,16051.799999999996,0.2639,0.2639,0.33408,195.221,40.025103,155.61885,62.135261,0.002789,0.000649,0.002207,0.00083,0.41833,1.058,No Fail,150.0,100.0,24.21,0.0,0.0
1933,57.5,0.2,1768,0,30,-30,-30,30,0,Balanced,133737.5,10112.5,10112.5,16077.499999999998,9646.499999999998,16077.499999999998,0.26375,0.26375,0.334,69.042,14.392059,55.388608,22.18635,0.000986,0.000229,0.000782,0.000292,0.14795,0.697,FAIL,150.0,100.0,17.68,0.0,0.0
1934,57.6,0.2,1565,0,30,-30,-30,30,0,Balanced,133964.00000000003,10124.000000000002,10124.000000000002,16103.200000000004,9661.920000000002,16103.200000000004,0.2636,0.2636,0.33392,145.716,30.888606,117.617231,47.296389,0.002082,0.000481,0.001655,0.000613,0.31225,0.916,FAIL,150.0,100.0,15.65,0.0,0.0
1935,57.7,0.2,1609,0,30,-30,-30,30,0,Balanced,134190.50000000003,10135.500000000002,10135.500000000002,16128.9,9677.34,16128.9,0.2634499999999999,0.2634499999999999,0.3338399999999999,96.852,20.878274,78.63339,31.763884,0.001384,0.000319,0.001102,0.000405,0.20754,0.777,FAIL,150.0,100.0,16.09,0.0,0.0
1936,57.8,0.2,2918,0,30,-30,-30,30,0,Balanced,134417.0,10147.0,10147.0,16154.6,9692.759999999998,16154.6,0.2633,0.2633,0.33376,252.346,55.313271,206.015996,83.646977,0.003605,0.000827,0.002874,0.001051,0.54074,1.221,No Fail,150.0,100.0,29.18,0.0,0.0
1937,57.9,0.2,4672,0,30,-30,-30,30,0,Balanced,134643.5,10158.5,10158.5,16180.299999999996,9708.179999999998,16180.299999999996,0.26315,0.26315,0.33368,472.335,105.25045,387.637659,158.279969,0.006748,0.001544,0.005387,0.001958,1.01215,1.85,No Fail,150.0,100.0,46.72,0.0,0.0
1938,58.0,0.2,3402,0,30,-30,-30,30,0,Balanced,134870.0,10170.0,10170.0,16205.999999999998,9723.6,16205.999999999998,0.263,0.263,0.3336,317.169,71.819957,261.575659,107.460965,0.004531,0.001033,0.00362,0.001309,0.67965,1.406,No Fail,150.0,100.0,34.02,0.0,0.0
1939,58.1,0.2,3152,0,30,-30,-30,30,0,Balanced,135096.5,10181.5,10181.5,16231.7,9739.02,16231.7,0.26285,0.26285,0.33352,229.358,52.75189,190.022653,78.575984,0.003277,0.000745,0.00262,0.000943,0.49148,1.155,No Fail,150.0,100.0,31.52,0.0,0.0
1940,58.2,0.2,2780,0,30,-30,-30,30,0,Balanced,135323.00000000003,10193.000000000002,10193.000000000002,16257.4,9754.44,16257.4,0.2627,0.2627,0.3334399999999999,210.651,49.181288,175.26256,72.972211,0.003009,0.000682,0.002407,0.000862,0.4514,1.102,No Fail,150.0,100.0,27.8,0.0,0.0
1941,58.3,0.2,4203,0,30,-30,-30,30,0,Balanced,135549.5,10204.5,10204.5,16283.1,9769.86,16283.1,0.26255,0.26255,0.33336,459.379,108.79766,383.685791,160.900209,0.006563,0.001484,0.00525,0.001874,0.98438,1.813,No Fail,150.0,100.0,42.03,0.0,0.0
1942,58.4,0.2,2518,0,30,-30,-30,30,0,Balanced,135776.0,10216.0,10216.0,16308.799999999996,9785.28,16308.799999999996,0.2624,0.2624,0.33328,182.944,43.917696,153.335425,64.780006,0.002613,0.000589,0.00209,0.000744,0.39202,1.023,No Fail,150.0,100.0,25.18,0.0,0.0
1943,58.5,0.2,3286,0,30,-30,-30,30,0,Balanced,136002.5,10227.5,10227.5,16334.499999999998,9800.7,16334.499999999998,0.26225,0.26225,0.3332,313.539,76.227502,263.616666,112.220244,0.004479,0.001007,0.003581,0.001271,0.67187,1.396,No Fail,150.0,100.0,32.86,0.0,0.0
1944,58.6,0.2,3258,0,30,-30,-30,30,0,Balanced,136229.0,10239.0,10239.0,16360.2,9816.12,16360.2,0.2621,0.2621,0.3331199999999999,318.461,78.337442,268.490273,115.182661,0.004549,0.00102,0.003634,0.001287,0.68242,1.41,No Fail,150.0,100.0,32.58,0.0,0.0
1945,58.7,0.2,4468,0,30,-30,-30,30,0,Balanced,136455.50000000003,10250.500000000002,10250.500000000002,16385.9,9831.54,16385.9,0.2619499999999999,0.2619499999999999,0.33304,437.463,108.77115,369.688489,159.843161,0.006249,0.001399,0.004988,0.001764,0.93742,1.75,No Fail,150.0,100.0,44.68,0.0,0.0
1946,58.8,0.2,3649,0,30,-30,-30,30,0,Balanced,136682.0,10262.0,10262.0,16411.6,9846.96,16411.6,0.2618,0.2618,0.33296,316.166,79.375848,267.707792,116.664337,0.004517,0.001009,0.003601,0.001272,0.6775,1.403,No Fail,150.0,100.0,36.49,0.0,0.0
1947,58.9,0.2,3299,0,30,-30,-30,30,0,Balanced,136908.5,10273.5,10273.5,16437.3,9862.38,16437.3,0.26165,0.26165,0.33288,352.838,89.344833,299.226088,131.430443,0.005041,0.001123,0.004012,0.001417,0.75608,1.508,No Fail,150.0,100.0,32.99,0.0,0.0
1948,59.0,0.2,2127,0,30,-30,-30,30,0,Balanced,137135.0,10285.0,10285.0,16463.0,9877.8,16463.0,0.2614999999999999,0.2614999999999999,0.3328,169.779,43.311233,144.149057,63.813161,0.002425,0.000539,0.001927,0.000681,0.36381,0.985,FAIL,150.0,100.0,21.27,0.0,0.0
1949,59.1,0.2,3808,0,30,-30,-30,30,0,Balanced,137361.5,10296.5,10296.5,16488.7,9893.22,16488.7,0.2613499999999999,0.2613499999999999,0.33272,318.264,81.698226,270.422873,120.64504,0.004547,0.00101,0.003605,0.001275,0.68199,1.409,No Fail,150.0,100.0,38.08,0.0,0.0
1950,59.2,0.2,4076,0,30,-30,-30,30,0,Balanced,137588.00000000003,10308.000000000002,10308.000000000002,16514.4,9908.64,16514.4,0.2612,0.2612,0.33264,349.606,90.195698,297.157338,133.588766,0.004994,0.001107,0.003951,0.001399,0.74916,1.499,No Fail,150.0,100.0,40.76,0.0,0.0
1951,59.3,0.2,2756,0,30,-30,-30,30,0,Balanced,137814.5,10319.5,10319.5,16540.1,9924.06,16540.1,0.26105,0.26105,0.3325599999999999,244.307,63.268554,207.643544,94.049043,0.00349,0.000773,0.002754,0.000977,0.52352,1.198,No Fail,150.0,100.0,27.56,0.0,0.0
1952,59.4,0.2,3207,0,30,-30,-30,30,0,Balanced,138041.0,10331.0,10331.0,16565.8,9939.48,16565.8,0.2609,0.2609,0.33248,334.479,86.840367,284.151295,129.646056,0.004778,0.001056,0.003759,0.001338,0.71674,1.456,No Fail,150.0,100.0,32.07,0.0,0.0
1953,59.5,0.2,2793,0,30,-30,-30,30,0,Balanced,138267.5,10342.5,10342.5,16591.5,9954.9,16591.5,0.26075,0.26075,0.3324,302.0,78.507531,256.336092,117.788148,0.004314,0.000953,0.003384,0.001208,0.64714,1.363,No Fail,150.0,100.0,27.93,0.0,0.0
1954,59.6,0.2,2224,0,30,-30,-30,30,0,Balanced,138494.0,10354.0,10354.0,16617.2,9970.32,16617.2,0.2606,0.2606,0.33232,232.794,60.516816,197.342786,91.304429,0.003326,0.000734,0.0026,0.000932,0.49884,1.165,No Fail,150.0,100.0,22.24,0.0,0.0
1955,59.7,0.2,2764,0,30,-30,-30,30,0,Balanced,138720.5,10365.5,10365.5,16642.9,9985.74,16642.9,0.26045,0.26045,0.33224,191.938,49.832593,162.436253,75.651576,0.002742,0.000604,0.002136,0.000769,0.4113,1.048,No Fail,150.0,100.0,27.64,0.0,0.0
1956,59.8,0.2,3091,0,30,-30,-30,30,0,Balanced,138947.0,10377.0,10377.0,16668.6,10001.159999999998,16668.6,0.2603,0.2603,0.33216,288.319,74.66633,243.497947,114.122269,0.004119,0.000907,0.003197,0.001157,0.61783,1.324,No Fail,150.0,100.0,30.91,0.0,0.0
1957,59.9,0.2,4932,0,30,-30,-30,30,0,Balanced,139173.5,10388.5,10388.5,16694.3,10016.58,16694.3,0.26015,0.26015,0.33208,573.589,147.981398,483.22842,227.842177,0.008194,0.001804,0.006334,0.002304,1.22912,2.139,No Fail,150.0,100.0,49.32,0.0,0.0
1958,60.0,0.2,3963,0,30,-30,-30,30,0,Balanced,139400.0,10400.0,10400.0,16720.0,10032.0,16720.0,0.26,0.26,0.332,416.515,106.919014,349.900001,165.916789,0.00595,0.001309,0.004581,0.001676,0.89253,1.69,No Fail,150.0,100.0,39.63,0.0,0.0
1959,60.1,0.2,4404,0,30,-30,-30,30,0,Balanced,139626.5,10411.5,10411.5,16745.7,10047.42,16745.7,0.25985,0.25985,0.33192,447.181,114.077221,374.449438,178.506894,0.006388,0.001405,0.004896,0.001804,0.95825,1.778,No Fail,150.0,100.0,44.04,0.0,0.0
1960,60.2,0.2,2422,0,30,-30,-30,30,0,Balanced,139853.0,10423.0,10423.0,16771.4,10062.84,16771.4,0.2597,0.2597,0.33184,157.928,39.990062,131.766104,63.12842,0.002256,0.000496,0.001721,0.000639,0.33842,0.951,FAIL,150.0,100.0,24.22,0.0,0.0
1961,60.3,0.2,2108,0,30,-30,-30,30,0,Balanced,140079.5,10434.5,10434.5,16797.1,10078.259999999998,16797.1,0.25955,0.25955,0.33176,155.08,38.93388,128.877465,62.029128,0.002215,0.000487,0.001682,0.000629,0.33231,0.943,FAIL,150.0,100.0,21.08,0.0,0.0
1962,60.4,0.2,2779,0,30,-30,-30,30,0,Balanced,140306.0,10446.0,10446.0,16822.8,10093.679999999998,16822.8,0.2594,0.2594,0.33168,225.733,56.126243,186.783666,90.27926,0.003225,0.00071,0.002437,0.000918,0.48371,1.145,No Fail,150.0,100.0,27.79,0.0,0.0
1963,60.5,0.2,4424,0,30,-30,-30,30,0,Balanced,140532.5,10457.5,10457.5,16848.5,10109.1,16848.5,0.25925,0.25925,0.3316,433.121,106.541978,356.719066,173.075004,0.006187,0.001362,0.004652,0.001768,0.92812,1.737,No Fail,150.0,100.0,44.24,0.0,0.0
1964,60.6,0.2,2817,0,30,-30,-30,30,0,Balanced,140759.0,10469.0,10469.0,16874.2,10124.52,16874.2,0.2591,0.2591,0.33152,247.861,60.259644,203.120665,98.88854,0.003541,0.00078,0.002648,0.001015,0.53113,1.208,No Fail,150.0,100.0,28.17,0.0,0.0
1965,60.7,0.2,3307,0,30,-30,-30,30,0,Balanced,140985.5,10480.5,10480.5,16899.9,10139.94,16899.9,0.25895,0.25895,0.3314399999999999,260.407,62.513259,212.269906,103.654015,0.00372,0.00082,0.002768,0.001071,0.55802,1.244,No Fail,150.0,100.0,33.07,0.0,0.0
1966,60.8,0.2,4537,0,30,-30,-30,30,0,Balanced,141212.0,10492.0,10492.0,16925.6,10155.36,16925.6,0.2588,0.2588,0.33136,485.199,114.912245,393.28959,192.546614,0.006931,0.00153,0.005128,0.002004,1.03971,1.886,No Fail,150.0,100.0,45.37,0.0,0.0
1967,60.9,0.2,3187,0,30,-30,-30,30,0,Balanced,141438.5,10503.5,10503.5,16951.3,10170.78,16951.3,0.25865,0.25865,0.33128,298.266,69.636673,240.340159,117.921784,0.004261,0.000941,0.003135,0.001237,0.63914,1.352,No Fail,150.0,100.0,31.87,0.0,0.0
1968,61.0,0.2,3256,0,30,-30,-30,30,0,Balanced,141665.0,10515.0,10515.0,16977.0,10186.2,16977.0,0.2584999999999999,0.2584999999999999,0.3312,292.18,67.200485,233.982388,115.004036,0.004174,0.000923,0.003054,0.001218,0.6261,1.335,No Fail,150.0,100.0,32.56,0.0,0.0
1969,61.1,0.2,2080,0,30,-30,-30,30,0,Balanced,141891.5,10526.5,10526.5,17002.7,10201.62,17002.7,0.2583499999999999,0.2583499999999999,0.3311199999999999,202.522,45.858974,161.1396,79.307195,0.002893,0.000641,0.002105,0.000848,0.43398,1.079,No Fail,150.0,100.0,20.8,0.0,0.0
1970,61.2,0.2,3752,0,30,-30,-30,30,0,Balanced,142118.0,10538.0,10538.0,17028.4,10217.04,17028.4,0.2582,0.2582,0.33104,421.06,93.824331,332.787079,163.936776,0.006015,0.001334,0.004351,0.001772,0.90227,1.703,No Fail,150.0,100.0,37.52,0.0,0.0
1971,61.3,0.2,2154,0,30,-30,-30,30,0,Balanced,142344.5,10549.5,10549.5,17054.1,10232.46,17054.1,0.25805,0.25805,0.33096,202.774,44.447035,159.15867,78.444226,0.002897,0.000644,0.002083,0.000858,0.43452,1.079,No Fail,150.0,100.0,21.54,0.0,0.0
1972,61.4,0.2,4011,0,30,-30,-30,30,0,Balanced,142571.0,10561.0,10561.0,17079.8,10247.88,17079.8,0.2579,0.2579,0.33088,417.69,90.040449,325.521338,160.455569,0.005967,0.001328,0.004266,0.001777,0.89505,1.693,No Fail,150.0,100.0,40.11,0.0,0.0
1973,61.5,0.2,2306,0,30,-30,-30,30,0,Balanced,142797.5,10572.5,10572.5,17105.5,10263.3,17105.5,0.25775,0.25775,0.3308,233.673,49.53329,180.784888,89.086048,0.003338,0.000745,0.002372,0.001,0.50073,1.168,No Fail,150.0,100.0,23.06,0.0,0.0
1974,61.6,0.2,4021,0,30,-30,-30,30,0,Balanced,143024.0,10584.0,10584.0,17131.2,10278.72,17131.2,0.2576,0.2576,0.33072,362.425,75.548405,278.310961,137.051038,0.005177,0.001157,0.003658,0.00156,0.77662,1.535,No Fail,150.0,100.0,40.21,0.0,0.0
1975,61.7,0.2,3176,0,30,-30,-30,30,0,Balanced,143250.5,10595.5,10595.5,17156.9,10294.14,17156.9,0.25745,0.25745,0.33064,297.486,60.991609,226.713605,111.524908,0.00425,0.000952,0.002985,0.001288,0.63747,1.35,No Fail,150.0,100.0,31.76,0.0,0.0
1976,61.8,0.2,2064,0,30,-30,-30,30,0,Balanced,143477.0,10607.0,10607.0,17182.6,10309.56,17182.6,0.2573,0.2573,0.3305599999999999,191.561,38.641318,144.866416,71.162092,0.002737,0.000615,0.001911,0.000835,0.41049,1.047,No Fail,150.0,100.0,20.64,0.0,0.0
1977,61.9,0.2,1579,0,30,-30,-30,30,0,Balanced,143703.5,10618.5,10618.5,17208.3,10324.98,17208.3,0.25715,0.25715,0.33048,60.0,11.913822,45.021804,22.077133,0.000857,0.000193,0.000595,0.000263,0.12857,0.671,FAIL,150.0,100.0,15.79,0.0,0.0
1978,62.0,0.2,3507,0,30,-30,-30,30,0,Balanced,143930.0,10630.0,10630.0,17234.0,10340.4,17234.0,0.257,0.257,0.3304,394.471,77.153141,293.677291,143.710902,0.005635,0.001272,0.00389,0.00174,0.8453,1.627,No Fail,150.0,100.0,35.07,0.0,0.0
1979,62.1,0.2,3703,0,30,-30,-30,30,0,Balanced,144156.5,10641.5,10641.5,17259.7,10355.82,17259.7,0.25685,0.25685,0.33032,404.325,77.958154,298.6439,145.79518,0.005776,0.001307,0.003965,0.001795,0.86641,1.655,No Fail,150.0,100.0,37.03,0.0,0.0
1980,62.2,0.2,3503,0,30,-30,-30,30,0,Balanced,144383.0,10653.0,10653.0,17285.4,10371.24,17285.4,0.2567,0.2567,0.33024,394.433,75.044605,289.041398,140.734704,0.005635,0.001279,0.003847,0.001763,0.84521,1.627,No Fail,150.0,100.0,35.03,0.0,0.0
1981,62.3,0.2,2404,0,30,-30,-30,30,0,Balanced,144609.5,10664.5,10664.5,17311.1,10386.659999999998,17311.1,0.25655,0.25655,0.33016,253.848,47.71172,184.557814,89.602203,0.003626,0.000826,0.002462,0.001142,0.54396,1.225,No Fail,150.0,100.0,24.04,0.0,0.0
1982,62.4,0.2,4854,0,30,-30,-30,30,0,Balanced,144836.0,10676.0,10676.0,17336.8,10402.08,17336.8,0.2564,0.2564,0.33008,546.898,101.67545,394.509489,190.939297,0.007813,0.001784,0.005277,0.002477,1.17193,2.063,No Fail,150.0,100.0,48.54,0.0,0.0
1983,62.5,0.2,3473,0,30,-30,-30,30,0,Balanced,145062.5,10687.5,10687.5,17362.5,10417.5,17362.5,0.25625,0.25625,0.33,320.031,58.93487,229.07029,110.504223,0.004572,0.001047,0.003072,0.001459,0.68578,1.414,No Fail,150.0,100.0,34.73,0.0,0.0
1984,62.6,0.2,4018,0,30,-30,-30,30,0,Balanced,145289.0,10699.0,10699.0,17388.2,10432.92,17388.2,0.2561,0.2561,0.32992,461.974,84.398169,328.14502,157.755286,0.0066,0.001517,0.004414,0.00212,0.98994,1.82,No Fail,150.0,100.0,40.18,0.0,0.0
1985,62.7,0.2,2492,0,30,-30,-30,30,0,Balanced,145515.5,10710.5,10710.5,17413.9,10448.34,17413.9,0.25595,0.25595,0.32984,188.624,34.241878,132.976739,63.702076,0.002695,0.000622,0.001794,0.000871,0.40419,1.039,No Fail,150.0,100.0,24.92,0.0,0.0
1986,62.8,0.2,3072,0,30,-30,-30,30,0,Balanced,145742.0,10722.0,10722.0,17439.6,10463.759999999998,17439.6,0.2558,0.2558,0.32976,334.294,60.406118,233.942758,111.664736,0.004776,0.001105,0.003164,0.001555,0.71635,1.455,No Fail,150.0,100.0,30.72,0.0,0.0
1987,62.9,0.2,4536,0,30,-30,-30,30,0,Balanced,145968.5,10733.5,10733.5,17465.3,10479.179999999998,17465.3,0.25565,0.25565,0.32968,404.391,72.865051,280.97625,133.625996,0.005777,0.001342,0.003811,0.001893,0.86655,1.655,No Fail,150.0,100.0,45.36,0.0,0.0
1988,63.0,0.2,4406,0,30,-30,-30,30,0,Balanced,146195.0,10745.0,10745.0,17491.0,10494.6,17491.0,0.2555,0.2555,0.3296,491.699,88.506087,339.275313,160.765605,0.007024,0.001637,0.004615,0.002317,1.05364,1.905,No Fail,150.0,100.0,44.06,0.0,0.0
1989,63.1,0.2,4281,0,30,-30,-30,30,0,Balanced,146421.5,10756.5,10756.5,17516.7,10510.02,17516.7,0.2553499999999999,0.2553499999999999,0.32952,421.72,75.971501,289.049602,136.475945,0.006025,0.00141,0.003943,0.002001,0.90369,1.705,No Fail,150.0,100.0,42.81,0.0,0.0
1990,63.2,0.2,2137,0,30,-30,-30,30,0,Balanced,146648.0,10768.0,10768.0,17542.4,10525.44,17542.4,0.2552,0.2552,0.3294399999999999,123.834,22.367165,84.334695,39.680316,0.001769,0.000415,0.001154,0.000591,0.26536,0.854,FAIL,150.0,100.0,21.37,0.0,0.0
1991,63.3,0.2,2426,0,30,-30,-30,30,0,Balanced,146874.5,10779.5,10779.5,17568.1,10540.86,17568.1,0.25505,0.25505,0.32936,180.538,32.753701,122.204828,57.306457,0.002579,0.000608,0.001676,0.000868,0.38687,1.016,No Fail,150.0,100.0,24.26,0.0,0.0
1992,63.4,0.2,2699,0,30,-30,-30,30,0,Balanced,147101.0,10791.0,10791.0,17593.8,10556.28,17593.8,0.2549,0.2549,0.32928,206.87,37.762452,139.225124,65.081738,0.002955,0.000699,0.001915,0.001,0.44329,1.091,No Fail,150.0,100.0,26.99,0.0,0.0
1993,63.5,0.2,3567,0,30,-30,-30,30,0,Balanced,147327.5,10802.5,10802.5,17619.5,10571.7,17619.5,0.25475,0.25475,0.3292,350.316,64.447807,234.49781,109.296174,0.005005,0.001189,0.003235,0.001705,0.75068,1.501,No Fail,150.0,100.0,35.67,0.0,0.0
1994,63.6,0.2,2849,0,30,-30,-30,30,0,Balanced,147554.0,10814.0,10814.0,17645.2,10587.12,17645.2,0.2546,0.2546,0.3291199999999999,288.032,53.486564,191.843658,89.177262,0.004115,0.000982,0.002653,0.001411,0.61721,1.323,No Fail,150.0,100.0,28.49,0.0,0.0
1995,63.7,0.2,2208,0,30,-30,-30,30,0,Balanced,147780.5,10825.5,10825.5,17670.9,10602.54,17670.9,0.25445,0.25445,0.32904,222.556,41.7751,147.554769,68.427852,0.003179,0.000761,0.002046,0.001096,0.47691,1.136,No Fail,150.0,100.0,22.08,0.0,0.0
1996,63.8,0.2,3265,0,30,-30,-30,30,0,Balanced,148007.0,10837.0,10837.0,17696.6,10617.96,17696.6,0.2542999999999999,0.2542999999999999,0.32896,261.114,49.606995,172.401148,79.78854,0.00373,0.000897,0.002396,0.001294,0.55953,1.246,No Fail,150.0,100.0,32.65,0.0,0.0
1997,63.9,0.2,2023,0,30,-30,-30,30,0,Balanced,148233.5,10848.5,10848.5,17722.3,10633.38,17722.3,0.25415,0.25415,0.32888,160.062,30.812922,105.291127,48.649044,0.002287,0.000552,0.001467,0.000798,0.34299,0.957,FAIL,150.0,100.0,20.23,0.0,0.0
1998,64.0,0.2,3166,0,30,-30,-30,30,0,Balanced,148460.0,10860.0,10860.0,17748.0,10648.8,17748.0,0.254,0.254,0.3288,344.725,67.310061,226.034722,104.306946,0.004925,0.001194,0.003156,0.001728,0.7387,1.485,No Fail,150.0,100.0,31.66,0.0,0.0
1999,64.1,0.2,1637,0,30,-30,-30,30,0,Balanced,148686.49999999997,10871.499999999998,10871.499999999998,17773.699999999997,10664.219999999998,17773.699999999997,0.25385,0.25385,0.32872,86.757,17.19634,56.730672,26.157411,0.001239,0.000302,0.000793,0.000437,0.18591,0.748,FAIL,150.0,100.0,16.37,0.0,0.0
2000,64.2,0.2,3262,0,30,-30,-30,30,0,Balanced,148913.0,10883.0,10883.0,17799.4,10679.64,17799.4,0.2537,0.2537,0.32864,270.201,54.404454,176.290714,81.252338,0.00386,0.000944,0.002471,0.00137,0.579,1.272,No Fail,150.0,100.0,32.62,0.0,0.0
