Sl.No,Fiber Volume Fraction (%),Ply Thickness (mm),Load (N),ModelingPly.1.ply_angle,ModelingPly.2.ply_angle,ModelingPly.3.ply_angle,ModelingPly.4.ply_angle,ModelingPly.5.ply_angle,ModelingPly.6.ply_angle,Laminate Family,Equivalent Stress Maximum (MPa),Equivalent Elastic Strain Maximum (mm/mm),Total Deformation Maximum (mm),Inverse Reserve Factor Maximum,Fail Status
1,40.0,0.2,1588,0,90,90,90,90,0,Cross-Ply,81.151,0.001159,0.17389,0.732,FAIL
2,40.1,0.2,2281,0,90,90,90,90,0,Cross-Ply,220.819,0.003155,0.47318,1.131,No Fail
3,40.2,0.2,3868,0,90,90,90,90,0,Cross-Ply,369.421,0.005277,0.79162,1.555,No Fail
4,40.3,0.2,1804,0,90,90,90,90,0,Cross-Ply,76.398,0.001091,0.16371,0.718,FAIL
5,40.4,0.2,1604,0,90,90,90,90,0,Cross-Ply,112.073,0.001601,0.24016,0.82,FAIL
6,40.5,0.2,3269,0,90,90,90,90,0,Cross-Ply,358.614,0.005123,0.76846,1.525,No Fail
7,40.6,0.2,2196,0,90,90,90,90,0,Cross-Ply,242.36,0.003462,0.51934,1.192,No Fail
8,40.7,0.2,3407,0,90,90,90,90,0,Cross-Ply,319.978,0.004571,0.68567,1.414,No Fail
9,40.8,0.2,3562,0,90,90,90,90,0,Cross-Ply,397.143,0.005673,0.85102,1.635,No Fail
10,40.9,0.2,1523,0,90,90,90,90,0,Cross-Ply,60.0,0.000857,0.12857,0.671,FAIL
11,41.0,0.2,3943,0,90,90,90,90,0,Cross-Ply,370.172,0.005288,0.79323,1.558,No Fail
12,41.1,0.2,2044,0,90,90,90,90,0,Cross-Ply,180.918,0.002585,0.38768,1.017,No Fail
13,41.2,0.2,2678,0,90,90,90,90,0,Cross-Ply,183.155,0.002616,0.39247,1.023,No Fail
14,41.3,0.2,1839,0,90,90,90,90,0,Cross-Ply,186.441,0.002663,0.39952,1.033,No Fail
15,41.4,0.2,3613,0,90,90,90,90,0,Cross-Ply,321.052,0.004586,0.68797,1.417,No Fail
16,41.5,0.2,4054,0,90,90,90,90,0,Cross-Ply,384.595,0.005494,0.82413,1.599,No Fail
17,41.6,0.2,4906,0,90,90,90,90,0,Cross-Ply,532.797,0.007611,1.14171,2.022,No Fail
18,41.7,0.2,3432,0,90,90,90,90,0,Cross-Ply,359.076,0.00513,0.76945,1.526,No Fail
19,41.8,0.2,3665,0,90,90,90,90,0,Cross-Ply,330.275,0.004718,0.70773,1.444,No Fail
20,41.9,0.2,3521,0,90,90,90,90,0,Cross-Ply,306.991,0.004386,0.65784,1.377,No Fail
21,42.0,0.2,1660,0,90,90,90,90,0,Cross-Ply,82.167,0.001174,0.17607,0.735,FAIL
22,42.1,0.2,2513,0,90,90,90,90,0,Cross-Ply,257.615,0.00368,0.55203,1.236,No Fail
23,42.2,0.2,2315,0,90,90,90,90,0,Cross-Ply,251.017,0.003586,0.53789,1.217,No Fail
24,42.3,0.2,2473,0,90,90,90,90,0,Cross-Ply,269.092,0.003844,0.57662,1.269,No Fail
25,42.4,0.2,2777,0,90,90,90,90,0,Cross-Ply,238.642,0.003409,0.51138,1.182,No Fail
26,42.5,0.2,2233,0,90,90,90,90,0,Cross-Ply,201.928,0.002885,0.4327,1.077,No Fail
27,42.6,0.2,4778,0,90,90,90,90,0,Cross-Ply,551.493,0.007878,1.18177,2.076,No Fail
28,42.7,0.2,3632,0,90,90,90,90,0,Cross-Ply,349.878,0.004998,0.74974,1.5,No Fail
29,42.8,0.2,4052,0,90,90,90,90,0,Cross-Ply,468.266,0.00669,1.00343,1.838,No Fail
30,42.9,0.2,2828,0,90,90,90,90,0,Cross-Ply,307.739,0.004396,0.65944,1.379,No Fail
31,43.0,0.2,3740,0,90,90,90,90,0,Cross-Ply,319.063,0.004558,0.68371,1.412,No Fail
32,43.1,0.2,3896,0,90,90,90,90,0,Cross-Ply,396.774,0.005668,0.85023,1.634,No Fail
33,43.2,0.2,4216,0,90,90,90,90,0,Cross-Ply,401.256,0.005732,0.85983,1.646,No Fail
34,43.3,0.2,1612,0,90,90,90,90,0,Cross-Ply,138.596,0.00198,0.29699,0.896,FAIL
35,43.4,0.2,2437,0,90,90,90,90,0,Cross-Ply,236.056,0.003372,0.50584,1.174,No Fail
36,43.5,0.2,4800,0,90,90,90,90,0,Cross-Ply,561.775,0.008025,1.2038,2.105,No Fail
37,43.6,0.2,2601,0,90,90,90,90,0,Cross-Ply,183.701,0.002624,0.39364,1.025,No Fail
38,43.7,0.2,2885,0,90,90,90,90,0,Cross-Ply,250.264,0.003575,0.53628,1.215,No Fail
39,43.8,0.2,3106,0,90,90,90,90,0,Cross-Ply,245.269,0.003504,0.52558,1.201,No Fail
40,43.9,0.2,2363,0,90,90,90,90,0,Cross-Ply,232.978,0.003328,0.49924,1.166,No Fail
41,44.0,0.2,2420,0,90,90,90,90,0,Cross-Ply,201.286,0.002876,0.43133,1.075,No Fail
42,44.1,0.2,4642,0,90,90,90,90,0,Cross-Ply,491.629,0.007023,1.05349,1.905,No Fail
43,44.2,0.2,2268,0,90,90,90,90,0,Cross-Ply,202.605,0.002894,0.43415,1.079,No Fail
44,44.3,0.2,3283,0,90,90,90,90,0,Cross-Ply,257.726,0.003682,0.55227,1.236,No Fail
45,44.4,0.2,1665,0,90,90,90,90,0,Cross-Ply,163.768,0.00234,0.35093,0.968,FAIL
46,44.5,0.2,3696,0,90,90,90,90,0,Cross-Ply,429.406,0.006134,0.92016,1.727,No Fail
47,44.6,0.2,2978,0,90,90,90,90,0,Cross-Ply,244.483,0.003493,0.52389,1.199,No Fail
48,44.7,0.2,2836,0,90,90,90,90,0,Cross-Ply,321.922,0.004599,0.68983,1.42,No Fail
49,44.8,0.2,3352,0,90,90,90,90,0,Cross-Ply,266.963,0.003814,0.57206,1.263,No Fail
50,44.9,0.2,4513,0,90,90,90,90,0,Cross-Ply,423.498,0.00605,0.9075,1.71,No Fail
51,45.0,0.2,4023,0,90,90,90,90,0,Cross-Ply,485.458,0.006935,1.04027,1.887,No Fail
52,45.1,0.2,3379,0,90,90,90,90,0,Cross-Ply,312.095,0.004458,0.66877,1.392,No Fail
53,45.2,0.2,3743,0,90,90,90,90,0,Cross-Ply,414.903,0.005927,0.88908,1.685,No Fail
54,45.3,0.2,3022,0,90,90,90,90,0,Cross-Ply,340.137,0.004859,0.72886,1.472,No Fail
55,45.4,0.2,4838,0,90,90,90,90,0,Cross-Ply,534.771,0.00764,1.14594,2.028,No Fail
56,45.5,0.2,2422,0,90,90,90,90,0,Cross-Ply,160.073,0.002287,0.34301,0.957,FAIL
57,45.6,0.2,2125,0,90,90,90,90,0,Cross-Ply,170.46,0.002435,0.36527,0.987,FAIL
58,45.7,0.2,4547,0,90,90,90,90,0,Cross-Ply,435.713,0.006224,0.93367,1.745,No Fail
59,45.8,0.2,3736,0,90,90,90,90,0,Cross-Ply,409.8,0.005854,0.87814,1.671,No Fail
60,45.9,0.2,2035,0,90,90,90,90,0,Cross-Ply,144.228,0.00206,0.30906,0.912,FAIL
61,46.0,0.2,3388,0,90,90,90,90,0,Cross-Ply,302.542,0.004322,0.6483,1.364,No Fail
62,46.1,0.2,3356,0,90,90,90,90,0,Cross-Ply,296.245,0.004232,0.63481,1.346,No Fail
63,46.2,0.2,2635,0,90,90,90,90,0,Cross-Ply,303.685,0.004338,0.65075,1.368,No Fail
64,46.3,0.2,4752,0,90,90,90,90,0,Cross-Ply,580.673,0.008295,1.2443,2.159,No Fail
65,46.4,0.2,4411,0,90,90,90,90,0,Cross-Ply,422.238,0.006032,0.9048,1.706,No Fail
66,46.5,0.2,1703,0,90,90,90,90,0,Cross-Ply,140.17,0.002002,0.30036,0.9,FAIL
67,46.6,0.2,4814,0,90,90,90,90,0,Cross-Ply,475.593,0.006794,1.01913,1.859,No Fail
68,46.7,0.2,3201,0,90,90,90,90,0,Cross-Ply,367.221,0.005246,0.7869,1.549,No Fail
69,46.8,0.2,4162,0,90,90,90,90,0,Cross-Ply,496.262,0.007089,1.06342,1.918,No Fail
70,46.9,0.2,1949,0,90,90,90,90,0,Cross-Ply,112.227,0.001603,0.24049,0.821,FAIL
71,47.0,0.2,3424,0,90,90,90,90,0,Cross-Ply,345.272,0.004932,0.73987,1.486,No Fail
72,47.1,0.2,4554,0,90,90,90,90,0,Cross-Ply,522.077,0.007458,1.11874,1.992,No Fail
73,47.2,0.2,2241,0,90,90,90,90,0,Cross-Ply,195.997,0.0028,0.41999,1.06,No Fail
74,47.3,0.2,4055,0,90,90,90,90,0,Cross-Ply,420.041,0.006001,0.90009,1.7,No Fail
75,47.4,0.2,2591,0,90,90,90,90,0,Cross-Ply,271.461,0.003878,0.5817,1.276,No Fail
76,47.5,0.2,3775,0,90,90,90,90,0,Cross-Ply,322.884,0.004613,0.69189,1.423,No Fail
77,47.6,0.2,3312,0,90,90,90,90,0,Cross-Ply,335.291,0.00479,0.71848,1.458,No Fail
78,47.7,0.2,2286,0,90,90,90,90,0,Cross-Ply,241.838,0.003455,0.51822,1.191,No Fail
79,47.8,0.2,3559,0,90,90,90,90,0,Cross-Ply,381.171,0.005445,0.8168,1.589,No Fail
80,47.9,0.2,2271,0,90,90,90,90,0,Cross-Ply,225.365,0.00322,0.48293,1.144,No Fail
81,48.0,0.2,3709,0,90,90,90,90,0,Cross-Ply,436.198,0.006231,0.93471,1.746,No Fail
82,48.1,0.2,4669,0,90,90,90,90,0,Cross-Ply,542.084,0.007744,1.16161,2.049,No Fail
83,48.2,0.2,1748,0,90,90,90,90,0,Cross-Ply,73.264,0.001047,0.15699,0.709,FAIL
84,48.3,0.2,3841,0,90,90,90,90,0,Cross-Ply,431.651,0.006166,0.92497,1.733,No Fail
85,48.4,0.2,1963,0,90,90,90,90,0,Cross-Ply,186.849,0.002669,0.40039,1.034,No Fail
86,48.5,0.2,3499,0,90,90,90,90,0,Cross-Ply,294.334,0.004205,0.63072,1.341,No Fail
87,48.6,0.2,4246,0,90,90,90,90,0,Cross-Ply,454.102,0.006487,0.97307,1.797,No Fail
88,48.7,0.2,2166,0,90,90,90,90,0,Cross-Ply,135.38,0.001934,0.2901,0.887,FAIL
89,48.8,0.2,3009,0,90,90,90,90,0,Cross-Ply,340.351,0.004862,0.72932,1.472,No Fail
90,48.9,0.2,3135,0,90,90,90,90,0,Cross-Ply,313.853,0.004484,0.67254,1.397,No Fail
91,49.0,0.2,3857,0,90,90,90,90,0,Cross-Ply,368.856,0.005269,0.79041,1.554,No Fail
92,49.1,0.2,1844,0,90,90,90,90,0,Cross-Ply,69.559,0.000994,0.14906,0.699,FAIL
93,49.2,0.2,2688,0,90,90,90,90,0,Cross-Ply,257.612,0.00368,0.55203,1.236,No Fail
94,49.3,0.2,2370,0,90,90,90,90,0,Cross-Ply,155.138,0.002216,0.33244,0.943,FAIL
95,49.4,0.2,3070,0,90,90,90,90,0,Cross-Ply,336.152,0.004802,0.72033,1.46,No Fail
96,49.5,0.2,2475,0,90,90,90,90,0,Cross-Ply,226.999,0.003243,0.48643,1.149,No Fail
97,49.6,0.2,4731,0,90,90,90,90,0,Cross-Ply,547.574,0.007822,1.17337,2.064,No Fail
98,49.7,0.2,4515,0,90,90,90,90,0,Cross-Ply,493.45,0.007049,1.05739,1.91,No Fail
99,49.8,0.2,1677,0,90,90,90,90,0,Cross-Ply,104.729,0.001496,0.22442,0.799,FAIL
100,49.9,0.2,4426,0,90,90,90,90,0,Cross-Ply,408.339,0.005833,0.87501,1.667,No Fail
101,50.0,0.2,4742,0,90,90,90,90,0,Cross-Ply,454.074,0.006487,0.97302,1.797,No Fail
102,50.1,0.2,2082,0,90,90,90,90,0,Cross-Ply,118.808,0.001697,0.25459,0.839,FAIL
103,50.2,0.2,2248,0,90,90,90,90,0,Cross-Ply,188.647,0.002695,0.40424,1.039,No Fail
104,50.3,0.2,1705,0,90,90,90,90,0,Cross-Ply,128.152,0.001831,0.27461,0.866,FAIL
105,50.4,0.2,4949,0,90,90,90,90,0,Cross-Ply,559.188,0.007988,1.19826,2.098,No Fail
106,50.5,0.2,4244,0,90,90,90,90,0,Cross-Ply,481.234,0.006875,1.03122,1.875,No Fail
107,50.6,0.2,2981,0,90,90,90,90,0,Cross-Ply,289.368,0.004134,0.62008,1.327,No Fail
108,50.7,0.2,4984,0,90,90,90,90,0,Cross-Ply,487.519,0.006965,1.04468,1.893,No Fail
109,50.8,0.2,4014,0,90,90,90,90,0,Cross-Ply,412.543,0.005893,0.88402,1.679,No Fail
110,50.9,0.2,2538,0,90,90,90,90,0,Cross-Ply,270.646,0.003866,0.57996,1.273,No Fail
111,51.0,0.2,3527,0,90,90,90,90,0,Cross-Ply,293.712,0.004196,0.62938,1.339,No Fail
112,51.1,0.2,4118,0,90,90,90,90,0,Cross-Ply,427.995,0.006114,0.91713,1.723,No Fail
113,51.2,0.2,3545,0,90,90,90,90,0,Cross-Ply,416.344,0.005948,0.89217,1.69,No Fail
114,51.3,0.2,4485,0,90,90,90,90,0,Cross-Ply,481.58,0.00688,1.03196,1.876,No Fail
115,51.4,0.2,4863,0,90,90,90,90,0,Cross-Ply,577.099,0.008244,1.23664,2.149,No Fail
116,51.5,0.2,2150,0,90,90,90,90,0,Cross-Ply,229.276,0.003275,0.49131,1.155,No Fail
117,51.6,0.2,3863,0,90,90,90,90,0,Cross-Ply,387.404,0.005534,0.83015,1.607,No Fail
118,51.7,0.2,1920,0,90,90,90,90,0,Cross-Ply,178.341,0.002548,0.38216,1.01,No Fail
119,51.8,0.2,2362,0,90,90,90,90,0,Cross-Ply,150.234,0.002146,0.32193,0.929,FAIL
120,51.9,0.2,3668,0,90,90,90,90,0,Cross-Ply,361.678,0.005167,0.77502,1.533,No Fail
121,52.0,0.2,3543,0,90,90,90,90,0,Cross-Ply,368.319,0.005262,0.78925,1.552,No Fail
122,52.1,0.2,4771,0,90,90,90,90,0,Cross-Ply,516.827,0.007383,1.10749,1.977,No Fail
123,52.2,0.2,4007,0,90,90,90,90,0,Cross-Ply,457.918,0.006542,0.98125,1.808,No Fail
124,52.3,0.2,2885,0,90,90,90,90,0,Cross-Ply,305.347,0.004362,0.65431,1.372,No Fail
125,52.4,0.2,2550,0,90,90,90,90,0,Cross-Ply,203.936,0.002913,0.437,1.083,No Fail
126,52.5,0.2,4132,0,90,90,90,90,0,Cross-Ply,459.626,0.006566,0.98491,1.813,No Fail
127,52.6,0.2,3104,0,90,90,90,90,0,Cross-Ply,356.152,0.005088,0.76318,1.518,No Fail
128,52.7,0.2,4986,0,90,90,90,90,0,Cross-Ply,482.401,0.006891,1.03372,1.878,No Fail
129,52.8,0.2,2246,0,90,90,90,90,0,Cross-Ply,242.807,0.003469,0.5203,1.194,No Fail
130,52.9,0.2,4766,0,90,90,90,90,0,Cross-Ply,550.159,0.007859,1.17891,2.072,No Fail
131,53.0,0.2,4577,0,90,90,90,90,0,Cross-Ply,443.949,0.006342,0.95132,1.768,No Fail
132,53.1,0.2,2052,0,90,90,90,90,0,Cross-Ply,178.101,0.002544,0.38165,1.009,No Fail
133,53.2,0.2,3962,0,90,90,90,90,0,Cross-Ply,368.981,0.005271,0.79067,1.554,No Fail
134,53.3,0.2,4955,0,90,90,90,90,0,Cross-Ply,529.36,0.007562,1.13434,2.012,No Fail
135,53.4,0.2,1527,0,90,90,90,90,0,Cross-Ply,71.289,0.001018,0.15276,0.704,FAIL
136,53.5,0.2,2548,0,90,90,90,90,0,Cross-Ply,184.455,0.002635,0.39526,1.027,No Fail
137,53.6,0.2,4786,0,90,90,90,90,0,Cross-Ply,500.218,0.007146,1.0719,1.929,No Fail
138,53.7,0.2,1904,0,90,90,90,90,0,Cross-Ply,189.602,0.002709,0.40629,1.042,No Fail
139,53.8,0.2,3436,0,90,90,90,90,0,Cross-Ply,395.461,0.005649,0.84742,1.63,No Fail
140,53.9,0.2,3617,0,90,90,90,90,0,Cross-Ply,397.481,0.005678,0.85175,1.636,No Fail
141,54.0,0.2,2213,0,90,90,90,90,0,Cross-Ply,153.337,0.002191,0.32858,0.938,FAIL
142,54.1,0.2,2424,0,90,90,90,90,0,Cross-Ply,192.241,0.002746,0.41195,1.049,No Fail
143,54.2,0.2,4669,0,90,90,90,90,0,Cross-Ply,507.779,0.007254,1.0881,1.951,No Fail
144,54.3,0.2,1823,0,90,90,90,90,0,Cross-Ply,84.956,0.001214,0.18205,0.743,FAIL
145,54.4,0.2,2468,0,90,90,90,90,0,Cross-Ply,225.914,0.003227,0.4841,1.145,No Fail
146,54.5,0.2,4199,0,90,90,90,90,0,Cross-Ply,509.789,0.007283,1.09241,1.957,No Fail
147,54.6,0.2,2417,0,90,90,90,90,0,Cross-Ply,190.924,0.002727,0.40912,1.045,No Fail
148,54.7,0.2,3431,0,90,90,90,90,0,Cross-Ply,311.034,0.004443,0.6665,1.389,No Fail
149,54.8,0.2,1534,0,90,90,90,90,0,Cross-Ply,102.013,0.001457,0.2186,0.791,FAIL
150,54.9,0.2,4591,0,90,90,90,90,0,Cross-Ply,552.063,0.007887,1.18299,2.077,No Fail
151,55.0,0.2,3410,0,90,90,90,90,0,Cross-Ply,286.744,0.004096,0.61445,1.319,No Fail
152,55.1,0.2,3539,0,90,90,90,90,0,Cross-Ply,312.953,0.004471,0.67061,1.394,No Fail
153,55.2,0.2,1946,0,90,90,90,90,0,Cross-Ply,193.331,0.002762,0.41428,1.052,No Fail
154,55.3,0.2,4646,0,90,90,90,90,0,Cross-Ply,528.639,0.007552,1.1328,2.01,No Fail
155,55.4,0.2,4512,0,90,90,90,90,0,Cross-Ply,446.556,0.006379,0.95691,1.776,No Fail
156,55.5,0.2,2235,0,90,90,90,90,0,Cross-Ply,132.397,0.001891,0.28371,0.878,FAIL
157,55.6,0.2,1860,0,90,90,90,90,0,Cross-Ply,168.553,0.002408,0.36118,0.982,FAIL
158,55.7,0.2,4594,0,90,90,90,90,0,Cross-Ply,459.495,0.006564,0.98463,1.813,No Fail
159,55.8,0.2,3672,0,90,90,90,90,0,Cross-Ply,387.104,0.00553,0.82951,1.606,No Fail
160,55.9,0.2,4755,0,90,90,90,90,0,Cross-Ply,563.204,0.008046,1.20687,2.109,No Fail
161,56.0,0.2,4917,0,90,90,90,90,0,Cross-Ply,490.879,0.007013,1.05188,1.903,No Fail
162,56.1,0.2,4585,0,90,90,90,90,0,Cross-Ply,454.192,0.006488,0.97327,1.798,No Fail
163,56.2,0.2,4078,0,90,90,90,90,0,Cross-Ply,491.021,0.007015,1.05219,1.903,No Fail
164,56.3,0.2,4758,0,90,90,90,90,0,Cross-Ply,540.188,0.007717,1.15755,2.043,No Fail
165,56.4,0.2,4524,0,90,90,90,90,0,Cross-Ply,447.303,0.00639,0.95851,1.778,No Fail
166,56.5,0.2,2434,0,90,90,90,90,0,Cross-Ply,170.245,0.002432,0.36481,0.986,FAIL
167,56.6,0.2,1878,0,90,90,90,90,0,Cross-Ply,100.007,0.001429,0.2143,0.786,FAIL
168,56.7,0.2,4505,0,90,90,90,90,0,Cross-Ply,435.544,0.006222,0.93331,1.744,No Fail
169,56.8,0.2,4358,0,90,90,90,90,0,Cross-Ply,501.902,0.00717,1.0755,1.934,No Fail
170,56.9,0.2,2568,0,90,90,90,90,0,Cross-Ply,234.238,0.003346,0.50194,1.169,No Fail
171,57.0,0.2,2297,0,90,90,90,90,0,Cross-Ply,154.164,0.002202,0.33035,0.94,FAIL
172,57.1,0.2,2176,0,90,90,90,90,0,Cross-Ply,240.102,0.00343,0.5145,1.186,No Fail
173,57.2,0.2,4525,0,90,90,90,90,0,Cross-Ply,510.0,0.007286,1.09286,1.957,No Fail
174,57.3,0.2,2477,0,90,90,90,90,0,Cross-Ply,155.326,0.002219,0.33284,0.944,FAIL
175,57.4,0.2,2899,0,90,90,90,90,0,Cross-Ply,253.976,0.003628,0.54423,1.226,No Fail
176,57.5,0.2,3377,0,90,90,90,90,0,Cross-Ply,272.22,0.003889,0.58333,1.278,No Fail
177,57.6,0.2,1904,0,90,90,90,90,0,Cross-Ply,83.309,0.00119,0.17852,0.738,FAIL
178,57.7,0.2,2125,0,90,90,90,90,0,Cross-Ply,108.405,0.001549,0.2323,0.81,FAIL
179,57.8,0.2,2429,0,90,90,90,90,0,Cross-Ply,149.591,0.002137,0.32055,0.927,FAIL
180,57.9,0.2,3021,0,90,90,90,90,0,Cross-Ply,340.459,0.004864,0.72956,1.473,No Fail
181,58.0,0.2,2598,0,90,90,90,90,0,Cross-Ply,202.751,0.002896,0.43447,1.079,No Fail
182,58.1,0.2,3290,0,90,90,90,90,0,Cross-Ply,310.258,0.004432,0.66484,1.386,No Fail
183,58.2,0.2,3518,0,90,90,90,90,0,Cross-Ply,369.538,0.005279,0.79187,1.556,No Fail
184,58.3,0.2,3981,0,90,90,90,90,0,Cross-Ply,447.835,0.006398,0.95965,1.78,No Fail
185,58.4,0.2,4740,0,90,90,90,90,0,Cross-Ply,581.392,0.008306,1.24584,2.161,No Fail
186,58.5,0.2,4018,0,90,90,90,90,0,Cross-Ply,415.301,0.005933,0.88993,1.687,No Fail
187,58.6,0.2,3847,0,90,90,90,90,0,Cross-Ply,365.893,0.005227,0.78406,1.545,No Fail
188,58.7,0.2,1745,0,90,90,90,90,0,Cross-Ply,138.251,0.001975,0.29625,0.895,FAIL
189,58.8,0.2,2656,0,90,90,90,90,0,Cross-Ply,218.873,0.003127,0.46901,1.125,No Fail
190,58.9,0.2,4468,0,90,90,90,90,0,Cross-Ply,504.346,0.007205,1.08074,1.941,No Fail
191,59.0,0.2,2551,0,90,90,90,90,0,Cross-Ply,197.741,0.002825,0.42373,1.065,No Fail
192,59.1,0.2,2929,0,90,90,90,90,0,Cross-Ply,301.852,0.004312,0.64683,1.362,No Fail
193,59.2,0.2,2535,0,90,90,90,90,0,Cross-Ply,237.476,0.003393,0.50888,1.179,No Fail
194,59.3,0.2,2972,0,90,90,90,90,0,Cross-Ply,331.444,0.004735,0.71024,1.447,No Fail
195,59.4,0.2,3871,0,90,90,90,90,0,Cross-Ply,342.793,0.004897,0.73456,1.479,No Fail
196,59.5,0.2,3654,0,90,90,90,90,0,Cross-Ply,319.198,0.00456,0.68399,1.412,No Fail
197,59.6,0.2,3418,0,90,90,90,90,0,Cross-Ply,367.422,0.005249,0.78733,1.55,No Fail
198,59.7,0.2,2504,0,90,90,90,90,0,Cross-Ply,286.501,0.004093,0.61393,1.319,No Fail
199,59.8,0.2,3530,0,90,90,90,90,0,Cross-Ply,365.208,0.005217,0.78259,1.543,No Fail
200,59.9,0.2,3127,0,90,90,90,90,0,Cross-Ply,282.403,0.004034,0.60515,1.307,No Fail
201,60.0,0.2,2248,0,90,90,90,90,0,Cross-Ply,194.365,0.002777,0.4165,1.055,No Fail
202,60.1,0.2,4654,0,90,90,90,90,0,Cross-Ply,507.885,0.007255,1.08832,1.951,No Fail
203,60.2,0.2,2094,0,90,90,90,90,0,Cross-Ply,127.322,0.001819,0.27283,0.864,FAIL
204,60.3,0.2,3304,0,90,90,90,90,0,Cross-Ply,380.946,0.005442,0.81631,1.588,No Fail
205,60.4,0.2,2673,0,90,90,90,90,0,Cross-Ply,225.309,0.003219,0.4828,1.144,No Fail
206,60.5,0.2,4129,0,90,90,90,90,0,Cross-Ply,392.994,0.005614,0.84213,1.623,No Fail
207,60.6,0.2,2286,0,90,90,90,90,0,Cross-Ply,168.975,0.002414,0.36209,0.983,FAIL
208,60.7,0.2,1585,0,90,90,90,90,0,Cross-Ply,138.999,0.001986,0.29786,0.897,FAIL
209,60.8,0.2,3163,0,90,90,90,90,0,Cross-Ply,341.194,0.004874,0.73113,1.475,No Fail
210,60.9,0.2,1755,0,90,90,90,90,0,Cross-Ply,75.481,0.001078,0.16175,0.716,FAIL
211,61.0,0.2,3704,0,90,90,90,90,0,Cross-Ply,390.245,0.005575,0.83624,1.615,No Fail
212,61.1,0.2,3937,0,90,90,90,90,0,Cross-Ply,450.05,0.006429,0.96439,1.786,No Fail
213,61.2,0.2,2354,0,90,90,90,90,0,Cross-Ply,201.463,0.002878,0.43171,1.076,No Fail
214,61.3,0.2,1519,0,90,90,90,90,0,Cross-Ply,69.962,0.000999,0.14992,0.7,FAIL
215,61.4,0.2,4195,0,90,90,90,90,0,Cross-Ply,410.634,0.005866,0.87993,1.673,No Fail
216,61.5,0.2,2988,0,90,90,90,90,0,Cross-Ply,336.348,0.004805,0.72075,1.461,No Fail
217,61.6,0.2,4853,0,90,90,90,90,0,Cross-Ply,573.363,0.008191,1.22864,2.138,No Fail
218,61.7,0.2,1676,0,90,90,90,90,0,Cross-Ply,108.83,0.001555,0.23321,0.811,FAIL
219,61.8,0.2,4469,0,90,90,90,90,0,Cross-Ply,513.037,0.007329,1.09937,1.966,No Fail
220,61.9,0.2,4305,0,90,90,90,90,0,Cross-Ply,464.002,0.006629,0.99429,1.826,No Fail
221,62.0,0.2,4958,0,90,90,90,90,0,Cross-Ply,522.286,0.007461,1.11918,1.992,No Fail
222,62.1,0.2,4825,0,90,90,90,90,0,Cross-Ply,514.319,0.007347,1.10211,1.969,No Fail
223,62.2,0.2,3644,0,90,90,90,90,0,Cross-Ply,319.377,0.004563,0.68438,1.413,No Fail
224,62.3,0.2,3267,0,90,90,90,90,0,Cross-Ply,292.263,0.004175,0.62628,1.335,No Fail
225,62.4,0.2,3418,0,90,90,90,90,0,Cross-Ply,297.482,0.00425,0.63746,1.35,No Fail
226,62.5,0.2,4103,0,90,90,90,90,0,Cross-Ply,379.137,0.005416,0.81244,1.583,No Fail
227,62.6,0.2,2407,0,90,90,90,90,0,Cross-Ply,211.089,0.003016,0.45233,1.103,No Fail
228,62.7,0.2,3732,0,90,90,90,90,0,Cross-Ply,415.964,0.005942,0.89135,1.688,No Fail
229,62.8,0.2,3325,0,90,90,90,90,0,Cross-Ply,293.753,0.004196,0.62947,1.339,No Fail
230,62.9,0.2,2461,0,90,90,90,90,0,Cross-Ply,198.133,0.00283,0.42457,1.066,No Fail
231,63.0,0.2,2500,0,90,90,90,90,0,Cross-Ply,275.779,0.00394,0.59095,1.288,No Fail
232,63.1,0.2,2619,0,90,90,90,90,0,Cross-Ply,265.839,0.003798,0.56966,1.26,No Fail
233,63.2,0.2,1984,0,90,90,90,90,0,Cross-Ply,146.629,0.002095,0.3142,0.919,FAIL
234,63.3,0.2,3929,0,90,90,90,90,0,Cross-Ply,444.078,0.006344,0.9516,1.769,No Fail
235,63.4,0.2,1725,0,90,90,90,90,0,Cross-Ply,90.426,0.001292,0.19377,0.758,FAIL
236,63.5,0.2,3399,0,90,90,90,90,0,Cross-Ply,350.883,0.005013,0.75189,1.503,No Fail
237,63.6,0.2,2224,0,90,90,90,90,0,Cross-Ply,194.675,0.002781,0.41716,1.056,No Fail
238,63.7,0.2,4667,0,90,90,90,90,0,Cross-Ply,516.576,0.00738,1.10695,1.976,No Fail
239,63.8,0.2,3934,0,90,90,90,90,0,Cross-Ply,398.233,0.005689,0.85336,1.638,No Fail
240,63.9,0.2,4180,0,90,90,90,90,0,Cross-Ply,394.616,0.005637,0.84561,1.627,No Fail
241,64.0,0.2,1521,0,90,90,90,90,0,Cross-Ply,106.514,0.001522,0.22824,0.804,FAIL
242,64.1,0.2,4137,0,90,90,90,90,0,Cross-Ply,455.673,0.00651,0.97644,1.802,No Fail
243,64.2,0.2,4837,0,90,90,90,90,0,Cross-Ply,481.83,0.006883,1.03249,1.877,No Fail
244,64.3,0.2,4116,0,90,90,90,90,0,Cross-Ply,444.041,0.006343,0.95152,1.769,No Fail
245,64.4,0.2,3611,0,90,90,90,90,0,Cross-Ply,360.613,0.005152,0.77274,1.53,No Fail
246,64.5,0.2,2268,0,90,90,90,90,0,Cross-Ply,226.262,0.003232,0.48485,1.146,No Fail
247,64.6,0.2,1602,0,90,90,90,90,0,Cross-Ply,109.879,0.00157,0.23546,0.814,FAIL
248,64.7,0.2,3877,0,90,90,90,90,0,Cross-Ply,423.394,0.006048,0.90727,1.71,No Fail
249,64.8,0.2,2078,0,90,90,90,90,0,Cross-Ply,176.881,0.002527,0.37903,1.005,No Fail
250,64.9,0.2,1947,0,90,90,90,90,0,Cross-Ply,151.269,0.002161,0.32415,0.932,FAIL
251,65.0,0.2,1594,0,90,90,90,90,0,Cross-Ply,84.321,0.001205,0.18069,0.741,FAIL
252,40.0,0.2,3475,0,90,90,90,90,0,Cross-Ply,362.738,0.005182,0.7773,1.536,No Fail
253,40.1,0.2,3750,0,90,90,90,90,0,Cross-Ply,447.373,0.006391,0.95866,1.778,No Fail
254,40.2,0.2,3116,0,90,90,90,90,0,Cross-Ply,349.392,0.004991,0.7487,1.498,No Fail
255,40.3,0.2,2827,0,90,90,90,90,0,Cross-Ply,322.508,0.004607,0.69109,1.421,No Fail
256,40.4,0.2,2644,0,90,90,90,90,0,Cross-Ply,277.064,0.003958,0.59371,1.292,No Fail
257,40.5,0.2,2827,0,90,90,90,90,0,Cross-Ply,228.674,0.003267,0.49002,1.153,No Fail
258,40.6,0.2,4412,0,90,90,90,90,0,Cross-Ply,439.084,0.006273,0.94089,1.755,No Fail
259,40.7,0.2,1787,0,90,90,90,90,0,Cross-Ply,158.541,0.002265,0.33973,0.953,FAIL
260,40.8,0.2,3388,0,90,90,90,90,0,Cross-Ply,400.653,0.005724,0.85854,1.645,No Fail
261,40.9,0.2,2725,0,90,90,90,90,0,Cross-Ply,183.694,0.002624,0.39363,1.025,No Fail
262,41.0,0.2,4234,0,90,90,90,90,0,Cross-Ply,429.111,0.00613,0.91952,1.726,No Fail
263,41.1,0.2,4140,0,90,90,90,90,0,Cross-Ply,416.424,0.005949,0.89234,1.69,No Fail
264,41.2,0.2,2198,0,90,90,90,90,0,Cross-Ply,120.756,0.001725,0.25876,0.845,FAIL
265,41.3,0.2,2033,0,90,90,90,90,0,Cross-Ply,221.71,0.003167,0.47509,1.133,No Fail
266,41.4,0.2,3843,0,90,90,90,90,0,Cross-Ply,446.629,0.00638,0.95706,1.776,No Fail
267,41.5,0.2,2263,0,90,90,90,90,0,Cross-Ply,180.256,0.002575,0.38626,1.015,No Fail
268,41.6,0.2,4184,0,90,90,90,90,0,Cross-Ply,415.978,0.005943,0.89138,1.689,No Fail
269,41.7,0.2,3625,0,90,90,90,90,0,Cross-Ply,412.4,0.005891,0.88371,1.678,No Fail
270,41.8,0.2,1901,0,90,90,90,90,0,Cross-Ply,108.188,0.001546,0.23183,0.809,FAIL
271,41.9,0.2,4877,0,90,90,90,90,0,Cross-Ply,491.553,0.007022,1.05333,1.904,No Fail
272,42.0,0.2,1590,0,90,90,90,90,0,Cross-Ply,151.594,0.002166,0.32485,0.933,FAIL
273,42.1,0.2,3871,0,90,90,90,90,0,Cross-Ply,425.756,0.006082,0.91233,1.716,No Fail
274,42.2,0.2,2888,0,90,90,90,90,0,Cross-Ply,210.776,0.003011,0.45166,1.102,No Fail
275,42.3,0.2,1766,0,90,90,90,90,0,Cross-Ply,94.728,0.001353,0.20299,0.771,FAIL
276,42.4,0.2,3695,0,90,90,90,90,0,Cross-Ply,352.625,0.005037,0.75562,1.507,No Fail
277,42.5,0.2,4204,0,90,90,90,90,0,Cross-Ply,497.435,0.007106,1.06593,1.921,No Fail
278,42.6,0.2,3601,0,90,90,90,90,0,Cross-Ply,319.151,0.004559,0.6839,1.412,No Fail
279,42.7,0.2,4943,0,90,90,90,90,0,Cross-Ply,592.557,0.008465,1.26976,2.193,No Fail
280,42.8,0.2,2715,0,90,90,90,90,0,Cross-Ply,211.1,0.003016,0.45236,1.103,No Fail
281,42.9,0.2,2797,0,90,90,90,90,0,Cross-Ply,268.658,0.003838,0.5757,1.268,No Fail
282,43.0,0.2,2694,0,90,90,90,90,0,Cross-Ply,244.862,0.003498,0.5247,1.2,No Fail
283,43.1,0.2,4378,0,90,90,90,90,0,Cross-Ply,421.773,0.006025,0.9038,1.705,No Fail
284,43.2,0.2,4863,0,90,90,90,90,0,Cross-Ply,583.953,0.008342,1.25133,2.168,No Fail
285,43.3,0.2,4400,0,90,90,90,90,0,Cross-Ply,452.966,0.006471,0.97064,1.794,No Fail
286,43.4,0.2,3024,0,90,90,90,90,0,Cross-Ply,261.83,0.00374,0.56106,1.248,No Fail
287,43.5,0.2,4879,0,90,90,90,90,0,Cross-Ply,503.188,0.007188,1.07826,1.938,No Fail
288,43.6,0.2,4329,0,90,90,90,90,0,Cross-Ply,491.737,0.007025,1.05372,1.905,No Fail
289,43.7,0.2,3192,0,90,90,90,90,0,Cross-Ply,306.337,0.004376,0.65644,1.375,No Fail
290,43.8,0.2,4059,0,90,90,90,90,0,Cross-Ply,434.238,0.006203,0.93051,1.741,No Fail
291,43.9,0.2,4481,0,90,90,90,90,0,Cross-Ply,512.063,0.007315,1.09728,1.963,No Fail
292,44.0,0.2,1803,0,90,90,90,90,0,Cross-Ply,84.382,0.001205,0.18082,0.741,FAIL
293,44.1,0.2,2354,0,90,90,90,90,0,Cross-Ply,150.29,0.002147,0.32205,0.929,FAIL
294,44.2,0.2,3636,0,90,90,90,90,0,Cross-Ply,374.632,0.005352,0.80278,1.57,No Fail
295,44.3,0.2,1600,0,90,90,90,90,0,Cross-Ply,117.233,0.001675,0.25121,0.835,FAIL
296,44.4,0.2,2136,0,90,90,90,90,0,Cross-Ply,125.684,0.001795,0.26932,0.859,FAIL
297,44.5,0.2,4292,0,90,90,90,90,0,Cross-Ply,494.599,0.007066,1.05985,1.913,No Fail
298,44.6,0.2,4581,0,90,90,90,90,0,Cross-Ply,515.783,0.007368,1.10525,1.974,No Fail
299,44.7,0.2,2467,0,90,90,90,90,0,Cross-Ply,189.08,0.002701,0.40517,1.04,No Fail
300,44.8,0.2,4818,0,90,90,90,90,0,Cross-Ply,590.665,0.008438,1.26571,2.188,No Fail
301,44.9,0.2,4020,0,90,90,90,90,0,Cross-Ply,475.374,0.006791,1.01866,1.858,No Fail
302,45.0,0.2,4154,0,90,90,90,90,0,Cross-Ply,439.78,0.006283,0.94239,1.757,No Fail
303,45.1,0.2,3761,0,90,90,90,90,0,Cross-Ply,361.247,0.005161,0.7741,1.532,No Fail
304,45.2,0.2,4275,0,90,90,90,90,0,Cross-Ply,455.547,0.006508,0.97617,1.802,No Fail
305,45.3,0.2,2276,0,90,90,90,90,0,Cross-Ply,244.094,0.003487,0.52306,1.197,No Fail
306,45.4,0.2,2572,0,90,90,90,90,0,Cross-Ply,204.151,0.002916,0.43747,1.083,No Fail
307,45.5,0.2,3156,0,90,90,90,90,0,Cross-Ply,295.881,0.004227,0.63403,1.345,No Fail
308,45.6,0.2,2989,0,90,90,90,90,0,Cross-Ply,280.501,0.004007,0.60107,1.301,No Fail
309,45.7,0.2,2658,0,90,90,90,90,0,Cross-Ply,208.362,0.002977,0.44649,1.095,No Fail
310,45.8,0.2,2448,0,90,90,90,90,0,Cross-Ply,186.387,0.002663,0.3994,1.033,No Fail
311,45.9,0.2,1922,0,90,90,90,90,0,Cross-Ply,176.558,0.002522,0.37834,1.004,No Fail
312,46.0,0.2,1918,0,90,90,90,90,0,Cross-Ply,183.813,0.002626,0.39389,1.025,No Fail
313,46.1,0.2,4168,0,90,90,90,90,0,Cross-Ply,435.398,0.00622,0.93299,1.744,No Fail
314,46.2,0.2,2257,0,90,90,90,90,0,Cross-Ply,229.53,0.003279,0.49185,1.156,No Fail
315,46.3,0.2,4036,0,90,90,90,90,0,Cross-Ply,424.844,0.006069,0.91038,1.714,No Fail
316,46.4,0.2,3336,0,90,90,90,90,0,Cross-Ply,267.47,0.003821,0.57315,1.264,No Fail
317,46.5,0.2,1852,0,90,90,90,90,0,Cross-Ply,163.087,0.00233,0.34947,0.966,FAIL
318,46.6,0.2,2296,0,90,90,90,90,0,Cross-Ply,233.474,0.003335,0.5003,1.167,No Fail
319,46.7,0.2,1550,0,90,90,90,90,0,Cross-Ply,136.85,0.001955,0.29325,0.891,FAIL
320,46.8,0.2,2460,0,90,90,90,90,0,Cross-Ply,210.226,0.003003,0.45048,1.101,No Fail
321,46.9,0.2,3437,0,90,90,90,90,0,Cross-Ply,281.045,0.004015,0.60224,1.303,No Fail
322,47.0,0.2,1942,0,90,90,90,90,0,Cross-Ply,120.282,0.001718,0.25775,0.844,FAIL
323,47.1,0.2,3218,0,90,90,90,90,0,Cross-Ply,266.149,0.003802,0.57032,1.26,No Fail
324,47.2,0.2,3509,0,90,90,90,90,0,Cross-Ply,304.019,0.004343,0.65147,1.369,No Fail
325,47.3,0.2,3042,0,90,90,90,90,0,Cross-Ply,295.536,0.004222,0.63329,1.344,No Fail
326,47.4,0.2,1680,0,90,90,90,90,0,Cross-Ply,153.4,0.002191,0.32871,0.938,FAIL
327,47.5,0.2,3172,0,90,90,90,90,0,Cross-Ply,250.49,0.003578,0.53677,1.216,No Fail
328,47.6,0.2,2902,0,90,90,90,90,0,Cross-Ply,230.608,0.003294,0.49416,1.159,No Fail
329,47.7,0.2,3703,0,90,90,90,90,0,Cross-Ply,435.025,0.006215,0.9322,1.743,No Fail
330,47.8,0.2,2022,0,90,90,90,90,0,Cross-Ply,215.853,0.003084,0.46254,1.117,No Fail
331,47.9,0.2,2563,0,90,90,90,90,0,Cross-Ply,220.077,0.003144,0.47159,1.129,No Fail
332,48.0,0.2,1915,0,90,90,90,90,0,Cross-Ply,77.527,0.001108,0.16613,0.722,FAIL
333,48.1,0.2,3622,0,90,90,90,90,0,Cross-Ply,333.212,0.00476,0.71403,1.452,No Fail
334,48.2,0.2,2290,0,90,90,90,90,0,Cross-Ply,153.89,0.002198,0.32976,0.94,FAIL
335,48.3,0.2,3077,0,90,90,90,90,0,Cross-Ply,293.158,0.004188,0.6282,1.338,No Fail
336,48.4,0.2,4511,0,90,90,90,90,0,Cross-Ply,492.958,0.007042,1.05634,1.908,No Fail
337,48.5,0.2,2569,0,90,90,90,90,0,Cross-Ply,164.402,0.002349,0.35229,0.97,FAIL
338,48.6,0.2,3634,0,90,90,90,90,0,Cross-Ply,353.674,0.005052,0.75787,1.51,No Fail
339,48.7,0.2,4817,0,90,90,90,90,0,Cross-Ply,494.095,0.007058,1.05877,1.912,No Fail
340,48.8,0.2,2239,0,90,90,90,90,0,Cross-Ply,224.066,0.003201,0.48014,1.14,No Fail
341,48.9,0.2,2050,0,90,90,90,90,0,Cross-Ply,139.384,0.001991,0.29868,0.898,FAIL
342,49.0,0.2,1763,0,90,90,90,90,0,Cross-Ply,165.737,0.002368,0.35515,0.974,FAIL
343,49.1,0.2,3077,0,90,90,90,90,0,Cross-Ply,361.78,0.005168,0.77524,1.534,No Fail
344,49.2,0.2,2519,0,90,90,90,90,0,Cross-Ply,210.179,0.003003,0.45038,1.101,No Fail
345,49.3,0.2,3974,0,90,90,90,90,0,Cross-Ply,450.059,0.006429,0.96441,1.786,No Fail
346,49.4,0.2,3089,0,90,90,90,90,0,Cross-Ply,270.968,0.003871,0.58065,1.274,No Fail
347,49.5,0.2,4734,0,90,90,90,90,0,Cross-Ply,490.112,0.007002,1.05024,1.9,No Fail
348,49.6,0.2,3688,0,90,90,90,90,0,Cross-Ply,338.783,0.00484,0.72596,1.468,No Fail
349,49.7,0.2,4768,0,90,90,90,90,0,Cross-Ply,498.079,0.007115,1.06731,1.923,No Fail
350,49.8,0.2,3406,0,90,90,90,90,0,Cross-Ply,349.469,0.004992,0.74886,1.498,No Fail
351,49.9,0.2,4679,0,90,90,90,90,0,Cross-Ply,488.198,0.006974,1.04614,1.895,No Fail
352,50.0,0.2,1750,0,90,90,90,90,0,Cross-Ply,77.876,0.001113,0.16688,0.723,FAIL
353,50.1,0.2,2577,0,90,90,90,90,0,Cross-Ply,274.215,0.003917,0.5876,1.283,No Fail
354,50.2,0.2,3492,0,90,90,90,90,0,Cross-Ply,318.111,0.004544,0.68167,1.409,No Fail
355,50.3,0.2,1935,0,90,90,90,90,0,Cross-Ply,173.355,0.002476,0.37147,0.995,FAIL
356,50.4,0.2,3949,0,90,90,90,90,0,Cross-Ply,386.371,0.00552,0.82794,1.604,No Fail
357,50.5,0.2,3252,0,90,90,90,90,0,Cross-Ply,260.785,0.003725,0.55882,1.245,No Fail
358,50.6,0.2,1782,0,90,90,90,90,0,Cross-Ply,125.983,0.0018,0.26996,0.86,FAIL
359,50.7,0.2,3012,0,90,90,90,90,0,Cross-Ply,348.336,0.004976,0.74643,1.495,No Fail
360,50.8,0.2,2376,0,90,90,90,90,0,Cross-Ply,227.124,0.003245,0.48669,1.149,No Fail
361,50.9,0.2,4867,0,90,90,90,90,0,Cross-Ply,586.348,0.008376,1.25646,2.175,No Fail
362,51.0,0.2,3513,0,90,90,90,90,0,Cross-Ply,309.395,0.00442,0.66299,1.384,No Fail
363,51.1,0.2,4999,0,90,90,90,90,0,Cross-Ply,490.299,0.007004,1.05064,1.901,No Fail
364,51.2,0.2,2443,0,90,90,90,90,0,Cross-Ply,189.773,0.002711,0.40666,1.042,No Fail
365,51.3,0.2,4147,0,90,90,90,90,0,Cross-Ply,498.086,0.007116,1.06733,1.923,No Fail
366,51.4,0.2,3780,0,90,90,90,90,0,Cross-Ply,392.891,0.005613,0.84191,1.623,No Fail
367,51.5,0.2,2135,0,90,90,90,90,0,Cross-Ply,116.926,0.00167,0.25056,0.834,FAIL
368,51.6,0.2,3722,0,90,90,90,90,0,Cross-Ply,370.007,0.005286,0.79287,1.557,No Fail
369,51.7,0.2,1819,0,90,90,90,90,0,Cross-Ply,131.246,0.001875,0.28124,0.875,FAIL
370,51.8,0.2,2667,0,90,90,90,90,0,Cross-Ply,262.058,0.003744,0.56155,1.249,No Fail
371,51.9,0.2,4502,0,90,90,90,90,0,Cross-Ply,461.815,0.006597,0.9896,1.819,No Fail
372,52.0,0.2,3928,0,90,90,90,90,0,Cross-Ply,430.943,0.006156,0.92345,1.731,No Fail
373,52.1,0.2,4808,0,90,90,90,90,0,Cross-Ply,552.635,0.007895,1.18422,2.079,No Fail
374,52.2,0.2,3425,0,90,90,90,90,0,Cross-Ply,300.754,0.004296,0.64447,1.359,No Fail
375,52.3,0.2,2601,0,90,90,90,90,0,Cross-Ply,239.27,0.003418,0.51272,1.184,No Fail
376,52.4,0.2,4896,0,90,90,90,90,0,Cross-Ply,559.553,0.007994,1.19904,2.099,No Fail
377,52.5,0.2,3301,0,90,90,90,90,0,Cross-Ply,338.392,0.004834,0.72513,1.467,No Fail
378,52.6,0.2,3802,0,90,90,90,90,0,Cross-Ply,327.407,0.004677,0.70159,1.435,No Fail
379,52.7,0.2,2946,0,90,90,90,90,0,Cross-Ply,273.298,0.003904,0.58564,1.281,No Fail
380,52.8,0.2,2766,0,90,90,90,90,0,Cross-Ply,296.381,0.004234,0.6351,1.347,No Fail
381,52.9,0.2,3689,0,90,90,90,90,0,Cross-Ply,343.088,0.004901,0.73519,1.48,No Fail
382,53.0,0.2,2212,0,90,90,90,90,0,Cross-Ply,147.725,0.00211,0.31655,0.922,FAIL
383,53.1,0.2,4747,0,90,90,90,90,0,Cross-Ply,510.088,0.007287,1.09305,1.957,No Fail
384,53.2,0.2,3944,0,90,90,90,90,0,Cross-Ply,418.76,0.005982,0.89734,1.696,No Fail
385,53.3,0.2,4906,0,90,90,90,90,0,Cross-Ply,587.566,0.008394,1.25907,2.179,No Fail
386,53.4,0.2,2338,0,90,90,90,90,0,Cross-Ply,184.184,0.002631,0.39468,1.026,No Fail
387,53.5,0.2,3428,0,90,90,90,90,0,Cross-Ply,387.582,0.005537,0.83053,1.607,No Fail
388,53.6,0.2,1826,0,90,90,90,90,0,Cross-Ply,124.165,0.001774,0.26607,0.855,FAIL
389,53.7,0.2,4695,0,90,90,90,90,0,Cross-Ply,444.796,0.006354,0.95313,1.771,No Fail
390,53.8,0.2,1911,0,90,90,90,90,0,Cross-Ply,147.358,0.002105,0.31577,0.921,FAIL
391,53.9,0.2,3244,0,90,90,90,90,0,Cross-Ply,274.407,0.00392,0.58801,1.284,No Fail
392,54.0,0.2,3281,0,90,90,90,90,0,Cross-Ply,294.507,0.004207,0.63109,1.341,No Fail
393,54.1,0.2,4422,0,90,90,90,90,0,Cross-Ply,503.55,0.007194,1.07904,1.939,No Fail
394,54.2,0.2,2353,0,90,90,90,90,0,Cross-Ply,137.211,0.00196,0.29402,0.892,FAIL
395,54.3,0.2,2843,0,90,90,90,90,0,Cross-Ply,258.45,0.003692,0.55382,1.238,No Fail
396,54.4,0.2,3279,0,90,90,90,90,0,Cross-Ply,267.121,0.003816,0.5724,1.263,No Fail
397,54.5,0.2,4524,0,90,90,90,90,0,Cross-Ply,437.109,0.006244,0.93666,1.749,No Fail
398,54.6,0.2,4265,0,90,90,90,90,0,Cross-Ply,482.518,0.006893,1.03397,1.879,No Fail
399,54.7,0.2,4770,0,90,90,90,90,0,Cross-Ply,530.85,0.007584,1.13754,2.017,No Fail
400,54.8,0.2,4372,0,90,90,90,90,0,Cross-Ply,466.072,0.006658,0.99873,1.832,No Fail
401,54.9,0.2,2545,0,90,90,90,90,0,Cross-Ply,254.598,0.003637,0.54557,1.227,No Fail
402,55.0,0.2,4996,0,90,90,90,90,0,Cross-Ply,538.017,0.007686,1.15289,2.037,No Fail
403,55.1,0.2,2020,0,90,90,90,90,0,Cross-Ply,158.019,0.002257,0.33861,0.951,FAIL
404,55.2,0.2,2708,0,90,90,90,90,0,Cross-Ply,242.355,0.003462,0.51933,1.192,No Fail
405,55.3,0.2,3402,0,90,90,90,90,0,Cross-Ply,332.212,0.004746,0.71188,1.449,No Fail
406,55.4,0.2,2626,0,90,90,90,90,0,Cross-Ply,242.556,0.003465,0.51976,1.193,No Fail
407,55.5,0.2,3941,0,90,90,90,90,0,Cross-Ply,451.342,0.006448,0.96716,1.79,No Fail
408,55.6,0.2,2317,0,90,90,90,90,0,Cross-Ply,186.429,0.002663,0.39949,1.033,No Fail
409,55.7,0.2,1653,0,90,90,90,90,0,Cross-Ply,71.793,0.001026,0.15384,0.705,FAIL
410,55.8,0.2,3968,0,90,90,90,90,0,Cross-Ply,381.514,0.00545,0.81753,1.59,No Fail
411,55.9,0.2,2851,0,90,90,90,90,0,Cross-Ply,225.262,0.003218,0.48271,1.144,No Fail
412,56.0,0.2,4373,0,90,90,90,90,0,Cross-Ply,445.578,0.006365,0.95481,1.773,No Fail
413,56.1,0.2,3234,0,90,90,90,90,0,Cross-Ply,253.374,0.00362,0.54294,1.224,No Fail
414,56.2,0.2,3258,0,90,90,90,90,0,Cross-Ply,381.172,0.005445,0.8168,1.589,No Fail
415,56.3,0.2,4544,0,90,90,90,90,0,Cross-Ply,477.898,0.006827,1.02407,1.865,No Fail
416,56.4,0.2,3041,0,90,90,90,90,0,Cross-Ply,242.028,0.003458,0.51863,1.192,No Fail
417,56.5,0.2,3099,0,90,90,90,90,0,Cross-Ply,295.675,0.004224,0.63359,1.345,No Fail
418,56.6,0.2,2935,0,90,90,90,90,0,Cross-Ply,248.048,0.003544,0.53153,1.209,No Fail
419,56.7,0.2,2040,0,90,90,90,90,0,Cross-Ply,138.884,0.001984,0.29761,0.897,FAIL
420,56.8,0.2,4892,0,90,90,90,90,0,Cross-Ply,539.799,0.007711,1.15671,2.042,No Fail
421,56.9,0.2,3924,0,90,90,90,90,0,Cross-Ply,429.339,0.006133,0.92001,1.727,No Fail
422,57.0,0.2,4481,0,90,90,90,90,0,Cross-Ply,461.737,0.006596,0.98944,1.819,No Fail
423,57.1,0.2,4508,0,90,90,90,90,0,Cross-Ply,438.507,0.006264,0.93966,1.753,No Fail
424,57.2,0.2,2608,0,90,90,90,90,0,Cross-Ply,250.136,0.003573,0.53601,1.215,No Fail
425,57.3,0.2,4158,0,90,90,90,90,0,Cross-Ply,409.973,0.005857,0.87851,1.671,No Fail
426,57.4,0.2,1626,0,90,90,90,90,0,Cross-Ply,60.0,0.000857,0.12857,0.671,FAIL
427,57.5,0.2,3709,0,90,90,90,90,0,Cross-Ply,436.565,0.006237,0.9355,1.747,No Fail
428,57.6,0.2,4991,0,90,90,90,90,0,Cross-Ply,493.248,0.007046,1.05696,1.909,No Fail
429,57.7,0.2,3019,0,90,90,90,90,0,Cross-Ply,255.922,0.003656,0.5484,1.231,No Fail
430,57.8,0.2,3718,0,90,90,90,90,0,Cross-Ply,433.797,0.006197,0.92957,1.739,No Fail
431,57.9,0.2,3053,0,90,90,90,90,0,Cross-Ply,243.799,0.003483,0.52243,1.197,No Fail
432,58.0,0.2,4662,0,90,90,90,90,0,Cross-Ply,479.774,0.006854,1.02809,1.871,No Fail
433,58.1,0.2,4287,0,90,90,90,90,0,Cross-Ply,515.747,0.007368,1.10517,1.974,No Fail
434,58.2,0.2,2812,0,90,90,90,90,0,Cross-Ply,288.452,0.004121,0.61811,1.324,No Fail
435,58.3,0.2,3359,0,90,90,90,90,0,Cross-Ply,380.184,0.005431,0.81468,1.586,No Fail
436,58.4,0.2,4274,0,90,90,90,90,0,Cross-Ply,445.441,0.006363,0.95452,1.773,No Fail
437,58.5,0.2,1776,0,90,90,90,90,0,Cross-Ply,168.046,0.002401,0.3601,0.98,FAIL
438,58.6,0.2,3669,0,90,90,90,90,0,Cross-Ply,325.355,0.004648,0.69719,1.43,No Fail
439,58.7,0.2,4695,0,90,90,90,90,0,Cross-Ply,543.937,0.007771,1.16558,2.054,No Fail
440,58.8,0.2,3114,0,90,90,90,90,0,Cross-Ply,348.16,0.004974,0.74606,1.495,No Fail
441,58.9,0.2,2394,0,90,90,90,90,0,Cross-Ply,238.436,0.003406,0.51093,1.181,No Fail
442,59.0,0.2,4316,0,90,90,90,90,0,Cross-Ply,524.5,0.007493,1.12393,1.999,No Fail
443,59.1,0.2,3872,0,90,90,90,90,0,Cross-Ply,348.097,0.004973,0.74592,1.495,No Fail
444,59.2,0.2,3046,0,90,90,90,90,0,Cross-Ply,337.226,0.004818,0.72263,1.464,No Fail
445,59.3,0.2,3557,0,90,90,90,90,0,Cross-Ply,379.843,0.005426,0.81395,1.585,No Fail
446,59.4,0.2,2985,0,90,90,90,90,0,Cross-Ply,265.691,0.003796,0.56934,1.259,No Fail
447,59.5,0.2,4459,0,90,90,90,90,0,Cross-Ply,511.517,0.007307,1.09611,1.961,No Fail
448,59.6,0.2,2846,0,90,90,90,90,0,Cross-Ply,305.432,0.004363,0.6545,1.373,No Fail
449,59.7,0.2,2330,0,90,90,90,90,0,Cross-Ply,199.806,0.002854,0.42815,1.071,No Fail
450,59.8,0.2,3512,0,90,90,90,90,0,Cross-Ply,344.069,0.004915,0.73729,1.483,No Fail
451,59.9,0.2,2533,0,90,90,90,90,0,Cross-Ply,159.361,0.002277,0.34149,0.955,FAIL
452,60.0,0.2,3804,0,90,90,90,90,0,Cross-Ply,329.014,0.0047,0.70503,1.44,No Fail
453,60.1,0.2,3481,0,90,90,90,90,0,Cross-Ply,379.228,0.005418,0.81263,1.584,No Fail
454,60.2,0.2,4106,0,90,90,90,90,0,Cross-Ply,407.511,0.005822,0.87324,1.664,No Fail
455,60.3,0.2,3622,0,90,90,90,90,0,Cross-Ply,427.686,0.00611,0.91647,1.722,No Fail
456,60.4,0.2,4665,0,90,90,90,90,0,Cross-Ply,506.152,0.007231,1.08461,1.946,No Fail
457,60.5,0.2,4296,0,90,90,90,90,0,Cross-Ply,485.296,0.006933,1.03992,1.887,No Fail
458,60.6,0.2,2733,0,90,90,90,90,0,Cross-Ply,236.64,0.003381,0.50709,1.176,No Fail
459,60.7,0.2,3673,0,90,90,90,90,0,Cross-Ply,356.818,0.005097,0.76461,1.519,No Fail
460,60.8,0.2,4023,0,90,90,90,90,0,Cross-Ply,397.604,0.00568,0.85201,1.636,No Fail
461,60.9,0.2,4434,0,90,90,90,90,0,Cross-Ply,454.3,0.00649,0.9735,1.798,No Fail
462,61.0,0.2,4662,0,90,90,90,90,0,Cross-Ply,488.444,0.006978,1.04667,1.896,No Fail
463,61.1,0.2,2581,0,90,90,90,90,0,Cross-Ply,211.41,0.00302,0.45302,1.104,No Fail
464,61.2,0.2,3529,0,90,90,90,90,0,Cross-Ply,363.574,0.005194,0.77909,1.539,No Fail
465,61.3,0.2,1815,0,90,90,90,90,0,Cross-Ply,98.97,0.001414,0.21208,0.783,FAIL
466,61.4,0.2,4116,0,90,90,90,90,0,Cross-Ply,460.382,0.006577,0.98653,1.815,No Fail
467,61.5,0.2,1963,0,90,90,90,90,0,Cross-Ply,191.873,0.002741,0.41116,1.048,No Fail
468,61.6,0.2,4900,0,90,90,90,90,0,Cross-Ply,531.626,0.007595,1.1392,2.019,No Fail
469,61.7,0.2,4697,0,90,90,90,90,0,Cross-Ply,505.958,0.007228,1.0842,1.946,No Fail
470,61.8,0.2,2399,0,90,90,90,90,0,Cross-Ply,163.098,0.00233,0.3495,0.966,FAIL
471,61.9,0.2,3186,0,90,90,90,90,0,Cross-Ply,267.755,0.003825,0.57376,1.265,No Fail
472,62.0,0.2,4113,0,90,90,90,90,0,Cross-Ply,392.454,0.005606,0.84097,1.621,No Fail
473,62.1,0.2,1903,0,90,90,90,90,0,Cross-Ply,162.498,0.002321,0.34821,0.964,FAIL
474,62.2,0.2,1993,0,90,90,90,90,0,Cross-Ply,91.928,0.001313,0.19699,0.763,FAIL
475,62.3,0.2,4510,0,90,90,90,90,0,Cross-Ply,423.807,0.006054,0.90816,1.711,No Fail
476,62.4,0.2,4930,0,90,90,90,90,0,Cross-Ply,511.137,0.007302,1.09529,1.96,No Fail
477,62.5,0.2,4316,0,90,90,90,90,0,Cross-Ply,398.04,0.005686,0.85294,1.637,No Fail
478,62.6,0.2,4267,0,90,90,90,90,0,Cross-Ply,471.013,0.006729,1.00931,1.846,No Fail
479,62.7,0.2,3378,0,90,90,90,90,0,Cross-Ply,400.059,0.005715,0.85727,1.643,No Fail
480,62.8,0.2,3855,0,90,90,90,90,0,Cross-Ply,404.815,0.005783,0.86746,1.657,No Fail
481,62.9,0.2,3546,0,90,90,90,90,0,Cross-Ply,335.318,0.00479,0.71854,1.458,No Fail
482,63.0,0.2,4791,0,90,90,90,90,0,Cross-Ply,479.856,0.006855,1.02826,1.871,No Fail
483,63.1,0.2,2318,0,90,90,90,90,0,Cross-Ply,247.724,0.003539,0.53084,1.208,No Fail
484,63.2,0.2,4595,0,90,90,90,90,0,Cross-Ply,559.213,0.007989,1.19831,2.098,No Fail
485,63.3,0.2,4703,0,90,90,90,90,0,Cross-Ply,502.742,0.007182,1.07731,1.936,No Fail
486,63.4,0.2,1721,0,90,90,90,90,0,Cross-Ply,153.986,0.0022,0.32997,0.94,FAIL
487,63.5,0.2,4683,0,90,90,90,90,0,Cross-Ply,465.388,0.006648,0.99726,1.83,No Fail
488,63.6,0.2,2929,0,90,90,90,90,0,Cross-Ply,302.744,0.004325,0.64874,1.365,No Fail
489,63.7,0.2,4812,0,90,90,90,90,0,Cross-Ply,572.722,0.008182,1.22726,2.136,No Fail
490,63.8,0.2,3224,0,90,90,90,90,0,Cross-Ply,341.416,0.004877,0.73161,1.475,No Fail
491,63.9,0.2,4605,0,90,90,90,90,0,Cross-Ply,551.084,0.007873,1.1809,2.075,No Fail
492,64.0,0.2,3088,0,90,90,90,90,0,Cross-Ply,345.676,0.004938,0.74073,1.488,No Fail
493,64.1,0.2,4101,0,90,90,90,90,0,Cross-Ply,408.827,0.00584,0.87606,1.668,No Fail
494,64.2,0.2,2967,0,90,90,90,90,0,Cross-Ply,222.768,0.003182,0.47736,1.136,No Fail
495,64.3,0.2,2041,0,90,90,90,90,0,Cross-Ply,127.41,0.00182,0.27302,0.864,FAIL
496,64.4,0.2,1847,0,90,90,90,90,0,Cross-Ply,144.983,0.002071,0.31068,0.914,FAIL
497,64.5,0.2,2928,0,90,90,90,90,0,Cross-Ply,277.956,0.003971,0.59562,1.294,No Fail
498,64.6,0.2,1615,0,90,90,90,90,0,Cross-Ply,60.0,0.000857,0.12857,0.671,FAIL
499,64.7,0.2,3052,0,90,90,90,90,0,Cross-Ply,309.933,0.004428,0.66414,1.386,No Fail
500,64.8,0.2,4494,0,90,90,90,90,0,Cross-Ply,423.745,0.006053,0.90802,1.711,No Fail
501,64.9,0.2,3900,45,-45,45,-45,45,-45,Angle-Ply,374.457,0.005349,0.80241,1.57,No Fail
502,65.0,0.2,4922,45,-45,45,-45,45,-45,Angle-Ply,436.822,0.00624,0.93605,1.748,No Fail
503,40.0,0.2,2893,45,-45,45,-45,45,-45,Angle-Ply,237.76,0.003397,0.50949,1.179,No Fail
504,40.1,0.2,1928,45,-45,45,-45,45,-45,Angle-Ply,151.677,0.002167,0.32502,0.933,FAIL
505,40.2,0.2,3092,45,-45,45,-45,45,-45,Angle-Ply,206.296,0.002947,0.44206,1.089,No Fail
506,40.3,0.2,3746,45,-45,45,-45,45,-45,Angle-Ply,296.985,0.004243,0.6364,1.349,No Fail
507,40.4,0.2,1575,45,-45,45,-45,45,-45,Angle-Ply,69.581,0.000994,0.1491,0.699,FAIL
508,40.5,0.2,2352,45,-45,45,-45,45,-45,Angle-Ply,133.095,0.001901,0.2852,0.88,FAIL
509,40.6,0.2,3476,45,-45,45,-45,45,-45,Angle-Ply,325.811,0.004654,0.69817,1.431,No Fail
510,40.7,0.2,4178,45,-45,45,-45,45,-45,Angle-Ply,407.82,0.005826,0.8739,1.665,No Fail
511,40.8,0.2,2256,45,-45,45,-45,45,-45,Angle-Ply,185.257,0.002647,0.39698,1.029,No Fail
512,40.9,0.2,2650,45,-45,45,-45,45,-45,Angle-Ply,156.268,0.002232,0.33486,0.946,FAIL
513,41.0,0.2,4652,45,-45,45,-45,45,-45,Angle-Ply,450.465,0.006435,0.96528,1.787,No Fail
514,41.1,0.2,4504,45,-45,45,-45,45,-45,Angle-Ply,450.171,0.006431,0.96465,1.786,No Fail
515,41.2,0.2,1955,45,-45,45,-45,45,-45,Angle-Ply,159.511,0.002279,0.34181,0.956,FAIL
516,41.3,0.2,2111,45,-45,45,-45,45,-45,Angle-Ply,164.889,0.002356,0.35333,0.971,FAIL
517,41.4,0.2,1590,45,-45,45,-45,45,-45,Angle-Ply,64.351,0.000919,0.13789,0.684,FAIL
518,41.5,0.2,4265,45,-45,45,-45,45,-45,Angle-Ply,423.009,0.006043,0.90645,1.709,No Fail
519,41.6,0.2,2633,45,-45,45,-45,45,-45,Angle-Ply,222.689,0.003181,0.47719,1.136,No Fail
520,41.7,0.2,1683,45,-45,45,-45,45,-45,Angle-Ply,126.988,0.001814,0.27212,0.863,FAIL
521,41.8,0.2,3341,45,-45,45,-45,45,-45,Angle-Ply,244.755,0.003496,0.52447,1.199,No Fail
522,41.9,0.2,3167,45,-45,45,-45,45,-45,Angle-Ply,225.489,0.003221,0.48319,1.144,No Fail
523,42.0,0.2,3296,45,-45,45,-45,45,-45,Angle-Ply,235.978,0.003371,0.50567,1.174,No Fail
524,42.1,0.2,3263,45,-45,45,-45,45,-45,Angle-Ply,304.673,0.004352,0.65287,1.37,No Fail
525,42.2,0.2,1652,45,-45,45,-45,45,-45,Angle-Ply,60.0,0.000857,0.12857,0.671,FAIL
526,42.3,0.2,4534,45,-45,45,-45,45,-45,Angle-Ply,369.13,0.005273,0.79099,1.555,No Fail
527,42.4,0.2,3103,45,-45,45,-45,45,-45,Angle-Ply,242.823,0.003469,0.52034,1.194,No Fail
528,42.5,0.2,1713,45,-45,45,-45,45,-45,Angle-Ply,60.0,0.000857,0.12857,0.671,FAIL
529,42.6,0.2,2906,45,-45,45,-45,45,-45,Angle-Ply,226.081,0.00323,0.48446,1.146,No Fail
530,42.7,0.2,3216,45,-45,45,-45,45,-45,Angle-Ply,237.223,0.003389,0.50834,1.178,No Fail
531,42.8,0.2,1757,45,-45,45,-45,45,-45,Angle-Ply,60.0,0.000857,0.12857,0.671,FAIL
532,42.9,0.2,3629,45,-45,45,-45,45,-45,Angle-Ply,347.211,0.00496,0.74402,1.492,No Fail
533,43.0,0.2,2463,45,-45,45,-45,45,-45,Angle-Ply,222.862,0.003184,0.47756,1.137,No Fail
534,43.1,0.2,3419,45,-45,45,-45,45,-45,Angle-Ply,264.906,0.003784,0.56766,1.257,No Fail
535,43.2,0.2,4981,45,-45,45,-45,45,-45,Angle-Ply,466.849,0.006669,1.00039,1.834,No Fail
536,43.3,0.2,3088,45,-45,45,-45,45,-45,Angle-Ply,240.204,0.003431,0.51472,1.186,No Fail
537,43.4,0.2,1847,45,-45,45,-45,45,-45,Angle-Ply,98.103,0.001401,0.21022,0.78,FAIL
538,43.5,0.2,4485,45,-45,45,-45,45,-45,Angle-Ply,372.563,0.005322,0.79835,1.564,No Fail
539,43.6,0.2,4191,45,-45,45,-45,45,-45,Angle-Ply,346.369,0.004948,0.74222,1.49,No Fail
540,43.7,0.2,2253,45,-45,45,-45,45,-45,Angle-Ply,129.428,0.001849,0.27735,0.87,FAIL
541,43.8,0.2,2300,45,-45,45,-45,45,-45,Angle-Ply,163.603,0.002337,0.35058,0.967,FAIL
542,43.9,0.2,3087,45,-45,45,-45,45,-45,Angle-Ply,260.818,0.003726,0.5589,1.245,No Fail
543,44.0,0.2,1833,45,-45,45,-45,45,-45,Angle-Ply,117.016,0.001672,0.25075,0.834,FAIL
544,44.1,0.2,3828,45,-45,45,-45,45,-45,Angle-Ply,331.32,0.004733,0.70997,1.447,No Fail
545,44.2,0.2,2034,45,-45,45,-45,45,-45,Angle-Ply,143.273,0.002047,0.30701,0.909,FAIL
546,44.3,0.2,1735,45,-45,45,-45,45,-45,Angle-Ply,60.0,0.000857,0.12857,0.671,FAIL
547,44.4,0.2,1826,45,-45,45,-45,45,-45,Angle-Ply,71.41,0.00102,0.15302,0.704,FAIL
548,44.5,0.2,4086,45,-45,45,-45,45,-45,Angle-Ply,394.836,0.005641,0.84608,1.628,No Fail
549,44.6,0.2,3447,45,-45,45,-45,45,-45,Angle-Ply,248.637,0.003552,0.53279,1.21,No Fail
550,44.7,0.2,3466,45,-45,45,-45,45,-45,Angle-Ply,274.941,0.003928,0.58916,1.286,No Fail
551,44.8,0.2,1928,45,-45,45,-45,45,-45,Angle-Ply,136.602,0.001951,0.29272,0.89,FAIL
552,44.9,0.2,3829,45,-45,45,-45,45,-45,Angle-Ply,339.31,0.004847,0.72709,1.469,No Fail
553,45.0,0.2,4538,45,-45,45,-45,45,-45,Angle-Ply,373.108,0.00533,0.79952,1.566,No Fail
554,45.1,0.2,4889,45,-45,45,-45,45,-45,Angle-Ply,414.18,0.005917,0.88753,1.683,No Fail
555,45.2,0.2,2731,45,-45,45,-45,45,-45,Angle-Ply,194.078,0.002773,0.41588,1.055,No Fail
556,45.3,0.2,2245,45,-45,45,-45,45,-45,Angle-Ply,144.0,0.002057,0.30857,0.911,FAIL
557,45.4,0.2,2285,45,-45,45,-45,45,-45,Angle-Ply,139.837,0.001998,0.29965,0.9,FAIL
558,45.5,0.2,4459,45,-45,45,-45,45,-45,Angle-Ply,433.864,0.006198,0.92971,1.74,No Fail
559,45.6,0.2,4169,45,-45,45,-45,45,-45,Angle-Ply,374.568,0.005351,0.80265,1.57,No Fail
560,45.7,0.2,4325,45,-45,45,-45,45,-45,Angle-Ply,369.127,0.005273,0.79099,1.555,No Fail
561,45.8,0.2,4911,45,-45,45,-45,45,-45,Angle-Ply,403.102,0.005759,0.86379,1.652,No Fail
562,45.9,0.2,3648,45,-45,45,-45,45,-45,Angle-Ply,269.541,0.003851,0.57759,1.27,No Fail
563,46.0,0.2,1592,45,-45,45,-45,45,-45,Angle-Ply,66.512,0.00095,0.14253,0.69,FAIL
564,46.1,0.2,4403,45,-45,45,-45,45,-45,Angle-Ply,339.195,0.004846,0.72685,1.469,No Fail
565,46.2,0.2,2131,45,-45,45,-45,45,-45,Angle-Ply,165.313,0.002362,0.35424,0.972,FAIL
566,46.3,0.2,2581,45,-45,45,-45,45,-45,Angle-Ply,166.905,0.002384,0.35765,0.977,FAIL
567,46.4,0.2,1521,45,-45,45,-45,45,-45,Angle-Ply,91.607,0.001309,0.1963,0.762,FAIL
568,46.5,0.2,3482,45,-45,45,-45,45,-45,Angle-Ply,246.124,0.003516,0.52741,1.203,No Fail
569,46.6,0.2,1997,45,-45,45,-45,45,-45,Angle-Ply,136.344,0.001948,0.29217,0.89,FAIL
570,46.7,0.2,1607,45,-45,45,-45,45,-45,Angle-Ply,69.206,0.000989,0.1483,0.698,FAIL
571,46.8,0.2,2253,45,-45,45,-45,45,-45,Angle-Ply,126.74,0.001811,0.27159,0.862,FAIL
572,46.9,0.2,2693,45,-45,45,-45,45,-45,Angle-Ply,209.517,0.002993,0.44896,1.099,No Fail
573,47.0,0.2,4026,45,-45,45,-45,45,-45,Angle-Ply,358.798,0.005126,0.76885,1.525,No Fail
574,47.1,0.2,3487,45,-45,45,-45,45,-45,Angle-Ply,256.652,0.003666,0.54997,1.233,No Fail
575,47.2,0.2,1684,45,-45,45,-45,45,-45,Angle-Ply,136.711,0.001953,0.29295,0.891,FAIL
576,47.3,0.2,3662,45,-45,45,-45,45,-45,Angle-Ply,342.543,0.004893,0.73402,1.479,No Fail
577,47.4,0.2,2452,45,-45,45,-45,45,-45,Angle-Ply,156.066,0.00223,0.33443,0.946,FAIL
578,47.5,0.2,3200,45,-45,45,-45,45,-45,Angle-Ply,238.091,0.003401,0.51019,1.18,No Fail
579,47.6,0.2,2456,45,-45,45,-45,45,-45,Angle-Ply,181.516,0.002593,0.38896,1.019,No Fail
580,47.7,0.2,1898,45,-45,45,-45,45,-45,Angle-Ply,87.489,0.00125,0.18748,0.75,FAIL
581,47.8,0.2,2491,45,-45,45,-45,45,-45,Angle-Ply,186.636,0.002666,0.39994,1.033,No Fail
582,47.9,0.2,3203,45,-45,45,-45,45,-45,Angle-Ply,236.671,0.003381,0.50715,1.176,No Fail
583,48.0,0.2,1659,45,-45,45,-45,45,-45,Angle-Ply,71.117,0.001016,0.15239,0.703,FAIL
584,48.1,0.2,3598,45,-45,45,-45,45,-45,Angle-Ply,309.856,0.004427,0.66398,1.385,No Fail
585,48.2,0.2,2555,45,-45,45,-45,45,-45,Angle-Ply,239.106,0.003416,0.51237,1.183,No Fail
586,48.3,0.2,1980,45,-45,45,-45,45,-45,Angle-Ply,155.061,0.002215,0.33227,0.943,FAIL
587,48.4,0.2,2648,45,-45,45,-45,45,-45,Angle-Ply,222.434,0.003178,0.47664,1.136,No Fail
588,48.5,0.2,4115,45,-45,45,-45,45,-45,Angle-Ply,407.537,0.005822,0.87329,1.664,No Fail
589,48.6,0.2,2831,45,-45,45,-45,45,-45,Angle-Ply,250.743,0.003582,0.53731,1.216,No Fail
590,48.7,0.2,3251,45,-45,45,-45,45,-45,Angle-Ply,239.103,0.003416,0.51236,1.183,No Fail
591,48.8,0.2,4322,45,-45,45,-45,45,-45,Angle-Ply,340.741,0.004868,0.73016,1.474,No Fail
592,48.9,0.2,4516,45,-45,45,-45,45,-45,Angle-Ply,443.963,0.006342,0.95135,1.768,No Fail
593,49.0,0.2,1566,45,-45,45,-45,45,-45,Angle-Ply,128.516,0.001836,0.27539,0.867,FAIL
594,49.1,0.2,4517,45,-45,45,-45,45,-45,Angle-Ply,352.392,0.005034,0.75513,1.507,No Fail
595,49.2,0.2,3507,45,-45,45,-45,45,-45,Angle-Ply,280.563,0.004008,0.60121,1.302,No Fail
596,49.3,0.2,2962,45,-45,45,-45,45,-45,Angle-Ply,207.262,0.002961,0.44413,1.092,No Fail
597,49.4,0.2,1573,45,-45,45,-45,45,-45,Angle-Ply,121.445,0.001735,0.26024,0.847,FAIL
598,49.5,0.2,4305,45,-45,45,-45,45,-45,Angle-Ply,393.825,0.005626,0.84391,1.625,No Fail
599,49.6,0.2,4412,45,-45,45,-45,45,-45,Angle-Ply,373.748,0.005339,0.80089,1.568,No Fail
600,49.7,0.2,1808,45,-45,45,-45,45,-45,Angle-Ply,60.0,0.000857,0.12857,0.671,FAIL
601,49.8,0.2,2352,45,-45,45,-45,45,-45,Angle-Ply,126.769,0.001811,0.27165,0.862,FAIL
602,49.9,0.2,3334,45,-45,45,-45,45,-45,Angle-Ply,260.46,0.003721,0.55813,1.244,No Fail
603,50.0,0.2,2586,45,-45,45,-45,45,-45,Angle-Ply,200.541,0.002865,0.42973,1.073,No Fail
604,50.1,0.2,2666,45,-45,45,-45,45,-45,Angle-Ply,215.233,0.003075,0.46121,1.115,No Fail
605,50.2,0.2,3287,45,-45,45,-45,45,-45,Angle-Ply,300.804,0.004297,0.64458,1.359,No Fail
606,50.3,0.2,3285,45,-45,45,-45,45,-45,Angle-Ply,306.447,0.004378,0.65667,1.376,No Fail
607,50.4,0.2,2723,45,-45,45,-45,45,-45,Angle-Ply,160.224,0.002289,0.34334,0.958,FAIL
608,50.5,0.2,4366,45,-45,45,-45,45,-45,Angle-Ply,357.006,0.0051,0.76501,1.52,No Fail
609,50.6,0.2,2327,45,-45,45,-45,45,-45,Angle-Ply,127.286,0.001818,0.27275,0.864,FAIL
610,50.7,0.2,2190,45,-45,45,-45,45,-45,Angle-Ply,184.753,0.002639,0.3959,1.028,No Fail
611,50.8,0.2,4161,45,-45,45,-45,45,-45,Angle-Ply,348.302,0.004976,0.74636,1.495,No Fail
612,50.9,0.2,2120,45,-45,45,-45,45,-45,Angle-Ply,122.166,0.001745,0.26178,0.849,FAIL
613,51.0,0.2,3229,45,-45,45,-45,45,-45,Angle-Ply,229.309,0.003276,0.49138,1.155,No Fail
614,51.1,0.2,4160,45,-45,45,-45,45,-45,Angle-Ply,331.753,0.004739,0.7109,1.448,No Fail
615,51.2,0.2,4735,45,-45,45,-45,45,-45,Angle-Ply,426.849,0.006098,0.91468,1.72,No Fail
616,51.3,0.2,3724,45,-45,45,-45,45,-45,Angle-Ply,305.178,0.00436,0.65395,1.372,No Fail
617,51.4,0.2,4525,45,-45,45,-45,45,-45,Angle-Ply,385.237,0.005503,0.82551,1.601,No Fail
618,51.5,0.2,2028,45,-45,45,-45,45,-45,Angle-Ply,115.322,0.001647,0.24712,0.829,FAIL
619,51.6,0.2,3048,45,-45,45,-45,45,-45,Angle-Ply,285.78,0.004083,0.61239,1.317,No Fail
620,51.7,0.2,2461,45,-45,45,-45,45,-45,Angle-Ply,197.122,0.002816,0.4224,1.063,No Fail
621,51.8,0.2,3276,45,-45,45,-45,45,-45,Angle-Ply,311.707,0.004453,0.66794,1.391,No Fail
622,51.9,0.2,3082,45,-45,45,-45,45,-45,Angle-Ply,263.299,0.003761,0.56421,1.252,No Fail
623,52.0,0.2,4411,45,-45,45,-45,45,-45,Angle-Ply,434.237,0.006203,0.93051,1.741,No Fail
624,52.1,0.2,4525,45,-45,45,-45,45,-45,Angle-Ply,444.4,0.006349,0.95228,1.77,No Fail
625,52.2,0.2,3653,45,-45,45,-45,45,-45,Angle-Ply,266.101,0.003801,0.57022,1.26,No Fail
626,52.3,0.2,3119,45,-45,45,-45,45,-45,Angle-Ply,246.142,0.003516,0.52745,1.203,No Fail
627,52.4,0.2,4271,45,-45,45,-45,45,-45,Angle-Ply,365.441,0.005221,0.78309,1.544,No Fail
628,52.5,0.2,3074,45,-45,45,-45,45,-45,Angle-Ply,199.245,0.002846,0.42695,1.069,No Fail
629,52.6,0.2,3781,45,-45,45,-45,45,-45,Angle-Ply,284.934,0.00407,0.61057,1.314,No Fail
630,52.7,0.2,3165,45,-45,45,-45,45,-45,Angle-Ply,271.063,0.003872,0.58085,1.274,No Fail
631,52.8,0.2,1717,45,-45,45,-45,45,-45,Angle-Ply,133.095,0.001901,0.2852,0.88,FAIL
632,52.9,0.2,4647,45,-45,45,-45,45,-45,Angle-Ply,454.692,0.006496,0.97434,1.799,No Fail
633,53.0,0.2,4000,45,-45,45,-45,45,-45,Angle-Ply,358.92,0.005127,0.76911,1.525,No Fail
634,53.1,0.2,2104,45,-45,45,-45,45,-45,Angle-Ply,136.736,0.001953,0.29301,0.891,FAIL
635,53.2,0.2,3032,45,-45,45,-45,45,-45,Angle-Ply,264.716,0.003782,0.56725,1.256,No Fail
636,53.3,0.2,3330,45,-45,45,-45,45,-45,Angle-Ply,276.141,0.003945,0.59173,1.289,No Fail
637,53.4,0.2,2805,45,-45,45,-45,45,-45,Angle-Ply,249.793,0.003568,0.53527,1.214,No Fail
638,53.5,0.2,2931,45,-45,45,-45,45,-45,Angle-Ply,249.962,0.003571,0.53563,1.214,No Fail
639,53.6,0.2,3593,45,-45,45,-45,45,-45,Angle-Ply,315.457,0.004507,0.67598,1.401,No Fail
640,53.7,0.2,3766,45,-45,45,-45,45,-45,Angle-Ply,285.445,0.004078,0.61167,1.316,No Fail
641,53.8,0.2,1831,45,-45,45,-45,45,-45,Angle-Ply,154.605,0.002209,0.3313,0.942,FAIL
642,53.9,0.2,2495,45,-45,45,-45,45,-45,Angle-Ply,160.143,0.002288,0.34316,0.958,FAIL
643,54.0,0.2,3798,45,-45,45,-45,45,-45,Angle-Ply,296.018,0.004229,0.63432,1.346,No Fail
644,54.1,0.2,4556,45,-45,45,-45,45,-45,Angle-Ply,358.215,0.005117,0.7676,1.523,No Fail
645,54.2,0.2,3540,45,-45,45,-45,45,-45,Angle-Ply,310.272,0.004432,0.66487,1.386,No Fail
646,54.3,0.2,2724,45,-45,45,-45,45,-45,Angle-Ply,242.958,0.003471,0.52062,1.194,No Fail
647,54.4,0.2,3945,45,-45,45,-45,45,-45,Angle-Ply,285.514,0.004079,0.61182,1.316,No Fail
648,54.5,0.2,3583,45,-45,45,-45,45,-45,Angle-Ply,308.594,0.004408,0.66127,1.382,No Fail
649,54.6,0.2,2584,45,-45,45,-45,45,-45,Angle-Ply,141.718,0.002025,0.30368,0.905,FAIL
650,54.7,0.2,4271,45,-45,45,-45,45,-45,Angle-Ply,384.567,0.005494,0.82407,1.599,No Fail
651,54.8,0.2,3845,45,-45,45,-45,45,-45,Angle-Ply,291.48,0.004164,0.6246,1.333,No Fail
652,54.9,0.2,4086,45,-45,45,-45,45,-45,Angle-Ply,315.729,0.00451,0.67656,1.402,No Fail
653,55.0,0.2,3342,45,-45,45,-45,45,-45,Angle-Ply,250.952,0.003585,0.53775,1.217,No Fail
654,55.1,0.2,2982,45,-45,45,-45,45,-45,Angle-Ply,216.277,0.00309,0.46345,1.118,No Fail
655,55.2,0.2,2769,45,-45,45,-45,45,-45,Angle-Ply,223.984,0.0032,0.47997,1.14,No Fail
656,55.3,0.2,2250,45,-45,45,-45,45,-45,Angle-Ply,187.496,0.002679,0.40178,1.036,No Fail
657,55.4,0.2,3202,45,-45,45,-45,45,-45,Angle-Ply,207.462,0.002964,0.44456,1.093,No Fail
658,55.5,0.2,1981,45,-45,45,-45,45,-45,Angle-Ply,153.533,0.002193,0.329,0.939,FAIL
659,55.6,0.2,4455,45,-45,45,-45,45,-45,Angle-Ply,436.86,0.006241,0.93613,1.748,No Fail
660,55.7,0.2,4198,45,-45,45,-45,45,-45,Angle-Ply,406.467,0.005807,0.871,1.661,No Fail
661,55.8,0.2,4593,45,-45,45,-45,45,-45,Angle-Ply,369.839,0.005283,0.79251,1.557,No Fail
662,55.9,0.2,2679,45,-45,45,-45,45,-45,Angle-Ply,249.22,0.00356,0.53404,1.212,No Fail
663,56.0,0.2,1959,45,-45,45,-45,45,-45,Angle-Ply,92.775,0.001325,0.1988,0.765,FAIL
664,56.1,0.2,2068,45,-45,45,-45,45,-45,Angle-Ply,146.644,0.002095,0.31424,0.919,FAIL
665,56.2,0.2,4199,45,-45,45,-45,45,-45,Angle-Ply,327.69,0.004681,0.70219,1.436,No Fail
666,56.3,0.2,2079,45,-45,45,-45,45,-45,Angle-Ply,101.197,0.001446,0.21685,0.789,FAIL
667,56.4,0.2,2938,45,-45,45,-45,45,-45,Angle-Ply,234.036,0.003343,0.50151,1.169,No Fail
668,56.5,0.2,2331,45,-45,45,-45,45,-45,Angle-Ply,142.739,0.002039,0.30587,0.908,FAIL
669,56.6,0.2,2497,45,-45,45,-45,45,-45,Angle-Ply,185.729,0.002653,0.39799,1.031,No Fail
670,56.7,0.2,3071,45,-45,45,-45,45,-45,Angle-Ply,214.853,0.003069,0.4604,1.114,No Fail
671,56.8,0.2,2583,45,-45,45,-45,45,-45,Angle-Ply,185.306,0.002647,0.39708,1.029,No Fail
672,56.9,0.2,3142,45,-45,45,-45,45,-45,Angle-Ply,215.957,0.003085,0.46276,1.117,No Fail
673,57.0,0.2,2787,45,-45,45,-45,45,-45,Angle-Ply,174.852,0.002498,0.37468,1.0,No Fail
674,57.1,0.2,4946,45,-45,45,-45,45,-45,Angle-Ply,395.828,0.005655,0.8482,1.631,No Fail
675,57.2,0.2,2486,45,-45,45,-45,45,-45,Angle-Ply,182.648,0.002609,0.39139,1.022,No Fail
676,57.3,0.2,3346,45,-45,45,-45,45,-45,Angle-Ply,284.138,0.004059,0.60887,1.312,No Fail
677,57.4,0.2,4359,45,-45,45,-45,45,-45,Angle-Ply,330.428,0.00472,0.70806,1.444,No Fail
678,57.5,0.2,1984,45,-45,45,-45,45,-45,Angle-Ply,91.779,0.001311,0.19667,0.762,FAIL
679,57.6,0.2,3744,45,-45,45,-45,45,-45,Angle-Ply,341.365,0.004877,0.7315,1.475,No Fail
680,57.7,0.2,3441,45,-45,45,-45,45,-45,Angle-Ply,241.212,0.003446,0.51688,1.189,No Fail
681,57.8,0.2,4461,45,-45,45,-45,45,-45,Angle-Ply,434.668,0.00621,0.93143,1.742,No Fail
682,57.9,0.2,2498,45,-45,45,-45,45,-45,Angle-Ply,141.828,0.002026,0.30392,0.905,FAIL
683,58.0,0.2,2455,45,-45,45,-45,45,-45,Angle-Ply,146.698,0.002096,0.31435,0.919,FAIL
684,58.1,0.2,2016,45,-45,45,-45,45,-45,Angle-Ply,83.925,0.001199,0.17984,0.74,FAIL
685,58.2,0.2,4812,45,-45,45,-45,45,-45,Angle-Ply,436.497,0.006236,0.93535,1.747,No Fail
686,58.3,0.2,3079,45,-45,45,-45,45,-45,Angle-Ply,272.546,0.003894,0.58403,1.279,No Fail
687,58.4,0.2,1593,45,-45,45,-45,45,-45,Angle-Ply,98.326,0.001405,0.2107,0.781,FAIL
688,58.5,0.2,3257,45,-45,45,-45,45,-45,Angle-Ply,310.007,0.004429,0.6643,1.386,No Fail
689,58.6,0.2,4981,45,-45,45,-45,45,-45,Angle-Ply,476.467,0.006807,1.021,1.861,No Fail
690,58.7,0.2,1599,45,-45,45,-45,45,-45,Angle-Ply,96.164,0.001374,0.20607,0.775,FAIL
691,58.8,0.2,4437,45,-45,45,-45,45,-45,Angle-Ply,342.679,0.004895,0.73431,1.479,No Fail
692,58.9,0.2,4270,45,-45,45,-45,45,-45,Angle-Ply,354.946,0.005071,0.7606,1.514,No Fail
693,59.0,0.2,2504,45,-45,45,-45,45,-45,Angle-Ply,219.58,0.003137,0.47053,1.127,No Fail
694,59.1,0.2,3936,45,-45,45,-45,45,-45,Angle-Ply,299.501,0.004279,0.64179,1.356,No Fail
695,59.2,0.2,3969,45,-45,45,-45,45,-45,Angle-Ply,377.703,0.005396,0.80936,1.579,No Fail
696,59.3,0.2,1518,45,-45,45,-45,45,-45,Angle-Ply,79.536,0.001136,0.17043,0.727,FAIL
697,59.4,0.2,2396,45,-45,45,-45,45,-45,Angle-Ply,214.183,0.00306,0.45896,1.112,No Fail
698,59.5,0.2,3421,45,-45,45,-45,45,-45,Angle-Ply,243.272,0.003475,0.5213,1.195,No Fail
699,59.6,0.2,3347,45,-45,45,-45,45,-45,Angle-Ply,246.956,0.003528,0.52919,1.206,No Fail
700,59.7,0.2,2508,45,-45,45,-45,45,-45,Angle-Ply,222.894,0.003184,0.47763,1.137,No Fail
701,59.8,0.2,1667,45,-45,45,-45,45,-45,Angle-Ply,111.525,0.001593,0.23898,0.819,FAIL
702,59.9,0.2,4279,45,-45,45,-45,45,-45,Angle-Ply,380.753,0.005439,0.8159,1.588,No Fail
703,60.0,0.2,1888,45,-45,45,-45,45,-45,Angle-Ply,118.536,0.001693,0.25401,0.839,FAIL
704,60.1,0.2,3589,45,-45,45,-45,45,-45,Angle-Ply,253.811,0.003626,0.54388,1.225,No Fail
705,60.2,0.2,3304,45,-45,45,-45,45,-45,Angle-Ply,319.037,0.004558,0.68365,1.412,No Fail
706,60.3,0.2,2003,45,-45,45,-45,45,-45,Angle-Ply,154.143,0.002202,0.33031,0.94,FAIL
707,60.4,0.2,3652,45,-45,45,-45,45,-45,Angle-Ply,312.04,0.004458,0.66866,1.392,No Fail
708,60.5,0.2,2958,45,-45,45,-45,45,-45,Angle-Ply,257.482,0.003678,0.55175,1.236,No Fail
709,60.6,0.2,1800,45,-45,45,-45,45,-45,Angle-Ply,86.61,0.001237,0.18559,0.747,FAIL
710,60.7,0.2,1737,45,-45,45,-45,45,-45,Angle-Ply,60.0,0.000857,0.12857,0.671,FAIL
711,60.8,0.2,3276,45,-45,45,-45,45,-45,Angle-Ply,260.955,0.003728,0.55919,1.246,No Fail
712,60.9,0.2,3440,45,-45,45,-45,45,-45,Angle-Ply,228.73,0.003268,0.49013,1.154,No Fail
713,61.0,0.2,3145,45,-45,45,-45,45,-45,Angle-Ply,261.542,0.003736,0.56045,1.247,No Fail
714,61.1,0.2,4934,45,-45,45,-45,45,-45,Angle-Ply,428.18,0.006117,0.91753,1.723,No Fail
715,61.2,0.2,1557,45,-45,45,-45,45,-45,Angle-Ply,104.745,0.001496,0.22445,0.799,FAIL
716,61.3,0.2,2707,45,-45,45,-45,45,-45,Angle-Ply,171.175,0.002445,0.3668,0.989,FAIL
717,61.4,0.2,3699,45,-45,45,-45,45,-45,Angle-Ply,284.324,0.004062,0.60926,1.312,No Fail
718,61.5,0.2,4073,45,-45,45,-45,45,-45,Angle-Ply,320.579,0.00458,0.68695,1.416,No Fail
719,61.6,0.2,1655,45,-45,45,-45,45,-45,Angle-Ply,106.847,0.001526,0.22896,0.805,FAIL
720,61.7,0.2,4347,45,-45,45,-45,45,-45,Angle-Ply,374.537,0.005351,0.80258,1.57,No Fail
721,61.8,0.2,4227,45,-45,45,-45,45,-45,Angle-Ply,401.606,0.005737,0.86058,1.647,No Fail
722,61.9,0.2,3934,45,-45,45,-45,45,-45,Angle-Ply,338.678,0.004838,0.72574,1.468,No Fail
723,62.0,0.2,4340,45,-45,45,-45,45,-45,Angle-Ply,364.519,0.005207,0.78111,1.541,No Fail
724,62.1,0.2,4217,45,-45,45,-45,45,-45,Angle-Ply,412.585,0.005894,0.88411,1.679,No Fail
725,62.2,0.2,2527,45,-45,45,-45,45,-45,Angle-Ply,187.492,0.002678,0.40177,1.036,No Fail
726,62.3,0.2,2198,45,-45,45,-45,45,-45,Angle-Ply,196.669,0.00281,0.42143,1.062,No Fail
727,62.4,0.2,4767,45,-45,45,-45,45,-45,Angle-Ply,474.288,0.006776,1.01633,1.855,No Fail
728,62.5,0.2,4962,45,-45,45,-45,45,-45,Angle-Ply,444.227,0.006346,0.95191,1.769,No Fail
729,62.6,0.2,2387,45,-45,45,-45,45,-45,Angle-Ply,163.105,0.00233,0.34951,0.966,FAIL
730,62.7,0.2,2169,45,-45,45,-45,45,-45,Angle-Ply,116.882,0.00167,0.25046,0.834,FAIL
731,62.8,0.2,4233,45,-45,45,-45,45,-45,Angle-Ply,382.605,0.005466,0.81987,1.593,No Fail
732,62.9,0.2,2662,45,-45,45,-45,45,-45,Angle-Ply,157.961,0.002257,0.33849,0.951,FAIL
733,63.0,0.2,2788,45,-45,45,-45,45,-45,Angle-Ply,251.668,0.003595,0.53929,1.219,No Fail
734,63.1,0.2,4102,45,-45,45,-45,45,-45,Angle-Ply,310.906,0.004442,0.66623,1.388,No Fail
735,63.2,0.2,2853,45,-45,45,-45,45,-45,Angle-Ply,175.531,0.002508,0.37614,1.002,No Fail
736,63.3,0.2,3237,45,-45,45,-45,45,-45,Angle-Ply,208.403,0.002977,0.44658,1.095,No Fail
737,63.4,0.2,4735,45,-45,45,-45,45,-45,Angle-Ply,421.657,0.006024,0.90355,1.705,No Fail
738,63.5,0.2,4304,45,-45,45,-45,45,-45,Angle-Ply,372.752,0.005325,0.79875,1.565,No Fail
739,63.6,0.2,1776,45,-45,45,-45,45,-45,Angle-Ply,77.31,0.001104,0.16566,0.721,FAIL
740,63.7,0.2,4378,45,-45,45,-45,45,-45,Angle-Ply,371.78,0.005311,0.79667,1.562,No Fail
741,63.8,0.2,2624,45,-45,45,-45,45,-45,Angle-Ply,188.507,0.002693,0.40394,1.039,No Fail
742,63.9,0.2,3813,45,-45,45,-45,45,-45,Angle-Ply,367.18,0.005245,0.78681,1.549,No Fail
743,64.0,0.2,3609,45,-45,45,-45,45,-45,Angle-Ply,320.689,0.004581,0.68719,1.416,No Fail
744,64.1,0.2,3914,45,-45,45,-45,45,-45,Angle-Ply,340.711,0.004867,0.73009,1.473,No Fail
745,64.2,0.2,1648,45,-45,45,-45,45,-45,Angle-Ply,104.043,0.001486,0.22295,0.797,FAIL
746,64.3,0.2,2734,45,-45,45,-45,45,-45,Angle-Ply,165.303,0.002361,0.35422,0.972,FAIL
747,64.4,0.2,2461,45,-45,45,-45,45,-45,Angle-Ply,121.982,0.001743,0.26139,0.849,FAIL
748,64.5,0.2,4818,45,-45,45,-45,45,-45,Angle-Ply,378.465,0.005407,0.811,1.581,No Fail
749,64.6,0.2,3731,45,-45,45,-45,45,-45,Angle-Ply,358.875,0.005127,0.76902,1.525,No Fail
750,64.7,0.2,4304,45,-45,45,-45,45,-45,Angle-Ply,389.577,0.005565,0.83481,1.613,No Fail
751,64.8,0.2,4835,45,-45,45,-45,45,-45,Angle-Ply,412.778,0.005897,0.88452,1.679,No Fail
752,64.9,0.2,3627,45,-45,45,-45,45,-45,Angle-Ply,340.242,0.004861,0.72909,1.472,No Fail
753,65.0,0.2,1622,45,-45,45,-45,45,-45,Angle-Ply,60.0,0.000857,0.12857,0.671,FAIL
754,40.0,0.2,4225,45,-45,45,-45,45,-45,Angle-Ply,413.018,0.0059,0.88504,1.68,No Fail
755,40.1,0.2,2840,45,-45,45,-45,45,-45,Angle-Ply,231.155,0.003302,0.49533,1.16,No Fail
756,40.2,0.2,3618,45,-45,45,-45,45,-45,Angle-Ply,293.463,0.004192,0.62885,1.338,No Fail
757,40.3,0.2,4821,45,-45,45,-45,45,-45,Angle-Ply,411.317,0.005876,0.88139,1.675,No Fail
758,40.4,0.2,4171,45,-45,45,-45,45,-45,Angle-Ply,374.268,0.005347,0.802,1.569,No Fail
759,40.5,0.2,3353,45,-45,45,-45,45,-45,Angle-Ply,264.152,0.003774,0.56604,1.255,No Fail
760,40.6,0.2,3773,45,-45,45,-45,45,-45,Angle-Ply,328.546,0.004694,0.70403,1.439,No Fail
761,40.7,0.2,1897,45,-45,45,-45,45,-45,Angle-Ply,141.926,0.002028,0.30413,0.906,FAIL
762,40.8,0.2,3247,45,-45,45,-45,45,-45,Angle-Ply,235.186,0.00336,0.50397,1.172,No Fail
763,40.9,0.2,3466,45,-45,45,-45,45,-45,Angle-Ply,296.518,0.004236,0.63539,1.347,No Fail
764,41.0,0.2,2411,45,-45,45,-45,45,-45,Angle-Ply,196.118,0.002802,0.42025,1.06,No Fail
765,41.1,0.2,4987,45,-45,45,-45,45,-45,Angle-Ply,454.429,0.006492,0.97378,1.798,No Fail
766,41.2,0.2,4708,45,-45,45,-45,45,-45,Angle-Ply,441.587,0.006308,0.94626,1.762,No Fail
767,41.3,0.2,1929,45,-45,45,-45,45,-45,Angle-Ply,119.307,0.001704,0.25566,0.841,FAIL
768,41.4,0.2,3082,45,-45,45,-45,45,-45,Angle-Ply,204.767,0.002925,0.43879,1.085,No Fail
769,41.5,0.2,3058,45,-45,45,-45,45,-45,Angle-Ply,197.195,0.002817,0.42256,1.063,No Fail
770,41.6,0.2,3887,45,-45,45,-45,45,-45,Angle-Ply,374.288,0.005347,0.80205,1.569,No Fail
771,41.7,0.2,2619,45,-45,45,-45,45,-45,Angle-Ply,155.488,0.002221,0.33319,0.944,FAIL
772,41.8,0.2,1727,45,-45,45,-45,45,-45,Angle-Ply,113.025,0.001615,0.2422,0.823,FAIL
773,41.9,0.2,4620,45,-45,45,-45,45,-45,Angle-Ply,404.369,0.005777,0.8665,1.655,No Fail
774,42.0,0.2,3991,45,-45,45,-45,45,-45,Angle-Ply,303.117,0.00433,0.64954,1.366,No Fail
775,42.1,0.2,3732,45,-45,45,-45,45,-45,Angle-Ply,266.9,0.003813,0.57193,1.263,No Fail
776,42.2,0.2,3281,45,-45,45,-45,45,-45,Angle-Ply,232.59,0.003323,0.49841,1.165,No Fail
777,42.3,0.2,2203,45,-45,45,-45,45,-45,Angle-Ply,188.863,0.002698,0.40471,1.04,No Fail
778,42.4,0.2,4266,45,-45,45,-45,45,-45,Angle-Ply,409.762,0.005854,0.87806,1.671,No Fail
779,42.5,0.2,3439,45,-45,45,-45,45,-45,Angle-Ply,332.581,0.004751,0.71267,1.45,No Fail
780,42.6,0.2,4313,45,-45,45,-45,45,-45,Angle-Ply,389.942,0.005571,0.83559,1.614,No Fail
781,42.7,0.2,3642,45,-45,45,-45,45,-45,Angle-Ply,297.739,0.004253,0.63801,1.351,No Fail
782,42.8,0.2,2583,45,-45,45,-45,45,-45,Angle-Ply,233.601,0.003337,0.50057,1.167,No Fail
783,42.9,0.2,4016,45,-45,45,-45,45,-45,Angle-Ply,289.776,0.00414,0.62095,1.328,No Fail
784,43.0,0.2,4192,45,-45,45,-45,45,-45,Angle-Ply,359.969,0.005142,0.77136,1.528,No Fail
785,43.1,0.2,1758,45,-45,45,-45,45,-45,Angle-Ply,64.957,0.000928,0.13919,0.686,FAIL
786,43.2,0.2,3748,45,-45,45,-45,45,-45,Angle-Ply,263.787,0.003768,0.56526,1.254,No Fail
787,43.3,0.2,3880,45,-45,45,-45,45,-45,Angle-Ply,334.484,0.004778,0.71675,1.456,No Fail
788,43.4,0.2,4573,45,-45,45,-45,45,-45,Angle-Ply,420.661,0.006009,0.90142,1.702,No Fail
789,43.5,0.2,3739,45,-45,45,-45,45,-45,Angle-Ply,283.574,0.004051,0.60766,1.31,No Fail
790,43.6,0.2,4882,45,-45,45,-45,45,-45,Angle-Ply,471.596,0.006737,1.01056,1.847,No Fail
791,43.7,0.2,4687,45,-45,45,-45,45,-45,Angle-Ply,423.526,0.00605,0.90756,1.71,No Fail
792,43.8,0.2,1935,45,-45,45,-45,45,-45,Angle-Ply,166.948,0.002385,0.35775,0.977,FAIL
793,43.9,0.2,2076,45,-45,45,-45,45,-45,Angle-Ply,171.715,0.002453,0.36796,0.991,FAIL
794,44.0,0.2,3983,45,-45,45,-45,45,-45,Angle-Ply,359.28,0.005133,0.76989,1.527,No Fail
795,44.1,0.2,4793,45,-45,45,-45,45,-45,Angle-Ply,444.291,0.006347,0.95205,1.769,No Fail
796,44.2,0.2,4461,45,-45,45,-45,45,-45,Angle-Ply,349.111,0.004987,0.74809,1.497,No Fail
797,44.3,0.2,3723,45,-45,45,-45,45,-45,Angle-Ply,338.986,0.004843,0.7264,1.469,No Fail
798,44.4,0.2,1938,45,-45,45,-45,45,-45,Angle-Ply,113.823,0.001626,0.24391,0.825,FAIL
799,44.5,0.2,3367,45,-45,45,-45,45,-45,Angle-Ply,294.95,0.004214,0.63203,1.343,No Fail
800,44.6,0.2,2090,45,-45,45,-45,45,-45,Angle-Ply,135.466,0.001935,0.29029,0.887,FAIL
801,44.7,0.2,2040,45,-45,45,-45,45,-45,Angle-Ply,82.592,0.00118,0.17698,0.736,FAIL
802,44.8,0.2,4022,45,-45,45,-45,45,-45,Angle-Ply,327.256,0.004675,0.70126,1.435,No Fail
803,44.9,0.2,4449,45,-45,45,-45,45,-45,Angle-Ply,379.121,0.005416,0.8124,1.583,No Fail
804,45.0,0.2,4388,45,-45,45,-45,45,-45,Angle-Ply,377.069,0.005387,0.808,1.577,No Fail
805,45.1,0.2,1659,45,-45,45,-45,45,-45,Angle-Ply,140.12,0.002002,0.30026,0.9,FAIL
806,45.2,0.2,3519,45,-45,45,-45,45,-45,Angle-Ply,274.743,0.003925,0.58873,1.285,No Fail
807,45.3,0.2,4184,45,-45,45,-45,45,-45,Angle-Ply,345.588,0.004937,0.74055,1.487,No Fail
808,45.4,0.2,3736,45,-45,45,-45,45,-45,Angle-Ply,322.547,0.004608,0.69117,1.422,No Fail
809,45.5,0.2,3695,45,-45,45,-45,45,-45,Angle-Ply,309.28,0.004418,0.66274,1.384,No Fail
810,45.6,0.2,4848,45,-45,45,-45,45,-45,Angle-Ply,456.329,0.006519,0.97785,1.804,No Fail
811,45.7,0.2,4316,45,-45,45,-45,45,-45,Angle-Ply,378.014,0.0054,0.81003,1.58,No Fail
812,45.8,0.2,2541,45,-45,45,-45,45,-45,Angle-Ply,164.451,0.002349,0.35239,0.97,FAIL
813,45.9,0.2,1710,45,-45,45,-45,45,-45,Angle-Ply,140.766,0.002011,0.30164,0.902,FAIL
814,46.0,0.2,3195,45,-45,45,-45,45,-45,Angle-Ply,261.57,0.003737,0.56051,1.247,No Fail
815,46.1,0.2,3623,45,-45,45,-45,45,-45,Angle-Ply,333.283,0.004761,0.71418,1.452,No Fail
816,46.2,0.2,4014,45,-45,45,-45,45,-45,Angle-Ply,363.782,0.005197,0.77953,1.539,No Fail
817,46.3,0.2,4513,45,-45,45,-45,45,-45,Angle-Ply,372.08,0.005315,0.79731,1.563,No Fail
818,46.4,0.2,1958,45,-45,45,-45,45,-45,Angle-Ply,70.089,0.001001,0.15019,0.7,FAIL
819,46.5,0.2,3466,45,-45,45,-45,45,-45,Angle-Ply,298.286,0.004261,0.63918,1.352,No Fail
820,46.6,0.2,3133,45,-45,45,-45,45,-45,Angle-Ply,267.862,0.003827,0.57399,1.265,No Fail
821,46.7,0.2,2368,45,-45,45,-45,45,-45,Angle-Ply,190.826,0.002726,0.40891,1.045,No Fail
822,46.8,0.2,2516,45,-45,45,-45,45,-45,Angle-Ply,225.244,0.003218,0.48267,1.144,No Fail
823,46.9,0.2,3654,45,-45,45,-45,45,-45,Angle-Ply,317.124,0.00453,0.67955,1.406,No Fail
824,47.0,0.2,4529,45,-45,45,-45,45,-45,Angle-Ply,426.273,0.00609,0.91344,1.718,No Fail
825,47.1,0.2,2646,45,-45,45,-45,45,-45,Angle-Ply,232.523,0.003322,0.49826,1.164,No Fail
826,47.2,0.2,2595,45,-45,45,-45,45,-45,Angle-Ply,181.816,0.002597,0.38961,1.019,No Fail
827,47.3,0.2,3244,45,-45,45,-45,45,-45,Angle-Ply,231.927,0.003313,0.49699,1.163,No Fail
828,47.4,0.2,3246,45,-45,45,-45,45,-45,Angle-Ply,258.941,0.003699,0.55487,1.24,No Fail
829,47.5,0.2,1581,45,-45,45,-45,45,-45,Angle-Ply,101.438,0.001449,0.21737,0.79,FAIL
830,47.6,0.2,3269,45,-45,45,-45,45,-45,Angle-Ply,214.973,0.003071,0.46066,1.114,No Fail
831,47.7,0.2,2253,45,-45,45,-45,45,-45,Angle-Ply,102.922,0.00147,0.22055,0.794,FAIL
832,47.8,0.2,1677,45,-45,45,-45,45,-45,Angle-Ply,106.992,0.001528,0.22927,0.806,FAIL
833,47.9,0.2,4588,45,-45,45,-45,45,-45,Angle-Ply,406.076,0.005801,0.87016,1.66,No Fail
834,48.0,0.2,3147,45,-45,45,-45,45,-45,Angle-Ply,233.222,0.003332,0.49976,1.166,No Fail
835,48.1,0.2,4465,45,-45,45,-45,45,-45,Angle-Ply,388.269,0.005547,0.832,1.609,No Fail
836,48.2,0.2,4589,45,-45,45,-45,45,-45,Angle-Ply,413.028,0.0059,0.88506,1.68,No Fail
837,48.3,0.2,4173,45,-45,45,-45,45,-45,Angle-Ply,336.167,0.004802,0.72036,1.46,No Fail
838,48.4,0.2,2902,45,-45,45,-45,45,-45,Angle-Ply,237.899,0.003399,0.50978,1.18,No Fail
839,48.5,0.2,2181,45,-45,45,-45,45,-45,Angle-Ply,137.989,0.001971,0.29569,0.894,FAIL
840,48.6,0.2,1757,45,-45,45,-45,45,-45,Angle-Ply,94.047,0.001344,0.20153,0.769,FAIL
841,48.7,0.2,4175,45,-45,45,-45,45,-45,Angle-Ply,360.485,0.00515,0.77247,1.53,No Fail
842,48.8,0.2,4962,45,-45,45,-45,45,-45,Angle-Ply,469.666,0.00671,1.00643,1.842,No Fail
843,48.9,0.2,1916,45,-45,45,-45,45,-45,Angle-Ply,97.428,0.001392,0.20877,0.778,FAIL
844,49.0,0.2,2879,45,-45,45,-45,45,-45,Angle-Ply,169.587,0.002423,0.3634,0.985,FAIL
845,49.1,0.2,2687,45,-45,45,-45,45,-45,Angle-Ply,168.325,0.002405,0.3607,0.981,FAIL
846,49.2,0.2,4142,45,-45,45,-45,45,-45,Angle-Ply,309.97,0.004428,0.66422,1.386,No Fail
847,49.3,0.2,3282,45,-45,45,-45,45,-45,Angle-Ply,296.95,0.004242,0.63632,1.348,No Fail
848,49.4,0.2,1659,45,-45,45,-45,45,-45,Angle-Ply,89.116,0.001273,0.19096,0.755,FAIL
849,49.5,0.2,2666,45,-45,45,-45,45,-45,Angle-Ply,237.089,0.003387,0.50805,1.177,No Fail
850,49.6,0.2,3099,45,-45,45,-45,45,-45,Angle-Ply,247.577,0.003537,0.53052,1.207,No Fail
851,49.7,0.2,3304,45,-45,45,-45,45,-45,Angle-Ply,255.385,0.003648,0.54725,1.23,No Fail
852,49.8,0.2,3646,45,-45,45,-45,45,-45,Angle-Ply,322.319,0.004605,0.69068,1.421,No Fail
853,49.9,0.2,4967,45,-45,45,-45,45,-45,Angle-Ply,482.903,0.006899,1.03479,1.88,No Fail
854,50.0,0.2,2547,45,-45,45,-45,45,-45,Angle-Ply,159.264,0.002275,0.34128,0.955,FAIL
855,50.1,0.2,4399,45,-45,45,-45,45,-45,Angle-Ply,402.765,0.005754,0.86307,1.651,No Fail
856,50.2,0.2,3981,45,-45,45,-45,45,-45,Angle-Ply,336.411,0.004806,0.72088,1.461,No Fail
857,50.3,0.2,4355,45,-45,45,-45,45,-45,Angle-Ply,401.976,0.005743,0.86138,1.649,No Fail
858,50.4,0.2,3858,45,-45,45,-45,45,-45,Angle-Ply,340.916,0.00487,0.73053,1.474,No Fail
859,50.5,0.2,3543,45,-45,45,-45,45,-45,Angle-Ply,240.81,0.00344,0.51602,1.188,No Fail
860,50.6,0.2,4039,45,-45,45,-45,45,-45,Angle-Ply,314.123,0.004487,0.67312,1.397,No Fail
861,50.7,0.2,1593,45,-45,45,-45,45,-45,Angle-Ply,61.764,0.000882,0.13235,0.676,FAIL
862,50.8,0.2,4885,45,-45,45,-45,45,-45,Angle-Ply,440.297,0.00629,0.94349,1.758,No Fail
863,50.9,0.2,4217,45,-45,45,-45,45,-45,Angle-Ply,334.836,0.004783,0.7175,1.457,No Fail
864,51.0,0.2,4025,45,-45,45,-45,45,-45,Angle-Ply,336.305,0.004804,0.72065,1.461,No Fail
865,51.1,0.2,2097,45,-45,45,-45,45,-45,Angle-Ply,127.433,0.00182,0.27307,0.864,FAIL
866,51.2,0.2,3669,45,-45,45,-45,45,-45,Angle-Ply,292.325,0.004176,0.62641,1.335,No Fail
867,51.3,0.2,2017,45,-45,45,-45,45,-45,Angle-Ply,91.013,0.0013,0.19503,0.76,FAIL
868,51.4,0.2,1610,45,-45,45,-45,45,-45,Angle-Ply,64.415,0.00092,0.13803,0.684,FAIL
869,51.5,0.2,1885,45,-45,45,-45,45,-45,Angle-Ply,65.134,0.00093,0.13957,0.686,FAIL
870,51.6,0.2,2598,45,-45,45,-45,45,-45,Angle-Ply,242.531,0.003465,0.51971,1.193,No Fail
871,51.7,0.2,3917,45,-45,45,-45,45,-45,Angle-Ply,370.655,0.005295,0.79426,1.559,No Fail
872,51.8,0.2,4212,45,-45,45,-45,45,-45,Angle-Ply,374.619,0.005352,0.80275,1.57,No Fail
873,51.9,0.2,4555,45,-45,45,-45,45,-45,Angle-Ply,356.509,0.005093,0.76395,1.519,No Fail
874,52.0,0.2,1718,45,-45,45,-45,45,-45,Angle-Ply,70.072,0.001001,0.15015,0.7,FAIL
875,52.1,0.2,2226,45,-45,45,-45,45,-45,Angle-Ply,189.462,0.002707,0.40599,1.041,No Fail
876,52.2,0.2,3818,45,-45,45,-45,45,-45,Angle-Ply,341.216,0.004875,0.73118,1.475,No Fail
877,52.3,0.2,2598,45,-45,45,-45,45,-45,Angle-Ply,187.847,0.002684,0.40253,1.037,No Fail
878,52.4,0.2,4692,45,-45,45,-45,45,-45,Angle-Ply,452.079,0.006458,0.96874,1.792,No Fail
879,52.5,0.2,2740,45,-45,45,-45,45,-45,Angle-Ply,222.949,0.003185,0.47775,1.137,No Fail
880,52.6,0.2,4023,45,-45,45,-45,45,-45,Angle-Ply,315.135,0.004502,0.67529,1.4,No Fail
881,52.7,0.2,3927,45,-45,45,-45,45,-45,Angle-Ply,318.595,0.004551,0.6827,1.41,No Fail
882,52.8,0.2,2173,45,-45,45,-45,45,-45,Angle-Ply,132.788,0.001897,0.28454,0.879,FAIL
883,52.9,0.2,3453,45,-45,45,-45,45,-45,Angle-Ply,310.333,0.004433,0.665,1.387,No Fail
884,53.0,0.2,4905,45,-45,45,-45,45,-45,Angle-Ply,469.475,0.006707,1.00602,1.841,No Fail
885,53.1,0.2,2512,45,-45,45,-45,45,-45,Angle-Ply,203.101,0.002901,0.43522,1.08,No Fail
886,53.2,0.2,3967,45,-45,45,-45,45,-45,Angle-Ply,370.1,0.005287,0.79307,1.557,No Fail
887,53.3,0.2,2721,45,-45,45,-45,45,-45,Angle-Ply,223.607,0.003194,0.47916,1.139,No Fail
888,53.4,0.2,4284,45,-45,45,-45,45,-45,Angle-Ply,325.824,0.004655,0.69819,1.431,No Fail
889,53.5,0.2,1927,45,-45,45,-45,45,-45,Angle-Ply,142.535,0.002036,0.30543,0.907,FAIL
890,53.6,0.2,2829,45,-45,45,-45,45,-45,Angle-Ply,196.449,0.002806,0.42096,1.061,No Fail
891,53.7,0.2,4364,45,-45,45,-45,45,-45,Angle-Ply,329.489,0.004707,0.70605,1.441,No Fail
892,53.8,0.2,4316,45,-45,45,-45,45,-45,Angle-Ply,327.047,0.004672,0.70082,1.434,No Fail
893,53.9,0.2,2507,45,-45,45,-45,45,-45,Angle-Ply,203.355,0.002905,0.43576,1.081,No Fail
894,54.0,0.2,2712,45,-45,45,-45,45,-45,Angle-Ply,179.798,0.002569,0.38528,1.014,No Fail
895,54.1,0.2,2398,45,-45,45,-45,45,-45,Angle-Ply,175.159,0.002502,0.37534,1.0,No Fail
896,54.2,0.2,2207,45,-45,45,-45,45,-45,Angle-Ply,150.641,0.002152,0.3228,0.93,FAIL
897,54.3,0.2,4766,45,-45,45,-45,45,-45,Angle-Ply,420.517,0.006007,0.90111,1.701,No Fail
898,54.4,0.2,1980,45,-45,45,-45,45,-45,Angle-Ply,102.703,0.001467,0.22008,0.793,FAIL
899,54.5,0.2,3554,45,-45,45,-45,45,-45,Angle-Ply,281.329,0.004019,0.60285,1.304,No Fail
900,54.6,0.2,3844,45,-45,45,-45,45,-45,Angle-Ply,353.012,0.005043,0.75645,1.509,No Fail
901,54.7,0.2,3733,45,-45,45,-45,45,-45,Angle-Ply,309.791,0.004426,0.66384,1.385,No Fail
902,54.8,0.2,2947,45,-45,45,-45,45,-45,Angle-Ply,276.559,0.003951,0.59263,1.29,No Fail
903,54.9,0.2,1852,45,-45,45,-45,45,-45,Angle-Ply,86.531,0.001236,0.18542,0.747,FAIL
904,55.0,0.2,1518,45,-45,45,-45,45,-45,Angle-Ply,60.0,0.000857,0.12857,0.671,FAIL
905,55.1,0.2,4752,45,-45,45,-45,45,-45,Angle-Ply,417.762,0.005968,0.8952,1.694,No Fail
906,55.2,0.2,4773,45,-45,45,-45,45,-45,Angle-Ply,435.496,0.006221,0.93321,1.744,No Fail
907,55.3,0.2,3171,45,-45,45,-45,45,-45,Angle-Ply,211.608,0.003023,0.45345,1.105,No Fail
908,55.4,0.2,4874,45,-45,45,-45,45,-45,Angle-Ply,468.818,0.006697,1.00461,1.839,No Fail
909,55.5,0.2,3761,45,-45,45,-45,45,-45,Angle-Ply,335.463,0.004792,0.71885,1.458,No Fail
910,55.6,0.2,1813,45,-45,45,-45,45,-45,Angle-Ply,61.759,0.000882,0.13234,0.676,FAIL
911,55.7,0.2,3373,45,-45,45,-45,45,-45,Angle-Ply,266.281,0.003804,0.5706,1.261,No Fail
912,55.8,0.2,4778,45,-45,45,-45,45,-45,Angle-Ply,401.964,0.005742,0.86135,1.648,No Fail
913,55.9,0.2,2113,45,-45,45,-45,45,-45,Angle-Ply,93.546,0.001336,0.20046,0.767,FAIL
914,56.0,0.2,2115,45,-45,45,-45,45,-45,Angle-Ply,97.166,0.001388,0.20821,0.778,FAIL
915,56.1,0.2,4990,45,-45,45,-45,45,-45,Angle-Ply,403.61,0.005766,0.86488,1.653,No Fail
916,56.2,0.2,3234,45,-45,45,-45,45,-45,Angle-Ply,270.38,0.003863,0.57939,1.273,No Fail
917,56.3,0.2,4867,45,-45,45,-45,45,-45,Angle-Ply,388.532,0.00555,0.83257,1.61,No Fail
918,56.4,0.2,4569,45,-45,45,-45,45,-45,Angle-Ply,357.397,0.005106,0.76585,1.521,No Fail
919,56.5,0.2,3488,45,-45,45,-45,45,-45,Angle-Ply,339.689,0.004853,0.7279,1.471,No Fail
920,56.6,0.2,4940,45,-45,45,-45,45,-45,Angle-Ply,485.983,0.006943,1.04139,1.889,No Fail
921,56.7,0.2,4962,45,-45,45,-45,45,-45,Angle-Ply,469.147,0.006702,1.00531,1.84,No Fail
922,56.8,0.2,3229,45,-45,45,-45,45,-45,Angle-Ply,254.022,0.003629,0.54433,1.226,No Fail
923,56.9,0.2,4479,45,-45,45,-45,45,-45,Angle-Ply,346.336,0.004948,0.74215,1.49,No Fail
924,57.0,0.2,2175,45,-45,45,-45,45,-45,Angle-Ply,148.336,0.002119,0.31786,0.924,FAIL
925,57.1,0.2,2069,45,-45,45,-45,45,-45,Angle-Ply,175.257,0.002504,0.37555,1.001,No Fail
926,57.2,0.2,2400,45,-45,45,-45,45,-45,Angle-Ply,173.683,0.002481,0.37218,0.996,FAIL
927,57.3,0.2,4078,45,-45,45,-45,45,-45,Angle-Ply,384.332,0.00549,0.82357,1.598,No Fail
928,57.4,0.2,3487,45,-45,45,-45,45,-45,Angle-Ply,255.218,0.003646,0.5469,1.229,No Fail
929,57.5,0.2,2114,45,-45,45,-45,45,-45,Angle-Ply,110.551,0.001579,0.23689,0.816,FAIL
930,57.6,0.2,4640,45,-45,45,-45,45,-45,Angle-Ply,372.618,0.005323,0.79847,1.565,No Fail
931,57.7,0.2,3303,45,-45,45,-45,45,-45,Angle-Ply,231.461,0.003307,0.49599,1.161,No Fail
932,57.8,0.2,3842,45,-45,45,-45,45,-45,Angle-Ply,369.611,0.00528,0.79202,1.556,No Fail
933,57.9,0.2,1992,45,-45,45,-45,45,-45,Angle-Ply,159.195,0.002274,0.34113,0.955,FAIL
934,58.0,0.2,2368,45,-45,45,-45,45,-45,Angle-Ply,184.813,0.00264,0.39603,1.028,No Fail
935,58.1,0.2,2324,45,-45,45,-45,45,-45,Angle-Ply,186.862,0.002669,0.40042,1.034,No Fail
936,58.2,0.2,4839,45,-45,45,-45,45,-45,Angle-Ply,405.219,0.005789,0.86833,1.658,No Fail
937,58.3,0.2,4030,45,-45,45,-45,45,-45,Angle-Ply,366.639,0.005238,0.78566,1.548,No Fail
938,58.4,0.2,3788,45,-45,45,-45,45,-45,Angle-Ply,371.857,0.005312,0.79684,1.562,No Fail
939,58.5,0.2,1717,45,-45,45,-45,45,-45,Angle-Ply,74.664,0.001067,0.15999,0.713,FAIL
940,58.6,0.2,2574,45,-45,45,-45,45,-45,Angle-Ply,229.205,0.003274,0.49115,1.155,No Fail
941,58.7,0.2,3259,45,-45,45,-45,45,-45,Angle-Ply,272.168,0.003888,0.58322,1.278,No Fail
942,58.8,0.2,3962,45,-45,45,-45,45,-45,Angle-Ply,295.272,0.004218,0.63273,1.344,No Fail
943,58.9,0.2,1911,45,-45,45,-45,45,-45,Angle-Ply,136.798,0.001954,0.29314,0.891,FAIL
944,59.0,0.2,2533,45,-45,45,-45,45,-45,Angle-Ply,138.582,0.00198,0.29696,0.896,FAIL
945,59.1,0.2,2267,45,-45,45,-45,45,-45,Angle-Ply,142.451,0.002035,0.30525,0.907,FAIL
946,59.2,0.2,2036,45,-45,45,-45,45,-45,Angle-Ply,169.479,0.002421,0.36317,0.984,FAIL
947,59.3,0.2,3620,45,-45,45,-45,45,-45,Angle-Ply,274.214,0.003917,0.5876,1.283,No Fail
948,59.4,0.2,3422,45,-45,45,-45,45,-45,Angle-Ply,288.699,0.004124,0.61864,1.325,No Fail
949,59.5,0.2,3381,45,-45,45,-45,45,-45,Angle-Ply,278.332,0.003976,0.59643,1.295,No Fail
950,59.6,0.2,2264,45,-45,45,-45,45,-45,Angle-Ply,136.837,0.001955,0.29322,0.891,FAIL
951,59.7,0.2,4142,45,-45,45,-45,45,-45,Angle-Ply,384.565,0.005494,0.82407,1.599,No Fail
952,59.8,0.2,1787,45,-45,45,-45,45,-45,Angle-Ply,62.648,0.000895,0.13425,0.679,FAIL
953,59.9,0.2,3963,45,-45,45,-45,45,-45,Angle-Ply,343.775,0.004911,0.73666,1.482,No Fail
954,60.0,0.2,3475,45,-45,45,-45,45,-45,Angle-Ply,330.821,0.004726,0.7089,1.445,No Fail
955,60.1,0.2,3417,45,-45,45,-45,45,-45,Angle-Ply,326.342,0.004662,0.6993,1.432,No Fail
956,60.2,0.2,3504,45,-45,45,-45,45,-45,Angle-Ply,287.889,0.004113,0.6169,1.323,No Fail
957,60.3,0.2,2648,45,-45,45,-45,45,-45,Angle-Ply,233.844,0.003341,0.5011,1.168,No Fail
958,60.4,0.2,1907,45,-45,45,-45,45,-45,Angle-Ply,113.742,0.001625,0.24373,0.825,FAIL
959,60.5,0.2,3541,45,-45,45,-45,45,-45,Angle-Ply,324.246,0.004632,0.69481,1.426,No Fail
960,60.6,0.2,3286,45,-45,45,-45,45,-45,Angle-Ply,309.1,0.004416,0.66236,1.383,No Fail
961,60.7,0.2,3087,45,-45,45,-45,45,-45,Angle-Ply,210.059,0.003001,0.45013,1.1,No Fail
962,60.8,0.2,3099,45,-45,45,-45,45,-45,Angle-Ply,243.239,0.003475,0.52123,1.195,No Fail
963,60.9,0.2,3118,45,-45,45,-45,45,-45,Angle-Ply,294.543,0.004208,0.63116,1.342,No Fail
964,61.0,0.2,4031,45,-45,45,-45,45,-45,Angle-Ply,312.253,0.004461,0.66911,1.392,No Fail
965,61.1,0.2,4358,45,-45,45,-45,45,-45,Angle-Ply,391.857,0.005598,0.83969,1.62,No Fail
966,61.2,0.2,3524,45,-45,45,-45,45,-45,Angle-Ply,264.055,0.003772,0.56583,1.254,No Fail
967,61.3,0.2,2706,45,-45,45,-45,45,-45,Angle-Ply,251.341,0.003591,0.53859,1.218,No Fail
968,61.4,0.2,4979,45,-45,45,-45,45,-45,Angle-Ply,494.893,0.00707,1.06048,1.914,No Fail
969,61.5,0.2,1742,45,-45,45,-45,45,-45,Angle-Ply,60.0,0.000857,0.12857,0.671,FAIL
970,61.6,0.2,1611,45,-45,45,-45,45,-45,Angle-Ply,60.0,0.000857,0.12857,0.671,FAIL
971,61.7,0.2,4191,45,-45,45,-45,45,-45,Angle-Ply,372.514,0.005322,0.79824,1.564,No Fail
972,61.8,0.2,4924,45,-45,45,-45,45,-45,Angle-Ply,413.101,0.005901,0.88522,1.68,No Fail
973,61.9,0.2,2971,45,-45,45,-45,45,-45,Angle-Ply,215.142,0.003073,0.46102,1.115,No Fail
974,62.0,0.2,2839,45,-45,45,-45,45,-45,Angle-Ply,163.349,0.002334,0.35003,0.967,FAIL
975,62.1,0.2,4674,45,-45,45,-45,45,-45,Angle-Ply,374.839,0.005355,0.80323,1.571,No Fail
976,62.2,0.2,3890,45,-45,45,-45,45,-45,Angle-Ply,343.502,0.004907,0.73608,1.481,No Fail
977,62.3,0.2,3388,45,-45,45,-45,45,-45,Angle-Ply,258.382,0.003691,0.55368,1.238,No Fail
978,62.4,0.2,2717,45,-45,45,-45,45,-45,Angle-Ply,186.875,0.00267,0.40045,1.034,No Fail
979,62.5,0.2,3380,45,-45,45,-45,45,-45,Angle-Ply,309.809,0.004426,0.66388,1.385,No Fail
980,62.6,0.2,4048,45,-45,45,-45,45,-45,Angle-Ply,344.015,0.004915,0.73718,1.483,No Fail
981,62.7,0.2,1512,45,-45,45,-45,45,-45,Angle-Ply,103.262,0.001475,0.22128,0.795,FAIL
982,62.8,0.2,2544,45,-45,45,-45,45,-45,Angle-Ply,236.326,0.003376,0.50641,1.175,No Fail
983,62.9,0.2,3406,45,-45,45,-45,45,-45,Angle-Ply,259.062,0.003701,0.55513,1.24,No Fail
984,63.0,0.2,4382,45,-45,45,-45,45,-45,Angle-Ply,379.781,0.005425,0.81382,1.585,No Fail
985,63.1,0.2,2712,45,-45,45,-45,45,-45,Angle-Ply,230.117,0.003287,0.49311,1.157,No Fail
986,63.2,0.2,4781,45,-45,45,-45,45,-45,Angle-Ply,450.571,0.006437,0.96551,1.787,No Fail
987,63.3,0.2,1895,45,-45,45,-45,45,-45,Angle-Ply,90.353,0.001291,0.19361,0.758,FAIL
988,63.4,0.2,2967,45,-45,45,-45,45,-45,Angle-Ply,197.049,0.002815,0.42225,1.063,No Fail
989,63.5,0.2,4593,45,-45,45,-45,45,-45,Angle-Ply,377.326,0.00539,0.80856,1.578,No Fail
990,63.6,0.2,2221,45,-45,45,-45,45,-45,Angle-Ply,202.209,0.002889,0.43331,1.078,No Fail
991,63.7,0.2,1618,45,-45,45,-45,45,-45,Angle-Ply,127.795,0.001826,0.27385,0.865,FAIL
992,63.8,0.2,3962,45,-45,45,-45,45,-45,Angle-Ply,327.281,0.004675,0.70132,1.435,No Fail
993,63.9,0.2,4092,45,-45,45,-45,45,-45,Angle-Ply,400.667,0.005724,0.85857,1.645,No Fail
994,64.0,0.2,2320,45,-45,45,-45,45,-45,Angle-Ply,171.136,0.002445,0.36672,0.989,FAIL
995,64.1,0.2,4523,45,-45,45,-45,45,-45,Angle-Ply,429.025,0.006129,0.91934,1.726,No Fail
996,64.2,0.2,3264,45,-45,45,-45,45,-45,Angle-Ply,310.377,0.004434,0.66509,1.387,No Fail
997,64.3,0.2,4355,45,-45,45,-45,45,-45,Angle-Ply,403.127,0.005759,0.86384,1.652,No Fail
998,64.4,0.2,2616,45,-45,45,-45,45,-45,Angle-Ply,167.542,0.002393,0.35902,0.979,FAIL
999,64.5,0.2,3854,45,-45,45,-45,45,-45,Angle-Ply,315.642,0.004509,0.67638,1.402,No Fail
1000,64.6,0.2,2556,45,-45,45,-45,45,-45,Angle-Ply,205.435,0.002935,0.44022,1.087,No Fail
1001,64.7,0.2,3811,0,45,-45,90,90,-45,Quasi-Isotropic,400.098,0.005716,0.85735,1.643,No Fail
1002,64.8,0.2,2552,0,45,-45,90,90,-45,Quasi-Isotropic,239.685,0.003424,0.51361,1.185,No Fail
1003,64.9,0.2,4820,0,45,-45,90,90,-45,Quasi-Isotropic,531.064,0.007587,1.13799,2.017,No Fail
1004,65.0,0.2,4691,0,45,-45,90,90,-45,Quasi-Isotropic,417.297,0.005961,0.89421,1.692,No Fail
1005,40.0,0.2,2995,0,45,-45,90,90,-45,Quasi-Isotropic,244.305,0.00349,0.52351,1.198,No Fail
1006,40.1,0.2,4903,0,45,-45,90,90,-45,Quasi-Isotropic,488.887,0.006984,1.04762,1.897,No Fail
1007,40.2,0.2,3850,0,45,-45,90,90,-45,Quasi-Isotropic,308.973,0.004414,0.66209,1.383,No Fail
1008,40.3,0.2,2616,0,45,-45,90,90,-45,Quasi-Isotropic,179.572,0.002565,0.3848,1.013,No Fail
1009,40.4,0.2,2022,0,45,-45,90,90,-45,Quasi-Isotropic,152.712,0.002182,0.32724,0.936,FAIL
1010,40.5,0.2,4140,0,45,-45,90,90,-45,Quasi-Isotropic,411.68,0.005881,0.88217,1.676,No Fail
1011,40.6,0.2,4473,0,45,-45,90,90,-45,Quasi-Isotropic,439.901,0.006284,0.94264,1.757,No Fail
1012,40.7,0.2,3977,0,45,-45,90,90,-45,Quasi-Isotropic,401.094,0.00573,0.85949,1.646,No Fail
1013,40.8,0.2,4702,0,45,-45,90,90,-45,Quasi-Isotropic,427.498,0.006107,0.91607,1.721,No Fail
1014,40.9,0.2,4887,0,45,-45,90,90,-45,Quasi-Isotropic,478.984,0.006843,1.02639,1.869,No Fail
1015,41.0,0.2,1969,0,45,-45,90,90,-45,Quasi-Isotropic,129.445,0.001849,0.27738,0.87,FAIL
1016,41.1,0.2,2212,0,45,-45,90,90,-45,Quasi-Isotropic,196.258,0.002804,0.42055,1.061,No Fail
1017,41.2,0.2,4728,0,45,-45,90,90,-45,Quasi-Isotropic,449.73,0.006425,0.96371,1.785,No Fail
1018,41.3,0.2,1824,0,45,-45,90,90,-45,Quasi-Isotropic,77.179,0.001103,0.16538,0.721,FAIL
1019,41.4,0.2,2167,0,45,-45,90,90,-45,Quasi-Isotropic,133.052,0.001901,0.28511,0.88,FAIL
1020,41.5,0.2,3858,0,45,-45,90,90,-45,Quasi-Isotropic,390.727,0.005582,0.83727,1.616,No Fail
1021,41.6,0.2,4558,0,45,-45,90,90,-45,Quasi-Isotropic,434.57,0.006208,0.93122,1.742,No Fail
1022,41.7,0.2,4166,0,45,-45,90,90,-45,Quasi-Isotropic,437.333,0.006248,0.93714,1.75,No Fail
1023,41.8,0.2,3456,0,45,-45,90,90,-45,Quasi-Isotropic,287.801,0.004111,0.61672,1.322,No Fail
1024,41.9,0.2,4543,0,45,-45,90,90,-45,Quasi-Isotropic,447.652,0.006395,0.95925,1.779,No Fail
1025,42.0,0.2,4850,0,45,-45,90,90,-45,Quasi-Isotropic,501.993,0.007171,1.0757,1.934,No Fail
1026,42.1,0.2,4780,0,45,-45,90,90,-45,Quasi-Isotropic,531.767,0.007597,1.1395,2.019,No Fail
1027,42.2,0.2,1911,0,45,-45,90,90,-45,Quasi-Isotropic,73.823,0.001055,0.15819,0.711,FAIL
1028,42.3,0.2,3176,0,45,-45,90,90,-45,Quasi-Isotropic,221.198,0.00316,0.474,1.132,No Fail
1029,42.4,0.2,3615,0,45,-45,90,90,-45,Quasi-Isotropic,364.737,0.005211,0.78158,1.542,No Fail
1030,42.5,0.2,4703,0,45,-45,90,90,-45,Quasi-Isotropic,499.812,0.00714,1.07102,1.928,No Fail
1031,42.6,0.2,4214,0,45,-45,90,90,-45,Quasi-Isotropic,399.466,0.005707,0.856,1.641,No Fail
1032,42.7,0.2,3368,0,45,-45,90,90,-45,Quasi-Isotropic,318.454,0.004549,0.6824,1.41,No Fail
1033,42.8,0.2,2415,0,45,-45,90,90,-45,Quasi-Isotropic,206.745,0.002953,0.44302,1.091,No Fail
1034,42.9,0.2,3240,0,45,-45,90,90,-45,Quasi-Isotropic,287.318,0.004105,0.61568,1.321,No Fail
1035,43.0,0.2,4935,0,45,-45,90,90,-45,Quasi-Isotropic,540.321,0.007719,1.15783,2.044,No Fail
1036,43.1,0.2,4439,0,45,-45,90,90,-45,Quasi-Isotropic,436.348,0.006234,0.93503,1.747,No Fail
1037,43.2,0.2,2797,0,45,-45,90,90,-45,Quasi-Isotropic,185.976,0.002657,0.39852,1.031,No Fail
1038,43.3,0.2,3469,0,45,-45,90,90,-45,Quasi-Isotropic,326.589,0.004666,0.69983,1.433,No Fail
1039,43.4,0.2,2011,0,45,-45,90,90,-45,Quasi-Isotropic,174.735,0.002496,0.37443,0.999,FAIL
1040,43.5,0.2,4772,0,45,-45,90,90,-45,Quasi-Isotropic,501.306,0.007162,1.07423,1.932,No Fail
1041,43.6,0.2,2962,0,45,-45,90,90,-45,Quasi-Isotropic,245.886,0.003513,0.5269,1.203,No Fail
1042,43.7,0.2,2655,0,45,-45,90,90,-45,Quasi-Isotropic,260.254,0.003718,0.55769,1.244,No Fail
1043,43.8,0.2,4417,0,45,-45,90,90,-45,Quasi-Isotropic,444.432,0.006349,0.95235,1.77,No Fail
1044,43.9,0.2,3791,0,45,-45,90,90,-45,Quasi-Isotropic,355.019,0.005072,0.76076,1.514,No Fail
1045,44.0,0.2,2401,0,45,-45,90,90,-45,Quasi-Isotropic,165.896,0.00237,0.35549,0.974,FAIL
1046,44.1,0.2,4883,0,45,-45,90,90,-45,Quasi-Isotropic,447.342,0.006391,0.95859,1.778,No Fail
1047,44.2,0.2,3217,0,45,-45,90,90,-45,Quasi-Isotropic,269.047,0.003844,0.57653,1.269,No Fail
1048,44.3,0.2,4282,0,45,-45,90,90,-45,Quasi-Isotropic,453.702,0.006481,0.97222,1.796,No Fail
1049,44.4,0.2,4021,0,45,-45,90,90,-45,Quasi-Isotropic,422.22,0.006032,0.90476,1.706,No Fail
1050,44.5,0.2,4709,0,45,-45,90,90,-45,Quasi-Isotropic,466.5,0.006664,0.99964,1.833,No Fail
1051,44.6,0.2,3746,0,45,-45,90,90,-45,Quasi-Isotropic,344.504,0.004921,0.73822,1.484,No Fail
1052,44.7,0.2,1618,0,45,-45,90,90,-45,Quasi-Isotropic,147.158,0.002102,0.31534,0.92,FAIL
1053,44.8,0.2,4808,0,45,-45,90,90,-45,Quasi-Isotropic,435.375,0.00622,0.93295,1.744,No Fail
1054,44.9,0.2,4175,0,45,-45,90,90,-45,Quasi-Isotropic,380.836,0.005441,0.81608,1.588,No Fail
1055,45.0,0.2,4449,0,45,-45,90,90,-45,Quasi-Isotropic,444.382,0.006348,0.95225,1.77,No Fail
1056,45.1,0.2,3975,0,45,-45,90,90,-45,Quasi-Isotropic,409.239,0.005846,0.87694,1.669,No Fail
1057,45.2,0.2,3270,0,45,-45,90,90,-45,Quasi-Isotropic,351.311,0.005019,0.75281,1.504,No Fail
1058,45.3,0.2,3662,0,45,-45,90,90,-45,Quasi-Isotropic,354.707,0.005067,0.76009,1.513,No Fail
1059,45.4,0.2,3658,0,45,-45,90,90,-45,Quasi-Isotropic,318.928,0.004556,0.68342,1.411,No Fail
1060,45.5,0.2,3207,0,45,-45,90,90,-45,Quasi-Isotropic,286.914,0.004099,0.61482,1.32,No Fail
1061,45.6,0.2,3431,0,45,-45,90,90,-45,Quasi-Isotropic,370.897,0.005299,0.79478,1.56,No Fail
1062,45.7,0.2,3353,0,45,-45,90,90,-45,Quasi-Isotropic,360.933,0.005156,0.77343,1.531,No Fail
1063,45.8,0.2,4921,0,45,-45,90,90,-45,Quasi-Isotropic,517.572,0.007394,1.10908,1.979,No Fail
1064,45.9,0.2,4346,0,45,-45,90,90,-45,Quasi-Isotropic,479.469,0.00685,1.02743,1.87,No Fail
1065,46.0,0.2,4322,0,45,-45,90,90,-45,Quasi-Isotropic,397.706,0.005682,0.85223,1.636,No Fail
1066,46.1,0.2,1875,0,45,-45,90,90,-45,Quasi-Isotropic,75.774,0.001082,0.16237,0.716,FAIL
1067,46.2,0.2,2021,0,45,-45,90,90,-45,Quasi-Isotropic,190.979,0.002728,0.40924,1.046,No Fail
1068,46.3,0.2,3343,0,45,-45,90,90,-45,Quasi-Isotropic,338.08,0.00483,0.72446,1.466,No Fail
1069,46.4,0.2,2436,0,45,-45,90,90,-45,Quasi-Isotropic,154.451,0.002206,0.33097,0.941,FAIL
1070,46.5,0.2,2806,0,45,-45,90,90,-45,Quasi-Isotropic,249.054,0.003558,0.53369,1.212,No Fail
1071,46.6,0.2,3478,0,45,-45,90,90,-45,Quasi-Isotropic,328.578,0.004694,0.70409,1.439,No Fail
1072,46.7,0.2,2291,0,45,-45,90,90,-45,Quasi-Isotropic,116.032,0.001658,0.24864,0.832,FAIL
1073,46.8,0.2,4468,0,45,-45,90,90,-45,Quasi-Isotropic,414.019,0.005915,0.88718,1.683,No Fail
1074,46.9,0.2,4504,0,45,-45,90,90,-45,Quasi-Isotropic,422.004,0.006029,0.90429,1.706,No Fail
1075,47.0,0.2,1827,0,45,-45,90,90,-45,Quasi-Isotropic,88.12,0.001259,0.18883,0.752,FAIL
1076,47.1,0.2,3434,0,45,-45,90,90,-45,Quasi-Isotropic,326.623,0.004666,0.69991,1.433,No Fail
1077,47.2,0.2,1533,0,45,-45,90,90,-45,Quasi-Isotropic,137.235,0.001961,0.29408,0.892,FAIL
1078,47.3,0.2,3250,0,45,-45,90,90,-45,Quasi-Isotropic,329.374,0.004705,0.7058,1.441,No Fail
1079,47.4,0.2,4245,0,45,-45,90,90,-45,Quasi-Isotropic,417.369,0.005962,0.89436,1.692,No Fail
1080,47.5,0.2,4503,0,45,-45,90,90,-45,Quasi-Isotropic,432.441,0.006178,0.92666,1.736,No Fail
1081,47.6,0.2,3349,0,45,-45,90,90,-45,Quasi-Isotropic,350.383,0.005005,0.75082,1.501,No Fail
1082,47.7,0.2,2240,0,45,-45,90,90,-45,Quasi-Isotropic,223.689,0.003196,0.47933,1.139,No Fail
1083,47.8,0.2,4606,0,45,-45,90,90,-45,Quasi-Isotropic,408.599,0.005837,0.87557,1.667,No Fail
1084,47.9,0.2,1663,0,45,-45,90,90,-45,Quasi-Isotropic,102.496,0.001464,0.21963,0.793,FAIL
1085,48.0,0.2,4740,0,45,-45,90,90,-45,Quasi-Isotropic,519.824,0.007426,1.11391,1.985,No Fail
1086,48.1,0.2,3472,0,45,-45,90,90,-45,Quasi-Isotropic,268.757,0.003839,0.57591,1.268,No Fail
1087,48.2,0.2,4751,0,45,-45,90,90,-45,Quasi-Isotropic,526.134,0.007516,1.12743,2.003,No Fail
1088,48.3,0.2,4865,0,45,-45,90,90,-45,Quasi-Isotropic,506.079,0.00723,1.08445,1.946,No Fail
1089,48.4,0.2,4133,0,45,-45,90,90,-45,Quasi-Isotropic,385.503,0.005507,0.82608,1.601,No Fail
1090,48.5,0.2,2894,0,45,-45,90,90,-45,Quasi-Isotropic,221.759,0.003168,0.4752,1.134,No Fail
1091,48.6,0.2,2069,0,45,-45,90,90,-45,Quasi-Isotropic,198.997,0.002843,0.42642,1.069,No Fail
1092,48.7,0.2,4421,0,45,-45,90,90,-45,Quasi-Isotropic,461.697,0.006596,0.98935,1.819,No Fail
1093,48.8,0.2,4638,0,45,-45,90,90,-45,Quasi-Isotropic,469.842,0.006712,1.0068,1.842,No Fail
1094,48.9,0.2,4145,0,45,-45,90,90,-45,Quasi-Isotropic,417.548,0.005965,0.89475,1.693,No Fail
1095,49.0,0.2,4960,0,45,-45,90,90,-45,Quasi-Isotropic,538.367,0.007691,1.15364,2.038,No Fail
1096,49.1,0.2,3253,0,45,-45,90,90,-45,Quasi-Isotropic,263.433,0.003763,0.5645,1.253,No Fail
1097,49.2,0.2,1688,0,45,-45,90,90,-45,Quasi-Isotropic,60.0,0.000857,0.12857,0.671,FAIL
1098,49.3,0.2,4435,0,45,-45,90,90,-45,Quasi-Isotropic,439.793,0.006283,0.94241,1.757,No Fail
1099,49.4,0.2,4192,0,45,-45,90,90,-45,Quasi-Isotropic,422.111,0.00603,0.90452,1.706,No Fail
1100,49.5,0.2,2888,0,45,-45,90,90,-45,Quasi-Isotropic,192.032,0.002743,0.4115,1.049,No Fail
1101,49.6,0.2,1604,0,45,-45,90,90,-45,Quasi-Isotropic,60.0,0.000857,0.12857,0.671,FAIL
1102,49.7,0.2,4974,0,45,-45,90,90,-45,Quasi-Isotropic,524.087,0.007487,1.12304,1.997,No Fail
1103,49.8,0.2,2745,0,45,-45,90,90,-45,Quasi-Isotropic,230.568,0.003294,0.49407,1.159,No Fail
1104,49.9,0.2,3011,0,45,-45,90,90,-45,Quasi-Isotropic,208.439,0.002978,0.44665,1.096,No Fail
1105,50.0,0.2,3812,0,45,-45,90,90,-45,Quasi-Isotropic,335.919,0.004799,0.71983,1.46,No Fail
1106,50.1,0.2,3665,0,45,-45,90,90,-45,Quasi-Isotropic,389.535,0.005565,0.83472,1.613,No Fail
1107,50.2,0.2,3996,0,45,-45,90,90,-45,Quasi-Isotropic,343.739,0.004911,0.73658,1.482,No Fail
1108,50.3,0.2,2040,0,45,-45,90,90,-45,Quasi-Isotropic,194.928,0.002785,0.4177,1.057,No Fail
1109,50.4,0.2,3719,0,45,-45,90,90,-45,Quasi-Isotropic,320.837,0.004583,0.68751,1.417,No Fail
1110,50.5,0.2,2608,0,45,-45,90,90,-45,Quasi-Isotropic,184.246,0.002632,0.39481,1.026,No Fail
1111,50.6,0.2,1518,0,45,-45,90,90,-45,Quasi-Isotropic,129.396,0.001849,0.27728,0.87,FAIL
1112,50.7,0.2,2760,0,45,-45,90,90,-45,Quasi-Isotropic,254.173,0.003631,0.54466,1.226,No Fail
1113,50.8,0.2,1964,0,45,-45,90,90,-45,Quasi-Isotropic,163.281,0.002333,0.34989,0.967,FAIL
1114,50.9,0.2,3071,0,45,-45,90,90,-45,Quasi-Isotropic,306.027,0.004372,0.65577,1.374,No Fail
1115,51.0,0.2,2928,0,45,-45,90,90,-45,Quasi-Isotropic,244.81,0.003497,0.52459,1.199,No Fail
1116,51.1,0.2,2739,0,45,-45,90,90,-45,Quasi-Isotropic,285.493,0.004078,0.61177,1.316,No Fail
1117,51.2,0.2,3593,0,45,-45,90,90,-45,Quasi-Isotropic,380.011,0.005429,0.81431,1.586,No Fail
1118,51.3,0.2,2848,0,45,-45,90,90,-45,Quasi-Isotropic,262.868,0.003755,0.56329,1.251,No Fail
1119,51.4,0.2,2857,0,45,-45,90,90,-45,Quasi-Isotropic,267.854,0.003826,0.57397,1.265,No Fail
1120,51.5,0.2,4654,0,45,-45,90,90,-45,Quasi-Isotropic,508.313,0.007262,1.08924,1.952,No Fail
1121,51.6,0.2,4924,0,45,-45,90,90,-45,Quasi-Isotropic,442.208,0.006317,0.94759,1.763,No Fail
1122,51.7,0.2,2094,0,45,-45,90,90,-45,Quasi-Isotropic,142.59,0.002037,0.30555,0.907,FAIL
1123,51.8,0.2,1986,0,45,-45,90,90,-45,Quasi-Isotropic,152.625,0.00218,0.32705,0.936,FAIL
1124,51.9,0.2,3226,0,45,-45,90,90,-45,Quasi-Isotropic,310.976,0.004443,0.66638,1.389,No Fail
1125,52.0,0.2,3021,0,45,-45,90,90,-45,Quasi-Isotropic,314.972,0.0045,0.67494,1.4,No Fail
1126,52.1,0.2,3195,0,45,-45,90,90,-45,Quasi-Isotropic,292.845,0.004183,0.62752,1.337,No Fail
1127,52.2,0.2,2381,0,45,-45,90,90,-45,Quasi-Isotropic,236.483,0.003378,0.50675,1.176,No Fail
1128,52.3,0.2,3688,0,45,-45,90,90,-45,Quasi-Isotropic,372.923,0.005327,0.79912,1.565,No Fail
1129,52.4,0.2,2184,0,45,-45,90,90,-45,Quasi-Isotropic,150.873,0.002155,0.3233,0.931,FAIL
1130,52.5,0.2,2566,0,45,-45,90,90,-45,Quasi-Isotropic,255.12,0.003645,0.54669,1.229,No Fail
1131,52.6,0.2,2663,0,45,-45,90,90,-45,Quasi-Isotropic,165.672,0.002367,0.35501,0.973,FAIL
1132,52.7,0.2,4314,0,45,-45,90,90,-45,Quasi-Isotropic,403.289,0.005761,0.86419,1.652,No Fail
1133,52.8,0.2,2672,0,45,-45,90,90,-45,Quasi-Isotropic,241.044,0.003443,0.51652,1.189,No Fail
1134,52.9,0.2,4508,0,45,-45,90,90,-45,Quasi-Isotropic,403.136,0.005759,0.86386,1.652,No Fail
1135,53.0,0.2,1976,0,45,-45,90,90,-45,Quasi-Isotropic,80.265,0.001147,0.172,0.729,FAIL
1136,53.1,0.2,4815,0,45,-45,90,90,-45,Quasi-Isotropic,499.377,0.007134,1.07009,1.927,No Fail
1137,53.2,0.2,2600,0,45,-45,90,90,-45,Quasi-Isotropic,247.855,0.003541,0.53112,1.208,No Fail
1138,53.3,0.2,4891,0,45,-45,90,90,-45,Quasi-Isotropic,431.116,0.006159,0.92382,1.732,No Fail
1139,53.4,0.2,3932,0,45,-45,90,90,-45,Quasi-Isotropic,396.908,0.00567,0.85052,1.634,No Fail
1140,53.5,0.2,3516,0,45,-45,90,90,-45,Quasi-Isotropic,322.948,0.004614,0.69203,1.423,No Fail
1141,53.6,0.2,2816,0,45,-45,90,90,-45,Quasi-Isotropic,268.852,0.003841,0.57611,1.268,No Fail
1142,53.7,0.2,2875,0,45,-45,90,90,-45,Quasi-Isotropic,207.053,0.002958,0.44369,1.092,No Fail
1143,53.8,0.2,3473,0,45,-45,90,90,-45,Quasi-Isotropic,363.151,0.005188,0.77818,1.538,No Fail
1144,53.9,0.2,3410,0,45,-45,90,90,-45,Quasi-Isotropic,298.097,0.004259,0.63878,1.352,No Fail
1145,54.0,0.2,3425,0,45,-45,90,90,-45,Quasi-Isotropic,289.236,0.004132,0.61979,1.326,No Fail
1146,54.1,0.2,3116,0,45,-45,90,90,-45,Quasi-Isotropic,219.521,0.003136,0.4704,1.127,No Fail
1147,54.2,0.2,3035,0,45,-45,90,90,-45,Quasi-Isotropic,239.147,0.003416,0.51246,1.183,No Fail
1148,54.3,0.2,3925,0,45,-45,90,90,-45,Quasi-Isotropic,396.031,0.005658,0.84864,1.632,No Fail
1149,54.4,0.2,4285,0,45,-45,90,90,-45,Quasi-Isotropic,375.9,0.00537,0.8055,1.574,No Fail
1150,54.5,0.2,3248,0,45,-45,90,90,-45,Quasi-Isotropic,300.61,0.004294,0.64417,1.359,No Fail
1151,54.6,0.2,2347,0,45,-45,90,90,-45,Quasi-Isotropic,165.649,0.002366,0.35496,0.973,FAIL
1152,54.7,0.2,4003,0,45,-45,90,90,-45,Quasi-Isotropic,361.36,0.005162,0.77434,1.532,No Fail
1153,54.8,0.2,1759,0,45,-45,90,90,-45,Quasi-Isotropic,76.376,0.001091,0.16366,0.718,FAIL
1154,54.9,0.2,3177,0,45,-45,90,90,-45,Quasi-Isotropic,222.395,0.003177,0.47656,1.135,No Fail
1155,55.0,0.2,3273,0,45,-45,90,90,-45,Quasi-Isotropic,304.681,0.004353,0.65289,1.371,No Fail
1156,55.1,0.2,3921,0,45,-45,90,90,-45,Quasi-Isotropic,320.071,0.004572,0.68587,1.414,No Fail
1157,55.2,0.2,4268,0,45,-45,90,90,-45,Quasi-Isotropic,406.865,0.005812,0.87185,1.662,No Fail
1158,55.3,0.2,4634,0,45,-45,90,90,-45,Quasi-Isotropic,472.967,0.006757,1.0135,1.851,No Fail
1159,55.4,0.2,3734,0,45,-45,90,90,-45,Quasi-Isotropic,343.607,0.004909,0.7363,1.482,No Fail
1160,55.5,0.2,4191,0,45,-45,90,90,-45,Quasi-Isotropic,452.763,0.006468,0.97021,1.794,No Fail
1161,55.6,0.2,2743,0,45,-45,90,90,-45,Quasi-Isotropic,210.192,0.003003,0.45041,1.101,No Fail
1162,55.7,0.2,1655,0,45,-45,90,90,-45,Quasi-Isotropic,80.965,0.001157,0.1735,0.731,FAIL
1163,55.8,0.2,3871,0,45,-45,90,90,-45,Quasi-Isotropic,306.505,0.004379,0.6568,1.376,No Fail
1164,55.9,0.2,4134,0,45,-45,90,90,-45,Quasi-Isotropic,408.173,0.005831,0.87466,1.666,No Fail
1165,56.0,0.2,3007,0,45,-45,90,90,-45,Quasi-Isotropic,204.905,0.002927,0.43908,1.085,No Fail
1166,56.1,0.2,2406,0,45,-45,90,90,-45,Quasi-Isotropic,247.404,0.003534,0.53015,1.207,No Fail
1167,56.2,0.2,3316,0,45,-45,90,90,-45,Quasi-Isotropic,296.614,0.004237,0.6356,1.347,No Fail
1168,56.3,0.2,3513,0,45,-45,90,90,-45,Quasi-Isotropic,311.937,0.004456,0.66844,1.391,No Fail
1169,56.4,0.2,2869,0,45,-45,90,90,-45,Quasi-Isotropic,250.783,0.003583,0.53739,1.217,No Fail
1170,56.5,0.2,3560,0,45,-45,90,90,-45,Quasi-Isotropic,294.527,0.004208,0.63113,1.342,No Fail
1171,56.6,0.2,2707,0,45,-45,90,90,-45,Quasi-Isotropic,224.83,0.003212,0.48178,1.142,No Fail
1172,56.7,0.2,1866,0,45,-45,90,90,-45,Quasi-Isotropic,180.963,0.002585,0.38778,1.017,No Fail
1173,56.8,0.2,4866,0,45,-45,90,90,-45,Quasi-Isotropic,494.009,0.007057,1.05859,1.911,No Fail
1174,56.9,0.2,4792,0,45,-45,90,90,-45,Quasi-Isotropic,521.156,0.007445,1.11676,1.989,No Fail
1175,57.0,0.2,2592,0,45,-45,90,90,-45,Quasi-Isotropic,253.993,0.003628,0.54427,1.226,No Fail
1176,57.1,0.2,2224,0,45,-45,90,90,-45,Quasi-Isotropic,172.244,0.002461,0.3691,0.992,FAIL
1177,57.2,0.2,3167,0,45,-45,90,90,-45,Quasi-Isotropic,282.037,0.004029,0.60437,1.306,No Fail
1178,57.3,0.2,3939,0,45,-45,90,90,-45,Quasi-Isotropic,380.061,0.005429,0.81442,1.586,No Fail
1179,57.4,0.2,2551,0,45,-45,90,90,-45,Quasi-Isotropic,227.842,0.003255,0.48823,1.151,No Fail
1180,57.5,0.2,1903,0,45,-45,90,90,-45,Quasi-Isotropic,91.113,0.001302,0.19524,0.76,FAIL
1181,57.6,0.2,3768,0,45,-45,90,90,-45,Quasi-Isotropic,310.246,0.004432,0.66481,1.386,No Fail
1182,57.7,0.2,2075,0,45,-45,90,90,-45,Quasi-Isotropic,127.772,0.001825,0.2738,0.865,FAIL
1183,57.8,0.2,2354,0,45,-45,90,90,-45,Quasi-Isotropic,124.375,0.001777,0.26652,0.855,FAIL
1184,57.9,0.2,2060,0,45,-45,90,90,-45,Quasi-Isotropic,186.323,0.002662,0.39926,1.032,No Fail
1185,58.0,0.2,4855,0,45,-45,90,90,-45,Quasi-Isotropic,475.372,0.006791,1.01866,1.858,No Fail
1186,58.1,0.2,2918,0,45,-45,90,90,-45,Quasi-Isotropic,282.297,0.004033,0.60492,1.307,No Fail
1187,58.2,0.2,3742,0,45,-45,90,90,-45,Quasi-Isotropic,386.867,0.005527,0.829,1.605,No Fail
1188,58.3,0.2,1602,0,45,-45,90,90,-45,Quasi-Isotropic,100.405,0.001434,0.21515,0.787,FAIL
1189,58.4,0.2,2191,0,45,-45,90,90,-45,Quasi-Isotropic,149.183,0.002131,0.31968,0.926,FAIL
1190,58.5,0.2,2861,0,45,-45,90,90,-45,Quasi-Isotropic,232.247,0.003318,0.49767,1.164,No Fail
1191,58.6,0.2,2220,0,45,-45,90,90,-45,Quasi-Isotropic,141.861,0.002027,0.30399,0.905,FAIL
1192,58.7,0.2,4331,0,45,-45,90,90,-45,Quasi-Isotropic,389.387,0.005563,0.8344,1.613,No Fail
1193,58.8,0.2,1856,0,45,-45,90,90,-45,Quasi-Isotropic,175.228,0.002503,0.37549,1.001,No Fail
1194,58.9,0.2,2154,0,45,-45,90,90,-45,Quasi-Isotropic,113.886,0.001627,0.24404,0.825,FAIL
1195,59.0,0.2,3101,0,45,-45,90,90,-45,Quasi-Isotropic,293.053,0.004186,0.62797,1.337,No Fail
1196,59.1,0.2,4519,0,45,-45,90,90,-45,Quasi-Isotropic,470.825,0.006726,1.00891,1.845,No Fail
1197,59.2,0.2,3737,0,45,-45,90,90,-45,Quasi-Isotropic,345.1,0.00493,0.7395,1.486,No Fail
1198,59.3,0.2,3640,0,45,-45,90,90,-45,Quasi-Isotropic,325.113,0.004644,0.69667,1.429,No Fail
1199,59.4,0.2,2718,0,45,-45,90,90,-45,Quasi-Isotropic,215.688,0.003081,0.46219,1.116,No Fail
1200,59.5,0.2,3661,0,45,-45,90,90,-45,Quasi-Isotropic,297.83,0.004255,0.63821,1.351,No Fail
1201,59.6,0.2,3971,0,45,-45,90,90,-45,Quasi-Isotropic,338.867,0.004841,0.72614,1.468,No Fail
1202,59.7,0.2,3651,0,45,-45,90,90,-45,Quasi-Isotropic,362.39,0.005177,0.77655,1.535,No Fail
1203,59.8,0.2,1969,0,45,-45,90,90,-45,Quasi-Isotropic,186.088,0.002658,0.39876,1.032,No Fail
1204,59.9,0.2,2569,0,45,-45,90,90,-45,Quasi-Isotropic,254.116,0.00363,0.54453,1.226,No Fail
1205,60.0,0.2,3927,0,45,-45,90,90,-45,Quasi-Isotropic,409.278,0.005847,0.87702,1.669,No Fail
1206,60.1,0.2,2964,0,45,-45,90,90,-45,Quasi-Isotropic,254.361,0.003634,0.54506,1.227,No Fail
1207,60.2,0.2,2843,0,45,-45,90,90,-45,Quasi-Isotropic,284.614,0.004066,0.60989,1.313,No Fail
1208,60.3,0.2,3724,0,45,-45,90,90,-45,Quasi-Isotropic,384.62,0.005495,0.82419,1.599,No Fail
1209,60.4,0.2,3758,0,45,-45,90,90,-45,Quasi-Isotropic,327.797,0.004683,0.70242,1.437,No Fail
1210,60.5,0.2,3442,0,45,-45,90,90,-45,Quasi-Isotropic,253.075,0.003615,0.5423,1.223,No Fail
1211,60.6,0.2,1991,0,45,-45,90,90,-45,Quasi-Isotropic,140.168,0.002002,0.30036,0.9,FAIL
1212,60.7,0.2,3079,0,45,-45,90,90,-45,Quasi-Isotropic,291.671,0.004167,0.62501,1.333,No Fail
1213,60.8,0.2,2757,0,45,-45,90,90,-45,Quasi-Isotropic,284.363,0.004062,0.60935,1.312,No Fail
1214,60.9,0.2,1978,0,45,-45,90,90,-45,Quasi-Isotropic,196.195,0.002803,0.42042,1.061,No Fail
1215,61.0,0.2,4873,0,45,-45,90,90,-45,Quasi-Isotropic,446.982,0.006385,0.95782,1.777,No Fail
1216,61.1,0.2,3232,0,45,-45,90,90,-45,Quasi-Isotropic,287.235,0.004103,0.6155,1.321,No Fail
1217,61.2,0.2,2955,0,45,-45,90,90,-45,Quasi-Isotropic,232.401,0.00332,0.498,1.164,No Fail
1218,61.3,0.2,3210,0,45,-45,90,90,-45,Quasi-Isotropic,244.467,0.003492,0.52386,1.198,No Fail
1219,61.4,0.2,1608,0,45,-45,90,90,-45,Quasi-Isotropic,143.041,0.002043,0.30652,0.909,FAIL
1220,61.5,0.2,2522,0,45,-45,90,90,-45,Quasi-Isotropic,171.351,0.002448,0.36718,0.99,FAIL
1221,61.6,0.2,3382,0,45,-45,90,90,-45,Quasi-Isotropic,332.813,0.004754,0.71317,1.451,No Fail
1222,61.7,0.2,3101,0,45,-45,90,90,-45,Quasi-Isotropic,311.89,0.004456,0.66834,1.391,No Fail
1223,61.8,0.2,4181,0,45,-45,90,90,-45,Quasi-Isotropic,372.584,0.005323,0.79839,1.565,No Fail
1224,61.9,0.2,1896,0,45,-45,90,90,-45,Quasi-Isotropic,121.581,0.001737,0.26053,0.847,FAIL
1225,62.0,0.2,4213,0,45,-45,90,90,-45,Quasi-Isotropic,451.843,0.006455,0.96823,1.791,No Fail
1226,62.1,0.2,2784,0,45,-45,90,90,-45,Quasi-Isotropic,195.288,0.00279,0.41847,1.058,No Fail
1227,62.2,0.2,1646,0,45,-45,90,90,-45,Quasi-Isotropic,60.0,0.000857,0.12857,0.671,FAIL
1228,62.3,0.2,3412,0,45,-45,90,90,-45,Quasi-Isotropic,283.191,0.004046,0.60684,1.309,No Fail
1229,62.4,0.2,1858,0,45,-45,90,90,-45,Quasi-Isotropic,64.242,0.000918,0.13766,0.684,FAIL
1230,62.5,0.2,4130,0,45,-45,90,90,-45,Quasi-Isotropic,355.957,0.005085,0.76276,1.517,No Fail
1231,62.6,0.2,4998,0,45,-45,90,90,-45,Quasi-Isotropic,523.986,0.007486,1.12283,1.997,No Fail
1232,62.7,0.2,2720,0,45,-45,90,90,-45,Quasi-Isotropic,232.434,0.00332,0.49807,1.164,No Fail
1233,62.8,0.2,3037,0,45,-45,90,90,-45,Quasi-Isotropic,226.402,0.003234,0.48515,1.147,No Fail
1234,62.9,0.2,4215,0,45,-45,90,90,-45,Quasi-Isotropic,346.49,0.00495,0.74248,1.49,No Fail
1235,63.0,0.2,4337,0,45,-45,90,90,-45,Quasi-Isotropic,452.062,0.006458,0.9687,1.792,No Fail
1236,63.1,0.2,2727,0,45,-45,90,90,-45,Quasi-Isotropic,216.714,0.003096,0.46439,1.119,No Fail
1237,63.2,0.2,3715,0,45,-45,90,90,-45,Quasi-Isotropic,320.473,0.004578,0.68673,1.416,No Fail
1238,63.3,0.2,1987,0,45,-45,90,90,-45,Quasi-Isotropic,178.561,0.002551,0.38263,1.01,No Fail
1239,63.4,0.2,2224,0,45,-45,90,90,-45,Quasi-Isotropic,202.122,0.002887,0.43312,1.077,No Fail
1240,63.5,0.2,2728,0,45,-45,90,90,-45,Quasi-Isotropic,280.22,0.004003,0.60047,1.301,No Fail
1241,63.6,0.2,3386,0,45,-45,90,90,-45,Quasi-Isotropic,332.553,0.004751,0.71261,1.45,No Fail
1242,63.7,0.2,3964,0,45,-45,90,90,-45,Quasi-Isotropic,396.864,0.005669,0.85042,1.634,No Fail
1243,63.8,0.2,2436,0,45,-45,90,90,-45,Quasi-Isotropic,217.564,0.003108,0.46621,1.122,No Fail
1244,63.9,0.2,4949,0,45,-45,90,90,-45,Quasi-Isotropic,450.943,0.006442,0.96631,1.788,No Fail
1245,64.0,0.2,1833,0,45,-45,90,90,-45,Quasi-Isotropic,98.479,0.001407,0.21103,0.781,FAIL
1246,64.1,0.2,4250,0,45,-45,90,90,-45,Quasi-Isotropic,354.458,0.005064,0.75955,1.513,No Fail
1247,64.2,0.2,4974,0,45,-45,90,90,-45,Quasi-Isotropic,446.592,0.00638,0.95698,1.776,No Fail
1248,64.3,0.2,1944,0,45,-45,90,90,-45,Quasi-Isotropic,89.247,0.001275,0.19124,0.755,FAIL
1249,64.4,0.2,2374,0,45,-45,90,90,-45,Quasi-Isotropic,140.935,0.002013,0.302,0.903,FAIL
1250,64.5,0.2,4400,0,45,-45,90,90,-45,Quasi-Isotropic,402.595,0.005751,0.8627,1.65,No Fail
1251,64.6,0.2,3867,0,45,-45,90,90,-45,Quasi-Isotropic,332.642,0.004752,0.7128,1.45,No Fail
1252,64.7,0.2,3521,0,45,-45,90,90,-45,Quasi-Isotropic,323.784,0.004625,0.69382,1.425,No Fail
1253,64.8,0.2,2950,0,45,-45,90,90,-45,Quasi-Isotropic,281.728,0.004025,0.6037,1.305,No Fail
1254,64.9,0.2,3718,0,45,-45,90,90,-45,Quasi-Isotropic,351.885,0.005027,0.75404,1.505,No Fail
1255,65.0,0.2,1826,0,45,-45,90,90,-45,Quasi-Isotropic,73.485,0.00105,0.15747,0.71,FAIL
1256,40.0,0.2,2474,0,45,-45,90,90,-45,Quasi-Isotropic,194.981,0.002785,0.41782,1.057,No Fail
1257,40.1,0.2,2792,0,45,-45,90,90,-45,Quasi-Isotropic,182.65,0.002609,0.39139,1.022,No Fail
1258,40.2,0.2,2646,0,45,-45,90,90,-45,Quasi-Isotropic,163.431,0.002335,0.35021,0.967,FAIL
1259,40.3,0.2,4209,0,45,-45,90,90,-45,Quasi-Isotropic,464.84,0.006641,0.99609,1.828,No Fail
1260,40.4,0.2,4058,0,45,-45,90,90,-45,Quasi-Isotropic,359.065,0.005129,0.76942,1.526,No Fail
1261,40.5,0.2,3825,0,45,-45,90,90,-45,Quasi-Isotropic,363.926,0.005199,0.77984,1.54,No Fail
1262,40.6,0.2,1722,0,45,-45,90,90,-45,Quasi-Isotropic,123.612,0.001766,0.26488,0.853,FAIL
1263,40.7,0.2,2262,0,45,-45,90,90,-45,Quasi-Isotropic,167.358,0.002391,0.35862,0.978,FAIL
1264,40.8,0.2,2241,0,45,-45,90,90,-45,Quasi-Isotropic,177.42,0.002535,0.38019,1.007,No Fail
1265,40.9,0.2,4399,0,45,-45,90,90,-45,Quasi-Isotropic,455.68,0.00651,0.97646,1.802,No Fail
1266,41.0,0.2,3523,0,45,-45,90,90,-45,Quasi-Isotropic,342.202,0.004889,0.73329,1.478,No Fail
1267,41.1,0.2,3199,0,45,-45,90,90,-45,Quasi-Isotropic,275.905,0.003941,0.59122,1.288,No Fail
1268,41.2,0.2,3889,0,45,-45,90,90,-45,Quasi-Isotropic,385.423,0.005506,0.82591,1.601,No Fail
1269,41.3,0.2,1849,0,45,-45,90,90,-45,Quasi-Isotropic,176.012,0.002514,0.37717,1.003,No Fail
1270,41.4,0.2,3109,0,45,-45,90,90,-45,Quasi-Isotropic,238.958,0.003414,0.51205,1.183,No Fail
1271,41.5,0.2,4502,0,45,-45,90,90,-45,Quasi-Isotropic,485.305,0.006933,1.03994,1.887,No Fail
1272,41.6,0.2,1502,0,45,-45,90,90,-45,Quasi-Isotropic,87.33,0.001248,0.18713,0.75,FAIL
1273,41.7,0.2,2208,0,45,-45,90,90,-45,Quasi-Isotropic,110.01,0.001572,0.23574,0.814,FAIL
1274,41.8,0.2,1962,0,45,-45,90,90,-45,Quasi-Isotropic,112.772,0.001611,0.24166,0.822,FAIL
1275,41.9,0.2,2056,0,45,-45,90,90,-45,Quasi-Isotropic,128.771,0.00184,0.27594,0.868,FAIL
1276,42.0,0.2,2459,0,45,-45,90,90,-45,Quasi-Isotropic,143.161,0.002045,0.30677,0.909,FAIL
1277,42.1,0.2,2376,0,45,-45,90,90,-45,Quasi-Isotropic,166.613,0.00238,0.35703,0.976,FAIL
1278,42.2,0.2,4663,0,45,-45,90,90,-45,Quasi-Isotropic,474.975,0.006785,1.0178,1.857,No Fail
1279,42.3,0.2,2887,0,45,-45,90,90,-45,Quasi-Isotropic,286.6,0.004094,0.61414,1.319,No Fail
1280,42.4,0.2,3948,0,45,-45,90,90,-45,Quasi-Isotropic,397.104,0.005673,0.85094,1.635,No Fail
1281,42.5,0.2,3794,0,45,-45,90,90,-45,Quasi-Isotropic,387.207,0.005532,0.82973,1.606,No Fail
1282,42.6,0.2,1504,0,45,-45,90,90,-45,Quasi-Isotropic,60.0,0.000857,0.12857,0.671,FAIL
1283,42.7,0.2,1964,0,45,-45,90,90,-45,Quasi-Isotropic,138.517,0.001979,0.29682,0.896,FAIL
1284,42.8,0.2,3880,0,45,-45,90,90,-45,Quasi-Isotropic,398.45,0.005692,0.85382,1.638,No Fail
1285,42.9,0.2,3935,0,45,-45,90,90,-45,Quasi-Isotropic,431.036,0.006158,0.92365,1.732,No Fail
1286,43.0,0.2,4959,0,45,-45,90,90,-45,Quasi-Isotropic,456.972,0.006528,0.97923,1.806,No Fail
1287,43.1,0.2,1963,0,45,-45,90,90,-45,Quasi-Isotropic,144.836,0.002069,0.31036,0.914,FAIL
1288,43.2,0.2,2841,0,45,-45,90,90,-45,Quasi-Isotropic,292.39,0.004177,0.62655,1.335,No Fail
1289,43.3,0.2,1858,0,45,-45,90,90,-45,Quasi-Isotropic,95.328,0.001362,0.20427,0.772,FAIL
1290,43.4,0.2,4583,0,45,-45,90,90,-45,Quasi-Isotropic,472.413,0.006749,1.01231,1.85,No Fail
1291,43.5,0.2,4207,0,45,-45,90,90,-45,Quasi-Isotropic,448.398,0.006406,0.96085,1.781,No Fail
1292,43.6,0.2,1966,0,45,-45,90,90,-45,Quasi-Isotropic,105.542,0.001508,0.22616,0.802,FAIL
1293,43.7,0.2,2000,0,45,-45,90,90,-45,Quasi-Isotropic,80.845,0.001155,0.17324,0.731,FAIL
1294,43.8,0.2,1530,0,45,-45,90,90,-45,Quasi-Isotropic,79.898,0.001141,0.17121,0.728,FAIL
1295,43.9,0.2,3040,0,45,-45,90,90,-45,Quasi-Isotropic,246.839,0.003526,0.52894,1.205,No Fail
1296,44.0,0.2,3698,0,45,-45,90,90,-45,Quasi-Isotropic,317.102,0.00453,0.6795,1.406,No Fail
1297,44.1,0.2,2941,0,45,-45,90,90,-45,Quasi-Isotropic,294.753,0.004211,0.63161,1.342,No Fail
1298,44.2,0.2,4510,0,45,-45,90,90,-45,Quasi-Isotropic,418.796,0.005983,0.89742,1.697,No Fail
1299,44.3,0.2,1852,0,45,-45,90,90,-45,Quasi-Isotropic,171.793,0.002454,0.36813,0.991,FAIL
1300,44.4,0.2,3564,0,45,-45,90,90,-45,Quasi-Isotropic,297.328,0.004248,0.63713,1.35,No Fail
1301,44.5,0.2,4871,0,45,-45,90,90,-45,Quasi-Isotropic,498.481,0.007121,1.06817,1.924,No Fail
1302,44.6,0.2,1989,0,45,-45,90,90,-45,Quasi-Isotropic,160.988,0.0023,0.34497,0.96,FAIL
1303,44.7,0.2,1795,0,45,-45,90,90,-45,Quasi-Isotropic,142.148,0.002031,0.3046,0.906,FAIL
1304,44.8,0.2,3600,0,45,-45,90,90,-45,Quasi-Isotropic,325.596,0.004651,0.69771,1.43,No Fail
1305,44.9,0.2,4226,0,45,-45,90,90,-45,Quasi-Isotropic,394.256,0.005632,0.84483,1.626,No Fail
1306,45.0,0.2,4468,0,45,-45,90,90,-45,Quasi-Isotropic,413.258,0.005904,0.88555,1.681,No Fail
1307,45.1,0.2,2556,0,45,-45,90,90,-45,Quasi-Isotropic,187.684,0.002681,0.40218,1.036,No Fail
1308,45.2,0.2,3283,0,45,-45,90,90,-45,Quasi-Isotropic,291.87,0.00417,0.62543,1.334,No Fail
1309,45.3,0.2,2534,0,45,-45,90,90,-45,Quasi-Isotropic,174.386,0.002491,0.37369,0.998,FAIL
1310,45.4,0.2,4643,0,45,-45,90,90,-45,Quasi-Isotropic,510.575,0.007294,1.09409,1.959,No Fail
1311,45.5,0.2,3232,0,45,-45,90,90,-45,Quasi-Isotropic,233.292,0.003333,0.49991,1.167,No Fail
1312,45.6,0.2,3249,0,45,-45,90,90,-45,Quasi-Isotropic,336.295,0.004804,0.72063,1.461,No Fail
1313,45.7,0.2,3349,0,45,-45,90,90,-45,Quasi-Isotropic,290.609,0.004152,0.62273,1.33,No Fail
1314,45.8,0.2,4954,0,45,-45,90,90,-45,Quasi-Isotropic,437.167,0.006245,0.93679,1.749,No Fail
1315,45.9,0.2,1962,0,45,-45,90,90,-45,Quasi-Isotropic,83.362,0.001191,0.17863,0.738,FAIL
1316,46.0,0.2,3489,0,45,-45,90,90,-45,Quasi-Isotropic,275.422,0.003935,0.59019,1.287,No Fail
1317,46.1,0.2,3890,0,45,-45,90,90,-45,Quasi-Isotropic,382.986,0.005471,0.82068,1.594,No Fail
1318,46.2,0.2,4841,0,45,-45,90,90,-45,Quasi-Isotropic,449.343,0.006419,0.96288,1.784,No Fail
1319,46.3,0.2,1558,0,45,-45,90,90,-45,Quasi-Isotropic,60.0,0.000857,0.12857,0.671,FAIL
1320,46.4,0.2,2418,0,45,-45,90,90,-45,Quasi-Isotropic,242.014,0.003457,0.5186,1.191,No Fail
1321,46.5,0.2,1712,0,45,-45,90,90,-45,Quasi-Isotropic,160.618,0.002295,0.34418,0.959,FAIL
1322,46.6,0.2,3273,0,45,-45,90,90,-45,Quasi-Isotropic,258.062,0.003687,0.55299,1.237,No Fail
1323,46.7,0.2,3254,0,45,-45,90,90,-45,Quasi-Isotropic,275.012,0.003929,0.58931,1.286,No Fail
1324,46.8,0.2,3956,0,45,-45,90,90,-45,Quasi-Isotropic,384.909,0.005499,0.8248,1.6,No Fail
1325,46.9,0.2,3378,0,45,-45,90,90,-45,Quasi-Isotropic,355.466,0.005078,0.76171,1.516,No Fail
1326,47.0,0.2,2471,0,45,-45,90,90,-45,Quasi-Isotropic,182.611,0.002609,0.39131,1.022,No Fail
1327,47.1,0.2,3290,0,45,-45,90,90,-45,Quasi-Isotropic,317.559,0.004537,0.68048,1.407,No Fail
1328,47.2,0.2,4328,0,45,-45,90,90,-45,Quasi-Isotropic,455.002,0.0065,0.975,1.8,No Fail
1329,47.3,0.2,2868,0,45,-45,90,90,-45,Quasi-Isotropic,239.74,0.003425,0.51373,1.185,No Fail
1330,47.4,0.2,4421,0,45,-45,90,90,-45,Quasi-Isotropic,414.386,0.00592,0.88797,1.684,No Fail
1331,47.5,0.2,1731,0,45,-45,90,90,-45,Quasi-Isotropic,86.042,0.001229,0.18437,0.746,FAIL
1332,47.6,0.2,4055,0,45,-45,90,90,-45,Quasi-Isotropic,362.741,0.005182,0.7773,1.536,No Fail
1333,47.7,0.2,1703,0,45,-45,90,90,-45,Quasi-Isotropic,62.744,0.000896,0.13445,0.679,FAIL
1334,47.8,0.2,3021,0,45,-45,90,90,-45,Quasi-Isotropic,312.138,0.004459,0.66887,1.392,No Fail
1335,47.9,0.2,3631,0,45,-45,90,90,-45,Quasi-Isotropic,341.305,0.004876,0.73137,1.475,No Fail
1336,48.0,0.2,4096,0,45,-45,90,90,-45,Quasi-Isotropic,414.396,0.00592,0.88799,1.684,No Fail
1337,48.1,0.2,1918,0,45,-45,90,90,-45,Quasi-Isotropic,101.287,0.001447,0.21704,0.789,FAIL
1338,48.2,0.2,3955,0,45,-45,90,90,-45,Quasi-Isotropic,349.682,0.004995,0.74932,1.499,No Fail
1339,48.3,0.2,4836,0,45,-45,90,90,-45,Quasi-Isotropic,520.607,0.007437,1.11559,1.987,No Fail
1340,48.4,0.2,4240,0,45,-45,90,90,-45,Quasi-Isotropic,406.094,0.005801,0.8702,1.66,No Fail
1341,48.5,0.2,2084,0,45,-45,90,90,-45,Quasi-Isotropic,123.633,0.001766,0.26493,0.853,FAIL
1342,48.6,0.2,4234,0,45,-45,90,90,-45,Quasi-Isotropic,452.84,0.006469,0.97037,1.794,No Fail
1343,48.7,0.2,4602,0,45,-45,90,90,-45,Quasi-Isotropic,480.042,0.006858,1.02866,1.872,No Fail
1344,48.8,0.2,1603,0,45,-45,90,90,-45,Quasi-Isotropic,60.0,0.000857,0.12857,0.671,FAIL
1345,48.9,0.2,2452,0,45,-45,90,90,-45,Quasi-Isotropic,157.379,0.002248,0.33724,0.95,FAIL
1346,49.0,0.2,3993,0,45,-45,90,90,-45,Quasi-Isotropic,431.511,0.006164,0.92467,1.733,No Fail
1347,49.1,0.2,1770,0,45,-45,90,90,-45,Quasi-Isotropic,103.171,0.001474,0.22108,0.795,FAIL
1348,49.2,0.2,2760,0,45,-45,90,90,-45,Quasi-Isotropic,236.628,0.00338,0.50706,1.176,No Fail
1349,49.3,0.2,3484,0,45,-45,90,90,-45,Quasi-Isotropic,318.139,0.004545,0.68173,1.409,No Fail
1350,49.4,0.2,2393,0,45,-45,90,90,-45,Quasi-Isotropic,203.026,0.0029,0.43506,1.08,No Fail
1351,49.5,0.2,3509,0,45,-45,90,90,-45,Quasi-Isotropic,368.695,0.005267,0.79006,1.553,No Fail
1352,49.6,0.2,2299,0,45,-45,90,90,-45,Quasi-Isotropic,149.196,0.002131,0.31971,0.926,FAIL
1353,49.7,0.2,1654,0,45,-45,90,90,-45,Quasi-Isotropic,97.437,0.001392,0.20879,0.778,FAIL
1354,49.8,0.2,2356,0,45,-45,90,90,-45,Quasi-Isotropic,139.16,0.001988,0.2982,0.898,FAIL
1355,49.9,0.2,2840,0,45,-45,90,90,-45,Quasi-Isotropic,244.24,0.003489,0.52337,1.198,No Fail
1356,50.0,0.2,4759,0,45,-45,90,90,-45,Quasi-Isotropic,513.077,0.00733,1.09945,1.966,No Fail
1357,50.1,0.2,3435,0,45,-45,90,90,-45,Quasi-Isotropic,269.305,0.003847,0.57708,1.269,No Fail
1358,50.2,0.2,4092,0,45,-45,90,90,-45,Quasi-Isotropic,341.406,0.004877,0.73158,1.475,No Fail
1359,50.3,0.2,2626,0,45,-45,90,90,-45,Quasi-Isotropic,224.833,0.003212,0.48178,1.142,No Fail
1360,50.4,0.2,4021,0,45,-45,90,90,-45,Quasi-Isotropic,392.57,0.005608,0.84122,1.622,No Fail
1361,50.5,0.2,1773,0,45,-45,90,90,-45,Quasi-Isotropic,140.162,0.002002,0.30035,0.9,FAIL
1362,50.6,0.2,3257,0,45,-45,90,90,-45,Quasi-Isotropic,306.12,0.004373,0.65597,1.375,No Fail
1363,50.7,0.2,2128,0,45,-45,90,90,-45,Quasi-Isotropic,107.092,0.00153,0.22948,0.806,FAIL
1364,50.8,0.2,4935,0,45,-45,90,90,-45,Quasi-Isotropic,455.673,0.00651,0.97644,1.802,No Fail
1365,50.9,0.2,1741,0,45,-45,90,90,-45,Quasi-Isotropic,60.0,0.000857,0.12857,0.671,FAIL
1366,51.0,0.2,2488,0,45,-45,90,90,-45,Quasi-Isotropic,202.758,0.002897,0.43448,1.079,No Fail
1367,51.1,0.2,2646,0,45,-45,90,90,-45,Quasi-Isotropic,176.085,0.002515,0.37732,1.003,No Fail
1368,51.2,0.2,1528,0,45,-45,90,90,-45,Quasi-Isotropic,76.976,0.0011,0.16495,0.72,FAIL
1369,51.3,0.2,3473,0,45,-45,90,90,-45,Quasi-Isotropic,352.718,0.005039,0.75582,1.508,No Fail
1370,51.4,0.2,3680,0,45,-45,90,90,-45,Quasi-Isotropic,365.072,0.005215,0.7823,1.543,No Fail
1371,51.5,0.2,3571,0,45,-45,90,90,-45,Quasi-Isotropic,332.839,0.004755,0.71323,1.451,No Fail
1372,51.6,0.2,4204,0,45,-45,90,90,-45,Quasi-Isotropic,405.294,0.00579,0.86849,1.658,No Fail
1373,51.7,0.2,4652,0,45,-45,90,90,-45,Quasi-Isotropic,494.735,0.007068,1.06015,1.914,No Fail
1374,51.8,0.2,2358,0,45,-45,90,90,-45,Quasi-Isotropic,151.695,0.002167,0.32506,0.933,FAIL
1375,51.9,0.2,2935,0,45,-45,90,90,-45,Quasi-Isotropic,311.45,0.004449,0.66739,1.39,No Fail
1376,52.0,0.2,2712,0,45,-45,90,90,-45,Quasi-Isotropic,257.538,0.003679,0.55187,1.236,No Fail
1377,52.1,0.2,4570,0,45,-45,90,90,-45,Quasi-Isotropic,407.675,0.005824,0.87359,1.665,No Fail
1378,52.2,0.2,1505,0,45,-45,90,90,-45,Quasi-Isotropic,60.0,0.000857,0.12857,0.671,FAIL
1379,52.3,0.2,4472,0,45,-45,90,90,-45,Quasi-Isotropic,417.706,0.005967,0.89508,1.693,No Fail
1380,52.4,0.2,1864,0,45,-45,90,90,-45,Quasi-Isotropic,96.393,0.001377,0.20656,0.775,FAIL
1381,52.5,0.2,2334,0,45,-45,90,90,-45,Quasi-Isotropic,176.453,0.002521,0.37811,1.004,No Fail
1382,52.6,0.2,1710,0,45,-45,90,90,-45,Quasi-Isotropic,106.112,0.001516,0.22738,0.803,FAIL
1383,52.7,0.2,3991,0,45,-45,90,90,-45,Quasi-Isotropic,319.259,0.004561,0.68413,1.412,No Fail
1384,52.8,0.2,4724,0,45,-45,90,90,-45,Quasi-Isotropic,515.772,0.007368,1.10523,1.974,No Fail
1385,52.9,0.2,3319,0,45,-45,90,90,-45,Quasi-Isotropic,250.624,0.00358,0.53705,1.216,No Fail
1386,53.0,0.2,2804,0,45,-45,90,90,-45,Quasi-Isotropic,212.345,0.003033,0.45502,1.107,No Fail
1387,53.1,0.2,1797,0,45,-45,90,90,-45,Quasi-Isotropic,60.0,0.000857,0.12857,0.671,FAIL
1388,53.2,0.2,1967,0,45,-45,90,90,-45,Quasi-Isotropic,184.607,0.002637,0.39559,1.027,No Fail
1389,53.3,0.2,1762,0,45,-45,90,90,-45,Quasi-Isotropic,73.033,0.001043,0.1565,0.709,FAIL
1390,53.4,0.2,3022,0,45,-45,90,90,-45,Quasi-Isotropic,254.554,0.003636,0.54547,1.227,No Fail
1391,53.5,0.2,2329,0,45,-45,90,90,-45,Quasi-Isotropic,123.738,0.001768,0.26515,0.854,FAIL
1392,53.6,0.2,2603,0,45,-45,90,90,-45,Quasi-Isotropic,240.985,0.003443,0.5164,1.189,No Fail
1393,53.7,0.2,3953,0,45,-45,90,90,-45,Quasi-Isotropic,338.207,0.004832,0.72473,1.466,No Fail
1394,53.8,0.2,2613,0,45,-45,90,90,-45,Quasi-Isotropic,185.342,0.002648,0.39716,1.03,No Fail
1395,53.9,0.2,1761,0,45,-45,90,90,-45,Quasi-Isotropic,138.734,0.001982,0.29729,0.896,FAIL
1396,54.0,0.2,4230,0,45,-45,90,90,-45,Quasi-Isotropic,443.248,0.006332,0.94982,1.766,No Fail
1397,54.1,0.2,2044,0,45,-45,90,90,-45,Quasi-Isotropic,135.107,0.00193,0.28952,0.886,FAIL
1398,54.2,0.2,3131,0,45,-45,90,90,-45,Quasi-Isotropic,316.018,0.004515,0.67718,1.403,No Fail
1399,54.3,0.2,3376,0,45,-45,90,90,-45,Quasi-Isotropic,316.307,0.004519,0.6778,1.404,No Fail
1400,54.4,0.2,2227,0,45,-45,90,90,-45,Quasi-Isotropic,111.451,0.001592,0.23882,0.818,FAIL
1401,54.5,0.2,2428,0,45,-45,90,90,-45,Quasi-Isotropic,214.306,0.003062,0.45923,1.112,No Fail
1402,54.6,0.2,2052,0,45,-45,90,90,-45,Quasi-Isotropic,191.809,0.00274,0.41102,1.048,No Fail
1403,54.7,0.2,4392,0,45,-45,90,90,-45,Quasi-Isotropic,404.756,0.005782,0.86733,1.656,No Fail
1404,54.8,0.2,1641,0,45,-45,90,90,-45,Quasi-Isotropic,73.313,0.001047,0.1571,0.709,FAIL
1405,54.9,0.2,2647,0,45,-45,90,90,-45,Quasi-Isotropic,177.362,0.002534,0.38006,1.007,No Fail
1406,55.0,0.2,2369,0,45,-45,90,90,-45,Quasi-Isotropic,233.306,0.003333,0.49994,1.167,No Fail
1407,55.1,0.2,3297,0,45,-45,90,90,-45,Quasi-Isotropic,312.964,0.004471,0.67064,1.394,No Fail
1408,55.2,0.2,2411,0,45,-45,90,90,-45,Quasi-Isotropic,168.008,0.0024,0.36002,0.98,FAIL
1409,55.3,0.2,1609,0,45,-45,90,90,-45,Quasi-Isotropic,60.0,0.000857,0.12857,0.671,FAIL
1410,55.4,0.2,3083,0,45,-45,90,90,-45,Quasi-Isotropic,281.397,0.00402,0.60299,1.304,No Fail
1411,55.5,0.2,2374,0,45,-45,90,90,-45,Quasi-Isotropic,155.169,0.002217,0.3325,0.943,FAIL
1412,55.6,0.2,4314,0,45,-45,90,90,-45,Quasi-Isotropic,422.191,0.006031,0.9047,1.706,No Fail
1413,55.7,0.2,1542,0,45,-45,90,90,-45,Quasi-Isotropic,128.247,0.001832,0.27481,0.866,FAIL
1414,55.8,0.2,4939,0,45,-45,90,90,-45,Quasi-Isotropic,453.034,0.006472,0.97079,1.794,No Fail
1415,55.9,0.2,4383,0,45,-45,90,90,-45,Quasi-Isotropic,470.257,0.006718,1.00769,1.844,No Fail
1416,56.0,0.2,3706,0,45,-45,90,90,-45,Quasi-Isotropic,360.056,0.005144,0.77155,1.529,No Fail
1417,56.1,0.2,3538,0,45,-45,90,90,-45,Quasi-Isotropic,307.214,0.004389,0.65832,1.378,No Fail
1418,56.2,0.2,4345,0,45,-45,90,90,-45,Quasi-Isotropic,450.295,0.006433,0.96492,1.787,No Fail
1419,56.3,0.2,1726,0,45,-45,90,90,-45,Quasi-Isotropic,164.462,0.002349,0.35242,0.97,FAIL
1420,56.4,0.2,3052,0,45,-45,90,90,-45,Quasi-Isotropic,217.942,0.003113,0.46702,1.123,No Fail
1421,56.5,0.2,4668,0,45,-45,90,90,-45,Quasi-Isotropic,504.678,0.00721,1.08145,1.942,No Fail
1422,56.6,0.2,2660,0,45,-45,90,90,-45,Quasi-Isotropic,179.728,0.002568,0.38513,1.014,No Fail
1423,56.7,0.2,3113,0,45,-45,90,90,-45,Quasi-Isotropic,328.494,0.004693,0.70392,1.439,No Fail
1424,56.8,0.2,3509,0,45,-45,90,90,-45,Quasi-Isotropic,360.873,0.005155,0.7733,1.531,No Fail
1425,56.9,0.2,2882,0,45,-45,90,90,-45,Quasi-Isotropic,207.297,0.002961,0.44421,1.092,No Fail
1426,57.0,0.2,3891,0,45,-45,90,90,-45,Quasi-Isotropic,423.412,0.006049,0.90731,1.71,No Fail
1427,57.1,0.2,2252,0,45,-45,90,90,-45,Quasi-Isotropic,209.444,0.002992,0.44881,1.098,No Fail
1428,57.2,0.2,2479,0,45,-45,90,90,-45,Quasi-Isotropic,235.081,0.003358,0.50374,1.172,No Fail
1429,57.3,0.2,1621,0,45,-45,90,90,-45,Quasi-Isotropic,60.0,0.000857,0.12857,0.671,FAIL
1430,57.4,0.2,2360,0,45,-45,90,90,-45,Quasi-Isotropic,168.928,0.002413,0.36199,0.983,FAIL
1431,57.5,0.2,2942,0,45,-45,90,90,-45,Quasi-Isotropic,277.624,0.003966,0.59491,1.293,No Fail
1432,57.6,0.2,1713,0,45,-45,90,90,-45,Quasi-Isotropic,99.529,0.001422,0.21328,0.784,FAIL
1433,57.7,0.2,1980,0,45,-45,90,90,-45,Quasi-Isotropic,164.066,0.002344,0.35157,0.969,FAIL
1434,57.8,0.2,4596,0,45,-45,90,90,-45,Quasi-Isotropic,487.619,0.006966,1.0449,1.893,No Fail
1435,57.9,0.2,3708,0,45,-45,90,90,-45,Quasi-Isotropic,341.819,0.004883,0.73247,1.477,No Fail
1436,58.0,0.2,4282,0,45,-45,90,90,-45,Quasi-Isotropic,377.575,0.005394,0.80909,1.579,No Fail
1437,58.1,0.2,4237,0,45,-45,90,90,-45,Quasi-Isotropic,349.676,0.004995,0.74931,1.499,No Fail
1438,58.2,0.2,3406,0,45,-45,90,90,-45,Quasi-Isotropic,325.604,0.004651,0.69772,1.43,No Fail
1439,58.3,0.2,4694,0,45,-45,90,90,-45,Quasi-Isotropic,465.163,0.006645,0.99678,1.829,No Fail
1440,58.4,0.2,2859,0,45,-45,90,90,-45,Quasi-Isotropic,242.833,0.003469,0.52036,1.194,No Fail
1441,58.5,0.2,2616,0,45,-45,90,90,-45,Quasi-Isotropic,252.351,0.003605,0.54075,1.221,No Fail
1442,58.6,0.2,4635,0,45,-45,90,90,-45,Quasi-Isotropic,489.939,0.006999,1.04987,1.9,No Fail
1443,58.7,0.2,1705,0,45,-45,90,90,-45,Quasi-Isotropic,71.184,0.001017,0.15254,0.703,FAIL
1444,58.8,0.2,3353,0,45,-45,90,90,-45,Quasi-Isotropic,243.378,0.003477,0.52152,1.195,No Fail
1445,58.9,0.2,4999,0,45,-45,90,90,-45,Quasi-Isotropic,467.813,0.006683,1.00246,1.837,No Fail
1446,59.0,0.2,1850,0,45,-45,90,90,-45,Quasi-Isotropic,65.179,0.000931,0.13967,0.686,FAIL
1447,59.1,0.2,2433,0,45,-45,90,90,-45,Quasi-Isotropic,173.118,0.002473,0.37097,0.995,FAIL
1448,59.2,0.2,4710,0,45,-45,90,90,-45,Quasi-Isotropic,427.295,0.006104,0.91563,1.721,No Fail
1449,59.3,0.2,4987,0,45,-45,90,90,-45,Quasi-Isotropic,551.776,0.007883,1.18238,2.077,No Fail
1450,59.4,0.2,4463,0,45,-45,90,90,-45,Quasi-Isotropic,469.203,0.006703,1.00543,1.841,No Fail
1451,59.5,0.2,2742,0,45,-45,90,90,-45,Quasi-Isotropic,193.331,0.002762,0.41428,1.052,No Fail
1452,59.6,0.2,4458,0,45,-45,90,90,-45,Quasi-Isotropic,394.286,0.005633,0.8449,1.627,No Fail
1453,59.7,0.2,3574,0,45,-45,90,90,-45,Quasi-Isotropic,367.726,0.005253,0.78798,1.551,No Fail
1454,59.8,0.2,3942,0,45,-45,90,90,-45,Quasi-Isotropic,336.258,0.004804,0.72055,1.461,No Fail
1455,59.9,0.2,1599,0,45,-45,90,90,-45,Quasi-Isotropic,60.0,0.000857,0.12857,0.671,FAIL
1456,60.0,0.2,4816,0,45,-45,90,90,-45,Quasi-Isotropic,453.907,0.006484,0.97266,1.797,No Fail
1457,60.1,0.2,3471,0,45,-45,90,90,-45,Quasi-Isotropic,308.873,0.004412,0.66187,1.382,No Fail
1458,60.2,0.2,4958,0,45,-45,90,90,-45,Quasi-Isotropic,532.375,0.007605,1.1408,2.021,No Fail
1459,60.3,0.2,3223,0,45,-45,90,90,-45,Quasi-Isotropic,240.94,0.003442,0.5163,1.188,No Fail
1460,60.4,0.2,3217,0,45,-45,90,90,-45,Quasi-Isotropic,308.897,0.004413,0.66192,1.383,No Fail
1461,60.5,0.2,2314,0,45,-45,90,90,-45,Quasi-Isotropic,226.871,0.003241,0.48615,1.148,No Fail
1462,60.6,0.2,3343,0,45,-45,90,90,-45,Quasi-Isotropic,334.851,0.004784,0.71754,1.457,No Fail
1463,60.7,0.2,4713,0,45,-45,90,90,-45,Quasi-Isotropic,525.434,0.007506,1.12593,2.001,No Fail
1464,60.8,0.2,1957,0,45,-45,90,90,-45,Quasi-Isotropic,170.63,0.002438,0.36564,0.988,FAIL
1465,60.9,0.2,4716,0,45,-45,90,90,-45,Quasi-Isotropic,439.855,0.006284,0.94255,1.757,No Fail
1466,61.0,0.2,2633,0,45,-45,90,90,-45,Quasi-Isotropic,174.593,0.002494,0.37413,0.999,FAIL
1467,61.1,0.2,3553,0,45,-45,90,90,-45,Quasi-Isotropic,383.746,0.005482,0.82231,1.596,No Fail
1468,61.2,0.2,4210,0,45,-45,90,90,-45,Quasi-Isotropic,355.167,0.005074,0.76107,1.515,No Fail
1469,61.3,0.2,4512,0,45,-45,90,90,-45,Quasi-Isotropic,399.903,0.005713,0.85694,1.643,No Fail
1470,61.4,0.2,2808,0,45,-45,90,90,-45,Quasi-Isotropic,181.641,0.002595,0.38923,1.019,No Fail
1471,61.5,0.2,2885,0,45,-45,90,90,-45,Quasi-Isotropic,193.119,0.002759,0.41383,1.052,No Fail
1472,61.6,0.2,2556,0,45,-45,90,90,-45,Quasi-Isotropic,254.618,0.003637,0.54561,1.227,No Fail
1473,61.7,0.2,2051,0,45,-45,90,90,-45,Quasi-Isotropic,189.777,0.002711,0.40667,1.042,No Fail
1474,61.8,0.2,4271,0,45,-45,90,90,-45,Quasi-Isotropic,358.731,0.005125,0.76871,1.525,No Fail
1475,61.9,0.2,3772,0,45,-45,90,90,-45,Quasi-Isotropic,297.376,0.004248,0.63723,1.35,No Fail
1476,62.0,0.2,4891,0,45,-45,90,90,-45,Quasi-Isotropic,525.968,0.007514,1.12707,2.003,No Fail
1477,62.1,0.2,4751,0,45,-45,90,90,-45,Quasi-Isotropic,446.888,0.006384,0.95762,1.777,No Fail
1478,62.2,0.2,2281,0,45,-45,90,90,-45,Quasi-Isotropic,139.321,0.00199,0.29854,0.898,FAIL
1479,62.3,0.2,2114,0,45,-45,90,90,-45,Quasi-Isotropic,142.974,0.002042,0.30637,0.908,FAIL
1480,62.4,0.2,3910,0,45,-45,90,90,-45,Quasi-Isotropic,392.351,0.005605,0.84075,1.621,No Fail
1481,62.5,0.2,4051,0,45,-45,90,90,-45,Quasi-Isotropic,430.827,0.006155,0.9232,1.731,No Fail
1482,62.6,0.2,4820,0,45,-45,90,90,-45,Quasi-Isotropic,424.599,0.006066,0.90985,1.713,No Fail
1483,62.7,0.2,4980,0,45,-45,90,90,-45,Quasi-Isotropic,510.607,0.007294,1.09416,1.959,No Fail
1484,62.8,0.2,1613,0,45,-45,90,90,-45,Quasi-Isotropic,60.0,0.000857,0.12857,0.671,FAIL
1485,62.9,0.2,4724,0,45,-45,90,90,-45,Quasi-Isotropic,454.549,0.006494,0.97403,1.799,No Fail
1486,63.0,0.2,2273,0,45,-45,90,90,-45,Quasi-Isotropic,116.672,0.001667,0.25001,0.833,FAIL
1487,63.1,0.2,4778,0,45,-45,90,90,-45,Quasi-Isotropic,465.543,0.006651,0.99759,1.83,No Fail
1488,63.2,0.2,4109,0,45,-45,90,90,-45,Quasi-Isotropic,436.167,0.006231,0.93464,1.746,No Fail
1489,63.3,0.2,4938,0,45,-45,90,90,-45,Quasi-Isotropic,524.04,0.007486,1.12294,1.997,No Fail
1490,63.4,0.2,4599,0,45,-45,90,90,-45,Quasi-Isotropic,491.688,0.007024,1.05362,1.905,No Fail
1491,63.5,0.2,3981,0,45,-45,90,90,-45,Quasi-Isotropic,427.119,0.006102,0.91525,1.72,No Fail
1492,63.6,0.2,4603,0,45,-45,90,90,-45,Quasi-Isotropic,435.702,0.006224,0.93365,1.745,No Fail
1493,63.7,0.2,2428,0,45,-45,90,90,-45,Quasi-Isotropic,197.794,0.002826,0.42384,1.065,No Fail
1494,63.8,0.2,1737,0,45,-45,90,90,-45,Quasi-Isotropic,138.529,0.001979,0.29685,0.896,FAIL
1495,63.9,0.2,1878,0,45,-45,90,90,-45,Quasi-Isotropic,154.576,0.002208,0.33123,0.942,FAIL
1496,64.0,0.2,2851,0,45,-45,90,90,-45,Quasi-Isotropic,301.94,0.004313,0.64701,1.363,No Fail
1497,64.1,0.2,4892,0,45,-45,90,90,-45,Quasi-Isotropic,459.113,0.006559,0.98381,1.812,No Fail
1498,64.2,0.2,3226,0,45,-45,90,90,-45,Quasi-Isotropic,240.948,0.003442,0.51632,1.188,No Fail
1499,64.3,0.2,3411,0,45,-45,90,90,-45,Quasi-Isotropic,323.885,0.004627,0.69404,1.425,No Fail
1500,64.4,0.2,3178,0,45,-45,90,90,-45,Quasi-Isotropic,329.214,0.004703,0.70546,1.441,No Fail
1501,64.5,0.2,3778,0,30,-30,-30,30,0,Balanced,325.207,0.004646,0.69687,1.429,No Fail
1502,64.6,0.2,2069,0,30,-30,-30,30,0,Balanced,132.149,0.001888,0.28318,0.878,FAIL
1503,64.7,0.2,4460,0,30,-30,-30,30,0,Balanced,510.694,0.007296,1.09434,1.959,No Fail
1504,64.8,0.2,2616,0,30,-30,-30,30,0,Balanced,250.396,0.003577,0.53656,1.215,No Fail
1505,64.9,0.2,1760,0,30,-30,-30,30,0,Balanced,60.0,0.000857,0.12857,0.671,FAIL
1506,65.0,0.2,2814,0,30,-30,-30,30,0,Balanced,291.144,0.004159,0.62388,1.332,No Fail
1507,40.0,0.2,3415,0,30,-30,-30,30,0,Balanced,296.017,0.004229,0.63432,1.346,No Fail
1508,40.1,0.2,1826,0,30,-30,-30,30,0,Balanced,74.896,0.00107,0.16049,0.714,FAIL
1509,40.2,0.2,3648,0,30,-30,-30,30,0,Balanced,342.769,0.004897,0.73451,1.479,No Fail
1510,40.3,0.2,1608,0,30,-30,-30,30,0,Balanced,99.843,0.001426,0.21395,0.785,FAIL
1511,40.4,0.2,2077,0,30,-30,-30,30,0,Balanced,101.016,0.001443,0.21646,0.789,FAIL
1512,40.5,0.2,2050,0,30,-30,-30,30,0,Balanced,104.174,0.001488,0.22323,0.798,FAIL
1513,40.6,0.2,2219,0,30,-30,-30,30,0,Balanced,224.889,0.003213,0.48191,1.143,No Fail
1514,40.7,0.2,3940,0,30,-30,-30,30,0,Balanced,430.526,0.00615,0.92256,1.73,No Fail
1515,40.8,0.2,4055,0,30,-30,-30,30,0,Balanced,377.942,0.005399,0.80988,1.58,No Fail
1516,40.9,0.2,2485,0,30,-30,-30,30,0,Balanced,237.728,0.003396,0.50942,1.179,No Fail
1517,41.0,0.2,1674,0,30,-30,-30,30,0,Balanced,138.958,0.001985,0.29777,0.897,FAIL
1518,41.1,0.2,4439,0,30,-30,-30,30,0,Balanced,445.333,0.006362,0.95428,1.772,No Fail
1519,41.2,0.2,2763,0,30,-30,-30,30,0,Balanced,286.773,0.004097,0.61451,1.319,No Fail
1520,41.3,0.2,2531,0,30,-30,-30,30,0,Balanced,223.018,0.003186,0.4779,1.137,No Fail
1521,41.4,0.2,3601,0,30,-30,-30,30,0,Balanced,328.28,0.00469,0.70346,1.438,No Fail
1522,41.5,0.2,1590,0,30,-30,-30,30,0,Balanced,133.19,0.001903,0.28541,0.881,FAIL
1523,41.6,0.2,2521,0,30,-30,-30,30,0,Balanced,254.164,0.003631,0.54464,1.226,No Fail
1524,41.7,0.2,4453,0,30,-30,-30,30,0,Balanced,508.778,0.007268,1.09024,1.954,No Fail
1525,41.8,0.2,2891,0,30,-30,-30,30,0,Balanced,283.431,0.004049,0.60735,1.31,No Fail
1526,41.9,0.2,3814,0,30,-30,-30,30,0,Balanced,376.892,0.005384,0.80763,1.577,No Fail
1527,42.0,0.2,3404,0,30,-30,-30,30,0,Balanced,375.476,0.005364,0.80459,1.573,No Fail
1528,42.1,0.2,4599,0,30,-30,-30,30,0,Balanced,514.207,0.007346,1.10187,1.969,No Fail
1529,42.2,0.2,3060,0,30,-30,-30,30,0,Balanced,297.042,0.004243,0.63652,1.349,No Fail
1530,42.3,0.2,3128,0,30,-30,-30,30,0,Balanced,318.915,0.004556,0.68339,1.411,No Fail
1531,42.4,0.2,2440,0,30,-30,-30,30,0,Balanced,236.929,0.003385,0.50771,1.177,No Fail
1532,42.5,0.2,4133,0,30,-30,-30,30,0,Balanced,470.969,0.006728,1.00922,1.846,No Fail
1533,42.6,0.2,1800,0,30,-30,-30,30,0,Balanced,100.696,0.001439,0.21578,0.788,FAIL
1534,42.7,0.2,3395,0,30,-30,-30,30,0,Balanced,342.461,0.004892,0.73385,1.478,No Fail
1535,42.8,0.2,3564,0,30,-30,-30,30,0,Balanced,284.76,0.004068,0.6102,1.314,No Fail
1536,42.9,0.2,4443,0,30,-30,-30,30,0,Balanced,448.038,0.006401,0.96008,1.78,No Fail
1537,43.0,0.2,2965,0,30,-30,-30,30,0,Balanced,228.498,0.003264,0.48964,1.153,No Fail
1538,43.1,0.2,4534,0,30,-30,-30,30,0,Balanced,461.825,0.006598,0.98963,1.82,No Fail
1539,43.2,0.2,4586,0,30,-30,-30,30,0,Balanced,475.981,0.0068,1.01996,1.86,No Fail
1540,43.3,0.2,1776,0,30,-30,-30,30,0,Balanced,121.81,0.00174,0.26102,0.848,FAIL
1541,43.4,0.2,4000,0,30,-30,-30,30,0,Balanced,348.259,0.004975,0.74627,1.495,No Fail
1542,43.5,0.2,4652,0,30,-30,-30,30,0,Balanced,480.836,0.006869,1.03036,1.874,No Fail
1543,43.6,0.2,3871,0,30,-30,-30,30,0,Balanced,344.936,0.004928,0.73915,1.486,No Fail
1544,43.7,0.2,1921,0,30,-30,-30,30,0,Balanced,121.89,0.001741,0.26119,0.848,FAIL
1545,43.8,0.2,2105,0,30,-30,-30,30,0,Balanced,127.834,0.001826,0.27393,0.865,FAIL
1546,43.9,0.2,4903,0,30,-30,-30,30,0,Balanced,451.694,0.006453,0.96792,1.791,No Fail
1547,44.0,0.2,1942,0,30,-30,-30,30,0,Balanced,100.782,0.00144,0.21596,0.788,FAIL
1548,44.1,0.2,4959,0,30,-30,-30,30,0,Balanced,529.486,0.007564,1.13461,2.013,No Fail
1549,44.2,0.2,4990,0,30,-30,-30,30,0,Balanced,531.936,0.007599,1.13986,2.02,No Fail
1550,44.3,0.2,4419,0,30,-30,-30,30,0,Balanced,435.811,0.006226,0.93388,1.745,No Fail
1551,44.4,0.2,4688,0,30,-30,-30,30,0,Balanced,516.171,0.007374,1.10608,1.975,No Fail
1552,44.5,0.2,1735,0,30,-30,-30,30,0,Balanced,61.366,0.000877,0.1315,0.675,FAIL
1553,44.6,0.2,2891,0,30,-30,-30,30,0,Balanced,273.333,0.003905,0.58571,1.281,No Fail
1554,44.7,0.2,2467,0,30,-30,-30,30,0,Balanced,227.713,0.003253,0.48796,1.151,No Fail
1555,44.8,0.2,4557,0,30,-30,-30,30,0,Balanced,474.471,0.006778,1.01672,1.856,No Fail
1556,44.9,0.2,3681,0,30,-30,-30,30,0,Balanced,322.663,0.004609,0.69142,1.422,No Fail
1557,45.0,0.2,2969,0,30,-30,-30,30,0,Balanced,266.198,0.003803,0.57042,1.261,No Fail
1558,45.1,0.2,2019,0,30,-30,-30,30,0,Balanced,160.136,0.002288,0.34315,0.958,FAIL
1559,45.2,0.2,4154,0,30,-30,-30,30,0,Balanced,407.365,0.005819,0.87292,1.664,No Fail
1560,45.3,0.2,4737,0,30,-30,-30,30,0,Balanced,436.497,0.006236,0.93535,1.747,No Fail
1561,45.4,0.2,1853,0,30,-30,-30,30,0,Balanced,120.639,0.001723,0.25851,0.845,FAIL
1562,45.5,0.2,3375,0,30,-30,-30,30,0,Balanced,347.167,0.00496,0.74393,1.492,No Fail
1563,45.6,0.2,2938,0,30,-30,-30,30,0,Balanced,284.875,0.00407,0.61045,1.314,No Fail
1564,45.7,0.2,3200,0,30,-30,-30,30,0,Balanced,312.879,0.00447,0.67046,1.394,No Fail
1565,45.8,0.2,1631,0,30,-30,-30,30,0,Balanced,86.793,0.00124,0.18599,0.748,FAIL
1566,45.9,0.2,2003,0,30,-30,-30,30,0,Balanced,175.737,0.002511,0.37658,1.002,No Fail
1567,46.0,0.2,3928,0,30,-30,-30,30,0,Balanced,376.214,0.005374,0.80617,1.575,No Fail
1568,46.1,0.2,4614,0,30,-30,-30,30,0,Balanced,534.416,0.007635,1.14518,2.027,No Fail
1569,46.2,0.2,2332,0,30,-30,-30,30,0,Balanced,210.004,0.003,0.45001,1.1,No Fail
1570,46.3,0.2,4723,0,30,-30,-30,30,0,Balanced,459.124,0.006559,0.98384,1.812,No Fail
1571,46.4,0.2,1571,0,30,-30,-30,30,0,Balanced,60.0,0.000857,0.12857,0.671,FAIL
1572,46.5,0.2,2561,0,30,-30,-30,30,0,Balanced,177.657,0.002538,0.38069,1.008,No Fail
1573,46.6,0.2,3221,0,30,-30,-30,30,0,Balanced,328.48,0.004693,0.70389,1.439,No Fail
1574,46.7,0.2,1844,0,30,-30,-30,30,0,Balanced,102.595,0.001466,0.21985,0.793,FAIL
1575,46.8,0.2,1970,0,30,-30,-30,30,0,Balanced,96.783,0.001383,0.20739,0.777,FAIL
1576,46.9,0.2,3051,0,30,-30,-30,30,0,Balanced,219.66,0.003138,0.4707,1.128,No Fail
1577,47.0,0.2,2443,0,30,-30,-30,30,0,Balanced,161.76,0.002311,0.34663,0.962,FAIL
1578,47.1,0.2,3759,0,30,-30,-30,30,0,Balanced,379.176,0.005417,0.81252,1.583,No Fail
1579,47.2,0.2,2240,0,30,-30,-30,30,0,Balanced,216.543,0.003093,0.46402,1.119,No Fail
1580,47.3,0.2,4093,0,30,-30,-30,30,0,Balanced,369.937,0.005285,0.79272,1.557,No Fail
1581,47.4,0.2,4535,0,30,-30,-30,30,0,Balanced,433.734,0.006196,0.92943,1.739,No Fail
1582,47.5,0.2,3303,0,30,-30,-30,30,0,Balanced,270.786,0.003868,0.58026,1.274,No Fail
1583,47.6,0.2,2589,0,30,-30,-30,30,0,Balanced,264.175,0.003774,0.56609,1.255,No Fail
1584,47.7,0.2,1975,0,30,-30,-30,30,0,Balanced,142.965,0.002042,0.30635,0.908,FAIL
1585,47.8,0.2,4578,0,30,-30,-30,30,0,Balanced,427.522,0.006107,0.91612,1.721,No Fail
1586,47.9,0.2,2175,0,30,-30,-30,30,0,Balanced,228.361,0.003262,0.48935,1.152,No Fail
1587,48.0,0.2,4429,0,30,-30,-30,30,0,Balanced,411.158,0.005874,0.88105,1.675,No Fail
1588,48.1,0.2,3098,0,30,-30,-30,30,0,Balanced,316.858,0.004527,0.67898,1.405,No Fail
1589,48.2,0.2,3966,0,30,-30,-30,30,0,Balanced,342.072,0.004887,0.73301,1.477,No Fail
1590,48.3,0.2,4382,0,30,-30,-30,30,0,Balanced,475.645,0.006795,1.01924,1.859,No Fail
1591,48.4,0.2,3724,0,30,-30,-30,30,0,Balanced,363.57,0.005194,0.77908,1.539,No Fail
1592,48.5,0.2,1607,0,30,-30,-30,30,0,Balanced,144.87,0.00207,0.31044,0.914,FAIL
1593,48.6,0.2,3579,0,30,-30,-30,30,0,Balanced,362.042,0.005172,0.77581,1.534,No Fail
1594,48.7,0.2,4547,0,30,-30,-30,30,0,Balanced,508.506,0.007264,1.08966,1.953,No Fail
1595,48.8,0.2,2724,0,30,-30,-30,30,0,Balanced,227.297,0.003247,0.48707,1.149,No Fail
1596,48.9,0.2,4631,0,30,-30,-30,30,0,Balanced,520.868,0.007441,1.11615,1.988,No Fail
1597,49.0,0.2,3911,0,30,-30,-30,30,0,Balanced,356.414,0.005092,0.76374,1.518,No Fail
1598,49.1,0.2,2853,0,30,-30,-30,30,0,Balanced,281.557,0.004022,0.60334,1.304,No Fail
1599,49.2,0.2,3503,0,30,-30,-30,30,0,Balanced,378.839,0.005412,0.8118,1.582,No Fail
1600,49.3,0.2,4500,0,30,-30,-30,30,0,Balanced,403.406,0.005763,0.86444,1.653,No Fail
1601,49.4,0.2,3872,0,30,-30,-30,30,0,Balanced,364.294,0.005204,0.78063,1.541,No Fail
1602,49.5,0.2,2933,0,30,-30,-30,30,0,Balanced,293.688,0.004196,0.62933,1.339,No Fail
1603,49.6,0.2,4231,0,30,-30,-30,30,0,Balanced,488.587,0.00698,1.04697,1.896,No Fail
1604,49.7,0.2,1531,0,30,-30,-30,30,0,Balanced,60.0,0.000857,0.12857,0.671,FAIL
1605,49.8,0.2,3766,0,30,-30,-30,30,0,Balanced,317.64,0.004538,0.68066,1.408,No Fail
1606,49.9,0.2,1530,0,30,-30,-30,30,0,Balanced,74.989,0.001071,0.16069,0.714,FAIL
1607,50.0,0.2,4318,0,30,-30,-30,30,0,Balanced,470.242,0.006718,1.00766,1.844,No Fail
1608,50.1,0.2,4885,0,30,-30,-30,30,0,Balanced,534.97,0.007642,1.14636,2.028,No Fail
1609,50.2,0.2,2983,0,30,-30,-30,30,0,Balanced,252.914,0.003613,0.54196,1.223,No Fail
1610,50.3,0.2,2720,0,30,-30,-30,30,0,Balanced,253.345,0.003619,0.54288,1.224,No Fail
1611,50.4,0.2,3133,0,30,-30,-30,30,0,Balanced,321.062,0.004587,0.68799,1.417,No Fail
1612,50.5,0.2,4385,0,30,-30,-30,30,0,Balanced,425.194,0.006074,0.91113,1.715,No Fail
1613,50.6,0.2,1858,0,30,-30,-30,30,0,Balanced,142.078,0.00203,0.30445,0.906,FAIL
1614,50.7,0.2,3818,0,30,-30,-30,30,0,Balanced,374.648,0.005352,0.80282,1.57,No Fail
1615,50.8,0.2,2810,0,30,-30,-30,30,0,Balanced,205.782,0.00294,0.44096,1.088,No Fail
1616,50.9,0.2,3632,0,30,-30,-30,30,0,Balanced,334.026,0.004772,0.71577,1.454,No Fail
1617,51.0,0.2,1878,0,30,-30,-30,30,0,Balanced,157.066,0.002244,0.33657,0.949,FAIL
1618,51.1,0.2,4959,0,30,-30,-30,30,0,Balanced,574.824,0.008212,1.23177,2.142,No Fail
1619,51.2,0.2,4515,0,30,-30,-30,30,0,Balanced,446.203,0.006374,0.95615,1.775,No Fail
1620,51.3,0.2,3989,0,30,-30,-30,30,0,Balanced,427.688,0.00611,0.91647,1.722,No Fail
1621,51.4,0.2,2546,0,30,-30,-30,30,0,Balanced,166.328,0.002376,0.35642,0.975,FAIL
1622,51.5,0.2,4179,0,30,-30,-30,30,0,Balanced,465.683,0.006653,0.99789,1.831,No Fail
1623,51.6,0.2,4319,0,30,-30,-30,30,0,Balanced,388.834,0.005555,0.83322,1.611,No Fail
1624,51.7,0.2,3600,0,30,-30,-30,30,0,Balanced,310.517,0.004436,0.66539,1.387,No Fail
1625,51.8,0.2,3883,0,30,-30,-30,30,0,Balanced,363.986,0.0052,0.77997,1.54,No Fail
1626,51.9,0.2,3794,0,30,-30,-30,30,0,Balanced,345.15,0.004931,0.73961,1.486,No Fail
1627,52.0,0.2,2408,0,30,-30,-30,30,0,Balanced,135.726,0.001939,0.29084,0.888,FAIL
1628,52.1,0.2,2859,0,30,-30,-30,30,0,Balanced,265.49,0.003793,0.56891,1.259,No Fail
1629,52.2,0.2,3978,0,30,-30,-30,30,0,Balanced,454.808,0.006497,0.97459,1.799,No Fail
1630,52.3,0.2,2165,0,30,-30,-30,30,0,Balanced,158.675,0.002267,0.34002,0.953,FAIL
1631,52.4,0.2,2278,0,30,-30,-30,30,0,Balanced,153.517,0.002193,0.32896,0.939,FAIL
1632,52.5,0.2,4247,0,30,-30,-30,30,0,Balanced,425.776,0.006083,0.91238,1.717,No Fail
1633,52.6,0.2,3852,0,30,-30,-30,30,0,Balanced,329.072,0.004701,0.70515,1.44,No Fail
1634,52.7,0.2,4459,0,30,-30,-30,30,0,Balanced,455.908,0.006513,0.97695,1.803,No Fail
1635,52.8,0.2,4568,0,30,-30,-30,30,0,Balanced,427.614,0.006109,0.91632,1.722,No Fail
1636,52.9,0.2,1842,0,30,-30,-30,30,0,Balanced,167.22,0.002389,0.35833,0.978,FAIL
1637,53.0,0.2,2405,0,30,-30,-30,30,0,Balanced,244.945,0.003499,0.52488,1.2,No Fail
1638,53.1,0.2,4170,0,30,-30,-30,30,0,Balanced,381.596,0.005451,0.8177,1.59,No Fail
1639,53.2,0.2,3879,0,30,-30,-30,30,0,Balanced,423.687,0.006053,0.9079,1.711,No Fail
1640,53.3,0.2,1813,0,30,-30,-30,30,0,Balanced,144.092,0.002058,0.30877,0.912,FAIL
1641,53.4,0.2,4105,0,30,-30,-30,30,0,Balanced,430.431,0.006149,0.92235,1.73,No Fail
1642,53.5,0.2,4258,0,30,-30,-30,30,0,Balanced,455.855,0.006512,0.97683,1.802,No Fail
1643,53.6,0.2,2412,0,30,-30,-30,30,0,Balanced,220.161,0.003145,0.47177,1.129,No Fail
1644,53.7,0.2,4479,0,30,-30,-30,30,0,Balanced,485.335,0.006933,1.04,1.887,No Fail
1645,53.8,0.2,4532,0,30,-30,-30,30,0,Balanced,469.792,0.006711,1.0067,1.842,No Fail
1646,53.9,0.2,4805,0,30,-30,-30,30,0,Balanced,489.906,0.006999,1.0498,1.9,No Fail
1647,54.0,0.2,4613,0,30,-30,-30,30,0,Balanced,530.264,0.007575,1.13628,2.015,No Fail
1648,54.1,0.2,4536,0,30,-30,-30,30,0,Balanced,466.506,0.006664,0.99966,1.833,No Fail
1649,54.2,0.2,2544,0,30,-30,-30,30,0,Balanced,230.485,0.003293,0.4939,1.159,No Fail
1650,54.3,0.2,4490,0,30,-30,-30,30,0,Balanced,516.908,0.007384,1.10766,1.977,No Fail
1651,54.4,0.2,2201,0,30,-30,-30,30,0,Balanced,218.023,0.003115,0.46719,1.123,No Fail
1652,54.5,0.2,3493,0,30,-30,-30,30,0,Balanced,346.549,0.004951,0.7426,1.49,No Fail
1653,54.6,0.2,3102,0,30,-30,-30,30,0,Balanced,234.555,0.003351,0.50262,1.17,No Fail
1654,54.7,0.2,4005,0,30,-30,-30,30,0,Balanced,422.745,0.006039,0.90588,1.708,No Fail
1655,54.8,0.2,3207,0,30,-30,-30,30,0,Balanced,263.877,0.00377,0.56545,1.254,No Fail
1656,54.9,0.2,2119,0,30,-30,-30,30,0,Balanced,145.469,0.002078,0.31172,0.916,FAIL
1657,55.0,0.2,1516,0,30,-30,-30,30,0,Balanced,69.132,0.000988,0.14814,0.698,FAIL
1658,55.1,0.2,4164,0,30,-30,-30,30,0,Balanced,448.222,0.006403,0.96048,1.781,No Fail
1659,55.2,0.2,4176,0,30,-30,-30,30,0,Balanced,462.893,0.006613,0.99191,1.823,No Fail
1660,55.3,0.2,4172,0,30,-30,-30,30,0,Balanced,422.047,0.006029,0.90439,1.706,No Fail
1661,55.4,0.2,3651,0,30,-30,-30,30,0,Balanced,406.892,0.005813,0.87191,1.663,No Fail
1662,55.5,0.2,2912,0,30,-30,-30,30,0,Balanced,245.077,0.003501,0.52517,1.2,No Fail
1663,55.6,0.2,2842,0,30,-30,-30,30,0,Balanced,194.411,0.002777,0.4166,1.055,No Fail
1664,55.7,0.2,2198,0,30,-30,-30,30,0,Balanced,230.188,0.003288,0.49326,1.158,No Fail
1665,55.8,0.2,1549,0,30,-30,-30,30,0,Balanced,106.197,0.001517,0.22757,0.803,FAIL
1666,55.9,0.2,4416,0,30,-30,-30,30,0,Balanced,473.855,0.006769,1.0154,1.854,No Fail
1667,56.0,0.2,3869,0,30,-30,-30,30,0,Balanced,421.433,0.00602,0.90307,1.704,No Fail
1668,56.1,0.2,2371,0,30,-30,-30,30,0,Balanced,177.768,0.00254,0.38093,1.008,No Fail
1669,56.2,0.2,2705,0,30,-30,-30,30,0,Balanced,211.474,0.003021,0.45316,1.104,No Fail
1670,56.3,0.2,2842,0,30,-30,-30,30,0,Balanced,299.9,0.004284,0.64264,1.357,No Fail
1671,56.4,0.2,2085,0,30,-30,-30,30,0,Balanced,146.483,0.002093,0.31389,0.919,FAIL
1672,56.5,0.2,2544,0,30,-30,-30,30,0,Balanced,174.703,0.002496,0.37436,0.999,FAIL
1673,56.6,0.2,4047,0,30,-30,-30,30,0,Balanced,431.33,0.006162,0.92428,1.732,No Fail
1674,56.7,0.2,2682,0,30,-30,-30,30,0,Balanced,220.843,0.003155,0.47323,1.131,No Fail
1675,56.8,0.2,4984,0,30,-30,-30,30,0,Balanced,474.119,0.006773,1.01597,1.855,No Fail
1676,56.9,0.2,4655,0,30,-30,-30,30,0,Balanced,501.326,0.007162,1.07427,1.932,No Fail
1677,57.0,0.2,2159,0,30,-30,-30,30,0,Balanced,184.83,0.00264,0.39606,1.028,No Fail
1678,57.1,0.2,4714,0,30,-30,-30,30,0,Balanced,432.47,0.006178,0.92672,1.736,No Fail
1679,57.2,0.2,2299,0,30,-30,-30,30,0,Balanced,196.905,0.002813,0.42194,1.063,No Fail
1680,57.3,0.2,1959,0,30,-30,-30,30,0,Balanced,113.238,0.001618,0.24265,0.824,FAIL
1681,57.4,0.2,3564,0,30,-30,-30,30,0,Balanced,314.561,0.004494,0.67406,1.399,No Fail
1682,57.5,0.2,2783,0,30,-30,-30,30,0,Balanced,287.375,0.004105,0.6158,1.321,No Fail
1683,57.6,0.2,1631,0,30,-30,-30,30,0,Balanced,81.509,0.001164,0.17466,0.733,FAIL
1684,57.7,0.2,2395,0,30,-30,-30,30,0,Balanced,149.358,0.002134,0.32005,0.927,FAIL
1685,57.8,0.2,1670,0,30,-30,-30,30,0,Balanced,101.05,0.001444,0.21654,0.789,FAIL
1686,57.9,0.2,3817,0,30,-30,-30,30,0,Balanced,313.599,0.00448,0.672,1.396,No Fail
1687,58.0,0.2,1569,0,30,-30,-30,30,0,Balanced,73.357,0.001048,0.15719,0.71,FAIL
1688,58.1,0.2,2959,0,30,-30,-30,30,0,Balanced,243.89,0.003484,0.52262,1.197,No Fail
1689,58.2,0.2,3415,0,30,-30,-30,30,0,Balanced,340.44,0.004863,0.72951,1.473,No Fail
1690,58.3,0.2,2036,0,30,-30,-30,30,0,Balanced,154.755,0.002211,0.33162,0.942,FAIL
1691,58.4,0.2,3706,0,30,-30,-30,30,0,Balanced,337.373,0.00482,0.72294,1.464,No Fail
1692,58.5,0.2,3816,0,30,-30,-30,30,0,Balanced,400.853,0.005726,0.85897,1.645,No Fail
1693,58.6,0.2,2445,0,30,-30,-30,30,0,Balanced,182.587,0.002608,0.39126,1.022,No Fail
1694,58.7,0.2,1980,0,30,-30,-30,30,0,Balanced,131.179,0.001874,0.2811,0.875,FAIL
1695,58.8,0.2,1867,0,30,-30,-30,30,0,Balanced,88.605,0.001266,0.18987,0.753,FAIL
1696,58.9,0.2,1912,0,30,-30,-30,30,0,Balanced,108.356,0.001548,0.23219,0.81,FAIL
1697,59.0,0.2,1872,0,30,-30,-30,30,0,Balanced,179.497,0.002564,0.38464,1.013,No Fail
1698,59.1,0.2,2199,0,30,-30,-30,30,0,Balanced,210.06,0.003001,0.45013,1.1,No Fail
1699,59.2,0.2,3331,0,30,-30,-30,30,0,Balanced,344.57,0.004922,0.73836,1.484,No Fail
1700,59.3,0.2,3962,0,30,-30,-30,30,0,Balanced,431.805,0.006169,0.9253,1.734,No Fail
1701,59.4,0.2,1638,0,30,-30,-30,30,0,Balanced,127.164,0.001817,0.27249,0.863,FAIL
1702,59.5,0.2,2227,0,30,-30,-30,30,0,Balanced,176.052,0.002515,0.37726,1.003,No Fail
1703,59.6,0.2,2657,0,30,-30,-30,30,0,Balanced,175.223,0.002503,0.37548,1.001,No Fail
1704,59.7,0.2,3851,0,30,-30,-30,30,0,Balanced,442.845,0.006326,0.94895,1.765,No Fail
1705,59.8,0.2,4423,0,30,-30,-30,30,0,Balanced,401.07,0.00573,0.85944,1.646,No Fail
1706,59.9,0.2,2022,0,30,-30,-30,30,0,Balanced,128.476,0.001835,0.27531,0.867,FAIL
1707,60.0,0.2,3291,0,30,-30,-30,30,0,Balanced,361.312,0.005162,0.77424,1.532,No Fail
1708,60.1,0.2,1855,0,30,-30,-30,30,0,Balanced,100.5,0.001436,0.21536,0.787,FAIL
1709,60.2,0.2,2309,0,30,-30,-30,30,0,Balanced,216.699,0.003096,0.46436,1.119,No Fail
1710,60.3,0.2,2536,0,30,-30,-30,30,0,Balanced,152.974,0.002185,0.3278,0.937,FAIL
1711,60.4,0.2,1849,0,30,-30,-30,30,0,Balanced,132.517,0.001893,0.28396,0.879,FAIL
1712,60.5,0.2,1638,0,30,-30,-30,30,0,Balanced,142.383,0.002034,0.30511,0.907,FAIL
1713,60.6,0.2,4306,0,30,-30,-30,30,0,Balanced,463.892,0.006627,0.99406,1.825,No Fail
1714,60.7,0.2,4085,0,30,-30,-30,30,0,Balanced,433.295,0.00619,0.92849,1.738,No Fail
1715,60.8,0.2,4154,0,30,-30,-30,30,0,Balanced,469.398,0.006706,1.00585,1.841,No Fail
1716,60.9,0.2,4482,0,30,-30,-30,30,0,Balanced,516.949,0.007385,1.10775,1.977,No Fail
1717,61.0,0.2,2097,0,30,-30,-30,30,0,Balanced,138.613,0.00198,0.29703,0.896,FAIL
1718,61.1,0.2,3032,0,30,-30,-30,30,0,Balanced,294.984,0.004214,0.63211,1.343,No Fail
1719,61.2,0.2,4575,0,30,-30,-30,30,0,Balanced,456.06,0.006515,0.97727,1.803,No Fail
1720,61.3,0.2,4352,0,30,-30,-30,30,0,Balanced,494.687,0.007067,1.06004,1.913,No Fail
1721,61.4,0.2,2903,0,30,-30,-30,30,0,Balanced,300.701,0.004296,0.64436,1.359,No Fail
1722,61.5,0.2,2451,0,30,-30,-30,30,0,Balanced,145.627,0.00208,0.31206,0.916,FAIL
1723,61.6,0.2,4477,0,30,-30,-30,30,0,Balanced,473.546,0.006765,1.01474,1.853,No Fail
1724,61.7,0.2,3771,0,30,-30,-30,30,0,Balanced,332.354,0.004748,0.71219,1.45,No Fail
1725,61.8,0.2,1896,0,30,-30,-30,30,0,Balanced,96.447,0.001378,0.20667,0.776,FAIL
1726,61.9,0.2,1705,0,30,-30,-30,30,0,Balanced,85.146,0.001216,0.18245,0.743,FAIL
1727,62.0,0.2,2058,0,30,-30,-30,30,0,Balanced,98.543,0.001408,0.21116,0.782,FAIL
1728,62.1,0.2,3568,0,30,-30,-30,30,0,Balanced,355.101,0.005073,0.76093,1.515,No Fail
1729,62.2,0.2,3874,0,30,-30,-30,30,0,Balanced,345.086,0.00493,0.73947,1.486,No Fail
1730,62.3,0.2,2829,0,30,-30,-30,30,0,Balanced,291.631,0.004166,0.62492,1.333,No Fail
1731,62.4,0.2,1601,0,30,-30,-30,30,0,Balanced,114.524,0.001636,0.24541,0.827,FAIL
1732,62.5,0.2,4435,0,30,-30,-30,30,0,Balanced,430.552,0.006151,0.92261,1.73,No Fail
1733,62.6,0.2,1957,0,30,-30,-30,30,0,Balanced,81.965,0.001171,0.17564,0.734,FAIL
1734,62.7,0.2,1895,0,30,-30,-30,30,0,Balanced,80.835,0.001155,0.17322,0.731,FAIL
1735,62.8,0.2,1661,0,30,-30,-30,30,0,Balanced,115.452,0.001649,0.2474,0.83,FAIL
1736,62.9,0.2,2600,0,30,-30,-30,30,0,Balanced,252.616,0.003609,0.54132,1.222,No Fail
1737,63.0,0.2,3873,0,30,-30,-30,30,0,Balanced,357.191,0.005103,0.76541,1.521,No Fail
1738,63.1,0.2,3518,0,30,-30,-30,30,0,Balanced,304.594,0.004351,0.6527,1.37,No Fail
1739,63.2,0.2,4923,0,30,-30,-30,30,0,Balanced,507.06,0.007244,1.08656,1.949,No Fail
1740,63.3,0.2,2684,0,30,-30,-30,30,0,Balanced,211.79,0.003026,0.45384,1.105,No Fail
1741,63.4,0.2,3952,0,30,-30,-30,30,0,Balanced,390.045,0.005572,0.83581,1.614,No Fail
1742,63.5,0.2,3816,0,30,-30,-30,30,0,Balanced,426.815,0.006097,0.9146,1.719,No Fail
1743,63.6,0.2,2710,0,30,-30,-30,30,0,Balanced,268.155,0.003831,0.57462,1.266,No Fail
1744,63.7,0.2,2847,0,30,-30,-30,30,0,Balanced,231.517,0.003307,0.49611,1.161,No Fail
1745,63.8,0.2,3454,0,30,-30,-30,30,0,Balanced,287.512,0.004107,0.6161,1.321,No Fail
1746,63.9,0.2,1691,0,30,-30,-30,30,0,Balanced,60.0,0.000857,0.12857,0.671,FAIL
1747,64.0,0.2,2049,0,30,-30,-30,30,0,Balanced,135.137,0.001931,0.28958,0.886,FAIL
1748,64.1,0.2,4482,0,30,-30,-30,30,0,Balanced,415.721,0.005939,0.89083,1.688,No Fail
1749,64.2,0.2,1762,0,30,-30,-30,30,0,Balanced,70.469,0.001007,0.15101,0.701,FAIL
1750,64.3,0.2,2343,0,30,-30,-30,30,0,Balanced,191.286,0.002733,0.4099,1.047,No Fail
1751,64.4,0.2,1676,0,30,-30,-30,30,0,Balanced,60.0,0.000857,0.12857,0.671,FAIL
1752,64.5,0.2,3752,0,30,-30,-30,30,0,Balanced,402.642,0.005752,0.8628,1.65,No Fail
1753,64.6,0.2,2322,0,30,-30,-30,30,0,Balanced,199.822,0.002855,0.42819,1.071,No Fail
1754,64.7,0.2,4304,0,30,-30,-30,30,0,Balanced,442.51,0.006322,0.94824,1.764,No Fail
1755,64.8,0.2,4498,0,30,-30,-30,30,0,Balanced,468.295,0.00669,1.00349,1.838,No Fail
1756,64.9,0.2,1915,0,30,-30,-30,30,0,Balanced,143.019,0.002043,0.30647,0.909,FAIL
1757,65.0,0.2,3787,0,30,-30,-30,30,0,Balanced,372.468,0.005321,0.79815,1.564,No Fail
1758,40.0,0.2,2943,0,30,-30,-30,30,0,Balanced,315.908,0.004513,0.67695,1.403,No Fail
1759,40.1,0.2,1501,0,30,-30,-30,30,0,Balanced,76.876,0.001098,0.16474,0.72,FAIL
1760,40.2,0.2,3615,0,30,-30,-30,30,0,Balanced,402.001,0.005743,0.86143,1.649,No Fail
1761,40.3,0.2,2566,0,30,-30,-30,30,0,Balanced,203.325,0.002905,0.4357,1.081,No Fail
1762,40.4,0.2,2224,0,30,-30,-30,30,0,Balanced,174.171,0.002488,0.37322,0.998,FAIL
1763,40.5,0.2,4826,0,30,-30,-30,30,0,Balanced,481.501,0.006879,1.03179,1.876,No Fail
1764,40.6,0.2,1690,0,30,-30,-30,30,0,Balanced,125.154,0.001788,0.26819,0.858,FAIL
1765,40.7,0.2,3091,0,30,-30,-30,30,0,Balanced,319.329,0.004562,0.68428,1.412,No Fail
1766,40.8,0.2,3669,0,30,-30,-30,30,0,Balanced,349.734,0.004996,0.74943,1.499,No Fail
1767,40.9,0.2,3800,0,30,-30,-30,30,0,Balanced,377.196,0.005389,0.80828,1.578,No Fail
1768,41.0,0.2,1899,0,30,-30,-30,30,0,Balanced,107.079,0.00153,0.22946,0.806,FAIL
1769,41.1,0.2,2276,0,30,-30,-30,30,0,Balanced,149.116,0.00213,0.31953,0.926,FAIL
1770,41.2,0.2,4405,0,30,-30,-30,30,0,Balanced,469.968,0.006714,1.00707,1.843,No Fail
1771,41.3,0.2,2522,0,30,-30,-30,30,0,Balanced,154.246,0.002204,0.33053,0.941,FAIL
1772,41.4,0.2,3957,0,30,-30,-30,30,0,Balanced,390.854,0.005584,0.83754,1.617,No Fail
1773,41.5,0.2,2075,0,30,-30,-30,30,0,Balanced,213.624,0.003052,0.45777,1.11,No Fail
1774,41.6,0.2,4009,0,30,-30,-30,30,0,Balanced,445.437,0.006363,0.95451,1.773,No Fail
1775,41.7,0.2,1874,0,30,-30,-30,30,0,Balanced,103.254,0.001475,0.22126,0.795,FAIL
1776,41.8,0.2,2156,0,30,-30,-30,30,0,Balanced,152.739,0.002182,0.3273,0.936,FAIL
1777,41.9,0.2,2875,0,30,-30,-30,30,0,Balanced,203.06,0.002901,0.43513,1.08,No Fail
1778,42.0,0.2,4235,0,30,-30,-30,30,0,Balanced,434.019,0.0062,0.93004,1.74,No Fail
1779,42.1,0.2,1877,0,30,-30,-30,30,0,Balanced,104.209,0.001489,0.22331,0.798,FAIL
1780,42.2,0.2,4743,0,30,-30,-30,30,0,Balanced,503.419,0.007192,1.07876,1.938,No Fail
1781,42.3,0.2,3561,0,30,-30,-30,30,0,Balanced,301.145,0.004302,0.64531,1.36,No Fail
1782,42.4,0.2,3077,0,30,-30,-30,30,0,Balanced,248.382,0.003548,0.53225,1.21,No Fail
1783,42.5,0.2,4847,0,30,-30,-30,30,0,Balanced,485.714,0.006939,1.04082,1.888,No Fail
1784,42.6,0.2,3246,0,30,-30,-30,30,0,Balanced,350.019,0.005,0.75004,1.5,No Fail
1785,42.7,0.2,1670,0,30,-30,-30,30,0,Balanced,101.594,0.001451,0.2177,0.79,FAIL
1786,42.8,0.2,4436,0,30,-30,-30,30,0,Balanced,399.069,0.005701,0.85515,1.64,No Fail
1787,42.9,0.2,3279,0,30,-30,-30,30,0,Balanced,310.325,0.004433,0.66498,1.387,No Fail
1788,43.0,0.2,2120,0,30,-30,-30,30,0,Balanced,109.08,0.001558,0.23374,0.812,FAIL
1789,43.1,0.2,4057,0,30,-30,-30,30,0,Balanced,396.25,0.005661,0.84911,1.632,No Fail
1790,43.2,0.2,2856,0,30,-30,-30,30,0,Balanced,301.67,0.00431,0.64644,1.362,No Fail
1791,43.3,0.2,4589,0,30,-30,-30,30,0,Balanced,460.6,0.00658,0.987,1.816,No Fail
1792,43.4,0.2,2846,0,30,-30,-30,30,0,Balanced,253.118,0.003616,0.5424,1.223,No Fail
1793,43.5,0.2,4706,0,30,-30,-30,30,0,Balanced,427.499,0.006107,0.91607,1.721,No Fail
1794,43.6,0.2,2458,0,30,-30,-30,30,0,Balanced,171.597,0.002451,0.36771,0.99,FAIL
1795,43.7,0.2,4897,0,30,-30,-30,30,0,Balanced,453.574,0.00648,0.97194,1.796,No Fail
1796,43.8,0.2,1967,0,30,-30,-30,30,0,Balanced,148.758,0.002125,0.31877,0.925,FAIL
1797,43.9,0.2,3950,0,30,-30,-30,30,0,Balanced,403.7,0.005767,0.86507,1.653,No Fail
1798,44.0,0.2,2546,0,30,-30,-30,30,0,Balanced,184.519,0.002636,0.3954,1.027,No Fail
1799,44.1,0.2,4512,0,30,-30,-30,30,0,Balanced,438.184,0.00626,0.93897,1.752,No Fail
1800,44.2,0.2,4774,0,30,-30,-30,30,0,Balanced,469.865,0.006712,1.00685,1.842,No Fail
1801,44.3,0.2,2203,0,30,-30,-30,30,0,Balanced,155.887,0.002227,0.33404,0.945,FAIL
1802,44.4,0.2,2517,0,30,-30,-30,30,0,Balanced,196.5,0.002807,0.42107,1.061,No Fail
1803,44.5,0.2,3853,0,30,-30,-30,30,0,Balanced,400.01,0.005714,0.85716,1.643,No Fail
1804,44.6,0.2,3775,0,30,-30,-30,30,0,Balanced,310.04,0.004429,0.66437,1.386,No Fail
1805,44.7,0.2,3264,0,30,-30,-30,30,0,Balanced,248.468,0.00355,0.53243,1.21,No Fail
1806,44.8,0.2,2628,0,30,-30,-30,30,0,Balanced,201.687,0.002881,0.43219,1.076,No Fail
1807,44.9,0.2,2733,0,30,-30,-30,30,0,Balanced,287.796,0.004111,0.61671,1.322,No Fail
1808,45.0,0.2,3497,0,30,-30,-30,30,0,Balanced,338.125,0.00483,0.72455,1.466,No Fail
1809,45.1,0.2,2961,0,30,-30,-30,30,0,Balanced,247.046,0.003529,0.52938,1.206,No Fail
1810,45.2,0.2,4445,0,30,-30,-30,30,0,Balanced,423.821,0.006055,0.90819,1.711,No Fail
1811,45.3,0.2,4466,0,30,-30,-30,30,0,Balanced,484.633,0.006923,1.0385,1.885,No Fail
1812,45.4,0.2,3330,0,30,-30,-30,30,0,Balanced,275.678,0.003938,0.59074,1.288,No Fail
1813,45.5,0.2,2009,0,30,-30,-30,30,0,Balanced,207.905,0.00297,0.44551,1.094,No Fail
1814,45.6,0.2,2200,0,30,-30,-30,30,0,Balanced,150.705,0.002153,0.32294,0.931,FAIL
1815,45.7,0.2,2063,0,30,-30,-30,30,0,Balanced,123.449,0.001764,0.26453,0.853,FAIL
1816,45.8,0.2,2377,0,30,-30,-30,30,0,Balanced,221.384,0.003163,0.47439,1.133,No Fail
1817,45.9,0.2,3917,0,30,-30,-30,30,0,Balanced,345.79,0.00494,0.74098,1.488,No Fail
1818,46.0,0.2,4138,0,30,-30,-30,30,0,Balanced,442.147,0.006316,0.94746,1.763,No Fail
1819,46.1,0.2,4349,0,30,-30,-30,30,0,Balanced,501.915,0.00717,1.07553,1.934,No Fail
1820,46.2,0.2,4538,0,30,-30,-30,30,0,Balanced,516.891,0.007384,1.10762,1.977,No Fail
1821,46.3,0.2,4527,0,30,-30,-30,30,0,Balanced,435.219,0.006217,0.93261,1.743,No Fail
1822,46.4,0.2,3464,0,30,-30,-30,30,0,Balanced,300.976,0.0043,0.64495,1.36,No Fail
1823,46.5,0.2,4245,0,30,-30,-30,30,0,Balanced,462.942,0.006613,0.99202,1.823,No Fail
1824,46.6,0.2,2507,0,30,-30,-30,30,0,Balanced,173.197,0.002474,0.37114,0.995,FAIL
1825,46.7,0.2,4743,0,30,-30,-30,30,0,Balanced,471.854,0.006741,1.01111,1.848,No Fail
1826,46.8,0.2,4848,0,30,-30,-30,30,0,Balanced,520.074,0.00743,1.11444,1.986,No Fail
1827,46.9,0.2,2594,0,30,-30,-30,30,0,Balanced,161.927,0.002313,0.34699,0.963,FAIL
1828,47.0,0.2,1545,0,30,-30,-30,30,0,Balanced,83.15,0.001188,0.17818,0.738,FAIL
1829,47.1,0.2,3672,0,30,-30,-30,30,0,Balanced,388.999,0.005557,0.83357,1.611,No Fail
1830,47.2,0.2,4545,0,30,-30,-30,30,0,Balanced,432.326,0.006176,0.92641,1.735,No Fail
1831,47.3,0.2,4690,0,30,-30,-30,30,0,Balanced,444.388,0.006348,0.95226,1.77,No Fail
1832,47.4,0.2,3767,0,30,-30,-30,30,0,Balanced,343.823,0.004912,0.73676,1.482,No Fail
1833,47.5,0.2,3413,0,30,-30,-30,30,0,Balanced,292.914,0.004184,0.62767,1.337,No Fail
1834,47.6,0.2,4217,0,30,-30,-30,30,0,Balanced,413.254,0.005904,0.88554,1.681,No Fail
1835,47.7,0.2,2530,0,30,-30,-30,30,0,Balanced,155.232,0.002218,0.33264,0.944,FAIL
1836,47.8,0.2,3889,0,30,-30,-30,30,0,Balanced,425.697,0.006081,0.91221,1.716,No Fail
1837,47.9,0.2,2108,0,30,-30,-30,30,0,Balanced,200.085,0.002858,0.42875,1.072,No Fail
1838,48.0,0.2,2820,0,30,-30,-30,30,0,Balanced,248.6,0.003551,0.53271,1.21,No Fail
1839,48.1,0.2,3448,0,30,-30,-30,30,0,Balanced,338.468,0.004835,0.72529,1.467,No Fail
1840,48.2,0.2,3544,0,30,-30,-30,30,0,Balanced,388.149,0.005545,0.83175,1.609,No Fail
1841,48.3,0.2,2657,0,30,-30,-30,30,0,Balanced,260.646,0.003724,0.55853,1.245,No Fail
1842,48.4,0.2,2042,0,30,-30,-30,30,0,Balanced,125.848,0.001798,0.26968,0.86,FAIL
1843,48.5,0.2,2629,0,30,-30,-30,30,0,Balanced,269.913,0.003856,0.57839,1.271,No Fail
1844,48.6,0.2,4763,0,30,-30,-30,30,0,Balanced,551.773,0.007882,1.18237,2.076,No Fail
1845,48.7,0.2,3817,0,30,-30,-30,30,0,Balanced,361.327,0.005162,0.77427,1.532,No Fail
1846,48.8,0.2,3504,0,30,-30,-30,30,0,Balanced,337.741,0.004825,0.72373,1.465,No Fail
1847,48.9,0.2,4244,0,30,-30,-30,30,0,Balanced,447.639,0.006395,0.95923,1.779,No Fail
1848,49.0,0.2,2270,0,30,-30,-30,30,0,Balanced,203.953,0.002914,0.43704,1.083,No Fail
1849,49.1,0.2,1739,0,30,-30,-30,30,0,Balanced,153.898,0.002199,0.32978,0.94,FAIL
1850,49.2,0.2,2956,0,30,-30,-30,30,0,Balanced,266.778,0.003811,0.57167,1.262,No Fail
1851,49.3,0.2,1822,0,30,-30,-30,30,0,Balanced,119.881,0.001713,0.25689,0.843,FAIL
1852,49.4,0.2,2247,0,30,-30,-30,30,0,Balanced,213.218,0.003046,0.4569,1.109,No Fail
1853,49.5,0.2,2763,0,30,-30,-30,30,0,Balanced,264.295,0.003776,0.56635,1.255,No Fail
1854,49.6,0.2,4134,0,30,-30,-30,30,0,Balanced,451.397,0.006449,0.96728,1.79,No Fail
1855,49.7,0.2,4988,0,30,-30,-30,30,0,Balanced,519.671,0.007424,1.11358,1.985,No Fail
1856,49.8,0.2,4934,0,30,-30,-30,30,0,Balanced,475.895,0.006799,1.01978,1.86,No Fail
1857,49.9,0.2,3841,0,30,-30,-30,30,0,Balanced,440.893,0.006298,0.94477,1.76,No Fail
1858,50.0,0.2,4666,0,30,-30,-30,30,0,Balanced,489.729,0.006996,1.04942,1.899,No Fail
1859,50.1,0.2,3674,0,30,-30,-30,30,0,Balanced,343.593,0.004908,0.73627,1.482,No Fail
1860,50.2,0.2,3889,0,30,-30,-30,30,0,Balanced,327.184,0.004674,0.70111,1.435,No Fail
1861,50.3,0.2,4706,0,30,-30,-30,30,0,Balanced,510.488,0.007293,1.0939,1.959,No Fail
1862,50.4,0.2,2851,0,30,-30,-30,30,0,Balanced,198.103,0.00283,0.42451,1.066,No Fail
1863,50.5,0.2,2490,0,30,-30,-30,30,0,Balanced,203.658,0.002909,0.43641,1.082,No Fail
1864,50.6,0.2,4377,0,30,-30,-30,30,0,Balanced,394.722,0.005639,0.84583,1.628,No Fail
1865,50.7,0.2,4310,0,30,-30,-30,30,0,Balanced,453.797,0.006483,0.97242,1.797,No Fail
1866,50.8,0.2,1653,0,30,-30,-30,30,0,Balanced,110.198,0.001574,0.23614,0.815,FAIL
1867,50.9,0.2,2174,0,30,-30,-30,30,0,Balanced,118.714,0.001696,0.25439,0.839,FAIL
1868,51.0,0.2,4819,0,30,-30,-30,30,0,Balanced,500.411,0.007149,1.07231,1.93,No Fail
1869,51.1,0.2,4847,0,30,-30,-30,30,0,Balanced,547.626,0.007823,1.17348,2.065,No Fail
1870,51.2,0.2,1526,0,30,-30,-30,30,0,Balanced,82.448,0.001178,0.17667,0.736,FAIL
1871,51.3,0.2,3846,0,30,-30,-30,30,0,Balanced,434.368,0.006205,0.93079,1.741,No Fail
1872,51.4,0.2,4527,0,30,-30,-30,30,0,Balanced,430.972,0.006157,0.92351,1.731,No Fail
1873,51.5,0.2,1864,0,30,-30,-30,30,0,Balanced,139.381,0.001991,0.29867,0.898,FAIL
1874,51.6,0.2,3960,0,30,-30,-30,30,0,Balanced,389.153,0.005559,0.8339,1.612,No Fail
1875,51.7,0.2,4213,0,30,-30,-30,30,0,Balanced,365.862,0.005227,0.78399,1.545,No Fail
1876,51.8,0.2,4789,0,30,-30,-30,30,0,Balanced,479.964,0.006857,1.02849,1.871,No Fail
1877,51.9,0.2,2038,0,30,-30,-30,30,0,Balanced,120.698,0.001724,0.25864,0.845,FAIL
1878,52.0,0.2,2661,0,30,-30,-30,30,0,Balanced,235.424,0.003363,0.50448,1.173,No Fail
1879,52.1,0.2,1690,0,30,-30,-30,30,0,Balanced,159.905,0.002284,0.34265,0.957,FAIL
1880,52.2,0.2,3453,0,30,-30,-30,30,0,Balanced,293.044,0.004186,0.62795,1.337,No Fail
1881,52.3,0.2,2297,0,30,-30,-30,30,0,Balanced,174.946,0.002499,0.37489,1.0,No Fail
1882,52.4,0.2,2858,0,30,-30,-30,30,0,Balanced,285.533,0.004079,0.61186,1.316,No Fail
1883,52.5,0.2,3016,0,30,-30,-30,30,0,Balanced,258.557,0.003694,0.55405,1.239,No Fail
1884,52.6,0.2,3857,0,30,-30,-30,30,0,Balanced,441.796,0.006311,0.94671,1.762,No Fail
1885,52.7,0.2,3745,0,30,-30,-30,30,0,Balanced,362.478,0.005178,0.77674,1.536,No Fail
1886,52.8,0.2,4146,0,30,-30,-30,30,0,Balanced,402.467,0.00575,0.86243,1.65,No Fail
1887,52.9,0.2,3953,0,30,-30,-30,30,0,Balanced,382.302,0.005461,0.81922,1.592,No Fail
1888,53.0,0.2,4748,0,30,-30,-30,30,0,Balanced,547.123,0.007816,1.17241,2.063,No Fail
1889,53.1,0.2,4254,0,30,-30,-30,30,0,Balanced,480.646,0.006866,1.02996,1.873,No Fail
1890,53.2,0.2,1803,0,30,-30,-30,30,0,Balanced,147.179,0.002103,0.31538,0.921,FAIL
1891,53.3,0.2,3032,0,30,-30,-30,30,0,Balanced,243.591,0.00348,0.52198,1.196,No Fail
1892,53.4,0.2,3813,0,30,-30,-30,30,0,Balanced,388.595,0.005551,0.8327,1.61,No Fail
1893,53.5,0.2,3367,0,30,-30,-30,30,0,Balanced,322.537,0.004608,0.69115,1.422,No Fail
1894,53.6,0.2,2868,0,30,-30,-30,30,0,Balanced,302.244,0.004318,0.64766,1.364,No Fail
1895,53.7,0.2,3410,0,30,-30,-30,30,0,Balanced,287.181,0.004103,0.61539,1.321,No Fail
1896,53.8,0.2,2004,0,30,-30,-30,30,0,Balanced,89.56,0.001279,0.19192,0.756,FAIL
1897,53.9,0.2,4700,0,30,-30,-30,30,0,Balanced,464.81,0.00664,0.99602,1.828,No Fail
1898,54.0,0.2,4053,0,30,-30,-30,30,0,Balanced,368.46,0.005264,0.78956,1.553,No Fail
1899,54.1,0.2,4823,0,30,-30,-30,30,0,Balanced,518.7,0.00741,1.1115,1.982,No Fail
1900,54.2,0.2,3443,0,30,-30,-30,30,0,Balanced,322.042,0.004601,0.69009,1.42,No Fail
1901,54.3,0.2,1518,0,30,-30,-30,30,0,Balanced,133.691,0.00191,0.28648,0.882,FAIL
1902,54.4,0.2,3380,0,30,-30,-30,30,0,Balanced,308.706,0.00441,0.66151,1.382,No Fail
1903,54.5,0.2,2566,0,30,-30,-30,30,0,Balanced,162.049,0.002315,0.34725,0.963,FAIL
1904,54.6,0.2,4662,0,30,-30,-30,30,0,Balanced,451.179,0.006445,0.96681,1.789,No Fail
1905,54.7,0.2,2944,0,30,-30,-30,30,0,Balanced,285.655,0.004081,0.61212,1.316,No Fail
1906,54.8,0.2,3294,0,30,-30,-30,30,0,Balanced,291.648,0.004166,0.62496,1.333,No Fail
1907,54.9,0.2,2273,0,30,-30,-30,30,0,Balanced,224.087,0.003201,0.48019,1.14,No Fail
1908,55.0,0.2,2180,0,30,-30,-30,30,0,Balanced,127.52,0.001822,0.27326,0.864,FAIL
1909,55.1,0.2,4299,0,30,-30,-30,30,0,Balanced,476.799,0.006811,1.02171,1.862,No Fail
1910,55.2,0.2,4480,0,30,-30,-30,30,0,Balanced,415.078,0.00593,0.88945,1.686,No Fail
1911,55.3,0.2,4980,0,30,-30,-30,30,0,Balanced,468.013,0.006686,1.00289,1.837,No Fail
1912,55.4,0.2,3424,0,30,-30,-30,30,0,Balanced,331.283,0.004733,0.70989,1.447,No Fail
1913,55.5,0.2,1736,0,30,-30,-30,30,0,Balanced,140.085,0.002001,0.30018,0.9,FAIL
1914,55.6,0.2,4040,0,30,-30,-30,30,0,Balanced,454.611,0.006494,0.97417,1.799,No Fail
1915,55.7,0.2,2658,0,30,-30,-30,30,0,Balanced,231.519,0.003307,0.49611,1.161,No Fail
1916,55.8,0.2,3794,0,30,-30,-30,30,0,Balanced,419.908,0.005999,0.8998,1.7,No Fail
1917,55.9,0.2,3668,0,30,-30,-30,30,0,Balanced,407.601,0.005823,0.87343,1.665,No Fail
1918,56.0,0.2,2612,0,30,-30,-30,30,0,Balanced,173.729,0.002482,0.37228,0.996,FAIL
1919,56.1,0.2,3657,0,30,-30,-30,30,0,Balanced,362.026,0.005172,0.77577,1.534,No Fail
1920,56.2,0.2,3545,0,30,-30,-30,30,0,Balanced,366.104,0.00523,0.78451,1.546,No Fail
1921,56.3,0.2,2776,0,30,-30,-30,30,0,Balanced,236.482,0.003378,0.50675,1.176,No Fail
1922,56.4,0.2,2999,0,30,-30,-30,30,0,Balanced,296.026,0.004229,0.63434,1.346,No Fail
1923,56.5,0.2,2362,0,30,-30,-30,30,0,Balanced,254.954,0.003642,0.54633,1.228,No Fail
1924,56.6,0.2,4089,0,30,-30,-30,30,0,Balanced,445.347,0.006362,0.95431,1.772,No Fail
1925,56.7,0.2,4440,0,30,-30,-30,30,0,Balanced,462.537,0.006608,0.99115,1.822,No Fail
1926,56.8,0.2,4065,0,30,-30,-30,30,0,Balanced,453.318,0.006476,0.9714,1.795,No Fail
1927,56.9,0.2,3120,0,30,-30,-30,30,0,Balanced,240.503,0.003436,0.51536,1.187,No Fail
1928,57.0,0.2,2569,0,30,-30,-30,30,0,Balanced,236.512,0.003379,0.50681,1.176,No Fail
1929,57.1,0.2,2115,0,30,-30,-30,30,0,Balanced,155.004,0.002214,0.33215,0.943,FAIL
1930,57.2,0.2,4446,0,30,-30,-30,30,0,Balanced,441.796,0.006311,0.9467,1.762,No Fail
1931,57.3,0.2,1990,0,30,-30,-30,30,0,Balanced,100.543,0.001436,0.21545,0.787,FAIL
1932,57.4,0.2,2421,0,30,-30,-30,30,0,Balanced,195.221,0.002789,0.41833,1.058,No Fail
1933,57.5,0.2,1768,0,30,-30,-30,30,0,Balanced,69.042,0.000986,0.14795,0.697,FAIL
1934,57.6,0.2,1565,0,30,-30,-30,30,0,Balanced,145.716,0.002082,0.31225,0.916,FAIL
1935,57.7,0.2,1609,0,30,-30,-30,30,0,Balanced,96.852,0.001384,0.20754,0.777,FAIL
1936,57.8,0.2,2918,0,30,-30,-30,30,0,Balanced,252.346,0.003605,0.54074,1.221,No Fail
1937,57.9,0.2,4672,0,30,-30,-30,30,0,Balanced,472.335,0.006748,1.01215,1.85,No Fail
1938,58.0,0.2,3402,0,30,-30,-30,30,0,Balanced,317.169,0.004531,0.67965,1.406,No Fail
1939,58.1,0.2,3152,0,30,-30,-30,30,0,Balanced,229.358,0.003277,0.49148,1.155,No Fail
1940,58.2,0.2,2780,0,30,-30,-30,30,0,Balanced,210.651,0.003009,0.4514,1.102,No Fail
1941,58.3,0.2,4203,0,30,-30,-30,30,0,Balanced,459.379,0.006563,0.98438,1.813,No Fail
1942,58.4,0.2,2518,0,30,-30,-30,30,0,Balanced,182.944,0.002613,0.39202,1.023,No Fail
1943,58.5,0.2,3286,0,30,-30,-30,30,0,Balanced,313.539,0.004479,0.67187,1.396,No Fail
1944,58.6,0.2,3258,0,30,-30,-30,30,0,Balanced,318.461,0.004549,0.68242,1.41,No Fail
1945,58.7,0.2,4468,0,30,-30,-30,30,0,Balanced,437.463,0.006249,0.93742,1.75,No Fail
1946,58.8,0.2,3649,0,30,-30,-30,30,0,Balanced,316.166,0.004517,0.6775,1.403,No Fail
1947,58.9,0.2,3299,0,30,-30,-30,30,0,Balanced,352.838,0.005041,0.75608,1.508,No Fail
1948,59.0,0.2,2127,0,30,-30,-30,30,0,Balanced,169.779,0.002425,0.36381,0.985,FAIL
1949,59.1,0.2,3808,0,30,-30,-30,30,0,Balanced,318.264,0.004547,0.68199,1.409,No Fail
1950,59.2,0.2,4076,0,30,-30,-30,30,0,Balanced,349.606,0.004994,0.74916,1.499,No Fail
1951,59.3,0.2,2756,0,30,-30,-30,30,0,Balanced,244.307,0.00349,0.52352,1.198,No Fail
1952,59.4,0.2,3207,0,30,-30,-30,30,0,Balanced,334.479,0.004778,0.71674,1.456,No Fail
1953,59.5,0.2,2793,0,30,-30,-30,30,0,Balanced,302.0,0.004314,0.64714,1.363,No Fail
1954,59.6,0.2,2224,0,30,-30,-30,30,0,Balanced,232.794,0.003326,0.49884,1.165,No Fail
1955,59.7,0.2,2764,0,30,-30,-30,30,0,Balanced,191.938,0.002742,0.4113,1.048,No Fail
1956,59.8,0.2,3091,0,30,-30,-30,30,0,Balanced,288.319,0.004119,0.61783,1.324,No Fail
1957,59.9,0.2,4932,0,30,-30,-30,30,0,Balanced,573.589,0.008194,1.22912,2.139,No Fail
1958,60.0,0.2,3963,0,30,-30,-30,30,0,Balanced,416.515,0.00595,0.89253,1.69,No Fail
1959,60.1,0.2,4404,0,30,-30,-30,30,0,Balanced,447.181,0.006388,0.95825,1.778,No Fail
1960,60.2,0.2,2422,0,30,-30,-30,30,0,Balanced,157.928,0.002256,0.33842,0.951,FAIL
1961,60.3,0.2,2108,0,30,-30,-30,30,0,Balanced,155.08,0.002215,0.33231,0.943,FAIL
1962,60.4,0.2,2779,0,30,-30,-30,30,0,Balanced,225.733,0.003225,0.48371,1.145,No Fail
1963,60.5,0.2,4424,0,30,-30,-30,30,0,Balanced,433.121,0.006187,0.92812,1.737,No Fail
1964,60.6,0.2,2817,0,30,-30,-30,30,0,Balanced,247.861,0.003541,0.53113,1.208,No Fail
1965,60.7,0.2,3307,0,30,-30,-30,30,0,Balanced,260.407,0.00372,0.55802,1.244,No Fail
1966,60.8,0.2,4537,0,30,-30,-30,30,0,Balanced,485.199,0.006931,1.03971,1.886,No Fail
1967,60.9,0.2,3187,0,30,-30,-30,30,0,Balanced,298.266,0.004261,0.63914,1.352,No Fail
1968,61.0,0.2,3256,0,30,-30,-30,30,0,Balanced,292.18,0.004174,0.6261,1.335,No Fail
1969,61.1,0.2,2080,0,30,-30,-30,30,0,Balanced,202.522,0.002893,0.43398,1.079,No Fail
1970,61.2,0.2,3752,0,30,-30,-30,30,0,Balanced,421.06,0.006015,0.90227,1.703,No Fail
1971,61.3,0.2,2154,0,30,-30,-30,30,0,Balanced,202.774,0.002897,0.43452,1.079,No Fail
1972,61.4,0.2,4011,0,30,-30,-30,30,0,Balanced,417.69,0.005967,0.89505,1.693,No Fail
1973,61.5,0.2,2306,0,30,-30,-30,30,0,Balanced,233.673,0.003338,0.50073,1.168,No Fail
1974,61.6,0.2,4021,0,30,-30,-30,30,0,Balanced,362.425,0.005177,0.77662,1.535,No Fail
1975,61.7,0.2,3176,0,30,-30,-30,30,0,Balanced,297.486,0.00425,0.63747,1.35,No Fail
1976,61.8,0.2,2064,0,30,-30,-30,30,0,Balanced,191.561,0.002737,0.41049,1.047,No Fail
1977,61.9,0.2,1579,0,30,-30,-30,30,0,Balanced,60.0,0.000857,0.12857,0.671,FAIL
1978,62.0,0.2,3507,0,30,-30,-30,30,0,Balanced,394.471,0.005635,0.8453,1.627,No Fail
1979,62.1,0.2,3703,0,30,-30,-30,30,0,Balanced,404.325,0.005776,0.86641,1.655,No Fail
1980,62.2,0.2,3503,0,30,-30,-30,30,0,Balanced,394.433,0.005635,0.84521,1.627,No Fail
1981,62.3,0.2,2404,0,30,-30,-30,30,0,Balanced,253.848,0.003626,0.54396,1.225,No Fail
1982,62.4,0.2,4854,0,30,-30,-30,30,0,Balanced,546.898,0.007813,1.17193,2.063,No Fail
1983,62.5,0.2,3473,0,30,-30,-30,30,0,Balanced,320.031,0.004572,0.68578,1.414,No Fail
1984,62.6,0.2,4018,0,30,-30,-30,30,0,Balanced,461.974,0.0066,0.98994,1.82,No Fail
1985,62.7,0.2,2492,0,30,-30,-30,30,0,Balanced,188.624,0.002695,0.40419,1.039,No Fail
1986,62.8,0.2,3072,0,30,-30,-30,30,0,Balanced,334.294,0.004776,0.71635,1.455,No Fail
1987,62.9,0.2,4536,0,30,-30,-30,30,0,Balanced,404.391,0.005777,0.86655,1.655,No Fail
1988,63.0,0.2,4406,0,30,-30,-30,30,0,Balanced,491.699,0.007024,1.05364,1.905,No Fail
1989,63.1,0.2,4281,0,30,-30,-30,30,0,Balanced,421.72,0.006025,0.90369,1.705,No Fail
1990,63.2,0.2,2137,0,30,-30,-30,30,0,Balanced,123.834,0.001769,0.26536,0.854,FAIL
1991,63.3,0.2,2426,0,30,-30,-30,30,0,Balanced,180.538,0.002579,0.38687,1.016,No Fail
1992,63.4,0.2,2699,0,30,-30,-30,30,0,Balanced,206.87,0.002955,0.44329,1.091,No Fail
1993,63.5,0.2,3567,0,30,-30,-30,30,0,Balanced,350.316,0.005005,0.75068,1.501,No Fail
1994,63.6,0.2,2849,0,30,-30,-30,30,0,Balanced,288.032,0.004115,0.61721,1.323,No Fail
1995,63.7,0.2,2208,0,30,-30,-30,30,0,Balanced,222.556,0.003179,0.47691,1.136,No Fail
1996,63.8,0.2,3265,0,30,-30,-30,30,0,Balanced,261.114,0.00373,0.55953,1.246,No Fail
1997,63.9,0.2,2023,0,30,-30,-30,30,0,Balanced,160.062,0.002287,0.34299,0.957,FAIL
1998,64.0,0.2,3166,0,30,-30,-30,30,0,Balanced,344.725,0.004925,0.7387,1.485,No Fail
1999,64.1,0.2,1637,0,30,-30,-30,30,0,Balanced,86.757,0.001239,0.18591,0.748,FAIL
2000,64.2,0.2,3262,0,30,-30,-30,30,0,Balanced,270.201,0.00386,0.579,1.272,No Fail
